Date,Open,High,Low,Close,Adj Close,Volume,SMA_5,SMA_10,SMA_20,SMA_50,SMA_100,SMA_200,RSI_14,MACD,MACD_signal,MACD_hist,BB_upper,BB_middle,BB_lower,STOCH_k,STOCH_d,ticker
1997-12-29,1.3636360168457031,1.3636360168457031,1.3636360168457031,1.3636360168457031,1.2369940280914307,43560,,,,,,,,,,,,,,,,NICK
1997-12-30,1.3636360168457031,1.3636360168457031,1.3636360168457031,1.3636360168457031,1.2369940280914307,98340,,,,,,,,,,,,,,,,NICK
1997-12-31,1.25,1.4772729873657227,1.25,1.2736740112304688,1.1553866863250732,148500,,,,,,,,,,,,,,,,NICK
1998-01-02,1.25,1.25,1.25,1.25,1.1339116096496582,2970,,,,,,,,,,,,,,,,NICK
1998-01-05,1.3257579803466797,1.3257579803466797,1.25,1.25,1.1339116096496582,11550,1.300189208984375,,,,,,,,,,,,,,,NICK
1998-01-06,1.25,1.25,1.25,1.25,1.1339116096496582,0,1.2774620056152344,,,,,,,,,,,,,,,NICK
1998-01-07,1.25,1.25,1.25,1.25,1.1339116096496582,0,1.2547348022460938,,,,,,,,,,,,,,,NICK
1998-01-08,1.25,1.25,1.25,1.25,1.1339116096496582,660,1.25,,,,,,,,,,,,,,,NICK
1998-01-09,1.3257579803466797,1.3257579803466797,1.3257579803466797,1.3257579803466797,1.2026336193084717,9900,1.265151596069336,,,,,,,,,,,,,,,NICK
1998-01-12,1.25,1.25,1.2121210098266602,1.2121210098266602,1.0995503664016724,10890,1.257575798034668,1.2788825035095215,,,,,,,,,,,,,,NICK
1998-01-13,1.2121210098266602,1.2121210098266602,1.2121210098266602,1.2121210098266602,1.0995503664016724,0,1.25,1.2637310028076172,,,,,,,,,,,,,,NICK
1998-01-14,1.2121210098266602,1.2121210098266602,1.2121210098266602,1.2121210098266602,1.0995503664016724,0,1.242424201965332,1.248579502105713,,,,,,,,,,,,,,NICK
1998-01-15,1.2121210098266602,1.2121210098266602,1.2121210098266602,1.2121210098266602,1.0995503664016724,6600,1.234848403930664,1.242424201965332,,,,,,,,,,,,,,NICK
1998-01-16,1.2121210098266602,1.2121210098266602,1.2121210098266602,1.2121210098266602,1.0995503664016724,0,1.2121210098266602,1.238636302947998,,,,,,,,,,,,,,NICK
1998-01-20,1.2121210098266602,1.2121210098266602,1.2121210098266602,1.2121210098266602,1.0995503664016724,0,1.2121210098266602,1.234848403930664,,,,,25.000078677958527,,,,,,,,,NICK
1998-01-21,1.3068180084228516,1.3068180084228516,1.3068180084228516,1.3068180084228516,1.1854526996612549,16500,1.2310604095458983,1.2405302047729492,,,,,43.884924272598724,,,,,,,,,NICK
1998-01-22,1.3068180084228516,1.3068180084228516,1.3068180084228516,1.3068180084228516,1.1854526996612549,0,1.2499998092651368,1.2462120056152344,,,,,43.884924272598724,,,,,,,,,NICK
1998-01-23,1.3068180084228516,1.3068180084228516,1.3068180084228516,1.3068180084228516,1.1854526996612549,0,1.268939208984375,1.2518938064575196,,,,,43.884924272598724,,,,,,,67.46002059016297,39.68238268387126,NICK
1998-01-26,1.3636360168457031,1.3636360168457031,1.3636360168457031,1.3636360168457031,1.2369940280914307,2970,1.2992422103881835,1.255681610107422,,,,,52.792637205719636,,,,,,,88.88860914591675,65.34367080665032,NICK
1998-01-27,1.3636360168457031,1.3636360168457031,1.3636360168457031,1.3636360168457031,1.2369940280914307,0,1.3295452117919921,1.2708331108093263,1.2748578071594239,,,,52.792637205719636,,,,1.3878957315736695,1.2748578071594239,1.1618198827451782,94.44430457295839,83.59764476967938,NICK
1998-01-28,1.2878789901733398,1.2878789901733398,1.2878789901733398,1.2878789901733398,1.1682724952697754,2640,1.3257574081420898,1.278408908843994,1.2710699558258056,,,,42.38782833082659,,,,1.376794963384923,1.2710699558258056,1.1653449482666882,83.3334382376082,88.88878398549446,NICK
1998-01-29,1.25,1.25,1.1363639831542969,1.1363639831542969,1.0308289527893066,86790,1.291666603088379,1.2708332061767578,1.2597063541412354,,,,29.756275692724472,,,,1.3718522240362925,1.2597063541412354,1.1475604842461784,50.00010490427487,75.9259492382805,NICK
1998-01-30,1.1363639831542969,1.1363639831542969,1.1363639831542969,1.1363639831542969,1.0308289527893066,0,1.257575798034668,1.2632575035095215,1.2528408527374268,,,,29.756275692724476,,,,1.376904565013176,1.2528408527374268,1.1287771404616778,16.666771570941535,50.000104904274885,NICK
1998-02-02,1.1363639831542969,1.1363639831542969,1.1363639831542969,1.1363639831542969,1.0308289527893066,0,1.2121213912963866,1.2556818008422852,1.2471590518951416,,,,29.756275692724476,,,,1.3812278081402725,1.2471590518951416,1.1130902956500108,1.8947806286936004e-14,22.22229215840549,NICK
1998-02-03,1.1363639831542969,1.1363639831542969,1.1363639831542969,1.1363639831542969,1.0308289527893066,0,1.1666669845581055,1.248106098175049,1.2414772510528564,,,,29.756275692724476,,,,1.3839510915012063,1.2414772510528564,1.0990034106045066,1.8947806286936004e-14,5.555590523647205,NICK
1998-02-04,1.098484992980957,1.098484992980957,1.098484992980957,1.098484992980957,0.9964677691459656,21780,1.1287881851196289,1.2272727966308594,1.2339015007019043,,,,27.04607590078401,,,,1.3892850807943935,1.2339015007019043,1.078517920609415,1.8947806286936004e-14,3.3553406966449176e-14,NICK
1998-02-05,1.0227270126342773,1.1363639831542969,1.0227270126342773,1.0227270126342773,0.927745521068573,6930,1.106060791015625,1.198863697052002,1.2225378513336183,,,,22.610520800173916,,,,1.4028005135814925,1.2225378513336183,1.042275189085744,1.8947806286936004e-14,3.3553406966449176e-14,NICK
1998-02-06,1.0227270126342773,1.0227270126342773,1.0227270126342773,1.0227270126342773,0.927745521068573,0,1.083333396911621,1.1704545974731446,1.211174201965332,,,,22.610520800173916,,,,1.4107039932830783,1.211174201965332,1.0116444106475857,1.8947806286936004e-14,3.3553406966449176e-14,NICK
1998-02-09,1.0227270126342773,1.0227270126342773,1.0227270126342773,1.0227270126342773,0.927745521068573,0,1.0606060028076172,1.136363697052002,1.1960226535797118,,,,22.610520800173912,,,,1.4042783620947545,1.1960226535797118,0.9877669450646692,1.8947806286936004e-14,3.3553406966449176e-14,NICK
1998-02-10,1.0227270126342773,1.0227270126342773,1.0227270126342773,1.0227270126342773,0.927745521068573,990,1.0378786087036134,1.1022727966308594,1.1865529537200927,,,,22.610520800173912,,,,1.4078359934830718,1.1865529537200927,0.9652699139571138,1.8947806286936004e-14,3.3553406966449176e-14,NICK
1998-02-11,1.0227270126342773,1.0227270126342773,1.0227270126342773,1.0227270126342773,0.927745521068573,0,1.0227270126342773,1.0757575988769532,1.1770832538604736,,,,22.61052080017391,,,,1.409127485680476,1.1770832538604736,0.9450390220404713,1.8947806286936004e-14,3.3553406966449176e-14,NICK
1998-02-12,1.0227270126342773,1.0227270126342773,1.0227270126342773,1.0227270126342773,0.927745521068573,0,1.0227270126342773,1.064393901824951,1.1676135540008545,,,,22.610520800173912,,,,1.408456792709515,1.1676135540008545,0.926770315292194,1.8947806286936004e-14,3.3553406966449176e-14,NICK
1998-02-13,0.9848480224609375,1.0606060028076172,0.9848480224609375,1.0606060028076172,0.9621065855026245,27720,1.0303028106689454,1.0568181037902833,1.1600378036499024,,,,31.38714156939677,,,,1.404311908163284,1.1600378036499024,0.9157636991365208,6.666700235992379,2.222233411997487,NICK
1998-02-17,1.1363639831542969,1.1363639831542969,1.1363639831542969,1.1363639831542969,1.0308289527893066,3300,1.0530302047729492,1.0568181037902833,1.1562499523162841,,,,44.856687092139836,-0.054753687394018646,-0.04882635400730538,-0.0059273333867132655,1.399523470700745,1.1562499523162841,0.9129764339318235,23.3334193546314,10.00003986354128,NICK
1998-02-18,1.0606060028076172,1.0606060028076172,1.0606060028076172,1.0606060028076172,0.9621065855026245,990,1.0606060028076172,1.0492423057556153,1.148674201965332,,,,37.02839530791586,-0.05386445626337011,-0.049833974458518324,-0.004030481804851785,1.3939448173592117,1.148674201965332,0.9034035865714523,32.85726313280561,20.95246090780981,NICK
1998-02-19,1.0606060028076172,1.0606060028076172,1.0606060028076172,1.0606060028076172,0.9621065855026245,0,1.0681818008422852,1.0454544067382812,1.1363636016845704,,,,37.028395307915865,-0.05255392524917668,-0.05037796461664999,-0.0021759606325266884,1.3732196341072254,1.1363636016845704,0.8995075692619154,42.857229563479926,33.01597068363899,NICK
1998-02-20,1.0606060028076172,1.0606060028076172,1.0606060028076172,1.0606060028076172,0.9621065855026245,0,1.0757575988769532,1.0492423057556153,1.1240530014038086,,,,37.02839530791586,-0.050928250805017505,-0.050488021854323495,-0.00044022895069401047,1.3495113753448367,1.1240530014038086,0.8985946274627805,42.857177111507575,39.523889935931045,NICK
1998-02-23,1.0606060028076172,1.0606060028076172,1.0606060028076172,1.0606060028076172,0.9621065855026245,12210,1.0757575988769532,1.0530302047729492,1.1117424011230468,,,,37.028395307915865,-0.049074195319650515,-0.0502052565473889,0.0011310612277383864,1.3223362510595584,1.1117424011230468,0.9011485511865353,50.00000000000002,45.23813555832918,NICK
1998-02-24,1.0606060028076172,1.0606060028076172,1.0606060028076172,1.0606060028076172,0.9621065855026245,0,1.0606060028076172,1.0568181037902833,1.0965909004211425,,,,37.028395307915865,-0.04706233765653223,-0.04957667276921757,0.0025143351126853397,1.273408335237879,1.0965909004211425,0.9197734656044058,50.00000000000002,47.619059037169215,NICK
1998-02-25,1.0227270126342773,1.0227270126342773,0.9848480224609375,0.9848480224609375,0.8933843970298767,9900,1.0454544067382812,1.0530302047729492,1.0776515007019043,,,,29.55669977423328,-0.05099314461300919,-0.04985996713797589,-0.0011331774750332965,1.2120549125707765,1.0776515007019043,0.9432480888330322,33.33333333333335,44.444444444444464,NICK
1998-02-26,0.9469699859619141,0.9469699859619141,0.9469699859619141,0.9469699859619141,0.859024167060852,5280,1.0227272033691406,1.045454502105713,1.060606050491333,,,,26.660092119885082,-0.0565133279650083,-0.05119063930338237,-0.005322688661625927,1.167743811451343,1.060606050491333,0.9534682895313231,16.666666666666686,33.33333333333335,NICK
1998-02-27,0.9469699859619141,0.9469699859619141,0.9469699859619141,0.9469699859619141,0.859024167060852,3300,1.0,1.0378787994384766,1.051136350631714,,,,26.660092119885082,-0.060194231412130206,-0.052991357725131936,-0.007202873686998269,1.1631835599761318,1.051136350631714,0.9390891412872961,1.8947806286936004e-14,16.666666666666686,NICK
1998-03-02,0.9469699859619141,1.0227270126342773,0.9469699859619141,1.0227270126342773,0.927745521068573,8580,0.992424201965332,1.0340909004211425,1.045454502105713,,,,40.24388160379244,-0.05634886040211251,-0.05366285826052805,-0.0026860021415844593,1.1509728025999553,1.045454502105713,0.9399362016114706,13.333232625356274,9.999966430674327,NICK
1998-03-03,1.0227270126342773,1.0227270126342773,1.0227270126342773,1.0227270126342773,0.927745521068573,0,0.9848484039306641,1.0227272033691406,1.0397726535797118,,,,40.24388160379244,-0.05269395308198899,-0.053469077224820236,0.0007751241428312489,1.1370114274054546,1.0397726535797118,0.9425338797539691,26.66646525071253,13.333232625356274,NICK
1998-03-04,1.0227270126342773,1.0227270126342773,1.0227270126342773,1.0227270126342773,0.927745521068573,0,0.992424201965332,1.0189393043518067,1.034090805053711,,,,40.24388160379244,-0.04922992081600075,-0.05262124594305634,0.003391325127055589,1.1207993934962344,1.034090805053711,0.9473822166111876,39.99969787606879,26.66646525071253,NICK
1998-03-05,1.0227270126342773,1.0227270126342773,1.0227270126342773,1.0227270126342773,0.927745521068573,0,1.0075756072998048,1.0151514053344726,1.0303029060363769,,,,40.24388160379243,-0.04595491068377622,-0.05128797889120031,0.005333068207424095,1.1118963583576393,1.0303029060363769,0.9487094537151144,39.99969787606879,35.55528700095004,NICK
1998-03-06,0.9090909957885742,0.9090909957885742,0.7575759887695312,0.8333330154418945,0.7559406161308289,67320,0.9848482131958007,0.9924241065979004,1.0208332061767578,,,,24.798732862172496,-0.05797366992106945,-0.05262511709717414,-0.005348552823895306,1.1393521469751342,1.0208332061767578,0.9023142653783813,33.33308156339066,37.777492438509405,NICK
1998-03-09,0.9469699859619141,0.9469699859619141,0.9469699859619141,0.9469699859619141,0.859024167060852,3300,0.9696968078613282,0.9810605049133301,1.0170453548431397,,,,39.741986373196006,-0.05766435065044495,-0.0536329638078283,-0.004031386842616648,1.1398451342264426,1.0170453548431397,0.8942455754598369,40.833208497436445,38.05532931229863,NICK
1998-03-10,1.0227270126342773,1.0227270126342773,1.0227270126342773,1.0227270126342773,0.927745521068573,4290,0.9696968078613282,0.9772726058959961,1.0170453548431397,,,,47.26522838214349,-0.050721567320388794,-0.0530506845103404,0.0023291171899516086,1.1398451342264426,1.0170453548431397,0.8942455754598369,56.666616312678144,43.61096879116841,NICK
1998-03-11,1.0227270126342773,1.0227270126342773,0.9469699859619141,0.9848480224609375,0.8933843970298767,13200,0.9621210098266602,0.9772726058959961,1.0151514053344726,1.1364582443237305,,,44.287843943629404,-0.047725726977957184,-0.051985693003863756,0.0042599660259065725,1.1387083356665195,1.0151514053344726,0.8915944750024256,74.99994754786259,57.499924119325726,NICK
1998-03-12,0.9090909957885742,0.9090909957885742,0.8712120056152344,0.8901519775390625,0.8074827194213867,13200,0.9356060028076172,0.971590805053711,1.0085226535797118,1.1269885635375976,,,37.86598776337774,-0.0523887761395867,-0.05206630963100835,-0.00032246650857835346,1.1434450277747188,1.0085226535797118,0.8736002793847049,68.74996066089695,66.80550817381256,NICK
1998-03-13,0.9090909957885742,0.9848480224609375,0.9090909957885742,0.9090909957885742,0.8246629238128662,63030,0.9507575988769531,0.967802906036377,1.0028408527374268,1.117897663116455,,,39.74772841559863,-0.05393433427036587,-0.05243991455887985,-0.0014944197114860197,1.1443042535383343,1.0028408527374268,0.8613774519365194,56.249986886965665,66.66663169857507,NICK
1998-03-16,0.9469699859619141,0.9469699859619141,0.9469699859619141,0.9469699859619141,0.859024167060852,9900,0.9507575988769531,0.9602272033691406,0.9971590518951416,1.111363582611084,,,43.43738113652127,-0.0515089195240106,-0.052253715551906,0.0007447960278954002,1.1380125593460966,0.9971590518951416,0.8563055444441867,55.059614530358736,60.01985402607378,NICK
1998-03-17,0.9659090042114258,0.9659090042114258,0.9280300140380859,0.9659090042114258,0.8762043118476868,36630,0.9393939971923828,0.9545454025268555,0.9886363029479981,1.1056817626953126,,,45.24287677309417,-0.04751086469685928,-0.05130514538089666,0.0037942806840373794,1.114608014381343,0.9886363029479981,0.8626645915146531,66.6667266120205,59.3254426764483,NICK
1998-03-18,0.9280300140380859,0.9659090042114258,0.9280300140380859,0.9659090042114258,0.8762043118476868,23430,0.9356061935424804,0.9488636016845703,0.9839014530181884,1.099999942779541,,,45.24287677309417,-0.04383705120325809,-0.049811526545368946,0.0059744753421108535,1.1057479767601932,0.9839014530181884,0.8620549292761837,76.19054469945199,65.97229528061041,NICK
1998-03-19,0.9848480224609375,1.1931819915771484,0.9848480224609375,1.1931819915771484,1.0823701620101929,112860,0.9962121963500976,0.9659090995788574,0.990530252456665,1.098863582611084,,,62.08609770429945,-0.022329100884757813,-0.04431504141324672,0.021985940528488908,1.1397072030631656,0.990530252456665,0.8413533018501644,85.71430284152967,76.19052471766739,NICK
1998-03-20,1.0416669845581055,1.0416669845581055,1.0416669845581055,1.0416669845581055,0.9449265599250793,8910,1.0227273941040038,0.9867424964904785,0.9895833015441895,1.094696922302246,,,50.85524384786226,-0.01731034719645752,-0.03891410256988888,0.021603755373431358,1.1372012091458217,0.9895833015441895,0.8419653939425573,81.26295804093068,81.0559351939708,NICK
1998-03-23,1.098484992980957,1.098484992980957,1.098484992980957,1.098484992980957,0.9964677691459656,1980,1.0530303955078124,1.0018939971923828,0.9914772510528564,1.0916666221618652,,,54.200965267104706,-0.008648515604126494,-0.0328609851767364,0.024212469572609904,1.1435948678049153,0.9914772510528564,0.8393596343007977,81.15942663566614,82.71222917270883,NICK
1998-03-24,1.1931819915771484,1.1931819915771484,1.1363639831542969,1.1363639831542969,1.0308289527893066,35970,1.0871213912963866,1.0132576942443847,0.9952651500701905,1.0878787422180176,,,56.33519509505858,0.0012580640971870949,-0.0260371753219517,0.027295239419138796,1.1575151200992686,0.9952651500701905,0.8330151800411123,76.81161324033168,79.7446659723095,NICK
1998-03-25,1.1363639831542969,1.1363639831542969,1.1363639831542969,1.1363639831542969,1.0308289527893066,0,1.1212123870849608,1.0284092903137207,1.0028409481048584,1.0863636016845704,,,56.33519509505858,0.009005292477450855,-0.01902868176207119,0.028033974239522044,1.1762063274082315,1.0028409481048584,0.8294755688014853,84.0579932248314,80.67634436694307,NICK
1998-03-26,1.1553030014038086,1.1553030014038086,1.1553030014038086,1.1553030014038086,1.0480092763900757,3300,1.113636589050293,1.0549243927001952,1.0132575988769532,1.0852272415161133,,,57.48405000539027,0.01648323876135116,-0.01192629765738672,0.02840953641873788,1.196686470499827,1.0132575988769532,0.8298287272540795,87.38278715836502,82.75079787450937,NICK
1998-03-27,1.1363639831542969,1.1363639831542969,1.1363639831542969,1.1363639831542969,1.0308289527893066,29700,1.1325759887695312,1.0776516914367675,1.0227272987365723,1.083712100982666,,,55.90013738449285,0.020643380533547306,-0.0054123620191999155,0.026055742552747223,1.2109815866768208,1.0227272987365723,0.8344730107963239,85.84827084387649,85.76301707569098,NICK
1998-03-30,1.1931819915771484,1.1931819915771484,1.1363639831542969,1.1363639831542969,1.0308289527893066,6930,1.1401517868041993,1.096591091156006,1.0284091472625732,1.0821969604492188,,,55.90013738449285,0.023667498668076492,0.00040361011825536686,0.023263888549821126,1.2230709116804377,1.0284091472625732,0.8337473828447087,84.31375452938796,85.84827084387649,NICK
1998-03-31,1.0416669845581055,1.1363639831542969,1.0416669845581055,1.0416669845581055,0.9449265599250793,40590,1.1212123870849608,1.1041668891906737,1.0293561458587646,1.0787878799438477,,,48.1987685704237,0.018212930382121684,0.003965474171028631,0.014247456211093053,1.2240823947829274,1.0293561458587646,0.8346298969346018,72.54909510974203,80.90370682766883,NICK
1998-04-01,1.0416669845581055,1.0416669845581055,1.0416669845581055,1.0416669845581055,0.9449265599250793,0,1.1022729873657227,1.1117426872253418,1.030303144454956,1.0753787994384765,,,48.1987685704237,0.01373185345857153,0.005918750028537211,0.007813103430034319,1.2250754398748778,1.030303144454956,0.8355308490350343,60.653669421337675,72.50550635348922,NICK
1998-04-02,1.0416669845581055,1.0416669845581055,1.0416669845581055,1.0416669845581055,0.9449265599250793,0,1.079545783996582,1.0965911865234375,1.0312501430511474,1.0700757789611817,,,48.1987685704237,0.010064549846575677,0.006747909992144904,0.0033166398544307724,1.2260500600313275,1.0312501430511474,0.8364502260709672,47.48843146508864,60.23039866538945,NICK
1998-04-03,1.0606060028076172,1.0606060028076172,1.0606060028076172,1.0606060028076172,0.9621065855026245,19800,1.064394187927246,1.0984850883483888,1.0426137924194336,1.065151538848877,,,49.92212932742349,0.008587415425781453,0.007115811078872214,0.0014716043469092388,1.2151495654284288,1.0426137924194336,0.8700780194104384,46.508010269034024,51.55003705182011,NICK
1998-04-06,1.1363639831542969,1.1363639831542969,1.0606060028076172,1.0606060028076172,0.9621065855026245,14850,1.0492425918579102,1.0946971893310546,1.0482955932617188,1.0602272987365722,,,49.922129327423484,0.007332254094096102,0.007159099681916992,0.0001731544121791103,1.2152526473467715,1.0482955932617188,0.8813385391766662,47.61909900059467,47.20518024490578,NICK
1998-04-07,0.9848480224609375,0.9848480224609375,0.9848480224609375,0.9848480224609375,0.8933843970298767,10890,1.0378787994384766,1.0795455932617188,1.0464016437530517,1.0526515388488769,,,43.24736336075768,0.00022193548356375103,0.005771666842246344,-0.005549731358682593,1.2153237504023549,1.0464016437530517,0.8774795371037485,33.33333333333335,42.48681420098735,NICK
1998-04-08,0.9848480224609375,0.9848480224609375,0.9848480224609375,0.9848480224609375,0.8933843970298767,0,1.026515007019043,1.0643939971923828,1.0464016437530517,1.0450757789611815,,,43.24736336075768,-0.005351356139885688,0.0035470622458199375,-0.008898418385705625,1.2153237504023549,1.0464016437530517,0.8774795371037485,16.666666666666686,32.5396996668649,NICK
1998-04-09,0.9848480224609375,0.9848480224609375,0.9848480224609375,0.9848480224609375,0.8933843970298767,0,1.0151512145996093,1.0473484992980957,1.0511364459991455,1.0390151596069337,,,43.24736336075769,-0.009656911045552441,0.0009062675875454616,-0.010563178633097903,1.2070851001326086,1.0511364459991455,0.8951877918656823,1.8947806286936004e-14,16.666666666666682,NICK
1998-04-13,0.9848480224609375,0.9848480224609375,0.9848480224609375,0.9848480224609375,0.8933843970298767,0,0.9999996185302734,1.0321969032287597,1.0549242973327637,1.0359848403930665,,,43.24736336075769,-0.012920158780242108,-0.0018590176860120529,-0.011061141094230054,1.2002034785290587,1.0549242973327637,0.9096451161364686,1.8947806286936004e-14,5.555555555555572,NICK
1998-04-14,1.0227270126342773,1.0227270126342773,1.0227270126342773,1.0227270126342773,0.927745521068573,3300,0.9924238204956055,1.0208332061767578,1.0587121486663817,1.033712100982666,,,47.929493511550014,-0.01230791025336253,-0.003948796199482149,-0.008359114053880382,1.196280879044495,1.0587121486663817,0.9211434182882685,6.060619932190168,2.0202066440634,NICK
1998-04-15,1.0606060028076172,1.0606060028076172,1.0606060028076172,1.0606060028076172,0.9621065855026245,15180,1.0075754165649413,1.022727108001709,1.0634469985961914,1.0321969413757324,,,52.17830162794919,-0.00866628144778181,-0.004892293249142081,-0.0037739881986397286,1.194266389265044,1.0634469985961914,0.9326276079273388,18.181859796570464,8.080826576253548,NICK
1998-04-16,1.0227270126342773,1.0227270126342773,0.9469699859619141,0.9848480224609375,0.8933843970298767,39930,1.0075754165649413,1.0170452117919921,1.064393949508667,1.0291666221618652,,,44.37881990720833,-0.011757764075648325,-0.006265387414443329,-0.0054923766612049955,1.192624031201805,1.064393949508667,0.9361638678155287,23.309965607167015,15.850815111975882,NICK
1998-04-17,1.0606060028076172,1.0606060028076172,1.0227270126342773,1.0606060028076172,0.9621065855026245,17490,1.0227270126342773,1.0189391136169434,1.0577651500701903,1.0284090423583985,,,52.091006613809974,-0.008002502584633087,-0.006612810448481281,-0.0013896921361518056,1.1715754645198164,1.0577651500701903,0.9439548356205643,32.63392133254882,24.70858224542877,NICK
1998-04-20,0.9848480224609375,0.9848480224609375,0.9848480224609375,0.9848480224609375,0.8933843970298767,43560,1.0227270126342773,1.0113633155822754,1.054924201965332,1.0276514625549316,,,45.32327261804165,-0.011012521186739344,-0.007492752596132893,-0.0035197685906064504,1.1729583285718777,1.054924201965332,0.9368900753587863,27.17921385753242,27.70770026574942,NICK
1998-04-21,0.9848480224609375,0.9848480224609375,0.9848480224609375,0.9848480224609375,0.8933843970298767,0,1.0151512145996093,1.0037875175476074,1.0492423534393311,1.0268938827514649,,,45.32327261804164,-0.013245299052358384,-0.008643261887377992,-0.004602037164980392,1.1692654642017342,1.0492423534393311,0.929219242676928,28.71764043629976,29.510258542127,NICK
1998-04-22,0.9848480224609375,0.9848480224609375,0.9848480224609375,0.9848480224609375,0.8933843970298767,0,0.9999996185302734,1.0037875175476074,1.0416665554046631,1.026136302947998,,,45.323272618041656,-0.014843682861007457,-0.009883346082103884,-0.004960336778903573,1.1578012468333179,1.0416665554046631,0.9255318639760084,19.9995971680917,25.298817153974625,NICK
1998-04-23,0.9848480224609375,0.9848480224609375,0.9848480224609375,0.9848480224609375,0.8933843970298767,0,0.9999996185302734,1.0037875175476074,1.0340907573699951,1.0253787231445313,,,45.32327261804164,-0.01592681908874094,-0.011092040683431295,-0.004834778405309645,1.144135494920127,1.0340907573699951,0.9240460198198632,19.9995971680917,22.905611590827718,NICK
1998-04-24,0.9469699859619141,0.9469699859619141,0.9469699859619141,0.9469699859619141,0.859024167060852,28050,0.9772724151611328,0.999999713897705,1.0236741065979005,1.023863582611084,,,41.68143176952649,-0.019615537630747748,-0.012796740072894585,-0.006818797557853163,1.124942768831831,1.0236741065979005,0.9224054443639699,13.333064778727804,17.7774197049704,NICK
1998-04-27,0.9469699859619141,0.9469699859619141,0.9469699859619141,0.9469699859619141,0.859024167060852,1650,0.9696968078613282,0.9962119102478028,1.0142044067382812,1.0223484420776368,,,41.68143176952649,-0.02228202039008942,-0.014693796136333552,-0.007588224253755866,1.1065815892985629,1.0142044067382812,0.9218272241779994,6.666532389363911,13.333064778727802,NICK
1998-04-28,0.9469699859619141,0.9469699859619141,0.9469699859619141,0.9469699859619141,0.859024167060852,0,0.9621212005615234,0.9886362075805664,1.004734706878662,1.0200757217407226,,,41.68143176952649,-0.024117218900797543,-0.01657848068922635,-0.007538738211571194,1.082800986676336,1.004734706878662,0.9266684270809882,1.6579330501069005e-14,6.666532389363908,NICK
1998-04-29,0.9469699859619141,0.9469699859619141,0.9469699859619141,0.9469699859619141,0.859024167060852,0,0.9545455932617187,0.9772726058959961,0.9999998569488525,1.016287841796875,,,41.6814317695265,-0.0252802123903747,-0.01831882702945602,-0.006961385360918681,1.079994999273981,0.9999998569488525,0.9200047146237241,1.6579330501069005e-14,2.2221774631213127,NICK
1998-04-30,0.9469699859619141,0.9469699859619141,0.9469699859619141,0.9469699859619141,0.859024167060852,0,0.9469699859619141,0.9734848022460938,0.995265007019043,1.0140151214599609,,,41.6814317695265,-0.025903296037304124,-0.019835720831025642,-0.0060675752062784825,1.076040938576177,0.995265007019043,0.9144890754619088,1.6579330501069005e-14,1.440822769735759e-14,NICK
1998-05-01,0.9469699859619141,0.9469699859619141,0.9469699859619141,0.9469699859619141,0.859024167060852,0,0.9469699859619141,0.9621212005615234,0.9905301570892334,1.011742401123047,,,41.6814317695265,-0.02609627272891768,-0.02108783121060405,-0.0050084415183136305,1.0709722419165537,0.9905301570892334,0.910088072261913,1.6579330501069005e-14,1.440822769735759e-14,NICK
1998-05-04,0.9469699859619141,0.9469699859619141,0.9469699859619141,0.9469699859619141,0.859024167060852,0,0.9469699859619141,0.9583333969116211,0.9848483562469482,1.0094696807861328,,,41.6814317695265,-0.02595007187215992,-0.022060279342915223,-0.0038897925292446962,1.0606056690241303,0.9848483562469482,0.9090910434697662,1.6579330501069005e-14,1.440822769735759e-14,NICK
1998-05-05,0.9469699859619141,0.9469699859619141,0.9469699859619141,0.9469699859619141,0.859024167060852,0,0.9469699859619141,0.9545455932617187,0.9791665554046631,1.0071969604492188,,,41.6814317695265,-0.025539799726584378,-0.022756183419649054,-0.0027836163069353236,1.0480806249447876,0.9791665554046631,0.9102524858645388,1.6579330501069005e-14,1.440822769735759e-14,NICK
1998-05-06,1.0227270126342773,1.1363639831542969,1.0227270126342773,1.1363639831542969,1.0308289527893066,16830,0.9848487854003907,0.9696971893310546,0.986742353439331,1.0087121200561524,,,66.22871738503451,-0.009818956534771495,-0.020168738042673544,0.01034978150790205,1.0839808672174176,0.986742353439331,0.8895038396612446,33.33333333333335,11.111111111111127,NICK
1998-05-07,1.1363639831542969,1.1363639831542969,1.0606060028076172,1.098484992980957,0.9964677691459656,12210,1.0151517868041993,0.9810608863830567,0.992424201965332,1.0109848594665527,,,60.72354868128775,-0.0004118454833921259,-0.01621735953081726,0.015805514047425133,1.1011567212567424,0.992424201965332,0.8836916826739216,59.99996643067433,31.111099921335896,NICK
1998-05-08,1.098484992980957,1.098484992980957,1.0606060028076172,1.098484992980957,0.9964677691459656,25410,1.0454547882080079,0.996212387084961,0.998106050491333,1.0140151596069336,,,60.72354868128775,0.006963091613653161,-0.011581269301923176,0.018544360915576336,1.1161396292719585,0.998106050491333,0.8800724717107077,86.6665995280153,59.99996643067433,NICK
1998-05-11,1.1363639831542969,1.1363639831542969,1.1363639831542969,1.1363639831542969,1.0308289527893066,330,1.0833335876464845,1.0151517868041993,1.005681848526001,1.0178030395507813,,,64.17701645873161,0.01568351058825801,-0.006128313323886938,0.021811823912144947,1.1379325611278956,1.005681848526001,0.8734311359241065,86.6665995280153,77.77772182890165,NICK
1998-05-12,1.098484992980957,1.098484992980957,1.0606060028076172,1.0606060028076172,0.9621065855026245,26730,1.106060791015625,1.0265153884887694,1.007575798034668,1.018560619354248,,,53.95830484674769,0.01629364655964327,-0.0016439213471808956,0.017937567906824166,1.1418185923498902,1.007575798034668,0.8733330037194457,79.99989929202293,84.44436611601783,NICK
1998-05-13,1.0606060028076172,1.0606060028076172,1.0606060028076172,1.0606060028076172,0.9621065855026245,0,1.090909194946289,1.0378789901733398,1.007575798034668,1.019318199157715,,,53.95830484674769,0.01658599073597511,0.002002061069450305,0.014583929666524803,1.1418185923498902,1.007575798034668,0.8733330037194457,73.33319905603058,79.99989929202293,NICK
1998-05-14,1.0606060028076172,1.0606060028076172,1.0606060028076172,1.0606060028076172,0.9621065855026245,0,1.083333396911621,1.0492425918579102,1.011363697052002,1.0200757789611816,,,53.95830484674767,0.016626021179130035,0.004926853091386251,0.011699168087743784,1.1470945530753989,1.011363697052002,0.875632841028605,59.999798584045855,71.11096564403313,NICK
1998-05-15,1.0606060028076172,1.0606060028076172,1.0606060028076172,1.0606060028076172,0.9621065855026245,0,1.0757575988769532,1.0606061935424804,1.011363697052002,1.0208333587646485,,,53.95830484674769,0.016467913735115802,0.007235065220132161,0.009232848514983641,1.1470945530753989,1.011363697052002,0.875632841028605,59.999798584045855,64.44426540804076,NICK
1998-05-18,1.0606060028076172,1.0606060028076172,1.0606060028076172,1.0606060028076172,0.9621065855026245,3960,1.0606060028076172,1.0719697952270508,1.015151596069336,1.025378818511963,,,53.95830484674769,0.01615637184894947,0.009019326545895623,0.007137045303053846,1.15193543026184,1.015151596069336,0.8783677618768321,59.999798584045855,59.999798584045855,NICK
1998-05-19,1.0606060028076172,1.0606060028076172,1.0606060028076172,1.0606060028076172,0.9621065855026245,1320,1.0606060028076172,1.083333396911621,1.01893949508667,1.027651538848877,,,53.95830484674769,0.015728168127890907,0.01036109486229468,0.005367073265596227,1.1563512263334574,1.01893949508667,0.8815277638398825,59.999798584045855,59.999798584045855,NICK
1998-05-20,1.0606060028076172,1.0606060028076172,1.0606060028076172,1.0606060028076172,0.9621065855026245,1320,1.0606060028076172,1.0757575988769532,1.0227273941040038,1.0284091186523439,,,53.95830484674769,0.015213442498823726,0.01133156438960049,0.0038818781092232364,1.1603477597493228,1.0227273941040038,0.8851070284586847,59.999798584045855,59.999798584045855,NICK
1998-05-21,1.098484992980957,1.098484992980957,1.0606060028076172,1.0606060028076172,0.9621065855026245,6600,1.0606060028076172,1.071969699859619,1.026515293121338,1.0299242782592772,1.083191261291504,,53.95830484674769,0.014636794869225866,0.011992610485525565,0.0026441843837003015,1.1639269402431827,1.026515293121338,0.8891036459994932,59.999798584045855,59.999798584045855,NICK
1998-05-22,1.0606060028076172,1.0606060028076172,1.0606060028076172,1.0606060028076172,0.9621065855026245,7590,1.0606060028076172,1.0681818008422852,1.0321970939636231,1.0333333587646485,1.0801609611511231,,53.95830484674769,0.014018204334706574,0.012397729255361766,0.0016204750793448082,1.1653127333177493,1.0321970939636231,0.899081454609497,59.999798584045855,59.999798584045855,NICK
1998-05-26,1.0606060028076172,1.0606060028076172,1.0606060028076172,1.0606060028076172,0.9621065855026245,0,1.0606060028076172,1.0606060028076172,1.0378788948059081,1.0363636589050294,1.0771306610107423,,53.95830484674767,0.01337380201467342,0.012592943807224097,0.0007808582074493222,1.1655476976909047,1.0378788948059081,0.9102100919209116,51.11097683380836,57.03685800063335,NICK
1998-05-27,1.0606060028076172,1.0606060028076172,1.0606060028076172,1.0606060028076172,0.9621065855026245,6600,1.0606060028076172,1.0606060028076172,1.0435606956481933,1.0386363792419433,1.0749999809265136,,53.95830484674769,0.012716520401944598,0.012617659126168197,9.886127577640041e-05,1.1644764106443213,1.0435606956481933,0.9226449806520653,31.111043972459743,47.40727313010465,NICK
1998-05-28,1.0606060028076172,1.0606060028076172,1.0606060028076172,1.0606060028076172,0.9621065855026245,3300,1.0606060028076172,1.0606060028076172,1.0492424964904785,1.0405303192138673,1.0731060409545898,,53.95830484674769,0.012056638564029498,0.012505455013740457,-0.0004488164497109589,1.1618641380584769,1.0492424964904785,0.93662085492248,11.11111111111113,31.11104397245974,NICK
1998-05-29,1.0606060028076172,1.0606060028076172,1.0606060028076172,1.0606060028076172,0.9621065855026245,0,1.0606060028076172,1.0606060028076172,1.0549242973327637,1.042424259185791,1.071212100982666,,53.95830484674769,0.011402239533594427,0.01228481191771125,-0.0008825723841168233,1.1573371640997168,1.0549242973327637,0.9525114305658107,1.8947806286936004e-14,14.074051694523627,NICK
1998-06-01,1.0606060028076172,1.0606060028076172,1.0606060028076172,1.0606060028076172,0.9621065855026245,990,1.0606060028076172,1.0606060028076172,1.060606098175049,1.0397727394104004,1.0693181610107423,,53.95830484674769,0.010759593688853375,0.011979768271939676,-0.0012201745830863007,1.1502436657619137,1.060606098175049,0.970968530588184,1.8947806286936004e-14,3.7037037037037197,NICK
1998-06-02,1.0606060028076172,1.0606060028076172,0.9469699859619141,0.9469699859619141,0.859024167060852,8910,1.0378787994384766,1.0492424011230468,1.060606098175049,1.0378787994384766,1.0662878608703614,,32.23226337360998,0.0010684983790560931,0.00979751429336296,-0.008729015914306866,1.1502436657619137,1.060606098175049,0.970968530588184,1.8947806286936004e-14,1.5789838572446668e-14,NICK
1998-06-03,0.9848480224609375,0.9848480224609375,0.9848480224609375,0.9848480224609375,0.8933843970298767,26400,1.0227272033691406,1.041666603088379,1.0625,1.035606060028076,1.0636363410949707,,40.790251201505235,-0.0035148069820203354,0.0071350500382863,-0.010649857020306635,1.1436527576475248,1.0625,0.9813472423524752,8.333175976921078,2.7777253256403687,NICK
1998-06-04,0.9848480224609375,0.9848480224609375,0.9848480224609375,0.9848480224609375,0.8933843970298767,0,1.0075756072998048,1.034090805053711,1.054924201965332,1.0325757408142089,1.0602272415161134,,40.790251201505235,-0.00706566096027661,0.004294907838573718,-0.011360568798850328,1.1353666505357916,1.054924201965332,0.9744817533948724,16.66635195384214,8.333175976921074,NICK
1998-06-05,0.9848480224609375,0.9848480224609375,0.9848480224609375,0.9848480224609375,0.8933843970298767,0,0.9924240112304688,1.026515007019043,1.0492423534393311,1.029545421600342,1.057954511642456,,40.790251201505235,-0.009767148710075446,0.0014824965288438852,-0.011249645238919331,1.1325758977376865,1.0492423534393311,0.9659088091409758,24.999527930763197,16.666351953842135,NICK
1998-06-08,0.9848480224609375,1.0227270126342773,0.9469699859619141,0.9469699859619141,0.859024167060852,20790,0.9696968078613282,1.0151514053344726,1.041666603088379,1.025378761291504,1.0553030014038085,,35.233084783925115,-0.014794002152602514,-0.001772803207445395,-0.01302119894515712,1.132890895641887,1.041666603088379,0.9504423105348709,16.66635195384214,19.44407727948249,NICK
1998-06-09,0.9848480224609375,0.9848480224609375,0.9090909957885742,0.9090909957885742,0.8246629238128662,9900,0.9621210098266602,0.9999999046325684,1.0303029537200927,1.0208333015441895,1.0522727012634276,,30.725068282401935,-0.021585513300574233,-0.005735345226071163,-0.015850168074503068,1.12790972098518,1.0303029537200927,0.9326961864550055,8.333175976921078,16.666351953842135,NICK
1998-06-10,0.9090909957885742,0.9090909957885742,0.9090909957885742,0.9090909957885742,0.8246629238128662,84480,0.9469696044921875,0.9848484039306641,1.0227272033691406,1.016287841796875,1.0492424011230468,,30.725068282401935,-0.026660509062653714,-0.009920377993387672,-0.016740131069266043,1.1325102887454377,1.0227272033691406,0.9129441179928434,1.8947806286936004e-14,8.333175976921074,NICK
1998-06-11,0.9469699859619141,0.9848480224609375,0.9469699859619141,0.9848480224609375,0.8933843970298767,31350,0.9469696044921875,0.9772726058959961,1.0189393043518067,1.0151514625549316,1.0469696712493897,,46.57910566499129,-0.024289526303380438,-0.012794207655386225,-0.011495318647994213,1.1284607127556034,1.0189393043518067,0.9094178959480099,16.666561762391837,8.333245913104307,NICK
1998-06-12,0.9848480224609375,0.9848480224609375,0.9848480224609375,0.9848480224609375,0.8933843970298767,7920,0.9469696044921875,0.9696968078613282,1.0151514053344726,1.0140150833129882,1.0446969413757323,,46.57910566499128,-0.02215511500989431,-0.014666389126287841,-0.007488725883606469,1.1238839512029515,1.0151514053344726,0.9064188594659937,33.33312352478365,16.666561762391833,NICK
1998-06-15,0.9848480224609375,0.9848480224609375,0.9848480224609375,0.9848480224609375,0.8933843970298767,0,0.9545452117919921,0.9621210098266602,1.0113635063171387,1.012878704071045,1.0414772415161133,,46.57910566499129,-0.020230375506337994,-0.015779186402297873,-0.0044511891040401215,1.1187683885693227,1.0113635063171387,0.9039586240649545,49.999685287175474,33.33312352478365,NICK
1998-06-16,0.9090909957885742,0.9090909957885742,0.9090909957885742,0.9090909957885742,0.8246629238128662,38280,0.9545452117919921,0.9583331108093261,1.0037877559661865,1.009848403930664,1.0374999713897706,,36.22474740532759,-0.02453513870098989,-0.017530376862036276,-0.007004761838953613,1.1174240589152258,1.0037877559661865,0.8901514530171473,33.33312352478365,38.88864411224759,NICK
1998-06-17,0.8712120056152344,0.8712120056152344,0.8712120056152344,0.8712120056152344,0.7903016805648804,660,0.9469694137573242,0.9469695091247559,0.9943180561065674,1.0060605239868163,1.0331439113616943,,32.352205793653624,-0.03064989952315178,-0.020154281394259378,-0.010495618128892402,1.1185119036498208,0.9943180561065674,0.8701242085633142,16.666561762391837,33.33312352478365,NICK
1998-06-18,0.8712120056152344,0.8712120056152344,0.8712120056152344,0.8712120056152344,0.7903016805648804,0,0.9242422103881835,0.9356059074401856,0.9848483562469482,1.0037878036499024,1.0282196712493896,,32.35220579365362,-0.0350913799448096,-0.023141701104369423,-0.011949678840440174,1.1160642564413197,0.9848483562469482,0.8536324560525768,1.8947806286936004e-14,16.666561762391837,NICK
1998-06-19,0.9469699859619141,0.9469699859619141,0.9469699859619141,0.9469699859619141,0.859024167060852,660,0.9166666030883789,0.9318181037902832,0.9791665554046631,1.0030302429199218,1.0240530109405517,,45.79350915696347,-0.03212789888062051,-0.02493894065961964,-0.007188958221000869,1.1065541176122076,0.9791665554046631,0.8517789931971187,13.333400471984739,9.999987411458866,NICK
1998-06-22,0.9469699859619141,0.9469699859619141,0.9469699859619141,0.9469699859619141,0.859024167060852,19800,0.9090909957885742,0.9318181037902832,0.9734847545623779,1.0022726821899415,1.0206439208984375,,45.793509156963474,-0.029439953330265944,-0.0258391431937489,-0.0036008101365170436,1.0958747323385518,0.9734847545623779,0.8510947767862042,30.000172042926256,14.444524171637005,NICK
1998-06-23,0.9469699859619141,0.9848480224609375,0.9469699859619141,0.9848480224609375,0.8933843970298767,21450,0.9242424011230469,0.9393938064575196,0.9696968555450439,1.0022726821899415,1.0191287612915039,,51.39376840057452,-0.02397690529140195,-0.02546669561327951,0.0014897903218775606,1.085583508514641,0.9696968555450439,0.8538102025754469,55.000119590788835,32.777897368566606,NICK
1998-06-24,0.9469699859619141,0.9848480224609375,0.9469699859619141,0.9848480224609375,0.8933843970298767,6270,0.9469696044921875,0.9469695091247559,0.9659089565277099,1.0015151023864746,1.0176136016845703,,51.39376840057452,-0.019423498363045355,-0.02425805616323268,0.004834557800187326,1.0743771112147646,0.9659089565277099,0.8574408018406553,66.66666666666669,50.55565276679392,NICK
1998-06-25,0.9848480224609375,0.9848480224609375,0.9848480224609375,0.9848480224609375,0.8933843970298767,0,0.9696968078613282,0.9469695091247559,0.962121057510376,0.999999942779541,1.0160984420776367,,51.39376840057452,-0.015634663893671408,-0.022533377709320426,0.006898713815649018,1.0620519305887617,0.962121057510376,0.8621901844319904,74.99984264358774,65.55554296701442,NICK
1998-06-26,0.9848480224609375,0.9848480224609375,0.9848480224609375,0.9848480224609375,0.8933843970298767,0,0.9772724151611328,0.9469695091247559,0.958333158493042,0.999999942779541,1.014583282470703,,51.39376840057452,-0.012488031031413493,-0.020524308373739038,0.008036277342325544,1.0482899968961301,0.958333158493042,0.8683763200899538,83.33322842905851,74.99991257977098,NICK
1998-06-29,0.9848480224609375,0.9848480224609375,0.9848480224609375,0.9848480224609375,0.8933843970298767,0,0.9848480224609375,0.9469695091247559,0.954545259475708,0.9984847831726075,1.013446912765503,,51.39376840057452,-0.009880406640397577,-0.018395528027070746,0.00851512138667317,1.0325420589294432,0.954545259475708,0.876548460021973,91.66661421452926,83.33322842905851,NICK
1998-06-30,0.9848480224609375,0.9848480224609375,0.9848480224609375,0.9848480224609375,0.8933843970298767,0,0.9848480224609375,0.9545452117919921,0.9564391613006592,0.9984847831726075,1.0130681228637695,,51.39376840057452,-0.007724798850964665,-0.01626138219184953,0.008536583340884866,1.035441235980263,0.9564391613006592,0.8774370866210555,100.00000000000001,91.66661421452926,NICK
1998-07-01,0.9848480224609375,0.9848480224609375,0.9848480224609375,0.9848480224609375,0.8933843970298767,0,0.9848480224609375,0.9659088134765625,0.9564391613006592,0.9984847831726075,1.0126893329620361,,51.39376840057452,-0.00594790045353466,-0.014198685844186557,0.008250785390651896,1.035441235980263,0.9564391613006592,0.8774370866210555,100.00000000000001,97.22220473817642,NICK
1998-07-02,0.9848480224609375,1.0227270126342773,0.9848480224609375,0.9848480224609375,0.8933843970298767,30690,0.9848480224609375,0.9772724151611328,0.9564391613006592,0.9984847831726075,1.0123105430603028,,51.39376840057454,-0.00448796124810058,-0.012256540924969361,0.007768579676868781,1.035441235980263,0.9564391613006592,0.8774370866210555,91.66661421452926,97.22220473817642,NICK
1998-07-06,0.9848480224609375,0.9848480224609375,0.9848480224609375,0.9848480224609375,0.8933843970298767,1980,0.9848480224609375,0.9810602188110351,0.9564391613006592,0.9984847831726075,1.0119317531585694,,51.39376840057454,-0.0032929893777677854,-0.010463830615529046,0.007170841237761261,1.035441235980263,0.9564391613006592,0.8774370866210555,83.33322842905851,91.66661421452926,NICK
1998-07-07,0.9848480224609375,0.9848480224609375,0.9848480224609375,0.9848480224609375,0.8933843970298767,5280,0.9848480224609375,0.9848480224609375,0.9583330631256104,0.9992423439025879,1.0115529632568359,,51.39376840057452,-0.00231923091095132,-0.008834910674613502,0.006515679763662182,1.0381482244006293,0.9583330631256104,0.8785179018505916,74.99984264358774,83.33322842905851,NICK
1998-07-08,0.9469699859619141,0.9659090042114258,0.9469699859619141,0.9469699859619141,0.859024167060852,18150,0.9772724151611328,0.9810602188110351,0.9602270126342773,0.9992423439025879,1.0107953929901123,,42.23778828363672,-0.004551494500564801,-0.007978227439803762,0.003426732939238961,1.0370188055277394,0.9602270126342773,0.8834352197408153,66.66666666666669,74.99991257977098,NICK
1998-07-09,0.9659090042114258,0.9659090042114258,0.9090909957885742,0.9090909957885742,0.8246629238128662,12540,0.9621210098266602,0.9734845161437988,0.9602270126342773,0.9984847640991211,1.009280242919922,,35.43847541630913,-0.009270235907957836,-0.008236629133434576,-0.0010336067745232592,1.0370188055277394,0.9602270126342773,0.8834352197408153,41.66671911880411,61.11107614301951,NICK
1998-07-10,0.9090909957885742,0.9090909957885742,0.8712120056152344,0.8712120056152344,0.7903016805648804,3300,0.9393938064575196,0.9621209144592285,0.9545452117919921,0.9969696044921875,1.0066287231445312,,30.202563354196165,-0.01588329764087737,-0.009765962834923135,-0.006117334805954234,1.0395825182080025,0.9545452117919921,0.8695079053759818,16.666771570941535,41.6667191188041,NICK
1998-07-13,0.8712120056152344,0.8712120056152344,0.8712120056152344,0.8712120056152344,0.7903016805648804,0,0.9166666030883789,0.9507573127746582,0.948863410949707,0.9954544448852539,1.0047347831726074,,30.202563354196162,-0.020883465122328637,-0.011989463292404235,-0.008894001829924402,1.0400085952585683,0.948863410949707,0.8577182266408458,1.8947806286936004e-14,19.444496896581885,NICK
1998-07-14,0.9090909957885742,0.9090909957885742,0.9090909957885742,0.9090909957885742,0.8246629238128662,330,0.9015151977539062,0.9431816101074219,0.9450755596160889,0.9946968650817871,1.003219633102417,,40.412877294398506,-0.021541301225052933,-0.013899830878933974,-0.007641470346118959,1.0362207399616281,0.9450755596160889,0.8539303792705497,8.333385785470776,8.333385785470773,NICK
1998-07-15,0.9090909957885742,0.9090909957885742,0.9090909957885742,0.9090909957885742,0.8246629238128662,0,0.8939393997192383,0.9356059074401856,0.9450755596160889,0.9939392852783203,1.0017044830322266,,40.412877294398506,-0.02181121496678795,-0.015482107696504769,-0.006329107270283182,1.0362207399616281,0.9450755596160889,0.8539303792705497,16.666771570941535,8.333385785470773,NICK
1998-07-16,0.8712120056152344,0.8712120056152344,0.8712120056152344,0.8712120056152344,0.7903016805648804,1650,0.8863636016845703,0.9242423057556153,0.9450755596160889,0.9924241256713867,0.9998105430603027,,34.55108207392156,-0.02479581081853577,-0.017344848320910967,-0.007450962497624801,1.0362207399616281,0.9450755596160889,0.8539303792705497,16.666771570941535,13.888976309117945,NICK
1998-07-17,0.8333330154418945,0.8901519775390625,0.8333330154418945,0.8333330154418945,0.7559406161308289,22440,0.8787878036499024,0.909090805053711,0.9431816101074219,0.9863635063171386,0.9975378131866455,,29.88317416364894,-0.029873281874974622,-0.0198505350317237,-0.010022746843250923,1.041666177604225,0.9431816101074219,0.8446970426106186,8.333385785470776,13.888976309117945,NICK
1998-07-20,0.7954549789428711,0.8143939971923828,0.7954549789428711,0.8143939971923828,0.7387605905532837,2970,0.867424201965332,0.8920454025268555,0.9365528106689454,0.9806816864013672,0.99583327293396,,27.856730553023866,-0.035021726102915096,-0.022884773245961977,-0.012136952856953119,1.0498569394410153,0.9365528106689454,0.8232486818968754,2.77773115355782,9.25929616999004,NICK
1998-07-21,0.8712120056152344,0.8712120056152344,0.8712120056152344,0.8712120056152344,0.7903016805648804,5940,0.8598484039306641,0.8806818008422852,0.9327649116516114,0.9761362266540528,0.9950756931304932,,40.82199416308339,-0.034123808787906884,-0.02513258035435096,-0.008991228433555924,1.049438017094693,0.9327649116516114,0.8160918062085297,13.888795640448956,8.333304193159181,NICK
1998-07-22,0.8901519775390625,0.9090909957885742,0.8712120056152344,0.8901519775390625,0.8074827194213867,122100,0.8560606002807617,0.875,0.9280301094055176,0.971211986541748,0.9945075130462646,,44.40850301906502,-0.03152055605102355,-0.02641017549368548,-0.005110380557338073,1.0435445347770476,0.9280301094055176,0.8125156840339876,27.777731153557824,14.814752649188199,NICK
1998-07-23,0.8712120056152344,0.8712120056152344,0.8712120056152344,0.8712120056152344,0.7903016805648804,14190,0.8560606002807617,0.871212100982666,0.9223483085632325,0.9674241065979003,0.9929923629760742,,41.68765825261532,-0.03063264290863088,-0.02725466897667456,-0.0033779739319563205,1.0373024531624557,0.9223483085632325,0.8073941639640093,38.333299763838625,26.66660885261513,NICK
1998-07-24,0.8333330154418945,0.8333330154418945,0.7954549789428711,0.7954549789428711,0.7215803265571594,12540,0.848484992980957,0.8636363983154297,0.9128786563873291,0.9621210861206054,0.9907196426391601,,32.98293127257178,-0.03563119009106297,-0.02892997319955224,-0.006701216891510729,1.0365512025897021,0.9128786563873291,0.789206110184956,27.222235276947487,31.111088731447975,NICK
1998-07-27,0.7954549789428711,0.7954549789428711,0.7954549789428711,0.7954549789428711,0.7215803265571594,10890,0.8446971893310546,0.8560606956481933,0.9034090042114258,0.9568180656433105,0.9884469223022461,,32.98293127257178,-0.039141377312728376,-0.03097225402218747,-0.008169123290540908,1.032474675515444,0.9034090042114258,0.7743433329074076,13.33329976383862,26.29627826820824,NICK
1998-07-28,0.8333330154418945,0.8333330154418945,0.8333330154418945,0.8333330154418945,0.7559406161308289,3300,0.8371213912963867,0.8484848976135254,0.8958332538604736,0.952272605895996,0.9865529823303223,,40.221111518714615,-0.03842385866524811,-0.0324625749507996,-0.005961283714448512,1.0226561446860405,0.8958332538604736,0.7690103630349068,7.407283076154154,15.987606038980083,NICK
1998-07-29,0.8333330154418945,0.8333330154418945,0.8333330154418945,0.8333330154418945,0.7559406161308289,0,0.8257575988769531,0.8409090995788574,0.8882575035095215,0.9477271461486816,0.9865529823303223,,40.221111518714615,-0.03742382144952716,-0.033454824250545113,-0.003968997198982048,1.0109400524662124,0.8882575035095215,0.7655749545528305,18.518207690385356,13.08626351012604,NICK
1998-07-30,0.7954549789428711,0.8333330154418945,0.7954549789428711,0.8333330154418945,0.7559406161308289,1980,0.8181818008422852,0.8371212005615234,0.8806817531585693,0.9431816864013672,0.985416612625122,,40.22111151871461,-0.03621383421271418,-0.03400662624297893,-0.002207207969735253,0.9971241597492461,0.8806817531585693,0.7642393465678926,29.62913230461656,18.518207690385356,NICK
1998-07-31,0.8333330154418945,0.8333330154418945,0.8333330154418945,0.8333330154418945,0.7559406161308289,0,0.8257574081420899,0.8371212005615234,0.8731060028076172,0.9386362266540528,0.9835226726531983,,40.22111151871461,-0.034853145246974915,-0.03417593004377813,-0.0006772152031967876,0.9808442241578255,0.8731060028076172,0.7653677814574089,33.33277384269363,27.160037945898512,NICK
1998-08-03,0.8333330154418945,0.8333330154418945,0.8333330154418945,0.8333330154418945,0.7559406161308289,6600,0.8333330154418945,0.8390151023864746,0.865530252456665,0.9340907669067383,0.9820075225830078,,40.2211115187146,-0.03338989155305416,-0.034018722345633336,0.0006288307925791728,0.961431653279306,0.865530252456665,0.7696288516340241,33.33277384269363,32.09822666333461,NICK
1998-08-04,0.8333330154418945,0.8333330154418945,0.8333330154418945,0.8333330154418945,0.7559406161308289,0,0.8333330154418945,0.8352272033691406,0.8579545021057129,0.9295453071594239,0.9814393329620361,,40.22111151871461,-0.0318629561341357,-0.03358756910333381,0.001724612969198111,0.9375000681213219,0.8579545021057129,0.7784089360901039,33.33277384269363,33.33277384269363,NICK
1998-08-05,0.8333330154418945,0.8333330154418945,0.8333330154418945,0.8333330154418945,0.7559406161308289,6600,0.8333330154418945,0.8295453071594239,0.8522726535797119,0.9249998474121094,0.9806817531585693,,40.22111151871461,-0.03030352859926644,-0.032930761002520334,0.0026272324032538957,0.9210829414001392,0.8522726535797119,0.7834623657592846,33.33277384269363,33.33277384269363,NICK
1998-08-06,0.8333330154418945,0.8333330154418945,0.7954549789428711,0.7954549789428711,0.7215803265571594,18150,0.8257574081420899,0.8219696044921875,0.8465908527374267,0.9196968269348145,0.9791666030883789,,34.04409764676431,-0.03175802528156424,-0.03269621385832912,0.0009381885767648784,0.9144562275219194,0.8465908527374267,0.7787254779529341,22.22184922846243,29.629132304616572,NICK
1998-08-07,0.8522729873657227,0.8522729873657227,0.8522729873657227,0.8522729873657227,0.7731216549873352,1980,0.8295454025268555,0.8276514053344727,0.8456439018249512,0.9155301666259765,0.9780302429199219,,47.15449350649109,-0.028003182690868433,-0.03175760762483698,0.0037544249339685476,0.9126315076001791,0.8456439018249512,0.7786562960497233,27.77759128089789,27.77740478401799,NICK
1998-08-10,0.8522729873657227,0.8522729873657227,0.8522729873657227,0.8522729873657227,0.7731216549873352,0,0.8333333969116211,0.8333332061767578,0.8446969509124755,0.9113635063171387,0.9768938827514648,,47.15449350649109,-0.024742229861225096,-0.030354532072114603,0.005612302210889507,0.910740844135924,0.8446969509124755,0.778653057689027,33.33333333333335,27.777591280897894,NICK
1998-08-11,0.7954549789428711,0.7954549789428711,0.7954549789428711,0.7954549789428711,0.7215803265571594,13200,0.8257577896118165,0.8295454025268555,0.8390151500701905,0.9060604858398438,0.9729166126251221,,38.32040748186138,-0.02643788025507976,-0.029571201708707633,0.003133321453627873,0.9013713858967274,0.8390151500701905,0.7766589142436535,33.33333333333335,31.48141931585487,NICK
1998-08-12,0.7954549789428711,0.7954549789428711,0.7954549789428711,0.7954549789428711,0.7215803265571594,0,0.8181821823120117,0.8257575988769531,0.8333333492279053,0.9030301856994629,0.9704544925689698,,38.32040748186139,-0.027465094891232833,-0.029149980345212673,0.0016848854539798404,0.889516456780872,0.8333333492279053,0.7771502416749385,16.666666666666686,27.7777777777778,NICK
1998-08-13,0.8522729873657227,0.8522729873657227,0.8522729873657227,0.8522729873657227,0.7731216549873352,3300,0.8295457839965821,0.8276515960693359,0.8323863983154297,0.9003786849975586,0.9679923725128173,,49.3297410428782,-0.02342440944831925,-0.02800486616583399,0.004580456717514739,0.8865873039056655,0.8323863983154297,0.7781854927251939,33.33333333333335,27.7777777777778,NICK
1998-08-14,0.8522729873657227,0.8522729873657227,0.8522729873657227,0.8522729873657227,0.7731216549873352,0,0.8295457839965821,0.8295455932617187,0.8333333969116211,0.8977271842956543,0.9651514625549317,,49.3297410428782,-0.019991685418135452,-0.02640223001629428,0.006410544598158829,0.8882248079834002,0.8333333969116211,0.778441985839842,66.66666666666669,38.888888888888914,NICK
1998-08-17,0.8522729873657227,0.8522729873657227,0.8522729873657227,0.8522729873657227,0.7731216549873352,0,0.8295457839965821,0.8314395904541015,0.8352273464202881,0.89507568359375,0.9623105525970459,,49.3297410428782,-0.0170744037942806,-0.024536664771891543,0.007462260977610942,0.8899879186913543,0.8352273464202881,0.7804667741492218,100.00000000000001,66.66666666666669,NICK
1998-08-18,0.7954549789428711,0.7954549789428711,0.7954549789428711,0.7954549789428711,0.7215803265571594,1320,0.8295457839965821,0.8276517868041993,0.8314394950866699,0.8920453834533691,0.9587120723724365,,40.33725241691301,-0.01912669488858998,-0.023454670795231232,0.004327975906641253,0.8862000475677112,0.8314394950866699,0.7766789426056286,66.66666666666669,77.7777777777778,NICK
1998-08-19,0.7954549789428711,0.7954549789428711,0.7954549789428711,0.7954549789428711,0.7215803265571594,0,0.8295457839965821,0.8238639831542969,0.8267046451568604,0.8897726631164551,0.9553029823303223,,40.33725241691301,-0.020516647228705942,-0.022867066081926173,0.0023504188532202305,0.8764900732847092,0.8267046451568604,0.7769192170290116,33.33333333333335,66.66666666666669,NICK
1998-08-20,0.8522729873657227,0.8522729873657227,0.8522729873657227,0.8522729873657227,0.7731216549873352,1650,0.8295457839965821,0.8295457839965821,0.8257576942443847,0.888636302947998,0.9524620723724365,,50.7496303429057,-0.01683934258134767,-0.02166152138181047,0.0048221788004628,0.8727637469122981,0.8257576942443847,0.7787516415764714,33.33333333333335,44.444444444444464,NICK
1998-08-21,0.8522729873657227,0.8522729873657227,0.8522729873657227,0.8522729873657227,0.7731216549873352,0,0.8295457839965821,0.8295457839965821,0.8285985946655273,0.8859848022460938,0.9505681324005127,,50.7496303429057,-0.013766362101721108,-0.0200824895257926,0.006316127424071491,0.8747965098732584,0.8285985946655273,0.7824006794577962,66.66666666666669,44.444444444444464,NICK
1998-08-24,0.8522729873657227,0.8522729873657227,0.8522729873657227,0.8522729873657227,0.7731216549873352,0,0.8295457839965821,0.8295457839965821,0.8314394950866699,0.8833333015441894,0.9486741924285889,,50.7496303429057,-0.011201874693447023,-0.018306366559323484,0.007104491865876462,0.8760977533379652,0.8314394950866699,0.7867812368353746,100.00000000000001,66.66666666666669,NICK
1998-08-25,0.8522729873657227,0.8522729873657227,0.8522729873657227,0.8522729873657227,0.7731216549873352,0,0.8409093856811524,0.8352275848388672,0.8323864936828613,0.8806818008422852,0.9467802524566651,,50.7496303429057,-0.009065004220372597,-0.016458094091533308,0.0073930898711607115,0.8779591016937682,0.8323864936828613,0.7868138856719544,100.00000000000001,88.88888888888891,NICK
1998-08-26,0.7954549789428711,0.7954549789428711,0.7575759887695312,0.7575759887695312,0.6872192025184631,39600,0.8333335876464844,0.8314396858215332,0.8285986423492432,0.8776515007019043,0.9437499523162842,,36.478164280609676,-0.014841689587085982,-0.016134813190643842,0.0012931236035578601,0.8846219810430651,0.8285986423492432,0.7725753036554213,66.66666666666669,88.88888888888891,NICK
1998-08-27,0.7575759887695312,0.7575759887695312,0.7575759887695312,0.7575759887695312,0.6872192025184631,18150,0.814394187927246,0.8219699859619141,0.824810791015625,0.8753787803649903,0.9407196521759034,,36.47816428060968,-0.019198446616994325,-0.016747539875913937,-0.0024509067410803873,0.8887293627619065,0.824810791015625,0.7608922192693436,33.33333333333335,66.6666666666667,NICK
1998-08-28,0.7954549789428711,0.7954549789428711,0.7954549789428711,0.7954549789428711,0.7215803265571594,3300,0.8030305862426758,0.8162881851196289,0.8229168891906739,0.8738636398315429,0.9388257217407227,,43.8087092012591,-0.019371388702188908,-0.01727230964116893,-0.0020990790610199775,0.8879481388807307,0.8229168891906739,0.757885639500617,13.333400471984739,37.77780015732827,NICK
1998-08-31,0.7575759887695312,0.7575759887695312,0.7575759887695312,0.7575759887695312,0.6872192025184631,13860,0.7840911865234375,0.8068184852600098,0.8191290378570557,0.8700757598876954,0.9365530014038086,,38.96604624119481,-0.022307813897269435,-0.01827941049238903,-0.004028403404880403,0.8898670027818456,0.8191290378570557,0.7483910729322658,13.333400471984739,20.000044759100955,NICK
1998-09-01,0.7954549789428711,0.7954549789428711,0.7954549789428711,0.7954549789428711,0.7215803265571594,1650,0.7727275848388672,0.8068184852600098,0.8172351360321045,0.8670454597473145,0.9346590709686279,,45.45885647038756,-0.02133252600041624,-0.018890033593994472,-0.0024424924064217687,0.8883776257443677,0.8172351360321045,0.7460926463198413,26.66680094396946,17.77786729597966,NICK
1998-09-02,0.8333330154418945,0.8333330154418945,0.7575759887695312,0.7575759887695312,0.6872192025184631,8250,0.7727275848388672,0.8030305862426758,0.8134472846984864,0.8625000190734863,0.9323863506317138,,40.78624556422301,-0.023346991667701933,-0.019781425208735964,-0.0035655664589659686,0.8887060183954985,0.8134472846984864,0.7381885510014743,13.333400471984739,17.77786729597966,NICK
1998-09-03,0.7575759887695312,0.7575759887695312,0.7575759887695312,0.7575759887695312,0.6872192025184631,0,0.7727275848388672,0.7935608863830567,0.8115533351898193,0.8579545783996582,0.9297348403930664,,40.786245564223016,-0.02465921415155581,-0.020756982997299934,-0.0039022311542558745,0.8903512066533834,0.8115533351898193,0.7327554637262552,13.333400471984739,17.77786729597966,NICK
1998-09-04,0.7954549789428711,0.7954549789428711,0.7954549789428711,0.7954549789428711,0.7215803265571594,330,0.7727275848388672,0.7878790855407715,0.8087124347686767,0.8541667175292968,0.9270833301544189,,47.093229576895205,-0.022384606178906474,-0.021082507633621243,-0.0013020985452852317,0.8855045898789626,0.8087124347686767,0.7319202796583908,13.333400471984739,13.333400471984755,NICK
1998-09-08,0.7575759887695312,0.7575759887695312,0.7575759887695312,0.7575759887695312,0.6872192025184631,4290,0.7727275848388672,0.7784093856811524,0.8039775848388672,0.8496212768554687,0.9248106098175048,,42.247243189489836,-0.023369096514118226,-0.021539825409720638,-0.0018292711043975882,0.8811192904488904,0.8039775848388672,0.726835879228844,13.333400471984739,13.333400471984755,NICK
1998-09-09,0.7575759887695312,0.7575759887695312,0.7575759887695312,0.7575759887695312,0.6872192025184631,0,0.7651517868041993,0.7689396858215332,0.8020836353302002,0.8450758361816406,0.921780309677124,,42.24724318948983,-0.02387410636063325,-0.022006681599903162,-0.0018674247607300895,0.8817867671806026,0.8020836353302002,0.7223805034797979,13.333400471984739,13.333400471984755,NICK
1998-09-10,0.7575759887695312,0.7575759887695312,0.7575759887695312,0.7575759887695312,0.6872192025184631,1980,0.7651517868041993,0.7689396858215332,0.8001896858215332,0.8405303955078125,0.9195075893402099,,42.247243189489836,-0.023997699757639213,-0.022404885231450372,-0.0015928145261888405,0.8821996812560592,0.8001896858215332,0.7181796903870071,1.8947806286936004e-14,8.888933647989848,NICK
1998-09-11,0.7575759887695312,0.7575759887695312,0.6439390182495117,0.6439390182495117,0.5841358304023743,55770,0.7424243927001953,0.7575759887695312,0.7897729873657227,0.833712215423584,0.9160984992980957,,30.490958451142752,-0.03288611160865529,-0.024501130506891355,-0.008384981101763934,0.8928842335403544,0.7897729873657227,0.6866617411910909,1.8947806286936004e-14,4.444466823994942,NICK
1998-09-14,0.6439390182495117,0.6439390182495117,0.6439390182495117,0.6439390182495117,0.5841358304023743,0,0.7121212005615234,0.7424243927001953,0.7793562889099122,0.8268940353393555,0.9126894092559814,,30.490958451142752,-0.03947519654482279,-0.027495943714477642,-0.011979252830345146,0.8962757396888371,0.7793562889099122,0.6624368381309872,1.8947806286936004e-14,3.5329763805849427e-14,NICK
1998-09-15,0.6439390182495117,0.6439390182495117,0.6439390182495117,0.6439390182495117,0.5841358304023743,0,0.6893938064575196,0.7310606956481933,0.7689395904541015,0.8200758552551269,0.9092803192138672,,30.490958451142752,-0.044187725237890496,-0.030834300019160214,-0.013353425218730283,0.8947979473456968,0.7689395904541015,0.6430812335625062,1.8947806286936004e-14,3.5329763805849427e-14,NICK
1998-09-16,0.7196969985961914,0.7575759887695312,0.7196969985961914,0.7196969985961914,0.6528581976890564,13200,0.6818180084228516,0.7234848976135254,0.7651516914367675,0.814772834777832,0.90700758934021,,43.56678877135316,-0.04133294187588199,-0.03293402839050457,-0.00839891348537742,0.8921449459380406,0.7651516914367675,0.6381584369354945,13.333400471984739,4.444466823994942,NICK
1998-09-17,0.7196969985961914,0.7196969985961914,0.7196969985961914,0.7196969985961914,0.6528581976890564,0,0.6742422103881835,0.7196969985961914,0.7613637924194336,0.8102273750305176,0.9047348594665527,,43.56678877135315,-0.03862525756803048,-0.03407227422600975,-0.004552983342020728,0.8890331385698433,0.7613637924194336,0.6336944462690239,26.66680094396946,13.333400471984755,NICK
1998-09-18,0.7196969985961914,0.7196969985961914,0.7196969985961914,0.7196969985961914,0.6528581976890564,0,0.6893938064575196,0.7159090995788574,0.754734992980957,0.8064394950866699,0.9024621295928955,,43.56678877135315,-0.03606367860811244,-0.034470555102430286,-0.0015931235056821508,0.8764643075064094,0.754734992980957,0.6330056784555047,40.00020141595417,26.666800943969474,NICK
1998-09-21,0.6818180084228516,0.6818180084228516,0.6818180084228516,0.6818180084228516,0.6184970140457153,660,0.6969696044921875,0.7045454025268555,0.7462122440338135,0.8026516151428222,0.8998106098175049,,38.98675085547033,-0.03666744725894877,-0.034909933533733985,-0.0017575137252147863,0.8632084930081342,0.7462122440338135,0.6292159950594928,33.333501179961814,33.333501179961836,NICK
1998-09-22,0.6818180084228516,0.6818180084228516,0.6818180084228516,0.6818180084228516,0.6184970140457153,660,0.7045454025268555,0.6969696044921875,0.7376894950866699,0.7988637351989746,0.8971590900421142,,38.98675085547033,-0.036722622728875276,-0.035272471372762244,-0.0014501513561130316,0.847129526776896,0.7376894950866699,0.6282494633964438,26.666800943969452,33.33350117996183,NICK
1998-09-23,0.6818180084228516,0.6818180084228516,0.6818180084228516,0.6818180084228516,0.6184970140457153,0,0.6969696044921875,0.6893938064575196,0.7291667461395264,0.7943182754516601,0.8945075702667237,,38.986750855470326,-0.0363473599462949,-0.03548744908746877,-0.0008599108588261267,0.8275792494189667,0.7291667461395264,0.6307542428600861,21.666733805318064,27.222345309749794,NICK
1998-09-24,0.6818180084228516,0.6818180084228516,0.6818180084228516,0.6818180084228516,0.6184970140457153,0,0.6893938064575196,0.6818180084228516,0.7253788471221924,0.7897728157043457,0.891856050491333,,38.986750855470326,-0.03563913571554056,-0.03551778641308313,-0.00012134930245742692,0.8249508897103325,0.7253788471221924,0.6258068045340522,23.333366902659037,23.888967217315535,NICK
1998-09-25,0.6818180084228516,0.6818180084228516,0.6818180084228516,0.6818180084228516,0.6184970140457153,0,0.6818180084228516,0.6856059074401856,0.7215909481048584,0.785984935760498,0.8892045307159424,,38.98675085547032,-0.03467811518471542,-0.03534985216740959,0.0006717369826941683,0.8217377258707899,0.7215909481048584,0.6214441703389268,27.77777777777779,24.25929282858498,NICK
1998-09-28,0.6818180084228516,0.6818180084228516,0.6818180084228516,0.6818180084228516,0.6184970140457153,0,0.6818180084228516,0.6893938064575196,0.7159090995788574,0.7829546356201171,0.884659070968628,,38.98675085547032,-0.033529986675553736,-0.03498587906903842,0.0014558923934846826,0.8114362780259912,0.7159090995788574,0.6203819211317236,30.55555555555557,27.222233411997482,NICK
1998-09-29,0.6818180084228516,0.6818180084228516,0.6818180084228516,0.6818180084228516,0.6184970140457153,0,0.6818180084228516,0.6931817054748535,0.7121212005615234,0.7803031158447266,0.8804924011230468,,38.986750855470326,-0.032248347682044654,-0.034438372791639665,0.002190025109595012,0.806742887687068,0.7121212005615234,0.6174995134359788,33.33333333333335,30.55555555555559,NICK
1998-09-30,0.6818180084228516,0.6818180084228516,0.6818180084228516,0.6818180084228516,0.6184970140457153,0,0.6818180084228516,0.6893938064575196,0.7064393520355224,0.7765152359008789,0.8763257312774658,,38.98675085547032,-0.030876712029784925,-0.03372604063926872,0.002849328609483795,0.7937255653265751,0.7064393520355224,0.6191531387444698,33.33333333333335,32.40740740740745,NICK
1998-10-01,0.6818180084228516,0.6818180084228516,0.6818180084228516,0.6818180084228516,0.6184970140457153,0,0.6818180084228516,0.6856059074401856,0.7026514530181884,0.7723485565185547,0.8717802715301514,,38.98675085547032,-0.029450197350324614,-0.0328708719814799,0.0034206746311552863,0.7872667075754768,0.7026514530181884,0.6180361984609001,33.33333333333335,33.33333333333337,NICK
1998-10-02,0.6818180084228516,0.6818180084228516,0.6818180084228516,0.6818180084228516,0.6184970140457153,0,0.6818180084228516,0.6818180084228516,0.6988635540008545,0.7685606765747071,0.8679923915863037,,38.98675085547032,-0.027996942859575658,-0.03189608615709905,0.0038991432975233956,0.7800165831813685,0.6988635540008545,0.6177105248203406,33.33333333333335,33.33333333333337,NICK
1998-10-05,0.7575759887695312,0.7575759887695312,0.7575759887695312,0.7575759887695312,0.6872192025184631,1980,0.6969696044921875,0.6893938064575196,0.6969696044921875,0.7678030967712403,0.8649620914459228,,57.663619918779894,-0.020495928027378207,-0.029616054531154883,0.009120126503776676,0.7704196915652164,0.6969696044921875,0.6235195174191586,55.55555555555557,40.74074074074078,NICK
1998-10-06,0.7575759887695312,0.7575759887695312,0.7575759887695312,0.7575759887695312,0.6872192025184631,0,0.7121212005615234,0.6969696044921875,0.6969696044921875,0.7670455169677735,0.861931791305542,,57.663619918779894,-0.014385492725487059,-0.02656994217002132,0.01218444944453426,0.7704196915652164,0.6969696044921875,0.6235195174191586,77.77777777777779,55.5555555555556,NICK
1998-10-07,0.7575759887695312,0.7575759887695312,0.7575759887695312,0.7575759887695312,0.6872192025184631,0,0.7272727966308594,0.7045454025268555,0.6969696044921875,0.7655303764343262,0.8589014911651611,,57.663619918779894,-0.009434177400922894,-0.023142789216201633,0.01370861181527874,0.7704196915652164,0.6969696044921875,0.6235195174191586,100.0,77.77777777777781,NICK
1998-10-08,0.7954549789428711,0.7954549789428711,0.7954549789428711,0.7954549789428711,0.7215803265571594,330,0.7500001907348632,0.7159090995788574,0.6988635540008545,0.7647728157043457,0.8562499809265137,,64.45794746579347,-0.0024257439288078997,-0.018999380158722885,0.016573636229914986,0.7800165831813685,0.6988635540008545,0.6177105248203406,100.0,92.59259259259262,NICK
1998-10-09,0.7954549789428711,0.7954549789428711,0.7954549789428711,0.7954549789428711,0.7215803265571594,0,0.7727275848388672,0.7272727966308594,0.7064393520355224,0.7640152549743653,0.8535984706878662,,64.45794746579348,0.0030928377821518582,-0.014580936570547936,0.017673774352699796,0.7937255653265751,0.7064393520355224,0.6191531387444698,100.0,100.00000000000004,NICK
1998-10-12,0.7954549789428711,0.7954549789428711,0.7954549789428711,0.7954549789428711,0.7215803265571594,0,0.7803033828735352,0.7386364936828613,0.7140151500701905,0.7632576942443847,0.8509469604492188,,64.45794746579348,0.007381266897209748,-0.010188495876996398,0.017569762774206146,0.8045292936573218,0.7140151500701905,0.6235010064830591,100.0,100.00000000000004,NICK
1998-10-13,0.7954549789428711,0.7954549789428711,0.7954549789428711,0.7954549789428711,0.7215803265571594,0,0.7878791809082031,0.7500001907348632,0.7215909481048584,0.7625001335144043,0.8482954502105713,0.9657433557510376,64.45794746579347,0.010657030256332467,-0.006019390650330625,0.016676420906663093,0.8127369607496051,0.7215909481048584,0.6304449354601116,100.0,100.00000000000004,NICK
1998-10-14,0.7954549789428711,0.7954549789428711,0.7954549789428711,0.7954549789428711,0.7215803265571594,1650,0.7954549789428711,0.7613638877868653,0.7253788471221924,0.7617425727844238,0.8456439399719238,0.9629024505615235,64.45794746579348,0.013102063882353576,-0.002195099743793784,0.01529716362614736,0.8220259604083826,0.7253788471221924,0.6287317338360021,100.0,100.00000000000004,NICK
1998-10-15,0.7954549789428711,0.7954549789428711,0.7954549789428711,0.7954549789428711,0.7215803265571594,0,0.7954549789428711,0.7727275848388672,0.7291667461395264,0.7609850120544434,0.8429924297332764,0.9600615453720093,64.45794746579348,0.014868377248810516,0.0012175956547270756,0.01365078159408344,0.8304532109823006,0.7291667461395264,0.6278802812967521,100.0,100.00000000000004,NICK
1998-10-16,0.8333330154418945,0.8333330154418945,0.7954549789428711,0.7954549789428711,0.7215803265571594,17160,0.7954549789428711,0.7840912818908692,0.7329546451568604,0.7609850120544434,0.8403409194946289,0.9576704502105713,64.45794746579348,0.016082800800891417,0.0041906366839599436,0.011892164116931473,0.8381328082061159,0.7329546451568604,0.6277764821076048,91.66682402307895,97.2222746743597,NICK
1998-10-19,0.7954549789428711,0.7954549789428711,0.7954549789428711,0.7954549789428711,0.7215803265571594,0,0.7954549789428711,0.7878791809082031,0.7386364936828613,0.7598486518859864,0.8376894092559815,0.9553977251052856,64.45794746579348,0.01685099246362276,0.006722707839892508,0.010128284623730253,0.844426755962077,0.7386364936828613,0.6328462314036457,83.33364804615788,91.66682402307897,NICK
1998-10-20,0.7954549789428711,0.7954549789428711,0.7954549789428711,0.7954549789428711,0.7215803265571594,0,0.7954549789428711,0.7916670799255371,0.7443183422088623,0.7587122917175293,0.8350378990173339,0.953125,64.45794746579348,0.017260817926291194,0.008830329857172244,0.00843048806911895,0.8494965052581178,0.7443183422088623,0.6391401791596067,75.00047206923682,83.33364804615792,NICK
1998-10-21,0.8333330154418945,0.8333330154418945,0.8333330154418945,0.8333330154418945,0.7559406161308289,1650,0.8030305862426758,0.7992427825927735,0.7518940925598144,0.7594698524475098,0.8327651691436767,0.9510416650772094,72.92381468033136,0.02040681152316104,0.011145626190370003,0.009261185332791036,0.8597659706114185,0.7518940925598144,0.6440222145082104,83.33364804615788,80.55592272051756,NICK
1998-10-22,0.8143939971923828,0.8143939971923828,0.8143939971923828,0.8143939971923828,0.7387605905532837,1650,0.8068183898925781,0.8011366844177246,0.758522891998291,0.7598486328125,0.8314394092559815,0.9488636350631714,64.63400257901817,0.02112826018999925,0.013142152990295853,0.007986107199703395,0.8646345984619013,0.758522891998291,0.6524111855346808,83.33359559468074,80.55590523669184,NICK
1998-10-23,0.8143939971923828,0.8143939971923828,0.8143939971923828,0.8143939971923828,0.7387605905532837,0,0.8106061935424804,0.8030305862426758,0.7651516914367675,0.7590910530090332,0.8297348690032958,0.9466856050491333,64.63400257901817,0.021452719855584834,0.01480426636335365,0.006648453492231185,0.8677748787137911,0.7651516914367675,0.662528504159744,83.33354314320361,83.33359559468077,NICK
1998-10-26,0.8143939971923828,0.8143939971923828,0.8143939971923828,0.8143939971923828,0.7387605905532837,0,0.8143939971923828,0.804924488067627,0.7717804908752441,0.7583334732055664,0.8280303287506103,0.9441287851333618,64.63400257901816,0.021462450706336123,0.016135903231950143,0.005326547474385979,0.8690009364060388,0.7717804908752441,0.6745600453444495,75.00031471480543,80.5558178175633,NICK
1998-10-27,0.8143939971923828,0.8143939971923828,0.8143939971923828,0.8143939971923828,0.7387605905532837,0,0.8181818008422852,0.8068183898925781,0.7784092903137207,0.7575758934020996,0.8263257884979248,0.9421401500701905,64.63400257901817,0.021225488259416614,0.017153820237443437,0.004071668021973177,0.8679670015146691,0.7784092903137207,0.6888515791127724,66.66687647653696,75.00024477818204,NICK
1998-10-28,0.8143939971923828,0.8143939971923828,0.8143939971923828,0.8143939971923828,0.7387605905532837,0,0.8143939971923828,0.8087122917175293,0.7850380897521972,0.7579546737670898,0.8250000286102295,0.940151515007019,64.63400257901817,0.0207979480145718,0.01788264579286911,0.002915302221702689,0.8640179883716252,0.7850380897521972,0.7060581911327692,58.33343823826848,66.666876476537,NICK
1998-10-29,0.8143939971923828,0.8143939971923828,0.8143939971923828,0.8143939971923828,0.7387605905532837,0,0.8143939971923828,0.8106061935424804,0.7916668891906739,0.7583334541320801,0.8240530586242676,0.9381628799438476,64.63400257901817,0.020225966933686834,0.018351310021032654,0.0018746569126541802,0.85572574712892,0.7916668891906739,0.7276080312524277,50.0,58.33343823826852,NICK
1998-10-30,0.8143939971923828,0.8143939971923828,0.8143939971923828,0.8143939971923828,0.7387605905532837,0,0.8143939971923828,0.8125000953674316,0.7982956886291503,0.7575758743286133,0.8231060886383057,0.9361742448806762,64.63400257901817,0.019547338258535496,0.018590515668533224,0.0009568225900022723,0.8385166075496087,0.7982956886291503,0.758074769708692,50.0,52.777812746089545,NICK
1998-11-02,0.8143939971923828,0.8143939971923828,0.8143939971923828,0.8143939971923828,0.7387605905532837,0,0.8143939971923828,0.8143939971923828,0.801136589050293,0.7568182945251465,0.8214015483856201,0.9341856098175049,64.63400257901817,0.01879288743602625,0.018630990022031828,0.0001618974139944232,0.8372703928132841,0.801136589050293,0.7650027852873018,50.0,50.00000000000005,NICK
1998-11-03,0.9090909957885742,0.9090909957885742,0.9090909957885742,0.9090909957885742,0.8246629238128662,330,0.8333333969116211,0.8257575988769531,0.8087123394012451,0.7579546546936036,0.8206439781188964,0.9326704597473144,82.56396255099324,0.025541806053573923,0.02001315322834025,0.005528652825233675,0.8637342387536061,0.8087123394012451,0.7536904400488841,66.66666666666667,55.5555555555556,NICK
1998-11-04,0.9090909957885742,0.9090909957885742,0.9090909957885742,0.9090909957885742,0.8246629238128662,0,0.8522727966308594,0.8333333969116211,0.8162880897521972,0.7590910148620605,0.8198864078521728,0.9306818246841431,82.56396255099324,0.03053834564221014,0.022118191711114225,0.008420153931095915,0.881786418702337,0.8162880897521972,0.7507897608020575,83.33333333333333,66.6666666666667,NICK
1998-11-05,0.9090909957885742,0.9090909957885742,0.9090909957885742,0.9090909957885742,0.8246629238128662,6600,0.8712121963500976,0.8428030967712402,0.8219698905944824,0.7621213150024414,0.8198864078521728,0.9286931896209717,82.56396255099324,0.034104998076130655,0.024515552984117513,0.009589445092013142,0.8981051112520455,0.8219698905944824,0.7458346699369194,100.0,83.33333333333337,NICK
1998-11-06,0.9090909957885742,0.9090909957885742,0.9090909957885742,0.9090909957885742,0.8246629238128662,0,0.8901515960693359,0.8522727966308594,0.8276516914367675,0.7651516151428223,0.8202651977539063,0.9267045545578003,82.56396255099322,0.036510722939445794,0.026914586975183168,0.009596135964262627,0.9115852941677387,0.8276516914367675,0.7437180887057964,100.0,94.44444444444447,NICK
1998-11-09,0.9090909957885742,0.9090909957885742,0.9090909957885742,0.9090909957885742,0.8246629238128662,1650,0.9090909957885742,0.8617424964904785,0.8333334922790527,0.7674243354797363,0.8206439876556396,0.9244318294525147,82.56396255099324,0.03797947349686426,0.029127564279519385,0.008851909217344873,0.922970898665742,0.8333334922790527,0.7436960858923635,100.0,100.00000000000004,NICK
1998-11-10,0.9090909957885742,0.9090909957885742,0.9090909957885742,0.9090909957885742,0.8246629238128662,0,0.9090909957885742,0.8712121963500976,0.8390152931213379,0.7704546356201172,0.8202651977539063,0.922159104347229,82.56396255099322,0.03869738947778345,0.031041529319172197,0.007655860158611253,0.9326455056254973,0.8390152931213379,0.7453850806171786,100.0,100.00000000000004,NICK
1998-11-11,0.9090909957885742,0.9090909957885742,0.9090909957885742,0.9090909957885742,0.8246629238128662,0,0.9090909957885742,0.8806818962097168,0.844697093963623,0.7727273559570312,0.8198864078521728,0.9202651643753051,82.56396255099322,0.0388188633719192,0.0325969961297216,0.006221867242197601,0.9408225634133204,0.844697093963623,0.7485716245139257,100.0,100.00000000000004,NICK
1998-11-12,0.9090909957885742,0.9090909957885742,0.9090909957885742,0.9090909957885742,0.8246629238128662,0,0.9090909957885742,0.8901515960693359,0.8503788948059082,0.7757576560974121,0.8191288375854492,0.9191287994384766,82.56396255099324,0.03847165501693239,0.033771927907163754,0.004699727109768639,0.9476174271569471,0.8503788948059082,0.7531403624548694,100.0,100.00000000000004,NICK
1998-11-13,0.7954549789428711,0.7954549789428711,0.7954549789428711,0.7954549789428711,0.7215803265571594,990,0.8863637924194336,0.8882576942443847,0.8503788948059082,0.7765152359008789,0.8172349071502686,0.9174242544174195,39.30393948477896,0.02869622085918655,0.032756786497568316,-0.004060565638381766,0.9476174271569471,0.8503788948059082,0.7531403624548694,66.66666666666667,88.88888888888893,NICK
1998-11-16,0.7954549789428711,0.8712120056152344,0.7954549789428711,0.8712120056152344,0.7903016805648804,25080,0.8787879943847656,0.8939394950866699,0.8541667461395264,0.7780303764343262,0.8160985469818115,0.9160984945297241,55.89504162402608,0.026753678038700324,0.03155616480579472,-0.004802486767094397,0.9484080178697729,0.8541667461395264,0.7599254744092798,55.55546230711561,74.07404299126081,NICK
1998-11-17,0.8712120056152344,0.8712120056152344,0.8712120056152344,0.8712120056152344,0.7903016805648804,0,0.8712121963500976,0.8901515960693359,0.8579545974731445,0.7803030967712402,0.8149621868133545,0.9147727346420288,55.895041624026085,0.024926857560670257,0.03023030335676983,-0.005303445796099572,0.9484682421853099,0.8579545974731445,0.7674409527609791,44.44425794756455,55.555462307115654,NICK
1998-11-18,0.8712120056152344,0.8712120056152344,0.8712120056152344,0.8712120056152344,0.7903016805648804,0,0.8636363983154297,0.8863636970520019,0.8598485469818116,0.7825758171081543,0.8138258266448974,0.9136363697052002,55.895041624026085,0.02321152120254799,0.028826546925925463,-0.005615025723377472,0.9498056423878943,0.8598485469818116,0.7698914515757288,66.66638692134683,55.555369058675716,NICK
1998-11-19,0.9090909957885742,0.9090909957885742,0.9090909957885742,0.9090909957885742,0.8246629238128662,7260,0.8636363983154297,0.8863636970520019,0.8645833969116211,0.7856061172485351,0.8130682563781738,0.9130681896209717,62.32613014701299,0.024624763771094127,0.027986190294959197,-0.00336142652386507,0.9544407523815727,0.8645833969116211,0.7747260414416696,77.77759128089788,62.962745383269805,NICK
1998-11-20,0.9090909957885742,0.9090909957885742,0.9090909957885742,0.9090909957885742,0.8246629238128662,0,0.8863636016845703,0.8863636970520019,0.8693182468414307,0.7909091567993164,0.8123106861114502,0.9125000095367432,62.326130147013004,0.025451381011167618,0.02747922843820088,-0.002027847427033262,0.9580710452161586,0.8693182468414307,0.7805654484667027,88.88879564044895,77.77759128089794,NICK
1998-11-23,0.8333330154418945,0.8333330154418945,0.8333330154418945,0.8333330154418945,0.7559406161308289,16500,0.8787878036499024,0.878787899017334,0.8702651977539062,0.794697036743164,0.8107955360412598,0.9115530395507813,46.57398154355383,0.019765599721334293,0.025936502694827564,-0.006170902973493271,0.957035728990591,0.8702651977539062,0.7834946665172214,77.77759128089787,81.48132606741495,NICK
1998-11-24,0.8617420196533203,0.9090909957885742,0.8617420196533203,0.9090909957885742,0.8246629238128662,25740,0.8863636016845703,0.878787899017334,0.8750000476837159,0.8000000762939453,0.8100379657745361,0.9109848594665527,58.00431687563123,0.021129050422523887,0.02497501224036683,-0.003845961817842941,0.9593601104138554,0.8750000476837159,0.7906399849535763,77.77759128089787,81.48132606741495,NICK
1998-11-25,0.9469699859619141,0.9469699859619141,0.9469699859619141,0.9469699859619141,0.859024167060852,33000,0.9015151977539062,0.882575798034668,0.8816288471221924,0.8045455360412598,0.8096591854095458,0.910606074333191,62.34253989108633,0.024978179955260527,0.024975645783345567,2.534171914959915e-06,0.9667297988664185,0.8816288471221924,0.7965278953779662,77.77759128089787,77.77759128089792,NICK
1998-11-27,0.9469699859619141,0.9469699859619141,0.9469699859619141,0.9469699859619141,0.859024167060852,0,0.9090909957885742,0.8863636970520019,0.888257646560669,0.8090909957885742,0.8096591854095458,0.9102272891998291,62.342539891086325,0.027709228108199424,0.02552236224831634,0.0021868658598830845,0.9720203825221226,0.888257646560669,0.8044949105992153,100.0,85.18506085393197,NICK
1998-11-30,1.0227270126342773,1.0227270126342773,0.9848480224609375,0.9848480224609375,0.8933843970298767,112200,0.9242424011230469,0.9053030014038086,0.8967803478240967,0.8143940162658692,0.8104167556762696,0.9098484992980957,66.37133584593543,0.032554773269447335,0.02692884445254254,0.005625928816904796,0.983385328005127,0.8967803478240967,0.8101753676430663,94.44439782022448,90.7406630337075,NICK
1998-12-01,0.9848480224609375,0.9848480224609375,0.9848480224609375,0.9848480224609375,0.8933843970298767,0,0.9545454025268555,0.9166666030883789,0.9053030490875245,0.8204546165466309,0.8115531158447266,0.909090919494629,66.37133584593543,0.03598014599385024,0.02873910476080408,0.007241041233046162,0.9913469782978965,0.9053030490875245,0.8192591198771524,88.88879564044896,94.44439782022454,NICK
1998-12-02,1.0606060028076172,1.0606060028076172,1.0606060028076172,1.0606060028076172,0.9621065855026245,6600,0.9848484039306641,0.9356060028076172,0.9128787994384766,0.8280303764343262,0.8134470558166504,0.909090919494629,73.05744327416397,0.04429718407060934,0.03185072062276513,0.012446463447844211,1.0224001286818472,0.9128787994384766,0.8033574701951061,88.88879564044896,90.74066303370752,NICK
1998-12-03,1.0227270126342773,1.0227270126342773,0.9848480224609375,0.9848480224609375,0.8933843970298767,14190,0.9924240112304688,0.9469696044921875,0.9166666507720947,0.8340909767150879,0.8142046260833741,0.9087121295928955,60.17338059578725,0.044265199127929256,0.03433361632379796,0.009931582804131298,1.0305550813062183,0.9166666507720947,0.8027782202379712,84.92051978743918,87.56603702277908,NICK
1998-12-04,0.9848480224609375,0.9848480224609375,0.9848480224609375,0.9848480224609375,0.8933843970298767,0,0.9999996185302734,0.9545453071594239,0.9204545021057129,0.8401515769958496,0.8149621963500977,0.9083333396911621,60.17338059578724,0.04373569298619484,0.03621403165627733,0.007521661329917509,1.0380616665048785,0.9204545021057129,0.8028473377065473,80.9522439344294,84.92051978743923,NICK
1998-12-07,0.9848480224609375,0.9848480224609375,0.9848480224609375,0.9848480224609375,0.8933843970298767,0,0.9999996185302734,0.9621210098266602,0.924242353439331,0.8462121772766114,0.8160985565185547,0.9079545497894287,60.17338059578725,0.042822425291261235,0.037535710383274114,0.005286714907987121,1.044979808624927,0.924242353439331,0.8035048982537352,69.84108619929395,78.57128330705423,NICK
1998-12-08,0.9090909957885742,1.0606060028076172,0.9090909957885742,1.0606060028076172,0.9621065855026245,32340,1.0151512145996093,0.9848483085632325,0.9318181037902832,0.8537879371643067,0.8183712863922119,0.9079545497894287,67.36227749439311,0.04766226897341286,0.039561022101301864,0.008101246872110994,1.0660606505377623,0.9318181037902832,0.797575557042804,79.36496423207927,76.71943145526761,NICK
1998-12-09,1.0606060028076172,1.0606060028076172,1.0606060028076172,1.0606060028076172,0.9621065855026245,0,1.0151512145996093,0.9999998092651368,0.9393938541412353,0.861363697052002,0.8208334064483642,0.9083333396911621,67.3622774943931,0.05091100953380612,0.04183101958780271,0.009079989946003404,1.084326437374837,0.9393938541412353,0.7944612709076337,88.88884226486459,79.36496423207933,NICK
1998-12-10,1.0606060028076172,1.0606060028076172,1.0606060028076172,1.0606060028076172,0.9621065855026245,0,1.0303028106689454,1.011363410949707,0.9469696044921875,0.8689394569396973,0.8227273464202881,0.9089015197753906,67.3622774943931,0.05287613664484003,0.044040042999210174,0.008836093645629858,1.1003668341322332,0.9469696044921875,0.7935723748521416,100.00000000000004,89.41793549898136,NICK
1998-12-11,1.098484992980957,1.098484992980957,1.098484992980957,1.098484992980957,0.9964677691459656,6600,1.0530302047729492,1.0265149116516112,0.9564393043518067,0.8772727966308593,0.8248106765747071,0.9096590948104858,70.66860304440814,0.05683487491779882,0.0465990093829279,0.010235865534870915,1.1221994744465302,0.9564393043518067,0.7906791342570831,100.00000000000004,96.29628075495496,NICK
1998-12-14,1.098484992980957,1.098484992980957,1.098484992980957,1.098484992980957,0.9964677691459656,0,1.0757575988769532,1.0378786087036134,0.971590805053711,0.8856061363220215,0.8270834064483643,0.9100378847122192,70.66860304440814,0.0592887596055266,0.04913695942744764,0.010151800178078957,1.1309971004811639,0.971590805053711,0.8121845096262582,100.00000000000004,100.00000000000011,NICK
1998-12-15,1.098484992980957,1.098484992980957,1.098484992980957,1.098484992980957,0.9964677691459656,990,1.083333396911621,1.0492423057556153,0.982954454421997,0.89242431640625,0.8301137065887452,0.9104166746139526,70.66860304440816,0.06053566345368333,0.051416700232694776,0.009118963220988555,1.144506561262621,0.982954454421997,0.8214023475813731,100.00000000000004,100.00000000000011,NICK
1998-12-16,1.098484992980957,1.098484992980957,1.0606060028076172,1.0606060028076172,0.9621065855026245,52800,1.083333396911621,1.0492423057556153,0.9924241542816162,0.8984849166870117,0.8327652168273926,0.9106060695648194,62.73144368380842,0.05780103148666027,0.05269356648348787,0.005107465003172398,1.148786106121537,0.9924241542816162,0.8360622024416955,93.33329976400768,97.77776658800265,NICK
1998-12-17,0.9469699859619141,0.9469699859619141,0.9469699859619141,0.9469699859619141,0.859024167060852,3300,1.0606061935424804,1.045454502105713,0.9962120532989502,0.9022727966308594,0.8339015865325927,0.9102272844314575,46.02921416241573,0.045934830949458716,0.051341819376682044,-0.005406988427223328,1.1440849938729112,0.9962120532989502,0.8483391127249893,66.6666666666667,86.66665547689153,NICK
1998-12-18,0.9469699859619141,0.9469699859619141,0.9469699859619141,0.9469699859619141,0.859024167060852,0,1.0303031921386718,1.0416666984558105,0.9981060028076172,0.9053030967712402,0.835037956237793,0.9107954692840576,46.02921416241573,0.03611447632972009,0.04829635076728965,-0.01218187443756956,1.142393905563895,0.9981060028076172,0.8538181000513395,40.00003356932573,66.66666666666676,NICK
1998-12-21,0.9469699859619141,0.9469699859619141,0.9469699859619141,0.9469699859619141,0.859024167060852,990,1.0000001907348632,1.0378788948059081,0.9999999523162841,0.9083333969116211,0.8361743259429931,0.9107954692840576,46.02921416241573,0.02800890531619593,0.044238861677070904,-0.016229956360874973,1.140509364284624,0.9999999523162841,0.8594905403479441,20.000100707977122,42.22226698132324,NICK
1998-12-22,0.9469699859619141,0.9469699859619141,0.9469699859619141,0.9469699859619141,0.859024167060852,2970,0.9696971893310546,1.026515293121338,1.0056818008422852,0.9113636970520019,0.8373106956481934,0.9104166841506958,46.02921416241573,0.02133919691168329,0.03965892872399338,-0.018319731812310093,1.1265975696149673,1.0056818008422852,0.8847660320696032,20.000100707977122,26.666744995093378,NICK
1998-12-23,0.9469699859619141,0.9469699859619141,0.9469699859619141,0.9469699859619141,0.859024167060852,0,0.9469699859619141,1.0151516914367675,1.0075757503509521,0.9143939971923828,0.8384470653533935,0.9102272939682007,46.029214162415734,0.015870460162715427,0.034901235011737794,-0.019030774849022367,1.1234624781330769,1.0075757503509521,0.8916890225688274,20.000100707977122,20.00010070797717,NICK
1998-12-24,0.9469699859619141,0.9469699859619141,0.9469699859619141,0.9469699859619141,0.859024167060852,0,0.9469699859619141,1.0037880897521974,1.0075757503509521,0.9174242973327636,0.8395834350585938,0.910511384010315,46.02921416241573,0.011404977408820738,0.030201983491154383,-0.018797006082333645,1.1234624781330769,1.0075757503509521,0.8916890225688274,20.000100707977122,20.00010070797717,NICK
1998-12-28,0.9469699859619141,1.098484992980957,0.9469699859619141,1.098484992980957,0.9964677691459656,6600,0.9772729873657227,1.0037880897521974,1.0151515007019043,0.9234848976135254,0.8422349548339844,0.9114583539962768,65.26483703531387,0.019863075783683737,0.028134201949660254,-0.008271126165976517,1.133972593299998,1.0151515007019043,0.8963304081038106,46.666733805318096,28.888978407090832,NICK
1998-12-29,0.9848480224609375,0.9848480224609375,0.9469699859619141,0.9848480224609375,0.8933843970298767,63360,0.9848485946655273,0.9924243927001953,1.0151515007019043,0.9272727584838867,0.8441288852691651,0.9116477441787719,50.67657781124163,0.017198373719273574,0.02594703630358292,-0.008748662584309345,1.133972593299998,1.0151515007019043,0.8963304081038106,48.33320954624679,38.333348019847385,NICK
1998-12-30,0.9469699859619141,0.9469699859619141,0.9469699859619141,0.9469699859619141,0.859024167060852,330,0.9848485946655273,0.977272891998291,1.0132575988769532,0.9303030586242675,0.845075855255127,0.9115530490875244,46.91244629882009,0.011893041569522755,0.023136237356770888,-0.011243195787248132,1.1351189472260568,1.0132575988769532,0.8913962505278497,41.66650931025443,45.555484220606495,NICK
1998-12-31,0.9469699859619141,0.9469699859619141,0.9469699859619141,0.9469699859619141,0.859024167060852,0,0.9848485946655273,0.9659092903137207,1.007575798034668,0.9333333587646484,0.8460228252410888,0.9114583539962768,46.91244629882008,0.007600909069637951,0.0200291716993443,-0.012428262629706349,1.1306671951038991,1.007575798034668,0.8844844009654368,8.333175976921098,32.777631611140826,NICK
1999-01-04,0.9469699859619141,0.9469699859619141,0.9469699859619141,0.9469699859619141,0.859024167060852,0,0.9848485946655273,0.9659092903137207,1.0056818962097167,0.9356060981750488,0.8475379753112793,0.9102272939682007,46.912446298820086,0.0041515071501312395,0.016853638789501687,-0.012702131639370447,1.1312543737311063,1.0056818962097167,0.8801094186883271,3.789561257387201e-14,16.666561762391904,NICK
1999-01-05,0.9469699859619141,0.9469699859619141,0.9469699859619141,0.9469699859619141,0.859024167060852,0,0.9545455932617187,0.9659092903137207,1.0037879943847656,0.9382576179504395,0.8490531253814697,0.9097538089752197,46.91244629882008,0.0014016736559292475,0.013763245762787198,-0.01236157210685795,1.1316813377466546,1.0037879943847656,0.8758946510228767,3.789561257387201e-14,2.7777253256404397,NICK
1999-01-06,0.9469699859619141,0.9469699859619141,0.9469699859619141,0.9469699859619141,0.859024167060852,0,0.9469699859619141,0.9659092903137207,1.0018940925598145,0.9409091377258301,0.8500000953674316,0.9089962339401245,46.91244629882008,-0.0007687277843250184,0.010856851053364754,-0.011625578837689773,1.1319566641502736,1.0018940925598145,0.8718315209693555,3.789561257387201e-14,8.664673916630111e-14,NICK
1999-01-07,0.9469699859619141,0.9469699859619141,0.9469699859619141,0.9469699859619141,0.859024167060852,2310,0.9469699859619141,0.9659092903137207,0.9962122917175293,0.9435606575012208,0.8509470653533936,0.9080492639541626,46.912446298820086,-0.0024604243225946343,0.008193395978172877,-0.010653820300767511,1.1254448530231247,0.9962122917175293,0.866979730411934,3.789561257387201e-14,8.664673916630111e-14,NICK
1999-01-08,1.098484992980957,1.098484992980957,1.098484992980957,1.098484992980957,0.9964677691459656,3300,0.9772729873657227,0.981060791015625,0.9981062412261963,0.9492424774169922,0.8534091854095459,0.9078598690032958,63.72519940183404,0.008328878656890915,0.008220492513916485,0.00010838614297442942,1.132081379971385,0.9981062412261963,0.8641311024810077,33.33333333333337,11.111111111111198,NICK
1999-01-11,1.098484992980957,1.098484992980957,1.098484992980957,1.098484992980957,0.9964677691459656,0,1.0075759887695312,0.9962122917175293,1.0000001907348632,0.9549242973327636,0.8564394855499268,0.9075757789611817,63.72519940183403,0.016687120265811206,0.00991381806429543,0.006773302201515776,1.1384520753159295,1.0000001907348632,0.8615483061537969,66.6666666666667,33.33333333333342,NICK
1999-01-12,1.0227270126342773,1.0227270126342773,1.0227270126342773,1.0227270126342773,0.927745521068573,330,1.0227273941040038,0.9886364936828613,0.9962122917175293,0.9590909576416016,0.8587122058868408,0.9070075941085816,53.83792591357187,0.017002061894537013,0.011331466830343747,0.005670595064193266,1.127646617752341,0.9962122917175293,0.8647779656827177,83.33322842905852,61.11107614301958,NICK
1999-01-13,1.0606060028076172,1.0606060028076172,1.0606060028076172,1.0606060028076172,0.9621065855026245,39270,1.0454545974731446,0.9962122917175293,0.9943183422088623,0.9640151977539062,0.8607955360412598,0.9066288042068481,57.39717536121272,0.020076741168539747,0.013080521697982947,0.0069962194705568,1.1208015537513734,0.9943183422088623,0.8678351306663512,74.99984264358777,74.99991257977105,NICK
1999-01-14,1.0606060028076172,1.0606060028076172,1.0606060028076172,1.0606060028076172,0.9621065855026245,0,1.0681818008422852,1.0075758934020995,0.9924243927001953,0.968939437866211,0.8628788661956787,0.9067234992980957,57.39717536121272,0.02225688315052432,0.014915793988491221,0.007341089162033099,1.1136363029485614,0.9924243927001953,0.8712124824518293,66.666456858117,74.99984264358783,NICK
1999-01-15,1.0606060028076172,1.0606060028076172,1.0606060028076172,1.0606060028076172,0.9621065855026245,0,1.0606060028076172,1.01893949508667,0.9924243927001953,0.9719697380065918,0.8649621963500976,0.9068181943893433,57.39717536121272,0.023711331903925048,0.016674901571577985,0.007036430332347063,1.1136363029485614,0.9924243927001953,0.8712124824518293,74.99984264358777,72.22204738176424,NICK
1999-01-19,1.0606060028076172,1.0606060028076172,1.0606060028076172,1.0606060028076172,0.9621065855026245,0,1.0530302047729492,1.0303030967712403,0.9981061935424804,0.9750000381469727,0.8670455265045166,0.9069128894805908,57.39717536121272,0.024580642671929276,0.018256049791648243,0.0063245928802810325,1.1209057111139868,0.9981061935424804,0.8753066759709739,74.99984264358777,72.22204738176424,NICK
1999-01-20,1.0227270126342773,1.0227270126342773,1.0227270126342773,1.0227270126342773,0.927745521068573,6600,1.0530302047729492,1.0378787994384766,1.0018940448760987,0.9772727584838867,0.869697036743164,0.9067234945297241,52.00395438694563,0.021959919497171354,0.018996823732752865,0.0029630957644184892,1.1228096553087366,1.0018940448760987,0.8809784344434607,66.666456858117,72.22204738176424,NICK
1999-01-21,1.0227270126342773,1.0227270126342773,0.9090909957885742,0.9090909957885742,0.8246629238128662,11880,1.0227272033691406,1.0340909004211425,1.0000000953674317,0.9772727584838867,0.8712121868133544,0.9059659194946289,39.893463853798494,0.010591409460912526,0.0173157408783848,-0.006724331417472272,1.125401002069889,1.0000000953674317,0.8745991886649744,41.66650931025443,61.11093627065313,NICK
1999-01-22,0.9090909957885742,0.9090909957885742,0.9090909957885742,0.9090909957885742,0.8246629238128662,660,0.992424201965332,1.0303030014038086,0.9981061458587647,0.9772727584838867,0.8723485469818115,0.9055871343612671,39.8934638537985,0.0015637573303860508,0.014165344168785048,-0.012601586838398997,1.1277267213835174,0.9981061458587647,0.868485570334012,16.666561762391854,41.66650931025449,NICK
1999-01-25,0.9090909957885742,0.9090909957885742,0.9090909957885742,0.9090909957885742,0.8246629238128662,22110,0.9621212005615234,1.0113636016845704,0.9962121963500976,0.9772727584838867,0.873863697052002,0.9052083492279053,39.8934638537985,-0.0055270100918826115,0.010226873316651515,-0.015753883408534126,1.1298119846695702,0.9962121963500976,0.8626124080306249,3.789561257387201e-14,19.4443570242155,NICK
1999-01-26,1.0227270126342773,1.0227270126342773,0.9090909957885742,0.9659090042114258,0.8762043118476868,25410,0.9431818008422852,0.9981060028076172,0.9971591472625733,0.9784091186523437,0.8755682373046875,0.9051136541366577,47.52484508562132,-0.0064869780830977275,0.006884103036701667,-0.013371081119799394,1.1296129664180086,0.9971591472625733,0.864705328107138,9.999966430674345,8.888842731022136,NICK
1999-01-27,1.0227270126342773,1.0227270126342773,1.0227270126342773,1.0227270126342773,0.927745521068573,9900,0.9431818008422852,0.9981060028076172,0.9933712482452393,0.9806818389892578,0.878219747543335,0.9053030490875245,53.83677634870684,-0.0026326733805676072,0.004980747753247812,-0.007613421133815419,1.1181269264279283,0.9933712482452393,0.8686155700625502,29.99989929202296,13.333288574232505,NICK
1999-01-28,1.2121210098266602,1.2121210098266602,1.2121210098266602,1.2121210098266602,1.0995503664016724,9240,1.0037878036499024,1.0132575035095215,1.0047348976135253,0.9890151596069336,0.8827651977539063,0.9062500190734863,67.75840256346758,0.015525436044232288,0.007089685411444707,0.008435750632787582,1.1615890071988146,1.0047348976135253,0.8478807880282359,63.33323262535629,34.444366116017925,NICK
1999-01-29,1.2121210098266602,1.2121210098266602,1.2121210098266602,1.2121210098266602,1.0995503664016724,0,1.0643938064575196,1.0284090042114258,1.0179924488067627,0.9958333396911621,0.8869318580627441,0.9070075941085816,67.75840256346758,0.029574947006178354,0.011586737730391438,0.017988209275786916,1.196414992066802,1.0179924488067627,0.8395699055467234,86.66659952801531,59.999910481798246,NICK
1999-02-01,1.2121210098266602,1.2121210098266602,1.1363639831542969,1.2121210098266602,1.0995503664016724,40260,1.1249998092651368,1.04356050491333,1.03125,1.0026515197753907,0.8914773082733154,0.9081439590454101,67.75840256346758,0.04024536218142161,0.017318462620597472,0.022926899560824134,1.2253115749803036,1.03125,0.8371884250196964,100.00000000000004,83.33327738445728,NICK
1999-02-02,1.1363639831542969,1.1363639831542969,1.1363639831542969,1.1363639831542969,1.0308289527893066,1320,1.159090805053711,1.051136302947998,1.040719699859619,1.0079545593261718,0.895265188217163,0.9085227489471436,58.886436436944244,0.042103441889797866,0.02227545847443755,0.019827983415360316,1.2358872170333837,1.040719699859619,0.8455521826858545,91.66671911880412,92.77777288227321,NICK
1999-02-03,1.1363639831542969,1.1363639831542969,1.1363639831542969,1.1363639831542969,1.0308289527893066,0,1.1818181991577148,1.0625,1.0501893997192382,1.0125000190734863,0.8990530681610107,0.9092803287506104,58.88643643694426,0.04307939104149083,0.026436244987848207,0.016643146053642626,1.2446204232526688,1.0501893997192382,0.8557583761858075,83.33343823760822,91.66671911880418,NICK
1999-02-04,1.1363639831542969,1.1363639831542969,1.1363639831542969,1.1363639831542969,1.0308289527893066,0,1.1666667938232422,1.0852272987365723,1.0596590995788575,1.0170454788208008,0.9039773178100586,0.9100379085540772,58.88643643694426,0.04335309033650425,0.029819614057579415,0.013533476278924837,1.251489973896032,1.0596590995788575,0.8678282252616831,75.00015735641232,83.33343823760828,NICK
1999-02-05,1.2121210098266602,1.2878789901733398,1.2121210098266602,1.2878789901733398,1.1682724952697754,94710,1.181818389892578,1.123106098175049,1.0767045497894288,1.0261363983154297,0.9104167175292969,0.9115530633926392,69.01934442628988,0.055160142021164704,0.034887719650296474,0.02027242237086823,1.2853046247577866,1.0767045497894288,0.8681044748210708,83.33343823760822,80.55567794387632,NICK
1999-02-08,1.3636360168457031,1.3636360168457031,1.2121210098266602,1.2121210098266602,1.0995503664016724,3300,1.181818389892578,1.1534090995788575,1.082386350631714,1.0321969985961914,0.9160985374450683,0.9126894283294678,60.93288946437257,0.05773870383167745,0.03945791648657267,0.018280787345104785,1.2990831568431516,1.082386350631714,0.8656895444202763,80.55560800769302,79.62973453390458,NICK
1999-02-09,1.2121210098266602,1.2121210098266602,1.2121210098266602,1.2121210098266602,1.0995503664016724,0,1.1969697952270508,1.178030300140381,1.088068151473999,1.0375000190734864,0.921022777557373,0.9140151834487915,60.932889464372565,0.05910095363955281,0.0433865239171687,0.015714429722384113,1.3119939371289364,1.088068151473999,0.8641423658190615,77.77777777777783,80.55560800769308,NICK
1999-02-10,1.2121210098266602,1.2121210098266602,1.2121210098266602,1.2121210098266602,1.0995503664016724,0,1.2121212005615234,1.196969699859619,1.0975378513336183,1.0428030395507812,0.9259470176696777,0.9153409385681153,60.932889464372565,0.05949472823387625,0.046608164780510206,0.012886563453366043,1.3255904462927064,1.0975378513336183,0.86948525637453,66.66666666666673,75.00001748404593,NICK
1999-02-11,1.2121210098266602,1.2121210098266602,1.2121210098266602,1.2121210098266602,1.0995503664016724,330,1.2272726058959962,1.196969699859619,1.1051136016845704,1.0473484992980957,0.9308712577819824,0.9166666936874389,60.93288946437257,0.05912523849172091,0.049111579522752344,0.010013658968968567,1.337775342950712,1.1051136016845704,0.8724518604184289,66.66666666666673,70.3703703703705,NICK
1999-02-12,1.2878789901733398,1.3257579803466797,1.2878789901733398,1.3257579803466797,1.2026336193084717,9900,1.234848403930664,1.208333396911621,1.1183712005615234,1.0541666984558105,0.9373106575012207,0.9185606336593628,68.40211187828955,0.06722701781223628,0.052734667180649133,0.014492350631587145,1.3689086892384559,1.1183712005615234,0.8678337118845908,75.00005245213748,69.44446192849038,NICK
1999-02-16,1.3257579803466797,1.3257579803466797,1.3257579803466797,1.3257579803466797,1.2026336193084717,0,1.257575798034668,1.2196970939636231,1.1316287994384766,1.0594697380065918,0.943750057220459,0.9204545736312866,68.40211187828955,0.072808445851817,0.056749422914882705,0.0160590229369343,1.3962048172334318,1.1316287994384766,0.8670527816435214,82.4075323859064,74.69141716823692,NICK
1999-02-17,1.3257579803466797,1.3257579803466797,1.3257579803466797,1.3257579803466797,1.2026336193084717,990,1.2803031921386718,1.2386364936828613,1.1448863983154296,1.0662879371643066,0.9501894569396973,0.9223485136032105,68.40211187828955,0.07635163367938791,0.06066986506778375,0.015681768611604162,1.4202512358093868,1.1448863983154296,0.8695215608214724,87.96318118990193,81.79025534264866,NICK
1999-02-18,1.3257579803466797,1.3257579803466797,1.3257579803466797,1.3257579803466797,1.2026336193084717,0,1.3030305862426759,1.2575758934020995,1.1600379467010498,1.0731061363220216,0.9566288566589356,0.9242424535751342,68.40211187828955,0.07825753145108139,0.06418739834444327,0.014070133106638114,1.4401554912951784,1.1600379467010498,0.8799204021069211,85.18544420842667,85.18538592807839,NICK
1999-02-19,1.2121210098266602,1.2121210098266602,1.2121210098266602,1.2121210098266602,1.0995503664016724,330,1.3030305862426759,1.265151596069336,1.175189447402954,1.077651596069336,0.9619318866729736,0.925568208694458,54.410043801646665,0.06979387500336309,0.06530869367622724,0.004485181327135851,1.4311097896069689,1.175189447402954,0.9192691051989392,66.66680653932666,79.93847731255181,NICK
1999-02-22,1.2121210098266602,1.2121210098266602,1.2121210098266602,1.2121210098266602,1.0995503664016724,17160,1.2803031921386718,1.257575798034668,1.1903409481048584,1.0806818962097169,0.9672349166870117,0.9259469938278199,54.410043801646665,0.062367433342007006,0.0647204416093832,-0.0023530082673761943,1.4154810390039205,1.1903409481048584,0.9652008572057963,50.000000000000064,67.28408358258451,NICK
1999-02-23,1.2121210098266602,1.2121210098266602,1.2121210098266602,1.2121210098266602,1.0995503664016724,0,1.257575798034668,1.257575798034668,1.2054924488067627,1.0837121963500977,0.9725379467010498,0.9265151739120483,54.41004380164668,0.055838256161833355,0.06294400451987323,-0.007105748358039871,1.3900035750785877,1.2054924488067627,1.0209813225349376,33.33319346067347,50.000000000000114,NICK
1999-02-24,1.2121210098266602,1.2121210098266602,1.2121210098266602,1.2121210098266602,1.0995503664016724,0,1.234848403930664,1.257575798034668,1.2178030490875245,1.0867424964904786,0.9778409767150879,0.9270833539962768,54.41004380164668,0.05008647055159088,0.06037249772621676,-0.01028602717462588,1.3660153777933761,1.2178030490875245,1.0695907203816728,33.33319346067347,38.888795640449054,NICK
1999-02-25,1.2121210098266602,1.2121210098266602,1.2121210098266602,1.2121210098266602,1.0995503664016724,0,1.2121210098266602,1.257575798034668,1.2272727489471436,1.0890152168273926,0.9831440067291259,0.9274621391296387,54.410043801646665,0.04500929982502955,0.057299858145979314,-0.012290558320949767,1.3456100576585457,1.2272727489471436,1.1089354402357414,22.222128973782333,29.629505298376472,NICK
1999-02-26,1.2878789901733398,1.2878789901733398,1.2121210098266602,1.2310609817504883,1.1167312860488892,21780,1.2159090042114258,1.2594697952270508,1.228219747543335,1.0916667366027832,0.9886364364624023,0.928314414024353,56.55555013842949,0.04202941396965265,0.05424576931071398,-0.01221635534106133,1.34635986143177,1.228219747543335,1.1100796336549,15.277862283901426,23.61106157278579,NICK
1999-03-01,1.2310609817504883,1.2310609817504883,1.2310609817504883,1.2310609817504883,1.1167312860488892,0,1.2196969985961914,1.2500000953674317,1.2291667461395264,1.094318256378174,0.993371286392212,0.9291666889190674,56.55555013842948,0.03921577788387709,0.0512397710253466,-0.012023993141469513,1.3470789165688657,1.2291667461395264,1.111254575710187,9.722493224051924,15.740828160578609,NICK
1999-03-02,1.2121210098266602,1.2121210098266602,1.2121210098266602,1.2121210098266602,1.0995503664016724,3630,1.2196969985961914,1.2386363983154296,1.2291667461395264,1.0973485565185548,0.9979167366027832,0.9299242639541626,53.62852887730769,0.03505357774430151,0.04800253236913758,-0.01294895462483607,1.3470789165688657,1.2291667461395264,1.111254575710187,9.722493224051924,11.574282910668472,NICK
1999-03-03,1.2121210098266602,1.2121210098266602,1.2121210098266602,1.2121210098266602,1.0995503664016724,3300,1.2196969985961914,1.2272727012634277,1.2329545974731446,1.1026515769958496,1.0024621868133545,0.9306818389892578,53.62852887730769,0.03139312375751957,0.04468065064681398,-0.01328752688929441,1.3433245640682518,1.2329545974731446,1.1225846308780374,5.555695427041695,8.33356062504856,NICK
1999-03-04,1.2121210098266602,1.2689390182495117,1.2121210098266602,1.2689390182495117,1.1510915756225586,3960,1.2310606002807618,1.221590805053711,1.2395833492279054,1.1090909576416015,1.0071970272064208,0.9317235040664673,60.70427157907798,0.032699981006649725,0.042284516718781126,-0.0095845357121314,1.3415578287790368,1.2395833492279054,1.1376088696767739,16.66652679518065,10.64823848209147,NICK
1999-03-05,1.2689390182495117,1.2878789901733398,1.2689390182495117,1.2878789901733398,1.1682724952697754,11550,1.242424201965332,1.229166603088379,1.2471590995788575,1.1159091377258301,1.0121212673187256,0.9328598690032959,62.74499340843305,0.03486210360879061,0.040800034096783025,-0.005937930487992418,1.3393809667609031,1.2471590995788575,1.154937232396812,38.88874901740288,20.37032374654179,NICK
1999-03-08,1.2878789901733398,1.2878789901733398,1.2878789901733398,1.2878789901733398,1.1682724952697754,14850,1.2537878036499024,1.2367424011230468,1.2471590995788575,1.1227273178100585,1.0170455074310303,0.9339962339401245,62.74499340843305,0.036158785378458846,0.03987178435311819,-0.0037129989746593414,1.3393809667609031,1.2471590995788575,1.154937232396812,61.11097123962511,38.88874901740292,NICK
1999-03-09,1.2878789901733398,1.2878789901733398,1.2878789901733398,1.2878789901733398,1.1682724952697754,0,1.2689393997192382,1.2443181991577148,1.2509469985961914,1.1295454978942872,1.021969747543335,0.9351325988769531,62.74499340843305,0.036762638213629684,0.03924995512522049,-0.002487316911590806,1.3433243141124493,1.2509469985961914,1.1585696830799335,66.66666666666674,55.55546230789829,NICK
1999-03-10,1.2310609817504883,1.2310609817504883,1.2310609817504883,1.2310609817504883,1.1167312860488892,21780,1.2727273941040038,1.2462121963500976,1.2518939971923828,1.1352273178100587,1.0263258075714112,0.9359848737716675,52.524711638956056,0.032284304142340625,0.03785682492864452,-0.0055725207863038945,1.343039926608,1.2518939971923828,1.1607480677767656,52.77798758500697,60.185208497099644,NICK
1999-03-11,1.2310609817504883,1.2310609817504883,1.2310609817504883,1.2310609817504883,1.1167312860488892,0,1.2651517868041993,1.2481061935424804,1.2528409957885742,1.1378788375854492,1.0306818675994873,0.9368371486663818,52.524711638956056,0.02840772554925275,0.03596700505276616,-0.007559279503513414,1.3426987613147299,1.2528409957885742,1.1629832302624186,38.889308503347195,52.777987585007004,NICK
1999-03-12,1.2310609817504883,1.2310609817504883,1.2310609817504883,1.2310609817504883,1.1167312860488892,0,1.2537881851196289,1.2481061935424804,1.2537879943847656,1.1428030967712401,1.0350379276275634,0.9376894235610962,52.524711638956056,0.025046785334733812,0.033782961109159695,-0.008736175774425883,1.3422983392656944,1.2537879943847656,1.1652776495038368,25.00062942168742,38.88930850334723,NICK
1999-03-15,1.2310609817504883,1.2310609817504883,1.2310609817504883,1.2310609817504883,1.1167312860488892,0,1.2424245834350587,1.2481061935424804,1.249053144454956,1.1484849166870117,1.0393939876556397,0.9385416984558106,52.524711638956056,0.022128136615840344,0.031451996210495825,-0.009323859594655481,1.331586613910044,1.249053144454956,1.1665196749998679,25.00062942168742,29.63018911557405,NICK
1999-03-16,1.2310609817504883,1.2310609817504883,1.2310609817504883,1.2310609817504883,1.1167312860488892,0,1.2310609817504883,1.2500001907348632,1.2443182945251465,1.1541667366027832,1.0437500476837158,0.9393939733505249,52.524711638956056,0.019589273527067963,0.029079451673810253,-0.00949017814674229,1.31921899932012,1.2443182945251465,1.169417589730173,25.00062942168742,25.00062942168746,NICK
1999-03-17,1.2310609817504883,1.2310609817504883,1.2310609817504883,1.2310609817504883,1.1167312860488892,0,1.2310609817504883,1.251894187927246,1.2395834445953369,1.1598485565185548,1.0477273273468017,0.9402462482452393,52.524711638956056,0.01737689619510019,0.026738940578068242,-0.009362044382968053,1.3046150303549608,1.2395834445953369,1.174551858835713,25.00062942168742,25.00062942168746,NICK
1999-03-18,1.2878789901733398,1.2878789901733398,1.2878789901733398,1.2878789901733398,1.1682724952697754,3300,1.2424245834350587,1.2537881851196289,1.23768949508667,1.1666667366027832,1.0524621772766114,0.9419507932662964,62.143711601513566,0.01997801552492451,0.025386755567439495,-0.005408740042514987,1.2942230319439147,1.23768949508667,1.181155958229425,50.0004196144583,33.33389281927776,NICK
1999-03-19,1.2878789901733398,1.2878789901733398,1.2878789901733398,1.2878789901733398,1.1682724952697754,0,1.2537881851196289,1.2537881851196289,1.2414773941040038,1.1734849166870118,1.0571970272064208,0.9434659481048584,62.143711601513566,0.0217882598371808,0.024667056421387758,-0.0028787965842069566,1.3007369559437674,1.2414773941040038,1.1822178322642403,75.00020980722918,50.00041961445834,NICK
1999-03-22,1.2878789901733398,1.2878789901733398,1.2878789901733398,1.2878789901733398,1.1682724952697754,0,1.2651517868041993,1.2537881851196289,1.245265293121338,1.1803030967712402,1.0619318771362305,0.9449811029434204,62.143711601513566,0.022958243160604574,0.02432529376923112,-0.0013670506086265466,1.3061961155149855,1.245265293121338,1.1843344707276904,100.00000000000007,75.00020980722923,NICK
1999-03-23,1.2121210098266602,1.2121210098266602,1.2121210098266602,1.2121210098266602,1.0995503664016724,9900,1.2613637924194336,1.2462123870849608,1.245265293121338,1.1825758171081544,1.0659091472625732,0.946117467880249,46.46569336350407,0.017569892709299983,0.022974213557244893,-0.005404320847944909,1.3061961155149855,1.245265293121338,1.1843344707276904,66.66666666666674,80.5556254912987,NICK
1999-03-24,1.2121210098266602,1.2310609817504883,1.2121210098266602,1.2310609817504883,1.1167312860488892,19800,1.2613637924194336,1.2462123870849608,1.2462122917175293,1.1852273368835449,1.0700758171081544,0.9475379228591919,49.87072408432425,0.014658904871468703,0.021311151820089656,-0.006652246948620953,1.30562291098279,1.2462122917175293,1.1868016724522688,41.66687647389586,69.44451438018758,NICK
1999-03-25,1.2121210098266602,1.2310609817504883,1.2121210098266602,1.2310609817504883,1.1167312860488892,57420,1.2500001907348632,1.2462123870849608,1.2471592903137207,1.1893940162658692,1.0742424869537353,0.9491477727890014,49.87072408432426,0.012211163347567,0.019491154125585126,-0.007279990778018126,1.3049477302880594,1.2471592903137207,1.189370850339382,16.667086281124977,41.66687647389589,NICK
1999-03-26,1.2310609817504883,1.2310609817504883,1.2310609817504883,1.2310609817504883,1.1167312860488892,0,1.238636589050293,1.2462123870849608,1.2471592903137207,1.1928031158447265,1.0784091567993164,0.950757622718811,49.870724084324266,0.01015425858271457,0.017623775017011015,-0.007469516434296445,1.3049477302880594,1.2471592903137207,1.189370850339382,25.000629421687425,27.77819739223612,NICK
1999-03-29,1.2310609817504883,1.2310609817504883,1.2121210098266602,1.2121210098266602,1.0995503664016724,10230,1.223484992980957,1.244318389892578,1.2462122917175293,1.1958334159851074,1.0823864269256591,0.9518939876556396,46.20052350732537,0.006916124512821531,0.01548224491617312,-0.008566120403351588,1.30562291098279,1.2462122917175293,1.1868016724522688,16.667086281124977,19.444933994645822,NICK
1999-03-30,1.25,1.25,1.25,1.25,1.1339116096496582,3300,1.231060791015625,1.2462122917175293,1.2481062412261963,1.1996212959289552,1.0857955169677735,0.9532197475433349,53.56136280900176,0.00732199447744164,0.013850194828426823,-0.006528200350985183,1.3054272648486913,1.2481062412261963,1.1907852176037013,25.000209807229194,22.222641836680562,NICK
1999-03-31,1.25,1.25,1.25,1.25,1.1339116096496582,0,1.2348485946655274,1.2481061935424804,1.2500001907348632,1.2034091758728027,1.0892046070098877,0.9545455074310303,53.56136280900176,0.0075565422334551435,0.012591464309432487,-0.005034922075977343,1.3048917334245045,1.2500001907348632,1.195108648045222,33.33333333333341,25.000209807229226,NICK
1999-04-01,1.25,1.25,1.25,1.25,1.1339116096496582,0,1.2386363983154296,1.2443182945251465,1.2490532398223877,1.2079546356201172,1.092613697052002,0.9562500524520874,53.56136280900174,0.007654190278953532,0.011604009503336695,-0.003949819224383163,1.3032543353575101,1.2490532398223877,1.1948521442872653,50.00000000000008,36.111181046854256,NICK
1999-04-05,1.25,1.25,1.25,1.25,1.1339116096496582,0,1.242424201965332,1.2405303955078124,1.2471592903137207,1.2147728157043458,1.0960227870941162,0.9581439924240113,53.56136280900174,0.007643467918258873,0.010811901186321131,-0.003168433268062258,1.2983657554440633,1.2471592903137207,1.1959528251833782,50.00000000000008,44.44444444444455,NICK
1999-04-06,1.1553030014038086,1.2121210098266602,1.1553030014038086,1.2121210098266602,1.0995503664016724,8250,1.242424201965332,1.2329545974731446,1.2433713912963866,1.2208334159851075,1.099053087234497,0.9598485374450684,45.2365011202636,0.004526276335018009,0.009554776216060507,-0.005028499881042498,1.2931572003573086,1.2433713912963866,1.1935855822354646,47.618979110318314,49.20632637010619,NICK
1999-04-07,1.2121210098266602,1.2121210098266602,1.2121210098266602,1.2121210098266602,1.0995503664016724,0,1.234848403930664,1.2329545974731446,1.2395834922790527,1.2268940162658692,1.1020833873748779,0.9611742925643921,45.2365011202636,0.002032450720398815,0.00805031111692817,-0.006017860396529354,1.2867042527231536,1.2395834922790527,1.1924627318349519,45.23795822063655,47.61897911031835,NICK
1999-04-08,1.2121210098266602,1.2121210098266602,1.2121210098266602,1.2121210098266602,1.0995503664016724,0,1.2272726058959962,1.2310606002807618,1.2386364936828613,1.2318182563781739,1.1051136875152587,0.9625000476837158,45.2365011202636,5.54369115617348e-05,0.0064513362758548826,-0.006395899364293148,1.2871451505475209,1.2386364936828613,1.1901278368182018,42.856937330954786,45.237958220636585,NICK
1999-04-09,1.2121210098266602,1.2121210098266602,1.2121210098266602,1.2121210098266602,1.0995503664016724,0,1.2196968078613282,1.229166603088379,1.23768949508667,1.2356061363220214,1.1081439876556396,0.9636364126205444,45.2365011202636,-0.0014941372909353934,0.0048622415624968275,-0.006356378853432221,1.2874754274980118,1.23768949508667,1.187903562675328,42.856937330954786,43.650610960848745,NICK
1999-04-12,1.1553030014038086,1.2310609817504883,1.1553030014038086,1.2310609817504883,1.1167312860488892,21450,1.2159090042114258,1.229166603088379,1.23768949508667,1.235984935760498,1.112500047683716,0.9648674774169922,50.419228451404194,-0.0011802829965075201,0.003653736650695958,-0.0048340196472034785,1.2874754274980118,1.23768949508667,1.187903562675328,55.23809249793933,46.983989053283004,NICK
1999-04-13,1.2121210098266602,1.2121210098266602,1.2121210098266602,1.2121210098266602,1.0995503664016724,13200,1.2159090042114258,1.229166603088379,1.2367424964904785,1.235984935760498,1.1159091377258301,0.9660038423538208,45.75587122010577,-0.002431816189993219,0.0024366260825581226,-0.0048684422725513415,1.2877034020023572,1.2367424964904785,1.1857815909785998,60.95237958230303,53.015803137065745,NICK
1999-04-14,1.098484992980957,1.25,1.098484992980957,1.25,1.1339116096496582,2310,1.2234848022460938,1.229166603088379,1.237689447402954,1.2367425155639649,1.1196970176696777,0.9673296022415161,54.76669602520757,-0.0003629633084978323,0.0018767082043469317,-0.002239671512844764,1.2888961206436704,1.237689447402954,1.1864827741622377,80.00006713865146,65.39684640629797,NICK
1999-04-15,1.25,1.25,1.25,1.25,1.1339116096496582,0,1.2310606002807618,1.229166603088379,1.2386363983154296,1.2390152359008788,1.1234848976135254,0.9686553621292114,54.76669602520757,0.0012620691577280851,0.0017537803950231623,-0.0004917112372950772,1.2900179042288054,1.2386363983154296,1.1872548924020538,86.66659952801535,75.8730154163233,NICK
1999-04-16,1.25,1.25,1.25,1.25,1.1339116096496582,0,1.2386363983154296,1.229166603088379,1.2367424488067627,1.241287956237793,1.1268939876556396,0.9699811220169068,54.766696025207565,0.0025208601878738968,0.0019071963535933093,0.0006136638342805875,1.2832888846427406,1.2367424488067627,1.1901960129707847,100.00000000000007,88.88888888888899,NICK
1999-04-19,1.25,1.25,1.25,1.25,1.1339116096496582,0,1.242424201965332,1.229166603088379,1.2348484992980957,1.243560676574707,1.1303030776977538,0.971306881904602,54.76669602520757,0.0034783647250209437,0.0022214300278788363,0.0012569346971421074,1.2756453848435458,1.2348484992980957,1.1940516137526456,100.00000000000007,95.5555331760052,NICK
1999-04-20,1.25,1.25,1.25,1.25,1.1339116096496582,0,1.25,1.232954502105713,1.2329545497894288,1.2428030967712402,1.134469747543335,0.9726326417922974,54.766696025207565,0.004188906858398012,0.0026149253939826713,0.0015739814644153403,1.2666221112314553,1.2329545497894288,1.1992869883474022,100.00000000000007,100.0000000000001,NICK
1999-04-21,1.25,1.25,1.25,1.25,1.1339116096496582,0,1.25,1.2367424011230468,1.2348484992980957,1.243560676574707,1.1378788375854492,0.9739584016799927,54.766696025207565,0.004697862582743184,0.003031512831734774,0.00166634975100841,1.2678705935924832,1.2348484992980957,1.2018264050037082,100.00000000000007,100.0000000000001,NICK
1999-04-22,1.2878789901733398,1.2878789901733398,1.2878789901733398,1.2878789901733398,1.1682724952697754,990,1.257575798034668,1.2443181991577148,1.2376893997192382,1.2450758361816405,1.1412879276275634,0.9754735565185547,64.07578522895135,0.00806476599789252,0.004038163464966323,0.004026602532926197,1.2779107048377476,1.2376893997192382,1.1974680946007288,100.00000000000007,100.0000000000001,NICK
1999-04-23,1.2878789901733398,1.2878789901733398,1.2878789901733398,1.2878789901733398,1.1682724952697754,0,1.265151596069336,1.2518939971923828,1.240530300140381,1.2465909957885741,1.1446970176696778,0.9771781015396118,64.07578522895133,0.01061074712374599,0.005352680196722257,0.0052580669270237326,1.2861426048142284,1.240530300140381,1.1949179954665334,100.00000000000007,100.0000000000001,NICK
1999-04-26,1.2878789901733398,1.2878789901733398,1.25,1.25,1.1339116096496582,17160,1.265151596069336,1.253787899017334,1.2414772510528564,1.247348575592041,1.1473485374450683,0.9788826465606689,51.72903587720044,0.00946285566010241,0.006174715289398287,0.003288140370704122,1.2870502355773519,1.2414772510528564,1.195904266528361,93.33329976400772,97.77776658800265,NICK
1999-04-27,1.2878789901733398,1.2878789901733398,1.2878789901733398,1.2878789901733398,1.1682724952697754,1650,1.2727273941040038,1.261363697052002,1.2452651500701903,1.2465909957885741,1.1503788471221923,0.9809659814834595,60.02444610906898,0.011477357511131325,0.007235243733744895,0.00424211377738643,1.2929911461467922,1.2452651500701903,1.1975391539935885,93.33329976400772,95.55553317600521,NICK
1999-04-28,1.2878789901733398,1.3636360168457031,1.25,1.3636360168457031,1.2369940280914307,48180,1.2954545974731446,1.2727272987365723,1.2509469509124755,1.2473485565185547,1.1534091472625732,0.9834281015396118,70.82365591856671,0.018968170405190055,0.009581829068033927,0.009386341337156127,1.3212782235991223,1.2509469509124755,1.1806156782258288,93.33329976400772,93.33329976400778,NICK
1999-04-29,1.3636360168457031,1.3636360168457031,1.3636360168457031,1.3636360168457031,1.2369940280914307,1320,1.3106060028076172,1.2840909004211425,1.2566287517547607,1.2481061172485353,1.157197027206421,0.9857008266448974,70.8236559185667,0.024620879420134134,0.012589639138453968,0.012031240281680166,1.3424013712055634,1.2566287517547607,1.1708561323039581,100.00000000000007,95.55553317600521,NICK
1999-04-30,1.3636360168457031,1.3636360168457031,1.3636360168457031,1.3636360168457031,1.2369940280914307,330,1.3257574081420898,1.295454502105713,1.262310552597046,1.2488636779785156,1.1609849071502685,0.9879735517501831,70.8236559185667,0.02876906022192638,0.01582552335514845,0.01294353686677793,1.359825339633116,1.262310552597046,1.164795765560976,100.00000000000007,97.77776658800265,NICK
1999-05-03,1.3636360168457031,1.3636360168457031,1.2121210098266602,1.3636360168457031,1.2369940280914307,8910,1.3484846115112306,1.3068181037902833,1.2679923534393311,1.2518939781188965,1.1647727870941162,0.9904356718063354,70.8236559185667,0.03169120688746818,0.018998660061612396,0.012692546825855786,1.3747774752842552,1.2679923534393311,1.161207231594407,100.00000000000007,100.0000000000001,NICK
1999-05-04,1.3257579803466797,1.3778409957885742,1.3257579803466797,1.3778409957885742,1.2498798370361328,89430,1.3664770126342773,1.3196022033691406,1.2762783527374268,1.2552083778381347,1.1679451370239258,0.9931582117080688,72.68471287875667,0.034752645394233284,0.022149457128136575,0.012603188266096708,1.3899333330407142,1.2762783527374268,1.1626233724341395,100.00000000000007,100.0000000000001,NICK
1999-05-05,1.3778409957885742,1.3778409957885742,1.3778409957885742,1.3778409957885742,1.2498798370361328,0,1.3693180084228516,1.332386302947998,1.2845643520355225,1.258522777557373,1.1711174869537353,0.9959754467010498,72.68471287875667,0.03675516678392987,0.025070599059295234,0.011684567724634637,1.4023887322507465,1.2845643520355225,1.1667399718202986,100.00000000000007,100.0000000000001,NICK
1999-05-06,1.3778409957885742,1.3778409957885742,1.3778409957885742,1.3778409957885742,1.2498798370361328,0,1.3721590042114258,1.3413825035095215,1.2928503513336183,1.2618371772766113,1.1742898368835448,0.9985085916519165,72.68471287875668,0.03790523149911729,0.027637525547259643,0.010267705951857643,1.4124264874290677,1.2928503513336183,1.1732742152381688,100.00000000000007,100.0000000000001,NICK
1999-05-07,1.3778409957885742,1.3778409957885742,1.3778409957885742,1.3778409957885742,1.2498798370361328,0,1.375,1.3503787040710449,1.301136350631714,1.2651515769958497,1.177083396911621,1.000947036743164,72.68471287875667,0.03837431090276411,0.029784882618360535,0.008589428284403573,1.420153398986098,1.301136350631714,1.18211930227733,100.00000000000007,100.0000000000001,NICK
1999-05-10,1.2878789901733398,1.2878789901733398,1.2878789901733398,1.2878789901733398,1.1682724952697754,990,1.3598485946655274,1.354166603088379,1.3039772510528564,1.2662879371643065,1.178977336883545,1.0030303716659545,47.09517371301576,0.031128052883292012,0.03005351667134683,0.001074536211945181,1.4188067550780685,1.3039772510528564,1.1891477470276444,81.90481671174548,93.96827223724857,NICK
1999-05-11,1.3636360168457031,1.3636360168457031,1.3636360168457031,1.3636360168457031,1.2369940280914307,1980,1.3570075988769532,1.3617423057556153,1.3115530014038086,1.2689394378662109,1.1816288471221923,1.0058712768554687,59.898626599671175,0.03113934513382821,0.03027068236384311,0.0008686627699851027,1.4210087773039433,1.3115530014038086,1.202097225503674,79.04759164412737,86.98413611862433,NICK
1999-05-12,1.2878789901733398,1.2878789901733398,1.2878789901733398,1.2878789901733398,1.1682724952697754,2640,1.3390151977539062,1.354166603088379,1.3134469509124755,1.2704545974731445,1.1839015769958496,1.008333396911621,47.51501394218419,0.024750032431651414,0.02916655237740477,-0.004416519945753355,1.4198450527006208,1.3134469509124755,1.2070488491243303,60.952408355872784,73.96827223724857,NICK
1999-05-13,1.2878789901733398,1.2878789901733398,1.2878789901733398,1.2878789901733398,1.1682724952697754,14850,1.3210227966308594,1.3465909004211425,1.3153409004211425,1.271969757080078,1.1873106670379638,1.0106061267852784,47.51501394218419,0.019462109004798833,0.027225663702883582,-0.007763554698084749,1.4184517577175924,1.3153409004211425,1.2122300431246926,60.952408355872784,66.98413611862433,NICK
1999-05-14,1.2121210098266602,1.2121210098266602,1.1363639831542969,1.2121210098266602,1.0995503664016724,10230,1.2878787994384766,1.3314393997192382,1.3134469509124755,1.270833396911621,1.1899621772766114,1.0125000667572022,38.32548946897935,0.009053986987389573,0.02359132835978478,-0.014537341372395207,1.422508783020421,1.3134469509124755,1.20438511880453,40.93375189836192,54.27952287003586,NICK
1999-05-17,1.1363639831542969,1.1363639831542969,1.098484992980957,1.098484992980957,0.9964677691459656,3300,1.25,1.3049242973327637,1.3058712005615234,1.2670455169677735,1.1914773273468018,1.0138258266448974,29.202222540975285,-0.008268685304396284,0.017219325626948567,-0.02548801093134485,1.4476511032443586,1.3058712005615234,1.1640912978786881,25.695601853283176,42.52725403583933,NICK
1999-05-18,1.098484992980957,1.098484992980957,1.098484992980957,1.098484992980957,0.9964677691459656,0,1.1969697952270508,1.276988697052002,1.2982954502105712,1.2632576370239257,1.1929924774169922,1.0151515865325929,29.202222540975285,-0.021746349518138475,0.009426190597931157,-0.03117254011606963,1.4651770322971729,1.2982954502105712,1.1314138681239696,10.45745180820443,25.695601853283208,NICK
1999-05-19,1.098484992980957,1.098484992980957,1.098484992980957,1.098484992980957,0.9964677691459656,0,1.1590909957885742,1.2490530967712403,1.290719699859619,1.2594697570800781,1.1945076274871826,1.016477346420288,29.202222540975285,-0.03205795140049328,0.0011293621982462702,-0.03318731359873955,1.4781716887198617,1.290719699859619,1.1032677109993765,7.579122514774402e-14,12.051017887162594,NICK
1999-05-20,1.2121210098266602,1.2121210098266602,1.2121210098266602,1.2121210098266602,1.0995503664016724,3300,1.1439393997192382,1.232481098175049,1.2869318008422852,1.2590909576416016,1.1971591377258302,1.0183712863922119,45.427455046796425,-0.030706527583871823,-0.005237815758177349,-0.025468711825694476,1.4774962054420748,1.2869318008422852,1.0963673962424956,13.559283459531379,8.005578422578662,NICK
1999-05-21,1.2121210098266602,1.2121210098266602,1.2121210098266602,1.2121210098266602,1.0995503664016724,0,1.1439393997192382,1.2159090995788575,1.283143901824951,1.258712158203125,1.198295497894287,1.0202652263641356,45.427455046796425,-0.02929778781205883,-0.010049810168953646,-0.019247977643105183,1.4764740625385933,1.283143901824951,1.089813741111309,27.118566919062683,13.559283459531413,NICK
1999-05-24,1.1363639831542969,1.1363639831542969,1.1363639831542969,1.1363639831542969,1.0308289527893066,4290,1.1515151977539062,1.2007575988769532,1.277462100982666,1.256818218231201,1.1998106575012206,1.021969771385193,38.58962705921734,-0.03390349196684328,-0.014820546528531573,-0.019082945438311707,1.4807761065446832,1.277462100982666,1.074148095420649,31.638366003700668,24.105405460764942,NICK
1999-05-25,1.1363639831542969,1.1363639831542969,1.1363639831542969,1.1363639831542969,1.0308289527893066,0,1.1590909957885742,1.1780303955078124,1.269886350631714,1.2549242782592773,1.2017045974731446,1.0233902263641357,38.58962705921735,-0.03712558505715191,-0.019281554234255642,-0.01784403082289627,1.4821763653262625,1.269886350631714,1.0575963359371654,22.59888162880735,27.1186048505236,NICK
1999-05-26,1.1742420196533203,1.1742420196533203,1.1742420196533203,1.1742420196533203,1.065189242362976,24750,1.1742424011230468,1.1666666984558105,1.2604166507720946,1.253787899017334,1.2039773178100586,1.0250000715255738,43.51946319399665,-0.03620532362590878,-0.02266630811258627,-0.013539015513322511,1.4720297815175707,1.2604166507720946,1.0488035200266186,18.079082544169367,24.105443392225826,NICK
1999-05-27,1.1742420196533203,1.1742420196533203,1.1742420196533203,1.1742420196533203,1.065189242362976,0,1.166666603088379,1.1553030014038086,1.2509469509124755,1.2526515197753907,1.2062500381469727,1.026894006729126,43.51946319399666,-0.035071724799425885,-0.025147391449954194,-0.009924333349471692,1.4601735795842097,1.2509469509124755,1.0417203222407414,23.083041601609064,21.253668591528626,NICK
1999-05-28,1.1742420196533203,1.1742420196533203,1.1742420196533203,1.1742420196533203,1.065189242362976,0,1.159090805053711,1.1515151023864747,1.2414772510528564,1.2503787803649902,1.2085227584838867,1.0287879419326782,43.51946319399665,-0.03378389979520802,-0.026874693119004957,-0.00690920667620306,1.4465480814099028,1.2414772510528564,1.0364064206958101,28.08700065904876,23.083041601609096,NICK
1999-06-01,1.098484992980957,1.098484992980957,1.0606060028076172,1.0606060028076172,0.9621065855026245,1650,1.143939208984375,1.1477272033691406,1.2263257503509521,1.2458333206176757,1.2096591186523438,1.0298296070098878,33.456001847431125,-0.04145489978477768,-0.0297907344521595,-0.011664165332618177,1.4377355477719826,1.2263257503509521,1.0149159529299216,19.047516284155442,23.40585284827112,NICK
1999-06-02,1.098484992980957,1.2121210098266602,1.098484992980957,1.2121210098266602,1.0995503664016724,16500,1.1590906143188477,1.159090805053711,1.2180397510528564,1.244318161010742,1.2123106288909913,1.0316288471221924,50.04347994020048,-0.034905854774690104,-0.03081375851666562,-0.004092096258024484,1.4177106110169406,1.2180397510528564,1.0183688910887723,31.74593374027565,26.293483561159977,NICK
1999-06-03,1.2121210098266602,1.2121210098266602,1.2121210098266602,1.2121210098266602,1.0995503664016724,0,1.1666664123535155,1.1704544067382812,1.2097537517547607,1.244318161010742,1.2134469890594481,1.033428087234497,50.04347994020048,-0.029377049085593798,-0.030526416630451254,0.0011493675448574561,1.3954781171919546,1.2097537517547607,1.024029386317567,55.5555089315313,35.449652985320824,NICK
1999-06-04,1.2121210098266602,1.2121210098266602,1.2121210098266602,1.2121210098266602,1.0995503664016724,0,1.1742422103881835,1.1704544067382812,1.201467752456665,1.2439393615722656,1.2145833492279052,1.035511417388916,50.04347994020046,-0.024710582530482972,-0.029363249810457598,0.004652667279974626,1.3704924998765484,1.201467752456665,1.0324430050367817,88.88884226486464,58.730094978890556,NICK
1999-06-07,1.2121210098266602,1.2121210098266602,1.2121210098266602,1.2121210098266602,1.0995503664016724,0,1.1818180084228516,1.1704544067382812,1.1931817531585693,1.243560562133789,1.216477289199829,1.037594747543335,50.04347994020048,-0.020772916910034578,-0.027645183230372995,0.006872266320338417,1.341828745353898,1.1931817531585693,1.0445347609632407,100.00000000000007,81.4814503987987,NICK
1999-06-08,1.2121210098266602,1.2121210098266602,1.2121210098266602,1.2121210098266602,1.0995503664016724,0,1.2121210098266602,1.1780301094055177,1.1893938541412354,1.2431817626953126,1.2179924392700194,1.0393939876556397,50.04347994020046,-0.017451122855152823,-0.02560637115532896,0.008155248300176138,1.3319307312006017,1.1893938541412354,1.0468569770818692,100.00000000000007,96.29628075495496,NICK
1999-06-09,1.2121210098266602,1.2121210098266602,1.2121210098266602,1.2121210098266602,1.0995503664016724,0,1.2121210098266602,1.185605812072754,1.1818181037902833,1.2431817626953126,1.2195075893402099,1.0411932277679443,50.04347994020046,-0.014649704460528712,-0.02341503781636891,0.008765333355840198,1.3006391112621987,1.1818181037902833,1.062997096318368,100.00000000000007,100.0000000000001,NICK
1999-06-10,1.2121210098266602,1.2121210098266602,1.2121210098266602,1.2121210098266602,1.0995503664016724,0,1.2121210098266602,1.1893937110900878,1.1780302047729492,1.2424241828918456,1.2210227394104003,1.0429924678802491,50.04347994020046,-0.012287912789976652,-0.02118961281109046,0.008901700021113807,1.2875514812426745,1.1780302047729492,1.0685089283032239,100.00000000000007,100.0000000000001,NICK
1999-06-11,1.1363639831542969,1.1363639831542969,1.1363639831542969,1.1363639831542969,1.0308289527893066,21780,1.1969696044921876,1.1856059074401855,1.170454454421997,1.2401514625549317,1.2217803192138672,1.0444129228591919,41.379511113689595,-0.01634076859130018,-0.020219843967132403,0.003879075375832222,1.2689389999103369,1.170454454421997,1.0719699089336572,83.33343823760826,94.44447941253617,NICK
1999-06-14,1.1363639831542969,1.1363639831542969,1.1363639831542969,1.1363639831542969,1.0308289527893066,0,1.1818181991577148,1.1818181037902833,1.166666603088379,1.2378787422180175,1.2229166889190675,1.0463068628311156,41.379511113689595,-0.01932986338047038,-0.0200418478498,0.0007119844693296191,1.2642730890794964,1.166666603088379,1.0690601170972616,66.66687647521644,83.33343823760829,NICK
1999-06-15,1.1363639831542969,1.1363639831542969,1.1363639831542969,1.1363639831542969,1.0308289527893066,0,1.1666667938232422,1.189393901824951,1.168560552597046,1.2356060218811036,1.2251894187927246,1.0482008028030396,41.3795111136896,-0.02145146341893156,-0.020323770963626312,-0.001127692455305248,1.262190576051998,1.168560552597046,1.0749305291420939,50.000314712824625,66.66687647521648,NICK
1999-06-16,1.0606060028076172,1.0606060028076172,1.0606060028076172,1.0606060028076172,0.9621065855026245,2970,1.1363637924194336,1.1742424011230468,1.166666603088379,1.2325757217407227,1.226704568862915,1.0495265579223634,34.02258765451846,-0.02891259620129083,-0.022041536011159216,-0.006871060190131614,1.2671701018640658,1.166666603088379,1.0661631043126922,33.333543141883105,50.00024477664144,NICK
1999-06-17,1.098484992980957,1.098484992980957,1.098484992980957,1.098484992980957,0.9964677691459656,5280,1.113636589050293,1.1628787994384766,1.166666603088379,1.2303030014038085,1.2285985088348388,1.0512311029434205,39.78700964394501,-0.031407038951975164,-0.023914636599322407,-0.007492402352652756,1.2671701018640658,1.166666603088379,1.0661631043126922,25.00015735641235,36.11133840370674,NICK
1999-06-18,1.098484992980957,1.098484992980957,1.098484992980957,1.098484992980957,0.9964677691459656,0,1.106060791015625,1.1515151977539062,1.1609848022460938,1.2280302810668946,1.2299242687225342,1.052746253013611,39.78700964394502,-0.03300345946659111,-0.02573240117277615,-0.007271058293814962,1.2633974362122804,1.1609848022460938,1.0585721682799072,16.66677157094159,25.000157356412398,NICK
1999-06-21,1.098484992980957,1.098484992980957,1.098484992980957,1.098484992980957,0.9964677691459656,0,1.098484992980957,1.140151596069336,1.1553030014038086,1.2257575607299804,1.230681848526001,1.054450798034668,39.78700964394501,-0.033878108479847624,-0.027361542634190446,-0.006516565845657178,1.2583441535670974,1.1553030014038086,1.0522618492405198,25.00015735641235,22.222362094588814,NICK
1999-06-22,1.098484992980957,1.098484992980957,1.098484992980957,1.098484992980957,0.9964677691459656,0,1.090909194946289,1.1287879943847656,1.1534090518951416,1.2231060409545897,1.2295454883575438,1.0561553430557251,39.78700964394502,-0.034177299490463664,-0.02872469400544509,-0.005452605485018573,1.2591306239320188,1.1534090518951416,1.0476874798582645,25.00015735641235,22.222362094588814,NICK
1999-06-23,1.098484992980957,1.098484992980957,1.098484992980957,1.098484992980957,0.9964677691459656,0,1.098484992980957,1.1174243927001952,1.1515151023864747,1.2208333206176758,1.228409128189087,1.0576704931259155,39.78700964394502,-0.034022223507436555,-0.029784199905843384,-0.004238023601593172,1.2597182732772965,1.1515151023864747,1.043311931495653,25.00015735641235,25.000157356412398,NICK
1999-06-24,1.1363639831542969,1.1363639831542969,1.1363639831542969,1.1363639831542969,1.0308289527893066,330,1.106060791015625,1.109848690032959,1.1496212005615234,1.2185606002807616,1.2276515579223632,1.0595644330978393,46.551283546556874,-0.030491321757534218,-0.02992562427618155,-0.0005656974813526665,1.2574923619692266,1.1496212005615234,1.0417500391538201,33.333543141883105,27.777952618235986,NICK
1999-06-25,1.1742420196533203,1.1742420196533203,1.098484992980957,1.098484992980957,0.9964677691459656,4290,1.106060791015625,1.106060791015625,1.1458333492279054,1.2155303001403808,1.22727276802063,1.0612689781188964,41.527288038306715,-0.030399152118218753,-0.03002032984458899,-0.0003788222736297621,1.2552890096166565,1.1458333492279054,1.0363776888391543,33.333543141883105,30.555747880059574,NICK
1999-06-28,1.098484992980957,1.098484992980957,1.098484992980957,1.098484992980957,0.9964677691459656,330,1.106060791015625,1.102272891998291,1.142045497894287,1.2125,1.2268939781188966,1.0629735231399535,41.52728803830671,-0.029980510353875056,-0.030012365946446205,3.185559257114917e-05,1.2525448787840672,1.142045497894287,1.031546117004507,33.333543141883105,33.33354314188316,NICK
1999-06-29,1.098484992980957,1.098484992980957,1.098484992980957,1.098484992980957,0.9964677691459656,0,1.106060791015625,1.098484992980957,1.143939447402954,1.209469699859619,1.226515188217163,1.0652462530136109,41.527288038306715,-0.029310856431909338,-0.029872064043538833,0.0005612076116294946,1.2499997615818523,1.143939447402954,1.0378791332240558,25.00015735641235,30.55574788005958,NICK
1999-06-30,1.098484992980957,1.098484992980957,1.098484992980957,1.098484992980957,0.9964677691459656,0,1.106060791015625,1.102272891998291,1.1382576465606689,1.2064393997192382,1.2246212482452392,1.067518982887268,41.52728803830671,-0.02845217194681471,-0.02958808562419401,0.0011359136773793008,1.2412291726974318,1.1382576465606689,1.0352861204239059,27.77797593049266,28.70389214292943,NICK
1999-07-01,1.1363639831542969,1.1363639831542969,1.1363639831542969,1.1363639831542969,1.0308289527893066,3300,1.106060791015625,1.106060791015625,1.1344697952270508,1.2041666793823242,1.2238636779785157,1.069981107711792,48.93940385588309,-0.024433486345555977,-0.028557165768466404,0.004123679422910427,1.231708171548631,1.1344697952270508,1.0372314189054705,41.66699886412403,31.481710717009737,NICK
1999-07-02,1.1363639831542969,1.1363639831542969,1.1363639831542969,1.1363639831542969,1.0308289527893066,0,1.113636589050293,1.109848690032959,1.1306819438934326,1.2011363792419434,1.223106107711792,1.0720644426345824,48.939403855883086,-0.02100649920672848,-0.02704703245611882,0.006040533249390339,1.2211954010286985,1.1306819438934326,1.0401684867581666,55.5560217977554,41.66699886412409,NICK
1999-07-06,1.2121210098266602,1.2121210098266602,1.098484992980957,1.098484992980957,0.9964677691459656,16500,1.113636589050293,1.109848690032959,1.1250001430511474,1.1973484992980956,1.2219697475433349,1.0739583826065064,42.66679322508302,-0.021103833294617624,-0.02585839262381858,0.004754559329200957,1.2083333232192446,1.1250001430511474,1.0416669628830502,52.77820322367509,50.00040796185157,NICK
1999-07-07,1.098484992980957,1.098484992980957,1.098484992980957,1.098484992980957,0.9964677691459656,4620,1.113636589050293,1.109848690032959,1.1193183422088624,1.1943181991577148,1.220833387374878,1.0758523225784302,42.66679322508302,-0.02093959267066059,-0.024874632633186983,0.003935039962526393,1.1930603860155458,1.1193183422088624,1.045576298402179,30.55579450457296,46.29667317533455,NICK
1999-07-08,1.1742420196533203,1.1742420196533203,1.1742420196533203,1.1742420196533203,1.065189242362976,16170,1.1287879943847656,1.1174243927001952,1.1174243927001952,1.1920454597473145,1.2193182277679444,1.0783144426345825,55.8054802889783,-0.014528990707421308,-0.022805504248033848,0.00827651354061254,1.1830322877375465,1.1174243927001952,1.051816497662844,30.555514759253104,37.96317082916712,NICK
1999-07-09,1.098484992980957,1.098484992980957,1.098484992980957,1.098484992980957,0.9964677691459656,3960,1.1212121963500976,1.1136364936828613,1.1117425918579102,1.1867424392700194,1.217045497894287,1.080397777557373,44.75926782320893,-0.015384162343049956,-0.021321235867037068,0.005937073523987112,1.1612755582670657,1.1117425918579102,1.0622096254487547,22.222128973782347,27.777812745869536,NICK
1999-07-12,1.098484992980957,1.2121210098266602,1.098484992980957,1.2121210098266602,1.0995503664016724,16830,1.1363636016845704,1.1250000953674317,1.1155304431915283,1.1837121391296386,1.2159091281890868,1.0830492925643922,58.14312066906916,-0.006813869120104066,-0.018419762517650467,0.011605893397546401,1.1810288879615964,1.1155304431915283,1.05003199842146,55.55546230711568,36.11103534671711,NICK
1999-07-13,1.1363639831542969,1.2121210098266602,1.1363639831542969,1.2121210098266602,1.0995503664016724,3960,1.159090805053711,1.136363697052002,1.1193182945251465,1.1806818389892577,1.2147727584838868,1.0857008075714112,58.14312066906916,-2.160099249581826e-05,-0.014740130212619537,0.014718529220123719,1.196854061958619,1.1193182945251465,1.041782527091674,66.66666666666674,48.14808598252166,NICK
1999-07-14,1.2121210098266602,1.2121210098266602,1.1363639831542969,1.1363639831542969,1.0308289527893066,8580,1.166666603088379,1.140151596069336,1.1193182945251465,1.1761363983154296,1.214015188217163,1.0879735374450683,48.969804143762175,-0.0007430728094870442,-0.011940718731993039,0.011197645922505994,1.196854061958619,1.1193182945251465,1.041782527091674,77.77787102621781,66.66666666666681,NICK
1999-07-15,1.1553030014038086,1.2121210098266602,1.1553030014038086,1.2121210098266602,1.0995503664016724,18480,1.1742424011230468,1.1515151977539062,1.1268940448760987,1.1728219985961914,1.214015188217163,1.0906250524520873,56.381002029449355,0.004743435134648477,-0.008603887958664735,0.013347323093313213,1.2094486898798755,1.1268940448760987,1.0443393998723218,77.77787102621781,74.07413623970086,NICK
1999-07-16,1.2121210098266602,1.2121210098266602,1.2121210098266602,1.2121210098266602,1.0995503664016724,0,1.1969696044921876,1.1590909004211425,1.1325758457183839,1.1695075988769532,1.214015188217163,1.0932765674591065,56.381002029449355,0.008987925003875574,-0.005085525366156673,0.014073450370032247,1.221892418836002,1.1325758457183839,1.0432592726007657,77.77787102621781,77.77787102621788,NICK
1999-07-19,1.2121210098266602,1.3636360168457031,1.1931819915771484,1.1931819915771484,1.0823701620101929,65340,1.1931818008422852,1.1647727012634277,1.1373106956481933,1.1658144187927246,1.213825798034668,1.095833387374878,54.10283730007861,0.01070014865924751,-0.0019283905610758358,0.012628539220323346,1.2289074136742337,1.1373106956481933,1.045713977622153,78.57145426229457,78.0423987715768,NICK
1999-07-20,1.2121210098266602,1.2689390182495117,1.2121210098266602,1.2689390182495117,1.1510915756225586,29700,1.2045454025268554,1.1818181037902833,1.145833396911621,1.1636363792419433,1.2143939781188964,1.0987689924240112,60.90735744497289,0.017962990988069416,0.002049885748753215,0.015913105239316203,1.2519612868863412,1.145833396911621,1.0397055069369008,66.66666666666674,74.33866398505978,NICK
1999-07-21,1.245265007019043,1.2689390182495117,1.2310609817504883,1.2689390182495117,1.1510915756225586,7590,1.2310604095458983,1.1988635063171387,1.154356098175049,1.1632575798034668,1.2147727584838868,1.1017045974731445,60.907357444972895,0.0234485456218978,0.006329617723382131,0.017118927898515667,1.2707829327675209,1.154356098175049,1.037929263582577,54.76187907103892,66.66666666666681,NICK
1999-07-22,1.2689390182495117,1.2689390182495117,1.2689390182495117,1.2689390182495117,1.1510915756225586,8250,1.2424240112304688,1.2083332061767578,1.1628787994384766,1.161363639831543,1.215151538848877,1.1042614126205443,60.907357444972895,0.02747912494330862,0.010559519167367429,0.01691960577594119,1.2864352444397669,1.1628787994384766,1.0393223544371863,64.2856372131166,61.90472765027416,NICK
1999-07-23,1.2689390182495117,1.2689390182495117,1.2689390182495117,1.2689390182495117,1.1510915756225586,0,1.2537876129150392,1.2253786087036134,1.1695075511932373,1.1609848403930665,1.2157197189331055,1.1068182277679444,60.90735744497289,0.03032383381400594,0.014512382096695132,0.01581145171731081,1.300654722753985,1.1695075511932373,1.0383603796324896,64.2856372131166,61.11105116575745,NICK
1999-07-26,1.3589019775390625,1.4393939971923828,1.3589019775390625,1.4393939971923828,1.3057163953781128,45210,1.303030014038086,1.2481059074401855,1.1865530014038086,1.1640151405334473,1.2179924488067626,1.1102273178100586,73.01500000706909,0.04580457174729968,0.020770820026816045,0.025033751720483638,1.3585887218477541,1.1865530014038086,1.014517280959863,76.19042480874442,68.25389974499262,NICK
1999-07-27,1.5151519775390625,1.7803030014038086,1.4962120056152344,1.6666669845581055,1.5118820667266846,58740,1.3825756072998048,1.29356050491333,1.214962100982666,1.1731060600280763,1.2219697284698485,1.1145833778381347,81.32164964136582,0.07554140448492608,0.03172493691843805,0.04381646756648803,1.4812677034315893,1.214962100982666,0.9486564985337429,82.53967239017987,74.33857813734704,NICK
1999-07-28,1.6098480224609375,1.6666669845581055,1.5909090042114258,1.6666669845581055,1.5118820667266846,7260,1.4621212005615234,1.346590805053711,1.2433712005615234,1.1844696998596191,1.2257576084136963,1.118939437866211,81.32164964136582,0.09797862210574526,0.04497567395589949,0.05300294814984577,1.5686164052481586,1.2433712005615234,0.9181259958748882,88.88891997161532,82.53967239017994,NICK
1999-07-29,1.6666669845581055,1.6666669845581055,1.6666669845581055,1.6666669845581055,1.5118820667266846,23100,1.5416667938232422,1.3920454025268554,1.271780300140381,1.195833339691162,1.2295454883575438,1.123295497894287,81.32164964136582,0.11444107326615072,0.05886875381794974,0.05557231944820098,1.638104742317757,1.271780300140381,0.9054558579630048,83.33337995742295,84.92065743973946,NICK
1999-07-30,1.6666669845581055,1.6666669845581055,1.6666669845581055,1.6666669845581055,1.5118820667266846,0,1.6212123870849608,1.4375,1.2982954502105712,1.207196979522705,1.2333333683013916,1.1276515579223634,81.32164964136582,0.12603483331186816,0.07230196971673342,0.05373286359513474,1.6969192918563731,1.2982954502105712,0.8996716085647694,83.0065815500563,85.07629382636493,NICK
1999-08-02,1.6666669845581055,1.6666669845581055,1.6666669845581055,1.6666669845581055,1.5118820667266846,0,1.6666669845581055,1.4848484992980957,1.3248106002807618,1.216287899017334,1.2376894283294677,1.1320076179504395,81.32164964136582,0.13368196915040054,0.08457796960346683,0.0491039995469337,1.7466919957634124,1.3248106002807618,0.9029292047981112,82.67978314268964,83.00658155005637,NICK
1999-08-03,1.6666669845581055,1.6666669845581055,1.6666669845581055,1.6666669845581055,1.5118820667266846,0,1.6666669845581055,1.5246212959289551,1.353219699859619,1.225378818511963,1.242045488357544,1.1363636779785156,81.32164964136582,0.13814987364896125,0.09529235041256572,0.04285752323639554,1.7866757016512371,1.353219699859619,0.9197636980680011,82.17473559177785,82.62036676150801,NICK
1999-08-04,1.5151519775390625,1.553030014038086,1.3636360168457031,1.3636360168457031,1.2369940280914307,5280,1.606060791015625,1.5340909957885742,1.3664772510528564,1.229924259185791,1.243371238708496,1.1392045831680297,49.578761593419344,0.11590260056224078,0.09941440044250073,0.016488200119740046,1.783879695450117,1.3664772510528564,0.9490748066555958,64.4011338360799,76.41855085684921,NICK
1999-08-05,1.3636360168457031,1.3636360168457031,1.3636360168457031,1.3636360168457031,1.2369940280914307,0,1.5454545974731446,1.5435606956481933,1.3759469509124755,1.2344696998596192,1.2446969890594481,1.142045488357544,49.578761593419344,0.09715157349358794,0.09896183505271818,-0.0018102615591302357,1.7839626827307489,1.3759469509124755,0.9679312190942022,46.62753208038193,64.40113383607998,NICK
1999-08-06,1.3636360168457031,1.3636360168457031,1.3636360168457031,1.3636360168457031,1.2369940280914307,0,1.484848403930664,1.5530303955078124,1.389204502105713,1.2382575798034667,1.2460227394104004,1.1448863935470581,49.578761593419344,0.08135345743132616,0.09544015952843977,-0.014086702097113615,1.7770280070100917,1.389204502105713,1.001380997201334,28.24366401126642,46.424109975909495,NICK
1999-08-09,1.4772729873657227,1.4772729873657227,1.4772729873657227,1.4772729873657227,1.34007728099823,1980,1.4469696044921876,1.5568182945251465,1.402462100982666,1.2443181991577148,1.2484848594665527,1.1481060934066774,57.37205973019209,0.07711396862139241,0.0917749213470303,-0.014660952725637888,1.783229108765689,1.402462100982666,1.0216950931996431,33.508803582422814,36.12666655802381,NICK
1999-08-10,1.3636360168457031,1.4772729873657227,1.3636360168457031,1.4393939971923828,1.3057163953781128,5280,1.401515007019043,1.5340909957885742,1.4138257503509521,1.2496212387084962,1.2500000095367432,1.1512310934066772,54.356139728906314,0.06989195431349837,0.08739832794032391,-0.01750637362682554,1.78462735620402,1.4138257503509521,1.0430241444978843,34.94254225925583,32.23166995098177,NICK
1999-08-11,1.4772729873657227,1.4772729873657227,1.4772729873657227,1.4772729873657227,1.34007728099823,4950,1.4242424011230468,1.515151596069336,1.4308712005615234,1.2579545783996582,1.251893949508667,1.154545488357544,56.80165920178282,0.06645887731329503,0.08321043781491813,-0.016751560501623103,1.7797834321291102,1.4308712005615234,1.0819589689939366,39.63394370763081,36.0284298497699,NICK
1999-08-12,1.553030014038086,1.553030014038086,1.553030014038086,1.553030014038086,1.4087989330291748,3300,1.4621212005615234,1.503787899017334,1.4479166507720946,1.2647727584838868,1.2545454597473145,1.1582386684417725,61.270914948286915,0.06905507407260303,0.08037936506645511,-0.011324290993852085,1.785543340769554,1.4479166507720946,1.1102899607746353,40.04717469122469,38.20788688603719,NICK
1999-08-13,1.4772729873657227,1.4772729873657227,1.4772729873657227,1.4772729873657227,1.34007728099823,2310,1.4848485946655274,1.4848484992980957,1.4611742496490479,1.270075798034668,1.2571969795227051,1.1615530633926392,55.12862918327798,0.06425888337657204,0.0771552687284785,-0.012896385351906459,1.7810823116427692,1.4611742496490479,1.1412661876553265,38.02699356407192,39.23603732097589,NICK
1999-08-16,1.4772729873657227,1.4772729873657227,1.4772729873657227,1.4772729873657227,1.34007728099823,0,1.4848485946655274,1.4659090995788575,1.4753787994384766,1.2753788375854491,1.2596590995788575,1.164867458343506,55.12862918327798,0.0597688891460455,0.0736779928119919,-0.013909103665946401,1.7707124327815404,1.4753787994384766,1.1800451660954128,36.94675375556255,38.34030733695314,NICK
1999-08-17,1.4772729873657227,1.4772729873657227,1.4772729873657227,1.4772729873657227,1.34007728099823,0,1.4924243927001952,1.446969699859619,1.485795497894287,1.2806818771362305,1.2621212196350098,1.1681818532943726,55.12862918327799,0.05556996045664664,0.07005638634092284,-0.014486425884276205,1.7655546183798396,1.485795497894287,1.2060363774087346,34.091029383715195,36.354925567783305,NICK
1999-08-18,1.5151519775390625,1.5151519775390625,1.4393939971923828,1.4393939971923828,1.3057163953781128,10890,1.4848485946655274,1.454545497894287,1.4943182468414307,1.285227336883545,1.2642045497894288,1.1713068532943725,51.88066868464109,0.04862523978352762,0.0657701570294438,-0.017144917245916186,1.7569965478049447,1.4943182468414307,1.2316399458779166,33.3334382372781,34.7904071255187,NICK
1999-08-19,1.4393939971923828,1.4393939971923828,1.4393939971923828,1.4393939971923828,1.3057163953781128,2310,1.4621213912963866,1.4621212959289551,1.5028409957885742,1.2897727966308594,1.2664772796630859,1.1744318532943725,51.88066868464109,0.04263008552642833,0.06114214272884071,-0.018512057202412377,1.7460559544206018,1.5028409957885742,1.2596260371565466,29.166758457618347,32.197075359537294,NICK
1999-08-20,1.4393939971923828,1.4393939971923828,1.4393939971923828,1.4393939971923828,1.3057163953781128,0,1.4545455932617188,1.4696970939636231,1.5113637447357178,1.2943182563781739,1.2683712196350099,1.1770833683013917,51.88066868464109,0.03744721440731702,0.05640315706453597,-0.01895594265721895,1.7321035110007723,1.5113637447357178,1.2906239784706632,25.000078677958594,29.16675845761843,NICK
1999-08-23,1.4393939971923828,1.5151519775390625,1.2121210098266602,1.5151519775390625,1.3744384050369263,14520,1.4621213912963866,1.473484992980957,1.5151516437530517,1.3018940162658692,1.2710227394104003,1.180113673210144,58.05385822169307,0.039003183166069766,0.05292316228484273,-0.013919979118772963,1.7334074407531632,1.5151516437530517,1.2968958467529401,46.296421274630234,33.48775280340247,NICK
1999-08-24,1.553030014038086,1.553030014038086,1.553030014038086,1.553030014038086,1.4087989330291748,330,1.4772727966308594,1.4848485946655274,1.5094697952270508,1.3102273368835449,1.2740530395507812,1.1833333683013916,60.764154664819834,0.042799376037765846,0.05089840503542735,-0.008099028997661503,1.7173207846418193,1.5094697952270508,1.3016188058122824,71.29639504864406,47.530965000411044,NICK
1999-08-25,1.25,1.5151519775390625,1.25,1.5151519775390625,1.3744384050369263,1980,1.4924243927001952,1.4886364936828613,1.5018940448760987,1.3178030967712402,1.2767045593261719,1.1863636732101441,56.811016290473404,0.04226424929586492,0.04917157388751486,-0.006907324591649944,1.6969241246064497,1.5018940448760987,1.3068639651457477,92.5927376453157,70.0618513228634,NICK
1999-08-26,1.3636360168457031,1.6287879943847656,1.3636360168457031,1.6287879943847656,1.4775211811065674,8910,1.5303031921386718,1.4962122917175293,1.5000000953674317,1.3291667366027833,1.280871229171753,1.189962158203125,64.31216800574197,0.050428327986672405,0.04942292470734637,0.0010054032793260365,1.6892427289750644,1.5000000953674317,1.310757461759799,96.29636882265788,86.72850050553929,NICK
1999-08-27,1.6287879943847656,1.6287879943847656,1.6287879943847656,1.6287879943847656,1.4775211811065674,0,1.5681819915771484,1.5113637924194336,1.4981061458587646,1.3397727966308595,1.285037899017334,1.1935606431961059,64.31216800574197,0.056250004134892784,0.050788340592855655,0.005461663542037129,1.6813003608109525,1.4981061458587646,1.3149119309065767,96.29636882265788,95.06182509687723,NICK
1999-08-30,1.5909090042114258,1.5909090042114258,1.5909090042114258,1.5909090042114258,1.443159818649292,330,1.583333396911621,1.5227273941040038,1.4943182468414307,1.3496212768554687,1.2888257789611817,1.1969697332382203,60.26569287578927,0.05714843490232169,0.052060359454748864,0.0050880754475728235,1.6661980028081123,1.4943182468414307,1.322438490874749,96.96968309808119,96.52080691446572,NICK
1999-08-31,1.5909090042114258,1.5909090042114258,1.5909090042114258,1.5909090042114258,1.443159818649292,0,1.590909194946289,1.5340909957885742,1.4905303478240968,1.3594697570800782,1.2926136589050292,1.2003788232803345,60.26569287578927,0.05720106943632075,0.05308850145106324,0.004112567985257512,1.6499367316318307,1.4905303478240968,1.3311239640163628,93.93936619616233,95.73513937230054,NICK
1999-09-01,1.5909090042114258,1.5909090042114258,1.5909090042114258,1.5909090042114258,1.443159818649292,0,1.6060606002807618,1.5492424964904785,1.5018939971923828,1.3693182373046875,1.2962121391296386,1.2043560934066773,60.26569287578927,0.05659044327992313,0.05378888981683522,0.0028015534630879135,1.6558050292061173,1.5018939971923828,1.3479829651786484,90.90904929424346,93.9393661961624,NICK
1999-09-02,1.5151519775390625,1.5151519775390625,1.4962120056152344,1.4962120056152344,1.3572577238082886,10230,1.5795454025268554,1.5549242973327637,1.5085227966308594,1.377272777557373,1.2990530490875245,1.2074810934066773,50.3699744780816,0.047912950610913496,0.05261370197565087,-0.004700751364737375,1.6488661079331717,1.5085227966308594,1.3681794853285472,83.33329518638983,89.39390355893194,NICK
1999-09-03,1.4962120056152344,1.4962120056152344,1.4962120056152344,1.4962120056152344,1.3572577238082886,0,1.5530302047729492,1.560606098175049,1.515151596069336,1.3844697380065918,1.3015151691436768,1.2106060934066774,50.3699744780816,0.04056832871227711,0.05020462732297612,-0.009636298610699007,1.6390562223877227,1.515151596069336,1.3912469697509493,75.75754107853622,83.33329518638992,NICK
1999-09-07,1.4962120056152344,1.4962120056152344,1.4962120056152344,1.4962120056152344,1.3572577238082886,0,1.534090805053711,1.558712100982666,1.5160985469818116,1.3924242782592773,1.3039772891998291,1.2137310934066772,50.3699744780816,0.03435167817958762,0.04703403749429842,-0.012682359314710803,1.6391170552512007,1.5160985469818116,1.3930800387124225,68.1817869706826,75.75754107853629,NICK
1999-09-08,1.3636360168457031,1.5151519775390625,1.3636360168457031,1.5151519775390625,1.3744384050369263,3300,1.5189393997192382,1.5549242973327637,1.5198864459991455,1.4007576179504395,1.3066288089752198,1.2167613983154297,52.325487020961894,0.03060049186807534,0.0437473283690538,-0.013146836500978462,1.6377831052733915,1.5198864459991455,1.4019897867248994,69.6969835685856,71.21210387260156,NICK
1999-09-09,1.5151519775390625,1.5151519775390625,1.5151519775390625,1.5151519775390625,1.3744384050369263,0,1.5037879943847656,1.5549242973327637,1.5217803955078124,1.4090909576416015,1.3092803287506103,1.219791703224182,52.325487020961894,0.027312804679647584,0.04046042363117256,-0.013147618951524977,1.638084203511001,1.5217803955078124,1.4054765875046238,71.21218016648858,69.69698356858567,NICK
1999-09-10,1.5151519775390625,1.5151519775390625,1.5151519775390625,1.5151519775390625,1.3744384050369263,0,1.5075759887695312,1.5435606956481933,1.5198864936828613,1.4174242973327638,1.311931848526001,1.223200798034668,52.3254870209619,0.0244257243504844,0.03725348377503493,-0.012827759424550528,1.635323523066186,1.5198864936828613,1.4044494642995367,72.72737676439158,71.21218016648866,NICK
1999-09-13,1.3636360168457031,1.5151519775390625,1.0606060028076172,1.5151519775390625,1.3744384050369263,3630,1.5113639831542969,1.5321970939636231,1.5217804431915283,1.425000057220459,1.3145833683013917,1.2262311029434203,52.3254870209619,0.021885410994581855,0.034179869218944316,-0.01229445822436246,1.6355901990052382,1.5217804431915283,1.4079706873778184,75.15160688914487,73.03038794000842,NICK
1999-09-14,1.5909090042114258,1.5909090042114258,1.5909090042114258,1.5909090042114258,1.443159818649292,2640,1.530303382873535,1.5321970939636231,1.5274622440338135,1.4340909576416017,1.3176136684417725,1.229450798034668,60.66400027305622,0.02568902617969493,0.03248170061109444,-0.006792674431399512,1.6431475842461758,1.5274622440338135,1.4117769038214512,82.02024788901691,76.6330771808512,NICK
1999-09-15,1.5909090042114258,1.5909090042114258,1.5909090042114258,1.5909090042114258,1.443159818649292,0,1.5454547882080079,1.5321970939636231,1.5331440448760987,1.443939437866211,1.3206439685821534,1.2326704931259156,60.6640002730562,0.02837631413179542,0.031660623315234636,-0.0032843091834392144,1.6495711571619915,1.5331440448760987,1.4167169325902058,88.88888888888896,82.020247889017,NICK
1999-09-16,1.5909090042114258,1.5909090042114258,1.5909090042114258,1.5909090042114258,1.443159818649292,0,1.5606061935424804,1.5321970939636231,1.5407197952270508,1.4537879180908204,1.3240530586242676,1.235700798034668,60.6640002730562,0.030158362366269786,0.03136017112544166,-0.0012018087591718768,1.6513328519562396,1.5407197952270508,1.430106738497862,93.33329976400769,88.08081218063792,NICK
1999-09-17,1.5909090042114258,1.5909090042114258,1.5909090042114258,1.5909090042114258,1.443159818649292,3300,1.5757575988769532,1.5416667938232422,1.548295545578003,1.4621212577819824,1.3270833587646484,1.2387311029434205,60.6640002730562,0.031210868961755178,0.031330310692704366,-0.00011944173094918797,1.6505505611795757,1.548295545578003,1.4460405299764303,95.55553317600516,92.59257394296735,NICK
1999-09-20,1.5909090042114258,1.5909090042114258,1.5909090042114258,1.5909090042114258,1.443159818649292,0,1.5909090042114258,1.5511364936828613,1.5558712959289551,1.4719697380065917,1.3293560886383056,1.2413826179504395,60.66400027305622,0.03167980297289885,0.031400209148743266,0.00027959382415558565,1.6465233348764685,1.5558712959289551,1.4652192569814417,97.77776658800262,95.55553317600523,NICK
1999-09-21,1.5909090042114258,1.5909090042114258,1.5909090042114258,1.5909090042114258,1.443159818649292,0,1.5909090042114258,1.5606061935424804,1.5596591472625732,1.479545497894287,1.331628818511963,1.2444129228591918,60.6640002730562,0.031686178018975664,0.03145740292278974,0.00022877509618592085,1.649516347957627,1.5596591472625732,1.4698019465675194,100.00000000000007,97.77776658800269,NICK
1999-09-22,1.5909090042114258,1.5909090042114258,1.5909090042114258,1.5909090042114258,1.443159818649292,0,1.5909090042114258,1.5681818962097167,1.5615530967712403,1.4871212577819823,1.33390154838562,1.2474432277679444,60.66400027305622,0.03133007666739496,0.031431937671710784,-0.00010186100431582717,1.652363283249337,1.5615530967712403,1.4707429102931437,100.00000000000007,99.25925552933433,NICK
1999-09-23,1.420454978942871,1.420454978942871,1.420454978942871,1.420454978942871,1.2885360717773438,1650,1.5568181991577148,1.5587121963500976,1.5568182468414307,1.4928030776977539,1.3344697380065917,1.249621262550354,36.51996573828294,0.017096569870033607,0.02856486411137535,-0.011468294241341742,1.6650214711487366,1.5568182468414307,1.4486150225341248,89.28574639923902,96.42858213307979,NICK
1999-09-24,1.420454978942871,1.420454978942871,1.3636360168457031,1.3636360168457031,1.2369940280914307,7590,1.5113636016845704,1.5435606002807618,1.5435606479644775,1.4958333778381347,1.334327688217163,1.2511364126205444,31.954532604961578,0.001217562498309288,0.023095403788762136,-0.021877841290452848,1.6755940828342233,1.5435606479644775,1.4115272130947316,75.00001498631157,88.09525379518362,NICK
1999-09-27,1.3636360168457031,1.3636360168457031,1.3636360168457031,1.3636360168457031,1.2369940280914307,0,1.4659090042114258,1.5284090042114258,1.5303030490875245,1.4988636779785156,1.3341856384277344,1.2526515626907349,31.95453260496157,-0.011237130599176082,0.01622889691117449,-0.02746602751035057,1.6777873081548906,1.5303030490875245,1.3828187900201583,60.71428357338414,75.00001498631165,NICK
1999-09-28,1.240530014038086,1.240530014038086,1.240530014038086,1.240530014038086,1.1253209114074707,660,1.3958332061767578,1.4933711051940919,1.5127840995788575,1.4998106384277343,1.3328125286102295,1.2535511827468873,24.316145568847396,-0.030687444439703393,0.006845628640998913,-0.037533073080702306,1.7040509767796925,1.5127840995788575,1.3215172223780225,49.404713734474996,61.7063374313903,NICK
1999-09-29,1.240530014038086,1.240530014038086,1.240530014038086,1.240530014038086,1.1253209114074707,0,1.3257574081420898,1.4583332061767578,1.4952651500701903,1.4992424583435058,1.3314394187927245,1.2542614078521728,24.316145568847404,-0.04557657984821084,-0.0036388130568430384,-0.041937766791367806,1.7165322312652238,1.4952651500701903,1.2739980688751569,41.666621707732226,50.595206338530524,NICK
1999-09-30,1.5056819915771484,1.5056819915771484,1.5056819915771484,1.5056819915771484,1.3658480644226074,660,1.3428028106689454,1.44981050491333,1.4910037994384766,1.5039773178100586,1.3336174488067627,1.2562973928451537,52.61199041015624,-0.03557074095035628,-0.010025198635545688,-0.025545542314810595,1.7079799214753038,1.4910037994384766,1.2740276774016495,50.595226320279124,47.222187254162186,NICK
1999-10-01,1.5151519775390625,1.5151519775390625,1.5151519775390625,1.5151519775390625,1.3744384050369263,1650,1.3731060028076172,1.4422348022460938,1.491950798034668,1.5089015769958496,1.3351326084136963,1.2583807277679444,53.28376932115355,-0.02657060343569806,-0.013334279595576162,-0.013236323840121897,1.7091747656984035,1.491950798034668,1.2747268303709325,65.41189895115562,52.5579156597224,NICK
1999-10-04,1.5151519775390625,1.5151519775390625,1.5151519775390625,1.5151519775390625,1.3744384050369263,8250,1.403409194946289,1.4346590995788575,1.4928977966308594,1.5138258361816406,1.3374053382873534,1.2606534576416015,53.28376932115354,-0.01921641474545943,-0.014510706625552816,-0.004705708119906615,1.7103528316847296,1.4928977966308594,1.2754427615769892,80.22857158203212,65.41189895115569,NICK
1999-10-05,1.3636360168457031,1.3636360168457031,1.3636360168457031,1.3636360168457031,1.2369940280914307,1320,1.4280303955078124,1.4119318008422852,1.4862689971923828,1.512310676574707,1.3381629085540772,1.2627367877960205,42.18662779153989,-0.02532233882128998,-0.01667303306470025,-0.008649305756589731,1.710880780250854,1.4862689971923828,1.2616572141339115,63.96406450026635,69.86817834448478,NICK
1999-10-06,1.5151519775390625,1.5151519775390625,1.5151519775390625,1.5151519775390625,1.3744384050369263,990,1.4829547882080079,1.404356098175049,1.4862689971923828,1.509280376434326,1.3411932182312012,1.2655776977539062,52.777860864415324,-0.017730865505489968,-0.016884599552858193,-0.0008462659526317744,1.710880780250854,1.4862689971923828,1.2616572141339115,63.96406450026635,69.38556686085501,NICK
1999-10-07,1.5151519775390625,1.5151519775390625,1.5151519775390625,1.5151519775390625,1.3744384050369263,11880,1.4848487854003907,1.413825798034668,1.4862689971923828,1.5062500762939453,1.3453598880767823,1.268418607711792,52.777860864415324,-0.011581068856296506,-0.015823893413545856,0.00424282455724935,1.710880780250854,1.4862689971923828,1.2616572141339115,63.96406450026635,63.964064500266424,NICK
1999-10-08,1.5151519775390625,1.5151519775390625,1.5151519775390625,1.5151519775390625,1.3744384050369263,0,1.4848487854003907,1.4289773941040038,1.4862689971923828,1.5032197761535644,1.3495265579223632,1.2712595176696777,52.777860864415324,-0.006630874115688412,-0.013985289553974368,0.007354415438285956,1.710880780250854,1.4862689971923828,1.2616572141339115,78.37854757361895,68.76889219138396,NICK
1999-10-11,1.5151519775390625,1.5151519775390625,1.5151519775390625,1.5151519775390625,1.3744384050369263,0,1.4848487854003907,1.4441289901733398,1.4862689971923828,1.5001894760131835,1.3536932277679443,1.2741004276275634,52.77786086441534,-0.002676950895944996,-0.011723621822368493,0.009046670926423497,1.710880780250854,1.4862689971923828,1.2616572141339115,78.37854757361895,73.57371988250149,NICK
1999-10-12,1.3731060028076172,1.3731060028076172,1.3731060028076172,1.3731060028076172,1.2455843687057495,330,1.4867427825927735,1.457386589050293,1.4753788471221925,1.4943182563781738,1.355303077697754,1.276231107711792,42.87368549004816,-0.010879944068216352,-0.011554886271538065,0.0006749422033217132,1.6997609722131535,1.4753788471221925,1.2509967220312315,68.34430310572105,75.03379941765306,NICK
1999-10-13,1.4962120056152344,1.4962120056152344,1.2689390182495117,1.401515007019043,1.2713550329208374,32670,1.4640153884887694,1.4734850883483888,1.4659091472625732,1.4890152168273927,1.3571970176696777,1.2777462577819825,45.09293695537362,-0.014916557253919605,-0.012227220468014372,-0.002689336785905232,1.68593270766954,1.4659091472625732,1.2458855868556062,61.75831454195866,69.49372174043297,NICK
1999-10-14,1.4393939971923828,1.4393939971923828,1.4393939971923828,1.4393939971923828,1.3057163953781128,2310,1.4488637924194336,1.4668562889099122,1.458333396911621,1.490530376434326,1.3602273178100586,1.2800189876556396,47.99395987635586,-0.014887470849928697,-0.012759270544397237,-0.0021282003055314597,1.6709278863741672,1.458333396911621,1.2457389074490748,59.77003910238164,63.29088558335386,NICK
1999-10-15,1.4393939971923828,1.4393939971923828,1.4393939971923828,1.4393939971923828,1.3057163953781128,0,1.4337121963500976,1.4592804908752441,1.4507576465606689,1.4920455360412597,1.3632576179504394,1.282481107711792,47.99395987635586,-0.014695024569309822,-0.013146421349379754,-0.001548603219930068,1.6545303896311871,1.4507576465606689,1.2469849034901506,67.8160081307025,63.11478725834768,NICK
1999-10-18,1.4393939971923828,1.4393939971923828,1.4393939971923828,1.4393939971923828,1.3057163953781128,0,1.4185606002807618,1.4517046928405761,1.4431818962097167,1.4935606956481933,1.3659091377258301,1.2849432277679442,47.99395987635586,-0.014376782901368346,-0.013392493659777472,-0.0009842892415908733,1.6365497030961957,1.4431818962097167,1.2498140893232377,72.41372125488788,66.66658949599075,NICK
1999-10-19,1.4393939971923828,1.571969985961914,1.401515007019043,1.571969985961914,1.4259798526763916,11880,1.458333396911621,1.4725380897521974,1.4422349452972412,1.4954546356201173,1.369886417388916,1.2880682277679443,57.751763325807836,-0.0033877479274759814,-0.011391544513317173,0.008003796585841192,1.6328658362899056,1.4422349452972412,1.2516040543045768,81.6091475032586,73.94629229628306,NICK
1999-10-20,1.4772729873657227,1.5151519775390625,1.4772729873657227,1.5151519775390625,1.3744384050369263,8250,1.481060791015625,1.4725380897521974,1.4384470939636231,1.4969697952270509,1.3732955169677734,1.2909091377258302,53.14918972118614,0.0007280109719269845,-0.008967633416268342,0.009695644388195326,1.6199004733456024,1.4384470939636231,1.2569937145816439,84.55460653411205,79.52582509741958,NICK
1999-10-21,1.401515007019043,1.401515007019043,1.401515007019043,1.401515007019043,1.2713550329208374,5280,1.473484992980957,1.4611743927001952,1.4375000953674317,1.4954546356201173,1.3767046070098876,1.2931818628311158,45.362531693432864,-0.00512074549847874,-0.008198255832710421,0.003077510334231681,1.6195160128922692,1.4375000953674317,1.2554841778425943,75.00002622598625,80.38792675445238,NICK
1999-10-22,1.4772729873657227,1.4772729873657227,1.401515007019043,1.401515007019043,1.2713550329208374,2310,1.465909194946289,1.4498106956481933,1.4393940448760987,1.4924243354797364,1.3785985469818116,1.2954545879364014,45.362531693432864,-0.009644748482432242,-0.008487554362654786,-0.0011571941197774556,1.6190694492890494,1.4393940448760987,1.259718640463148,56.250019669489696,71.93488414319607,NICK
1999-10-25,1.401515007019043,1.401515007019043,1.401515007019043,1.401515007019043,1.2713550329208374,13200,1.458333396911621,1.4384469985961914,1.4412879943847656,1.4909091758728028,1.3804924869537354,1.2969697380065919,45.362531693432864,-0.013079283601114433,-0.009405900210346716,-0.0036733833907677173,1.6185110496331678,1.4412879943847656,1.2640649391363634,43.74998033051043,58.33334207532886,NICK
1999-10-26,1.401515007019043,1.401515007019043,1.401515007019043,1.401515007019043,1.2713550329208374,0,1.4242424011230468,1.441287899017334,1.4493372440338135,1.4893940162658692,1.3823864269256592,1.2984848880767823,45.362531693432864,-0.015621107029129222,-0.010648941574103217,-0.004972165455026005,1.602322453783484,1.4493372440338135,1.296352034284143,43.74998033051043,47.916660110170255,NICK
1999-10-27,1.401515007019043,1.401515007019043,1.401515007019043,1.401515007019043,1.2713550329208374,0,1.401515007019043,1.441287899017334,1.4573864936828613,1.4878788566589356,1.384280366897583,1.300378828048706,45.362531693432864,-0.01743454581712789,-0.012006062422708151,-0.005428483394419738,1.579380813769583,1.4573864936828613,1.3353921735961396,43.74998033051043,43.7499803305105,NICK
1999-10-28,1.401515007019043,1.401515007019043,1.401515007019043,1.401515007019043,1.2713550329208374,0,1.401515007019043,1.4375,1.452178144454956,1.4871212768554687,1.386174306869507,1.3020833730697632,45.362531693432864,-0.0186566469095244,-0.0133361793200714,-0.005320467589452999,1.5743744623525766,1.452178144454956,1.3299818265573353,43.74998033051043,43.7499803305105,NICK
1999-10-29,1.401515007019043,1.401515007019043,1.401515007019043,1.401515007019043,1.2713550329208374,0,1.401515007019043,1.433712100982666,1.4464962959289551,1.486363697052002,1.3880682468414307,1.3037879180908203,45.362531693432864,-0.019401522159584017,-0.014549247887973923,-0.004852274271610094,1.5670077744916042,1.4464962959289551,1.325984817366306,43.74998033051043,43.7499803305105,NICK
1999-11-01,1.401515007019043,1.401515007019043,1.401515007019043,1.401515007019043,1.2713550329208374,0,1.401515007019043,1.429924201965332,1.440814447402954,1.485606117248535,1.3899621868133545,1.3054924631118774,45.362531693432864,-0.0197640139120856,-0.015592201092796259,-0.00417181281928934,1.5585252183697416,1.440814447402954,1.3231036764361666,43.74998033051043,43.7499803305105,NICK
1999-11-02,1.410984992980957,1.4772729873657227,1.401515007019043,1.401515007019043,1.2713550329208374,8910,1.401515007019043,1.4128787040710449,1.442708396911621,1.4833333778381348,1.392613697052002,1.3071970081329345,45.362531693432864,-0.01982278649410718,-0.016438318173058443,-0.003384468321048738,1.5565462842640847,1.442708396911621,1.3288705095591573,29.166653553673644,38.88887140489824,NICK
1999-11-03,1.2215909957885742,1.3636360168457031,1.2215909957885742,1.3636360168457031,1.2369940280914307,7590,1.393939208984375,1.397727108001709,1.4351325988769532,1.479545497894287,1.394886417388916,1.3089015531539916,41.421406828180544,-0.022664618513859258,-0.017683578241218606,-0.004981040272640652,1.5488443727460368,1.4351325988769532,1.3214208250078696,28.096791248251677,33.67114171081199,NICK
1999-11-04,1.3636360168457031,1.3636360168457031,1.2878789901733398,1.2878789901733398,1.1682724952697754,52140,1.3712120056152344,1.3863635063171387,1.423768949508667,1.4750000381469726,1.3964015674591064,1.3107954931259156,34.892199379662955,-0.030676134406174338,-0.02028208947420975,-0.010394044931964587,1.5481471721666042,1.423768949508667,1.2993907268507296,19.819778134036,25.694407645320506,NICK
1999-11-05,1.3731060028076172,1.5909090042114258,1.3731060028076172,1.4393939971923828,1.3057163953781128,63360,1.3787878036499024,1.3901514053344726,1.419981050491333,1.471212158203125,1.4001894474029541,1.3134470081329346,51.3943285394119,-0.024516710292866062,-0.021129013637941015,-0.0033876966549250473,1.5374170177939763,1.419981050491333,1.3025450831886898,39.47790441332956,29.131491265205813,NICK
1999-11-08,1.4393939971923828,1.4393939971923828,1.4393939971923828,1.4393939971923828,1.3057163953781128,0,1.3863636016845704,1.3939393043518067,1.416193151473999,1.4674242782592772,1.4035985374450684,1.3160985231399536,51.3943285394119,-0.01941155795004179,-0.02078552250036117,0.0013739645503193787,1.525727096574804,1.416193151473999,1.3066592063731939,45.62256622120831,34.97341625619136,NICK
1999-11-09,1.5151519775390625,1.5151519775390625,1.5151519775390625,1.5151519775390625,1.3744384050369263,16500,1.4090909957885742,1.4053030014038086,1.4232954502105712,1.46590913772583,1.4077652072906495,1.3188447380065917,57.62279801146024,-0.009147208731284273,-0.01845785974654579,0.009310651015261517,1.538981162012707,1.4232954502105712,1.3076097384084355,65.81202540253103,50.304165345689704,NICK
1999-11-10,1.5151519775390625,1.5151519775390625,1.5151519775390625,1.5151519775390625,1.3744384050369263,0,1.439394187927246,1.4166666984558105,1.4289772987365723,1.4643939971923827,1.4119318771362304,1.3213068628311158,57.62279801146024,-0.0010010979903058992,-0.014966507395297812,0.013965409404991913,1.550824322031865,1.4289772987365723,1.3071302754412797,72.64967196718129,61.361421196973616,NICK
1999-11-11,1.5151519775390625,1.5151519775390625,1.5151519775390625,1.5151519775390625,1.3744384050369263,0,1.4848487854003907,1.4280303955078124,1.4327651977539062,1.4628788566589355,1.4160985469818115,1.3228220176696777,57.62279801146024,0.005392591028868576,-0.010894687710464535,0.01628727873933311,1.560251737835832,1.4327651977539062,1.3052786576719804,79.48731853183155,72.64967196718136,NICK
1999-11-12,1.5151519775390625,1.5151519775390625,1.5151519775390625,1.5151519775390625,1.3744384050369263,4950,1.5000003814697265,1.4393940925598145,1.4365530967712403,1.4632576560974122,1.4202652168273926,1.3243371725082398,57.62279801146024,0.010340437513647993,-0.006647662665642029,0.016988100179290023,1.5690074409297867,1.4365530967712403,1.304098752612694,79.48731853183155,77.20810301028153,NICK
1999-11-15,1.4393939971923828,1.4393939971923828,1.4393939971923828,1.4393939971923828,1.3057163953781128,23100,1.5000003814697265,1.4431819915771484,1.4365530967712403,1.4621212959289551,1.4232955169677735,1.3254735374450684,49.151168183014285,0.008055744019495936,-0.0037069813286144354,0.011762725348110372,1.5690074409297867,1.4365530967712403,1.304098752612694,72.64967196718129,77.20810301028153,NICK
1999-11-16,1.4393939971923828,1.4393939971923828,1.4393939971923828,1.4393939971923828,1.3057163953781128,0,1.4848487854003907,1.4469698905944823,1.4299242973327637,1.460984935760498,1.4267046070098877,1.3269886875152588,49.151168183014285,0.006173938643513566,-0.001730797334188835,0.007904735977702401,1.546981790582502,1.4299242973327637,1.3128668040830254,65.81202540253103,72.64967196718136,NICK
1999-11-17,1.4393939971923828,1.4393939971923828,1.4393939971923828,1.4393939971923828,1.3057163953781128,0,1.4696971893310546,1.4545456886291503,1.4261363983154296,1.4594697761535644,1.4301136970520019,1.3285038375854492,49.15116818301428,0.004629231427077052,-0.0004587915819356575,0.0050880230090127095,1.536636387267779,1.4261363983154296,1.3156364093630801,58.97437883788077,65.81202540253112,NICK
1999-11-18,1.4678030014038086,1.4678030014038086,1.4678030014038086,1.4678030014038086,1.3314868211746216,1650,1.4602273941040038,1.4725380897521974,1.429450798034668,1.4585227966308594,1.4338068771362305,1.3301610326766968,52.42695232254852,0.00563248130654026,0.0007594629957595261,0.004873018310780734,1.5407714392346872,1.429450798034668,1.3181301568346488,61.53847478080943,62.108293007073826,NICK
1999-11-19,1.5056819915771484,1.5056819915771484,1.5056819915771484,1.5056819915771484,1.3658480644226074,16500,1.458333396911621,1.4791668891906737,1.4346591472625732,1.458333396911621,1.4378788471221924,1.331250047683716,56.4550428983855,0.009376001296511172,0.0024827706559098555,0.006893230640601316,1.5499411269485324,1.4346591472625732,1.319377167576614,67.52139400606323,62.67808254158456,NICK
1999-11-22,1.5151519775390625,1.5151519775390625,1.5151519775390625,1.5151519775390625,1.3744384050369263,4950,1.473484992980957,1.4867426872253418,1.4403409957885742,1.458333396911621,1.44166672706604,1.3327652025222778,57.425602891941686,0.012957550011581054,0.004577726527044095,0.008379823484536959,1.559659534031008,1.4403409957885742,1.3210224575461404,74.35904057071349,67.80630311919546,NICK
1999-11-23,1.5151519775390625,1.5151519775390625,1.5151519775390625,1.5151519775390625,1.3744384050369263,0,1.488636589050293,1.4867426872253418,1.4460228443145753,1.4568182563781737,1.4454546070098877,1.33428035736084,57.425602891941686,0.015615942309580966,0.006785369683551469,0.008830572626029497,1.5681933197778744,1.4460228443145753,1.3238523688512762,77.13687080062869,73.00576845913521,NICK
1999-11-24,1.5151519775390625,1.5151519775390625,1.5151519775390625,1.5151519775390625,1.3744384050369263,0,1.5037881851196289,1.4867426872253418,1.4517046928405761,1.4553031158447265,1.4496212768554688,1.3357955121994018,57.425602891941686,0.01752076884152287,0.00893244951514575,0.008588319326377122,1.5756243012977045,1.4517046928405761,1.3277850843834478,73.23503822640743,74.91031653258328,NICK
1999-11-26,1.5151519775390625,1.5151519775390625,1.5151519775390625,1.5151519775390625,1.3744384050369263,0,1.5132579803466797,1.4867426872253418,1.4573865413665772,1.4537879753112792,1.4537879467010497,1.337310667037964,57.425602891941686,0.01881348741963662,0.010908657096043923,0.007904830323592698,1.581998926080247,1.4573865413665772,1.3327741566529074,80.07259871579693,76.81483591427775,NICK
1999-11-29,1.5151519775390625,1.5151519775390625,1.5151519775390625,1.5151519775390625,1.3744384050369263,0,1.5151519775390625,1.4867426872253418,1.463068389892578,1.452272834777832,1.4571970462799073,1.3382576370239259,57.425602891941686,0.019611902403405157,0.01264930615751617,0.006962596245888988,1.5873348627101054,1.463068389892578,1.3388019170750507,88.40587959699285,80.57117217973247,NICK
1999-11-30,1.5151519775390625,1.5151519775390625,1.5151519775390625,1.5151519775390625,1.3744384050369263,0,1.5151519775390625,1.4943184852600098,1.468750238418579,1.4507576942443847,1.4613637161254882,1.3392046070098877,57.42560289194169,0.020013943745065266,0.014122233675025988,0.005891710070039278,1.5916233391673162,1.468750238418579,1.345877137669842,100.00000000000007,89.49282610426336,NICK
1999-12-01,1.5151519775390625,1.5151519775390625,1.5151519775390625,1.5151519775390625,1.3744384050369263,0,1.5151519775390625,1.5018942832946778,1.4744320869445802,1.4492425537109375,1.4643940258026122,1.3401515769958496,57.425602891941686,0.020100854269214263,0.015317957793863643,0.00478289647535062,1.5948279933838416,1.4744320869445802,1.3540361805053187,100.00000000000007,96.13529319899773,NICK
1999-12-02,1.5151519775390625,1.5151519775390625,1.5151519775390625,1.5151519775390625,1.3744384050369263,0,1.5151519775390625,1.5094700813293458,1.482007884979248,1.4477274131774902,1.4674243354797363,1.3410985469818115,57.425602891941686,0.019939876995892503,0.016242341634269415,0.0036975353616230874,1.5921989530928586,1.482007884979248,1.3718168168656373,100.00000000000007,100.00000000000013,NICK
1999-12-03,1.5151519775390625,1.5151519775390625,1.5151519775390625,1.5151519775390625,1.3744384050369263,330,1.5151519775390625,1.514204978942871,1.4933715343475342,1.449621353149414,1.471212215423584,1.3426137018203734,57.425602891941686,0.01958652013507467,0.016911177334430465,0.0026753428006442044,1.5590072106125452,1.4933715343475342,1.4277358580825232,100.00000000000007,100.00000000000013,NICK
1999-12-06,1.5151519775390625,1.5151519775390625,1.5151519775390625,1.5151519775390625,1.3744384050369263,0,1.5151519775390625,1.5151519775390625,1.4971594333648681,1.4526516723632812,1.474242525100708,1.3441288566589356,57.42560289194169,0.01908646538503156,0.017346234944550683,0.0017402304404808763,1.5585011966306974,1.4971594333648681,1.4358176700990388,100.00000000000007,100.00000000000013,NICK
1999-12-07,1.4393939971923828,1.4393939971923828,1.4393939971923828,1.4393939971923828,1.3057163953781128,330,1.5000003814697265,1.5075761795043945,1.4971594333648681,1.4541668319702148,1.4765152549743652,1.3452652215957641,41.790834587163566,0.012433803369336083,0.016363748629507763,-0.00392994526017168,1.5585011966306974,1.4971594333648681,1.4358176700990388,66.66666666666674,88.88888888888903,NICK
1999-12-08,1.4393939971923828,1.4393939971923828,1.401515007019043,1.401515007019043,1.2713550329208374,5610,1.4772729873657227,1.4962124824523926,1.4914775848388673,1.457386531829834,1.4785985851287842,1.346212191581726,36.44754346739609,0.004058222193703553,0.013902643342346921,-0.009844421148643367,1.5649520922472369,1.4914775848388673,1.4180030774304977,33.33333333333341,66.66666666666681,NICK
1999-12-09,1.401515007019043,1.401515007019043,1.401515007019043,1.401515007019043,1.2713550329208374,0,1.4545455932617188,1.4848487854003907,1.4857957363128662,1.460606231689453,1.4799243450164794,1.347159161567688,36.447543467396095,-0.002550090376307157,0.010612096598616106,-0.013162186974923263,1.5681117574501033,1.4857957363128662,1.403479715175629,7.579122514774402e-14,33.33333333333348,NICK
1999-12-10,1.2878789901733398,1.2878789901733398,1.2878789901733398,1.2878789901733398,1.1682724952697754,1980,1.4090909957885742,1.4621214866638184,1.4744320869445802,1.456250171661377,1.4801137447357178,1.3474432516098023,25.22581107426595,-0.016763463786356958,0.005136984521621493,-0.02190044830797845,1.5924204216591198,1.4744320869445802,1.3564437522300405,7.579122514774402e-14,11.111111111111255,NICK
1999-12-13,1.2878789901733398,1.5151519775390625,1.2878789901733398,1.5151519775390625,1.3744384050369263,21450,1.4090909957885742,1.4621214866638184,1.4744320869445802,1.456250171661377,1.4825758743286133,1.3488637065887452,55.04047262935181,-0.00957822215210613,0.002193943186875968,-0.011772165338982099,1.5924204216591198,1.4744320869445802,1.3564437522300405,33.33333333333341,11.111111111111255,NICK
1999-12-14,1.3257579803466797,1.5151519775390625,1.3257579803466797,1.5151519775390625,1.3744384050369263,990,1.4242425918579102,1.4621214866638184,1.478219985961914,1.456250171661377,1.4850380039215088,1.3503788614273071,55.040472629351825,-0.0038396058044496417,0.000987233388610846,-0.004826839193060488,1.5963298617731971,1.478219985961914,1.360110110150631,66.66666666666674,33.33333333333348,NICK
1999-12-15,1.5151519775390625,1.5151519775390625,1.5151519775390625,1.5151519775390625,1.3744384050369263,0,1.446969985961914,1.4621214866638184,1.482007884979248,1.4592804908752441,1.4857955837249757,1.3518940162658692,55.04047262935181,0.000700217326101038,0.0009298301761088845,-0.00022961285000784647,1.5997527488497374,1.482007884979248,1.3642630211087585,100.00000000000007,66.66666666666681,NICK
1999-12-16,1.5151519775390625,1.5151519775390625,1.5151519775390625,1.5151519775390625,1.3744384050369263,0,1.4696973800659179,1.4621214866638184,1.485795783996582,1.4592804908752441,1.4842804336547852,1.353125081062317,55.04047262935181,0.004249079125522748,0.001593679965991657,0.0026553991595310907,1.6026845248567552,1.485795783996582,1.368907043136409,100.00000000000007,88.88888888888903,NICK
1999-12-17,1.5151519775390625,1.5151519775390625,1.5151519775390625,1.5151519775390625,1.3744384050369263,0,1.5151519775390625,1.4621214866638184,1.4881632328033447,1.4592804908752441,1.4827652835845948,1.3542614459991456,55.04047262935181,0.006981103850135062,0.0026711647428203384,0.0043099391073147236,1.6054158134113672,1.4881632328033447,1.3709106521953223,100.00000000000007,100.00000000000013,NICK
1999-12-20,1.4393939971923828,1.4393939971923828,1.4393939971923828,1.4393939971923828,1.3057163953781128,6600,1.5000003814697265,1.4545456886291503,1.4848488330841065,1.4577653312683105,1.4804925537109375,1.3550190210342408,46.154650355324094,0.00299865067110594,0.0027366619284774586,0.0002619887426284816,1.6036702661837998,1.4848488330841065,1.3660273999844132,88.88884226486464,96.29628075495499,NICK
1999-12-21,1.4393939971923828,1.4393939971923828,1.4393939971923828,1.4393939971923828,1.3057163953781128,0,1.4848487854003907,1.4545456886291503,1.4810609340667724,1.456250171661377,1.4782198238372803,1.355776596069336,46.15465035532409,-0.00015567761070989228,0.0021581940206399884,-0.0023138716313498807,1.6006047024381174,1.4810609340667724,1.3615171656954275,77.77768452972919,88.8888422648647,NICK
1999-12-22,1.4393939971923828,1.4393939971923828,1.4393939971923828,1.4393939971923828,1.3057163953781128,6600,1.4696971893310546,1.4583335876464845,1.4772730350494385,1.4575759315490722,1.475947093963623,1.3568182611465454,46.15465035532409,-0.0026252433288196375,0.0012015065507480632,-0.0038267498795677007,1.5970566178863697,1.4772730350494385,1.3574894522125074,66.66652679459374,77.77768452972926,NICK
1999-12-23,1.4393939971923828,1.4393939971923828,1.4393939971923828,1.4393939971923828,1.3057163953781128,0,1.4545455932617188,1.4621214866638184,1.4734851360321044,1.458333511352539,1.4736743640899659,1.357859926223755,46.15465035532409,-0.004530170961768221,5.5171048244806497e-05,-0.004585342010013027,1.5930289164908165,1.4734851360321044,1.3539413555733923,66.66652679459374,70.37024603963896,NICK
1999-12-27,1.4393939971923828,1.4393939971923828,1.4393939971923828,1.4393939971923828,1.3057163953781128,0,1.4393939971923828,1.4772729873657227,1.4696972370147705,1.458333511352539,1.4744319438934326,1.3589015913009643,46.15465035532409,-0.005971009751551071,-0.001150065111714369,-0.004820944639836702,1.5885186944361513,1.4696972370147705,1.3508757795933897,66.66652679459374,66.66652679459379,NICK
1999-12-28,1.4393939971923828,1.4393939971923828,1.4393939971923828,1.4393939971923828,1.3057163953781128,6270,1.4393939971923828,1.4696971893310546,1.4659093379974366,1.458333511352539,1.4751895236968995,1.359943256378174,46.15465035532409,-0.0070318263560642524,-0.0023264173605843457,-0.004705408995479906,1.583517061423231,1.4659093379974366,1.3483016145716422,66.66652679459374,66.66652679459379,NICK
1999-12-29,1.553030014038086,1.553030014038086,1.553030014038086,1.553030014038086,1.4087989330291748,330,1.4621212005615234,1.473484992980957,1.4678032398223877,1.460606231689453,1.4770834636688233,1.3615531015396118,60.918075443422225,0.0012821656976760298,-0.0016047007489322705,0.0028868664466083003,1.5896648994281115,1.4678032398223877,1.3459415802166639,77.77768452972919,70.37024603963896,NICK
1999-12-30,1.3446969985961914,1.3446969985961914,1.3446969985961914,1.3446969985961914,1.2198139429092407,6600,1.4431818008422852,1.45643949508667,1.4592804908752441,1.4560607719421386,1.475757703781128,1.3621212816238404,39.52294297102289,-0.008837792366099384,-0.003051319072365693,-0.0057864732937336905,1.5902093410821148,1.4592804908752441,1.3283516406683735,62.69835751076647,69.04752294502987,NICK
1999-12-31,1.5151519775390625,1.6287879943847656,1.5151519775390625,1.6287879943847656,1.4775211811065674,12870,1.4810606002807618,1.4678030967712403,1.4649622917175293,1.4583334922790527,1.4776516437530518,1.3638258266448975,60.10132830907735,0.005996710722237619,-0.0012417131134450305,0.00723842383568265,1.6137422181795618,1.4649622917175293,1.316182365255497,73.80951524590192,71.42851909546594,NICK
2000-01-03,1.5151519775390625,1.5151519775390625,1.5151519775390625,1.5151519775390625,1.3744384050369263,1980,1.4962121963500976,1.4678030967712403,1.4649622917175293,1.460606231689453,1.4780304336547851,1.364962191581726,52.418078406962955,0.008485864667320264,0.0007038024427080283,0.007782062224612236,1.6137422181795618,1.4649622917175293,1.316182365255497,61.309541471970626,65.93913807621308,NICK
2000-01-04,1.553030014038086,1.6287879943847656,1.553030014038086,1.6287879943847656,1.4775211811065674,5940,1.5340909957885742,1.4867424964904785,1.4706440925598145,1.4651516914367675,1.478788013458252,1.3666667366027831,58.176062827352446,0.01940433289497867,0.004443908533162157,0.014960424361816514,1.6345657394924646,1.4706440925598145,1.3067224456271644,87.50002622606878,74.20636098131386,NICK
2000-01-05,1.6287879943847656,1.6571969985961914,1.6287879943847656,1.6287879943847656,1.4775211811065674,13860,1.5492425918579102,1.5056818962097167,1.4801137924194336,1.469697151184082,1.4803031635284425,1.3687500715255738,58.176062827352446,0.02773755634519559,0.009102638095568844,0.018634918249626747,1.6570832545200342,1.4801137924194336,1.303144330318833,84.4697324435167,77.75976671385212,NICK
2000-01-06,1.6287879943847656,1.6287879943847656,1.6287879943847656,1.6287879943847656,1.4775211811065674,660,1.606060791015625,1.5246212959289551,1.4914774417877197,1.4742426109313964,1.481818313598633,1.370738706588745,58.17606282735246,0.03395033760852595,0.014072177998160264,0.019878159610365684,1.6758328329783134,1.4914774417877197,1.307122050597126,93.93941243489591,88.63639036816055,NICK
2000-01-07,1.6287879943847656,1.6287879943847656,1.6287879943847656,1.6287879943847656,1.4775211811065674,5280,1.606060791015625,1.5435606956481933,1.502841091156006,1.4787880706787109,1.4833334636688233,1.3727273416519166,58.17606282735246,0.038431002842092,0.01894394296694661,0.019487059875145388,1.6915805141448828,1.502841091156006,1.3141016681671291,90.90911865234382,89.77275451025223,NICK
2000-01-10,1.6287879943847656,1.6287879943847656,1.6287879943847656,1.6287879943847656,1.4775211811065674,1980,1.6287879943847656,1.5625000953674317,1.5198865413665772,1.4833335304260253,1.4852274036407471,1.3747159767150878,58.17606282735246,0.04150353540010432,0.023455861453578152,0.018047673946526167,1.6883833182302792,1.5198865413665772,1.3513897645028752,90.90911865234382,91.91921657986126,NICK
2000-01-11,1.5909090042114258,1.5909090042114258,1.553030014038086,1.5909090042114258,1.443159818649292,7260,1.6212121963500976,1.577651596069336,1.5236743927001952,1.487121410369873,1.4867425537109376,1.3766099166870118,54.96449878091122,0.04041612966506003,0.026847915095874527,0.013568214569185503,1.6949581554138253,1.5236743927001952,1.3523906299865651,86.86869303385424,89.56231011284736,NICK
2000-01-12,1.5909090042114258,1.5909090042114258,1.5909090042114258,1.5909090042114258,1.443159818649292,0,1.6136363983154296,1.58143949508667,1.5274622440338135,1.4909092903137207,1.488257703781128,1.378314461708069,54.96449878091122,0.039103590930594345,0.02929905026281849,0.009804540667775856,1.7011582669687473,1.5274622440338135,1.3537662210988797,82.82826741536466,86.86869303385431,NICK
2000-01-13,1.5909090042114258,1.5909090042114258,1.5909090042114258,1.5909090042114258,1.443159818649292,0,1.6060606002807618,1.6060606956481933,1.5312500953674317,1.4946971702575684,1.4890152740478515,1.380019006729126,54.96449878091122,0.03762962364939648,0.03096516494013409,0.0066644587092623934,1.7069990835741444,1.5312500953674317,1.355501107160719,78.78784179687507,82.82826741536473,NICK
2000-01-14,1.5909090042114258,1.6287879943847656,1.5909090042114258,1.6287879943847656,1.4775211811065674,19470,1.6060606002807618,1.6060606956481933,1.5369318962097167,1.5000002098083496,1.4897728538513184,1.3819129467010498,57.869353611780994,0.03906766418479979,0.03258566478906723,0.00648199939573256,1.7175128306459384,1.5369318962097167,1.356350961773495,82.82826741536466,81.48145887586821,NICK
2000-01-18,1.6287879943847656,1.6666669845581055,1.6287879943847656,1.6666669845581055,1.5118820667266846,41580,1.6136363983154296,1.6212121963500976,1.5445076465606689,1.507575969696045,1.4912880039215088,1.3839962816238403,60.605796805791044,0.042770804399472784,0.03462269271114834,0.008148111688324446,1.7333230896966367,1.5445076465606689,1.355692203424701,89.89898681640632,83.83836534288208,NICK
2000-01-19,1.7424240112304688,1.7424240112304688,1.7424240112304688,1.7424240112304688,1.5806033611297607,660,1.6439393997192382,1.632575798034668,1.5596591472625732,1.5136365699768066,1.492424364089966,1.3866477966308595,65.44045272823578,0.051228004081134815,0.037943754985145635,0.01328424909598918,1.7605506635012405,1.5596591472625732,1.3587676310239059,96.96970621744799,89.8989868164064,NICK
2000-01-20,1.6287879943847656,1.7424240112304688,1.6287879943847656,1.704545021057129,1.546242356300354,34320,1.666666603088379,1.6401515007019043,1.5729166984558105,1.5189395904541017,1.4931819343566894,1.3891099166870118,61.383980976611184,0.05424853448363898,0.0412047108848443,0.013043823598794677,1.7753024505799775,1.5729166984558105,1.3705309463316435,94.44439782022455,93.77103028469303,NICK
2000-01-21,1.723484992980957,1.723484992980957,1.704545021057129,1.704545021057129,1.546242356300354,2640,1.6893938064575196,1.6477272033691406,1.5861742496490479,1.5227274513244629,1.4943182945251465,1.391572036743164,61.38398097661118,0.05599682999006106,0.044163134705887654,0.011833695284173405,1.7865650745885426,1.5861742496490479,1.385783424709553,88.88879564044903,93.43429989270726,NICK
2000-01-24,1.723484992980957,1.723484992980957,1.6666669845581055,1.6666669845581055,1.5118820667266846,30690,1.6969696044921876,1.6515151023864747,1.597537899017334,1.5257577514648437,1.4950758743286132,1.3938447666168212,57.26712234794679,0.05370682691978512,0.04607187314866715,0.007634953771117975,1.7889194033077167,1.597537899017334,1.406156394726951,75.55556301509279,86.29625215858886,NICK
2000-01-25,1.7424240112304688,1.7424240112304688,1.7424240112304688,1.7424240112304688,1.5806033611297607,8910,1.7121210098266602,1.6628787040710449,1.6126893997192382,1.5303031921386718,1.4965910243988036,1.3964015817642212,62.660920136882424,0.05734391693352059,0.048326281905637834,0.009017635027882755,1.7995184837932496,1.6126893997192382,1.4258603156452268,81.11116519486832,81.85184128347011,NICK
2000-01-26,1.704545021057129,1.704545021057129,1.704545021057129,1.704545021057129,1.546242356300354,1650,1.7045452117919921,1.6742423057556153,1.6259469509124755,1.5340910530090333,1.4986743545532226,1.3988637018203736,58.6731331094038,0.0565183111249441,0.04996468774949909,0.00655362337544501,1.7988147840343538,1.6259469509124755,1.4530791177905973,80.00006713865149,78.88893178287094,NICK
2000-01-27,1.704545021057129,1.704545021057129,1.704545021057129,1.704545021057129,1.546242356300354,0,1.7045452117919921,1.6856059074401855,1.6335227012634277,1.539394073486328,1.5007576847076416,1.4011364269256592,58.6731331094038,0.05522738564956442,0.05101722732951215,0.004210158320052268,1.8062243953610762,1.6335227012634277,1.4608210071657792,86.66659952801537,82.59261062051179,NICK
2000-01-28,1.704545021057129,1.704545021057129,1.704545021057129,1.704545021057129,1.546242356300354,0,1.7045452117919921,1.6969695091247559,1.6515151023864747,1.544697093963623,1.5028410148620606,1.4034091520309449,58.6731331094038,0.05358660488509792,0.051531102840629305,0.002055502044468617,1.764898283806983,1.6515151023864747,1.5381319209659663,79.99989929202302,82.2221886528967,NICK
2000-01-31,1.6666669845581055,1.6666669845581055,1.6666669845581055,1.6666669845581055,1.5118820667266846,47850,1.7045452117919921,1.7007574081420898,1.6534090518951416,1.5492425537109376,1.504356164932251,1.4054924869537353,54.35295672859386,0.04866880958099151,0.050958644188701746,-0.002289834607710234,1.7664754450856779,1.6534090518951416,1.5403426587046054,73.33336690265912,79.99995524089924,NICK
2000-02-01,1.6666669845581055,1.6666669845581055,1.6666669845581055,1.6666669845581055,1.5118820667266846,660,1.6893938064575196,1.7007574081420898,1.6609848022460938,1.5532198333740235,1.5058713150024414,1.407575821876526,54.35295672859386,0.044261205743518106,0.049619156499665015,-0.005357950756146909,1.754614883573602,1.6609848022460938,1.5673547209185856,63.333505376259666,72.22225719031401,NICK
2000-02-02,1.6666669845581055,1.723484992980957,1.6666669845581055,1.6666669845581055,1.5118820667266846,3630,1.6818181991577148,1.6931817054748535,1.6628787517547607,1.5564395332336425,1.5073864650726319,1.4096591567993164,54.35295672859386,0.04030355366864824,0.04775603593346166,-0.007452482264813418,1.7553523939578426,1.6628787517547607,1.570405109551679,53.33364384986021,63.333505376259744,NICK
2000-02-03,1.6287879943847656,1.6287879943847656,1.6287879943847656,1.6287879943847656,1.4775211811065674,660,1.6666667938232422,1.6856060028076172,1.6628787517547607,1.5587122535705566,1.508522825241089,1.4115530967712402,49.775320787118694,0.03372184352586394,0.04494919745194211,-0.011227353926078175,1.7553523939578426,1.6628787517547607,1.570405109551679,41.66692892735389,52.778026051158,NICK
2000-02-04,1.6287879943847656,1.6287879943847656,1.6287879943847656,1.6287879943847656,1.4775211811065674,1650,1.6515153884887694,1.678030300140381,1.6628787517547607,1.5609849739074706,1.5089016151428223,1.4132576417922973,49.775320787118694,0.028180938502020414,0.04159554566195777,-0.013414607159937357,1.7553523939578426,1.6628787517547607,1.570405109551679,25.000157356412373,40.00024337787557,NICK
2000-02-07,1.553030014038086,1.5909090042114258,1.553030014038086,1.553030014038086,1.4087989330291748,4620,1.6287879943847656,1.666666603088379,1.6590908527374268,1.5617425346374512,1.508522825241089,1.414583396911621,41.640729018765114,0.01747525164939323,0.03677148685944486,-0.01929623521005163,1.7624102355966764,1.6590908527374268,1.5557714698781773,8.333385785470858,25.000157356412448,NICK
2000-02-08,1.5909090042114258,1.5909090042114258,1.5340909957885742,1.5340909957885742,1.3916188478469849,11220,1.6022727966308594,1.6458333015441895,1.6543560028076172,1.5621213150024413,1.5079546451568604,1.416003851890564,39.88582243014731,0.007377652213335306,0.03089271993022295,-0.023515067716887644,1.7706597424790727,1.6543560028076172,1.5380522631361617,9.947598300641403e-14,11.11118104729452,NICK
2000-02-09,1.5340909957885742,1.5340909957885742,1.5340909957885742,1.5340909957885742,1.3916188478469849,3300,1.5757575988769532,1.628787899017334,1.6515151023864747,1.5625000953674317,1.5073864650726319,1.41723491191864,39.885822430147314,-0.0006176482247539639,0.024590646299227567,-0.02520829452398153,1.7763426116031429,1.6515151023864747,1.5266875931698065,9.947598300641403e-14,2.777795261823762,NICK
2000-02-10,1.5340909957885742,1.5340909957885742,1.5151519775390625,1.5151519775390625,1.3744384050369263,29700,1.5530303955078124,1.6098485946655274,1.6477272510528564,1.5625000953674317,1.5066288948059081,1.417992491722107,38.02716645288667,-0.008385538648006952,0.017995409309780663,-0.026380947957787615,1.78377458223861,1.6477272510528564,1.511679919867103,9.947598300641403e-14,1.758593271006248e-13,NICK
2000-02-11,1.5151519775390625,1.5151519775390625,1.5151519775390625,1.5151519775390625,1.3744384050369263,0,1.5303031921386718,1.5909092903137207,1.6439393997192382,1.5625000953674317,1.5058713245391846,1.4187500715255736,38.02716645288666,-0.01437593098932477,0.011521141249959576,-0.025897072239284346,1.7899567378900563,1.6439393997192382,1.4979220615484201,9.947598300641403e-14,1.758593271006248e-13,NICK
2000-02-14,1.5151519775390625,1.5151519775390625,1.5151519775390625,1.5151519775390625,1.3744384050369263,0,1.5227275848388673,1.5757577896118165,1.6382575988769532,1.5625000953674317,1.5051137542724609,1.4195076513290406,38.027166452886675,-0.018905430048883565,0.005435826990190948,-0.024341257039074513,1.794664947198202,1.6382575988769532,1.4818502505557045,9.947598300641403e-14,1.758593271006248e-13,NICK
2000-02-15,1.5340909957885742,1.5814390182495117,1.5151519775390625,1.5814390182495117,1.4345695972442627,36300,1.5321971893310546,1.567234992980957,1.6339962005615234,1.5638258361816406,1.5067235946655273,1.4205966663360596,48.515012255127665,-0.016950881277631558,0.0009584853366264466,-0.017909366614258005,1.791713898136721,1.6339962005615234,1.4762785029863257,10.605942697056216,3.535314232352215,NICK
2000-02-16,1.5814390182495117,1.5814390182495117,1.4772729873657227,1.4772729873657227,1.34007728099823,6600,1.5208335876464845,1.5482955932617188,1.620738649368286,1.563068256378174,1.5078599643707276,1.4210938262939452,37.71389856912226,-0.02353590813672346,-0.003940393358043535,-0.019595514778679924,1.7842407489249876,1.620738649368286,1.4572365498115845,10.605942697056216,7.070628464704254,NICK
2000-02-17,1.6287879943847656,1.6287879943847656,1.6287879943847656,1.6287879943847656,1.4775211811065674,2640,1.543560791015625,1.5482955932617188,1.616950798034668,1.5668561363220215,1.5105114841461182,1.4223485612869262,53.81917810439628,-0.016340234510427765,-0.006420361588520381,-0.009919872921907383,1.7759596094020034,1.616950798034668,1.4579419866673327,31.11875327811587,17.443546224076176,NICK
2000-02-18,1.6098480224609375,1.6098480224609375,1.6098480224609375,1.6098480224609375,1.4603402614593506,2640,1.5625,1.546401596069336,1.6122159481048584,1.5710227966308594,1.5142046642303466,1.423508596420288,52.008828087434765,-0.012027265930923958,-0.007541742457001096,-0.004485523473922862,1.766065443326038,1.6122159481048584,1.4583664528836786,38.46143914392999,26.728711706367434,NICK
2000-02-22,1.5909090042114258,1.6477270126342773,1.5909090042114258,1.6477270126342773,1.4947011470794678,10230,1.589015007019043,1.5558712959289551,1.611268949508667,1.575947036743164,1.5182766342163085,1.4248580265045165,55.25083662673185,-0.005489410808585671,-0.007131276127318011,0.0016418653187323402,1.76399518831878,1.611268949508667,1.4585427106985538,61.538302630287916,43.70616501744467,NICK
2000-02-23,1.5246210098266602,1.5909090042114258,1.5246210098266602,1.5909090042114258,1.443159818649292,41250,1.5909090042114258,1.5615530967712403,1.6036931991577148,1.5820076370239258,1.5191289043426515,1.426373176574707,49.81478743204721,-0.004837092956626821,-0.006672439493179773,0.001835346536552952,1.744186300337151,1.6036931991577148,1.4632000979782787,63.24771427145049,54.41581868188954,NICK
2000-02-24,1.5246210098266602,1.6666669845581055,1.5151519775390625,1.6666669845581055,1.5118820667266846,15840,1.6287878036499024,1.5748106956481933,1.6017992973327637,1.5850379371643066,1.520644054412842,1.427888331413269,56.02714253618889,0.00177247750155618,-0.004983456094232582,0.006755933595788762,1.73775107391537,1.6017992973327637,1.4658475207501573,78.6324190419136,67.80614531455075,NICK
2000-02-25,1.6666669845581055,1.6666669845581055,1.6666669845581055,1.6666669845581055,1.5118820667266846,0,1.6363636016845704,1.5899621963500976,1.5999053955078124,1.5880682373046875,1.5221592044830323,1.4297822713851929,56.02714253618889,0.0069307167209125,-0.0026006215312035655,0.009531338252116064,1.7310494564482262,1.5999053955078124,1.4687613345673987,88.88888888888899,76.9230074007511,NICK
2000-02-28,1.6666669845581055,1.6666669845581055,1.6666669845581055,1.6666669845581055,1.5118820667266846,0,1.6477273941040038,1.605113697052002,1.5980114936828613,1.5910985374450684,1.5251895141601564,1.4316762113571166,56.02714253618889,0.010893089707919135,9.812071662097452e-05,0.01079496899129816,1.7240509675429836,1.5980114936828613,1.471972019822739,100.0000000000001,89.17376931026764,NICK
2000-02-29,1.6666669845581055,1.6666669845581055,1.6666669845581055,1.6666669845581055,1.5118820667266846,0,1.6515153884887694,1.6202651977539062,1.5980114936828613,1.5941288375854492,1.5267046642303468,1.433948941230774,56.02714253618889,0.013873375213888206,0.002853171616074421,0.011020203597813786,1.7240509675429836,1.5980114936828613,1.471972019822739,100.0000000000001,96.29629629629649,NICK
2000-03-01,1.6666669845581055,1.6666669845581055,1.6666669845581055,1.6666669845581055,1.5118820667266846,0,1.6666669845581055,1.6287879943847656,1.5980114936828613,1.59715913772583,1.5282198143005372,1.4367898511886597,56.027142536188876,0.01605025559362039,0.005492588411583614,0.010557667182036774,1.7240509675429836,1.5980114936828613,1.471972019822739,100.0000000000001,100.00000000000021,NICK
2000-03-02,1.6666669845581055,1.6666669845581055,1.6666669845581055,1.6666669845581055,1.5118820667266846,0,1.6666669845581055,1.6477273941040038,1.5980114936828613,1.6017045974731445,1.5297349643707276,1.4396307611465453,56.02714253618889,0.01757287975901023,0.007908646681068937,0.009664233077941292,1.7240509675429836,1.5980114936828613,1.471972019822739,100.0000000000001,100.00000000000021,NICK
2000-03-03,1.5909090042114258,1.5909090042114258,1.5909090042114258,1.5909090042114258,1.443159818649292,19800,1.6515153884887694,1.64393949508667,1.5961175441741944,1.6047348976135254,1.5304925346374512,1.4420928812026979,46.95919063782646,0.012522186530346868,0.008831354650924524,0.0036908318794223443,1.7213862603974244,1.5961175441741944,1.4708488279509644,86.66659952801537,95.55553317600528,NICK
2000-03-06,1.6477270126342773,1.6477270126342773,1.6477270126342773,1.6477270126342773,1.4947011470794678,660,1.6477273941040038,1.6477273941040038,1.59706449508667,1.6089015579223633,1.5332387447357179,1.4442709112167358,53.091256819783275,0.01295487841591969,0.009656059403923558,0.003298819011996133,1.7235868258573628,1.59706449508667,1.470542164315977,83.33316548670496,89.99992167157357,NICK
2000-03-07,1.6477270126342773,1.6477270126342773,1.6477270126342773,1.6477270126342773,1.4947011470794678,0,1.6439393997192382,1.6477273941040038,1.6017993450164796,1.6130682182312013,1.5357008647918702,1.446448941230774,53.091256819783275,0.01314624808791054,0.010354097140720954,0.0027921509471895856,1.728463294113396,1.6017993450164796,1.4751353959195632,79.99973144539454,83.33316548670506,NICK
2000-03-08,1.5151519775390625,1.5909090042114258,1.5151519775390625,1.5909090042114258,1.443159818649292,35310,1.6287878036499024,1.6477273941040038,1.604640245437622,1.6160985183715821,1.5372160148620606,1.4487216663360596,46.814357979796895,0.008613876098183981,0.01000605293221356,-0.0013921768340295782,1.727596778137401,1.604640245437622,1.481683712737843,76.66636034643774,79.99975242617917,NICK
2000-03-09,1.571969985961914,1.5909090042114258,1.5151519775390625,1.5151519775390625,1.3744384050369263,52470,1.5984848022460938,1.6325758934020995,1.6036932945251465,1.6176136779785155,1.5379735946655273,1.4506156063079834,40.0203693847203,-0.00107858700265262,0.007789124945240323,-0.008867711947892943,1.7290763586227997,1.6036932945251465,1.4783102304274933,46.66646105441483,67.7775176154158,NICK
2000-03-10,1.5151519775390625,1.5151519775390625,1.5151519775390625,1.5151519775390625,1.3744384050369263,0,1.583333396911621,1.6174243927001952,1.6036932945251465,1.6168561172485352,1.5387311744689942,1.4523201560974122,40.0203693847203,-0.008660105534616935,0.004499278849268871,-0.013159384383885806,1.7290763586227997,1.6036932945251465,1.4783102304274933,16.666561762391908,46.666461054414924,NICK
2000-03-13,1.5151519775390625,1.5151519775390625,1.4962120056152344,1.5151519775390625,1.3744384050369263,18810,1.556818389892578,1.602272891998291,1.6036932945251465,1.6202652168273926,1.5381629943847657,1.4540247058868407,40.0203693847203,-0.014501351045020705,0.0006991528704109553,-0.01520050391543166,1.7290763586227997,1.6036932945251465,1.4783102304274933,3.7038073125018385,22.345610043102955,NICK
2000-03-14,1.5151519775390625,1.5151519775390625,1.5151519775390625,1.5151519775390625,1.3744384050369263,0,1.530303382873535,1.5871213912963866,1.6036932945251465,1.6179924964904786,1.5381629943847657,1.4557292556762695,40.0203693847203,-0.01891256788599205,-0.003223191280869646,-0.0156893766051224,1.7290763586227997,1.6036932945251465,1.4783102304274933,7.407614625003586,9.259327899965873,NICK
2000-03-15,1.5151519775390625,1.5151519775390625,1.5151519775390625,1.5151519775390625,1.3744384050369263,0,1.5151519775390625,1.5719698905944823,1.600378942489624,1.6179924964904786,1.539299364089966,1.4580019855499267,40.0203693847203,-0.02215312161739713,-0.007009177348175143,-0.015143944269221988,1.7313210497167137,1.600378942489624,1.4694368352625342,11.111421937505336,7.407614625003684,NICK
2000-03-16,1.5151519775390625,1.5151519775390625,1.5151519775390625,1.5151519775390625,1.3744384050369263,1980,1.5151519775390625,1.556818389892578,1.602272891998291,1.6157197761535644,1.540435733795166,1.4595171403884888,40.020369384720304,-0.024439559764596108,-0.010495253831459337,-0.013944305933136772,1.7269853578533503,1.602272891998291,1.4775604261432316,11.111421937505336,9.87681950000485,NICK
2000-03-17,1.5151519775390625,1.571969985961914,1.4867420196533203,1.571969985961914,1.4259798526763916,17820,1.526515579223633,1.554924488067627,1.5994319915771484,1.6145834159851074,1.5421402835845948,1.461316385269165,48.726238037386196,-0.021419924481352215,-0.012680187961437913,-0.008739736519914302,1.724187590131983,1.5994319915771484,1.474676393022314,23.197153401847903,15.139999092286288,NICK
2000-03-20,1.553030014038086,1.553030014038086,1.4867420196533203,1.4867420196533203,1.348667025566101,8250,1.5208335876464845,1.5388259887695312,1.5932766914367675,1.6117424964904785,1.5429925537109375,1.4626894903182983,39.47135108663403,-0.025608823785691737,-0.015265915126288677,-0.01034290865940306,1.727181567024133,1.5932766914367675,1.459371815849402,19.493346089346158,17.933973809566563,NICK
2000-03-21,1.4867420196533203,1.5909090042114258,1.2121210098266602,1.5151519775390625,1.3744384050369263,104610,1.5208335876464845,1.5255684852600098,1.5866479396820068,1.6094697761535643,1.5441289234161377,1.4642046451568604,43.334988515152865,-0.026332565075577463,-0.017479245116146434,-0.00885331995943103,1.7222299480584113,1.5866479396820068,1.4510659313056022,38.0117843110788,26.900761267424382,NICK
2000-03-22,1.392045021057129,1.392045021057129,1.25,1.25,1.1339116096496582,17160,1.4678031921386718,1.4914775848388673,1.5696024894714355,1.6018940162658692,1.5426137733459473,1.4643940401077271,26.39849460813378,-0.04775123734198772,-0.02353364356131469,-0.02421759378067303,1.7693098434374244,1.5696024894714355,1.3698951355054467,25.12081212339976,27.541980841275002,NICK
2000-03-23,1.25,1.25,1.25,1.25,1.1339116096496582,0,1.4147727966308594,1.4649623870849608,1.5487691402435302,1.5950758361816406,1.5410986232757569,1.4645834350585938,26.39849460813378,-0.06398807473200141,-0.031624529795452036,-0.032363544936549374,1.7868694562489353,1.5487691402435302,1.310668824238125,28.019378712565032,30.38399171568129,NICK
2000-03-24,1.25,1.25,1.25,1.25,1.1339116096496582,0,1.3503787994384766,1.4384471893310546,1.527935791015625,1.5882576560974122,1.5395834732055664,1.4647728300094605,26.398494608133788,-0.0759800347984565,-0.04049563079605293,-0.03548440400240357,1.7925643348562887,1.527935791015625,1.2633072471749613,8.695699767495922,20.611963534487,NICK
2000-03-27,1.25,1.25,1.25,1.25,1.1339116096496582,0,1.3030303955078124,1.4119319915771484,1.5071024417877197,1.5814394760131836,1.538068323135376,1.465341010093689,26.398494608133788,-0.08450957576450024,-0.04929841978974239,-0.03521115597475785,1.7897551340235736,1.5071024417877197,1.2244497495518658,9.130483296326824,15.281853925462686,NICK
2000-03-28,1.5151519775390625,1.5151519775390625,1.5151519775390625,1.5151519775390625,1.3744384050369263,6600,1.3030303955078124,1.4119319915771484,1.4995266914367675,1.5791667556762696,1.5395834827423096,1.4672349500656128,51.75830937727872,-0.0690774677631052,-0.05325422938441495,-0.015823238378690242,1.7726269785071302,1.4995266914367675,1.2264264043664048,32.89863372781675,16.908272263879926,NICK
2000-03-29,1.5151519775390625,1.5151519775390625,1.5151519775390625,1.5151519775390625,1.3744384050369263,7920,1.356060791015625,1.4119319915771484,1.4919509410858154,1.5761364555358888,1.5418562126159667,1.4691288900375366,51.75830937727872,-0.05619957724619318,-0.0538432989567706,-0.0023562782894225795,1.7542787002357252,1.4919509410858154,1.2296231819359056,56.66678415930668,32.89863372781684,NICK
2000-03-30,1.4772729873657227,1.4772729873657227,1.4772729873657227,1.4772729873657227,1.34007728099823,4290,1.4015153884887694,1.4081440925598145,1.4824812412261963,1.5708334350585937,1.5422350025177003,1.4712122249603272,48.96318018263133,-0.04849129668698504,-0.052772898502813484,0.0042816018158284425,1.7322713564322383,1.4824812412261963,1.2326911260201543,76.66680094396953,55.41073961036441,NICK
2000-03-31,1.553030014038086,1.553030014038086,1.4772729873657227,1.4772729873657227,1.34007728099823,25080,1.446969985961914,1.3986743927001952,1.476799440383911,1.5662879943847656,1.5426137924194336,1.473106164932251,48.963180182631326,-0.04189943816695596,-0.05059820643564198,0.00869876826868602,1.7215852231325433,1.476799440383911,1.232013657635279,73.33345082597334,68.88901197641661,NICK
2000-04-03,1.5151519775390625,1.5151519775390625,1.5151519775390625,1.5151519775390625,1.3744384050369263,11550,1.5000003814697265,1.4015153884887694,1.4701706886291503,1.5625001335144042,1.5426137924194336,1.4751894998550414,51.97127960994214,-0.033235704347784,-0.04712570601807038,0.013890001670286381,1.7029694310371006,1.4701706886291503,1.2373719462212,73.33345082597334,74.44456753197217,NICK
2000-04-04,1.4772729873657227,1.4962120056152344,1.4772729873657227,1.4962120056152344,1.3572577238082886,34980,1.4962123870849608,1.3996213912963866,1.4625949382781982,1.5590910339355468,1.5424243927001953,1.477178134918213,50.37257454111553,-0.027580005191669477,-0.0432165658527902,0.01563656066112072,1.6812180543762785,1.4625949382781982,1.243971822180118,75.00008392331432,73.88899519175378,NICK
2000-04-05,1.4772729873657227,1.4772729873657227,1.4772729873657227,1.4772729873657227,1.34007728099823,1980,1.488636589050293,1.422348690032959,1.456913137435913,1.553788013458252,1.542045602798462,1.4790720748901367,48.7574401907655,-0.024345404685367944,-0.03944233361930575,0.015096928933937805,1.6676668433841806,1.456913137435913,1.2461594314876454,75.00008392331432,74.4445395575341,NICK
2000-04-06,1.553030014038086,1.553030014038086,1.4962120056152344,1.553030014038086,1.4087989330291748,14520,1.5037879943847656,1.4526516914367675,1.4588070392608643,1.5507577133178712,1.542424383163452,1.4813447999954223,54.97623788102732,-0.015490437435224047,-0.03465195438248941,0.01916151694726536,1.672283303535552,1.4588070392608643,1.2453307749861766,78.33335011799628,76.11117265487509,NICK
2000-04-07,1.5246210098266602,1.553030014038086,1.5246210098266602,1.5340909957885742,1.3916188478469849,20790,1.515151596069336,1.481060791015625,1.4597539901733398,1.5473486328125,1.543371353149414,1.4833334350585938,53.23680831688129,-0.009887060704328876,-0.0296989756468573,0.019811914942528423,1.6743864969208788,1.4597539901733398,1.2451214834258009,81.66670023599245,78.33337809243447,NICK
2000-04-10,1.5909090042114258,1.5909090042114258,1.5909090042114258,1.5909090042114258,1.443159818649292,13200,1.5303030014038086,1.5151516914367675,1.463541841506958,1.545075912475586,1.5448865032196044,1.4857955551147461,57.57371486761197,-0.0008517869731228256,-0.023929537912110405,0.02307775093898758,1.6845311213882688,1.463541841506958,1.2425525616256474,91.66666666666676,83.88890567355195,NICK
2000-04-11,1.6287879943847656,1.6666669845581055,1.6287879943847656,1.6666669845581055,1.5118820667266846,46200,1.5643939971923828,1.5303031921386718,1.4711175918579102,1.545075912475586,1.5471592330932618,1.4886364650726318,62.559612109124615,0.012280209817991716,-0.01668758836608998,0.028967798184081697,1.708448452406217,1.4711175918579102,1.2337867313096036,95.00001678466295,89.4444612291075,NICK
2000-04-12,1.5151519775390625,1.6287879943847656,1.5151519775390625,1.6287879943847656,1.4775211811065674,36300,1.5946969985961914,1.5416667938232422,1.4767993927001952,1.544318332672119,1.5487690830230714,1.4912879800796508,58.836469998155295,0.01940718005568698,-0.009468634681734589,0.028875814737421568,1.7233374053219623,1.4767993927001952,1.2302613800784281,96.96968309808123,94.54545551647044,NICK
2000-04-13,1.6666669845581055,1.6666669845581055,1.6666669845581055,1.6666669845581055,1.5118820667266846,199320,1.6174243927001952,1.5606061935424804,1.4843751430511474,1.544318332672119,1.5503789329528808,1.4941288900375367,61.315797498276666,0.02779151002718816,-0.002016605739950039,0.0298081157671382,1.7441195944428771,1.4843751430511474,1.2246306916594176,96.96968309808123,96.31312766027527,NICK
2000-04-14,1.5909090042114258,1.5909090042114258,1.5909090042114258,1.5909090042114258,1.443159818649292,8910,1.6287879943847656,1.5719697952270508,1.4853220939636231,1.5435607528686524,1.5511365032196045,1.4964016151428223,54.274799892847824,0.028000345503960355,0.00398678450883204,0.024013560995128316,1.7464713129524905,1.4853220939636231,1.2241728749747558,83.6362826260965,92.52521627408646,NICK
2000-04-17,1.5151519775390625,1.5246210098266602,1.5151519775390625,1.5246210098266602,1.383028268814087,5280,1.6155303955078124,1.5729166984558105,1.48721604347229,1.5414774131774902,1.5512311935424805,1.498342900276184,48.97535277591696,0.022556939610293814,0.007700815529124395,0.014856124081169418,1.74892780117404,1.48721604347229,1.2255042857705403,61.66651560470114,80.75749377629309,NICK
2000-04-18,1.5151519775390625,1.6666669845581055,1.5151519775390625,1.6666669845581055,1.5118820667266846,4290,1.6155303955078124,1.5899621963500976,1.4947917938232422,1.5437501525878907,1.552746343612671,1.5011838102340698,58.358304315281664,0.029366406599698358,0.012033933743239187,0.01733247285645917,1.7678264453140373,1.4947917938232422,1.2217571423324471,61.66651560470114,68.98977127849973,NICK
2000-04-19,1.6666669845581055,1.704545021057129,1.6666669845581055,1.704545021057129,1.546242356300354,13200,1.6306818008422852,1.6126893997192382,1.5175190448760987,1.5471592330932618,1.5546402740478515,1.5042141103744506,60.44703166959291,0.03738840892921447,0.017104828780434244,0.020283580148780223,1.780761305836203,1.5175190448760987,1.2542767839159943,74.99991607668586,66.11098242869618,NICK
2000-04-20,1.704545021057129,1.704545021057129,1.5151519775390625,1.6666669845581055,1.5118820667266846,138270,1.6306818008422852,1.6240530967712403,1.5383523941040038,1.5498107528686524,1.556155424118042,1.5066762351989746,57.34914869933478,0.04022576500593078,0.02172901602553355,0.01849674898039723,1.7785525354511231,1.5383523941040038,1.2981522527568845,94.44453769288448,77.03698979142395,NICK
2000-04-24,1.6666669845581055,1.6666669845581055,1.6666669845581055,1.6666669845581055,1.5118820667266846,0,1.645833396911621,1.6373106956481933,1.5591857433319092,1.5528410530090333,1.5576705741882324,1.5095171451568603,57.349148699334776,0.04199035150471486,0.025781283121369812,0.01620906838334505,1.7656403396250064,1.5591857433319092,1.352731147038812,88.88907538576889,86.1111763851132,NICK
2000-04-25,1.5151519775390625,1.6666669845581055,1.5151519775390625,1.6666669845581055,1.5118820667266846,143220,1.6742425918579102,1.6448864936828613,1.5800190925598145,1.5558713531494142,1.5591857242584228,1.5117898750305176,57.349148699334776,0.042894339770090495,0.02920389445111395,0.013690445318976546,1.7351921096649214,1.5800190925598145,1.4248460754547077,83.3336130786533,88.889075385769,NICK
2000-04-26,1.6666669845581055,1.7424240112304688,1.6666669845581055,1.6666669845581055,1.5118820667266846,63690,1.6742425918579102,1.6448864936828613,1.5875948429107667,1.558901653289795,1.5607008743286133,1.5140626049041748,57.34914869933478,0.04311376829971425,0.03198586922083401,0.01112789907888024,1.7441487319691622,1.5875948429107667,1.4310409538523712,78.63273465168464,83.61847437203573,NICK
2000-04-27,1.6666669845581055,1.6666669845581055,1.6666669845581055,1.6666669845581055,1.5118820667266846,0,1.6666669845581055,1.6486743927001952,1.5951705932617188,1.5606062126159668,1.5622160243988037,1.5167141199111938,57.34914869933478,0.04279436024400951,0.03414756742546911,0.008646792818540402,1.7516328544433706,1.5951705932617188,1.438708332080067,73.07713247190911,78.34782673408249,NICK
2000-04-28,1.6666669845581055,1.6666669845581055,1.5151519775390625,1.5151519775390625,1.3744384050369263,38280,1.6363639831542969,1.633522891998291,1.5970645427703858,1.5613637924194337,1.5622160243988037,1.5182292747497559,44.21851256599753,0.029969759523701622,0.03331200584511561,-0.003342246321413986,1.7486122833419402,1.5970645427703858,1.4455168021988314,45.29926144569137,65.66970952309518,NICK
2000-05-01,1.5151519775390625,1.5151519775390625,1.5151519775390625,1.5151519775390625,1.3744384050369263,0,1.6060609817504883,1.6259471893310546,1.5989584922790527,1.5590910720825195,1.5629736042022706,1.5197444295883178,44.21851256599752,0.019580459705526465,0.03056569661719778,-0.010985236911671314,1.74532891214823,1.5989584922790527,1.4525880724098754,22.22226884644229,46.866220921347725,NICK
2000-05-02,1.6287879943847656,1.6950759887695312,1.6287879943847656,1.6950759887695312,1.537652850151062,9900,1.6117427825927735,1.6429926872253418,1.6079546928405761,1.5607956314086915,1.5659092140197755,1.5222538995742798,57.59117477211571,0.02557046832556309,0.02956665095887084,-0.003996182633307751,1.7547320124722325,1.6079546928405761,1.4611773732089197,26.388935513108958,31.303488601747677,NICK
2000-05-03,1.704545021057129,1.7803030014038086,1.6666669845581055,1.704545021057129,1.546242356300354,413490,1.619318389892578,1.6467804908752441,1.618371343612671,1.5619319915771483,1.5689395141601563,1.524431929588318,58.15966640663558,0.03072745807274435,0.029798812381645542,0.0009286456910988089,1.761473432263913,1.618371343612671,1.475269254961429,50.19839081365698,32.936531724402876,NICK
2000-05-04,1.6666669845581055,1.6666669845581055,1.6666669845581055,1.6666669845581055,1.5118820667266846,6930,1.619318389892578,1.6429926872253418,1.62784104347229,1.563447151184082,1.5727273941040039,1.526420569419861,54.984443533115545,0.031396054443716404,0.030118260794059715,0.0012777936496566888,1.7566985286036279,1.62784104347229,1.4989835583409523,69.24602698851997,48.61111777176211,NICK
2000-05-05,1.6666669845581055,1.6666669845581055,1.6666669845581055,1.6666669845581055,1.5118820667266846,13200,1.6496213912963866,1.6429926872253418,1.633522891998291,1.563447151184082,1.5742425441741943,1.5284092092514039,54.98444353311556,0.03156209371506247,0.030407027378260267,0.0011550663368022004,1.758651907733746,1.633522891998291,1.508393876262836,61.90472765027411,60.449715150817156,NICK
2000-05-08,1.6666669845581055,1.6666669845581055,1.6666669845581055,1.6666669845581055,1.5118820667266846,5280,1.6799243927001952,1.6429926872253418,1.6401516914367675,1.563447151184082,1.5757576942443847,1.5303978490829468,54.98444353311556,0.03133249948360928,0.030592121799330067,0.0007403776842792101,1.7573006241185933,1.6401516914367675,1.5230027587549417,57.14290852458908,62.764554387794526,NICK
2000-05-09,1.5909090042114258,1.5909090042114258,1.5909090042114258,1.5909090042114258,1.443159818649292,23100,1.6590909957885742,1.6354168891906737,1.6401516914367675,1.5619319915771483,1.5765152645111085,1.531155424118042,48.38565899541738,0.024752180790472034,0.02942413359755846,-0.0046719528070864255,1.7573006241185933,1.6401516914367675,1.5230027587549417,47.61903049180378,55.55555555555579,NICK
2000-05-10,1.5909090042114258,1.5909090042114258,1.5909090042114258,1.5909090042114258,1.443159818649292,13200,1.6363637924194336,1.627841091156006,1.6363637924194336,1.5604168319702147,1.577272834777832,1.5307766342163085,48.38565899541738,0.019314584312481786,0.027402223740543123,-0.008087639428061337,1.7547311697148718,1.6363637924194336,1.5179964151239955,38.09515245901846,47.619030491803905,NICK
2000-05-11,1.5909090042114258,1.5909090042114258,1.5909090042114258,1.5909090042114258,1.443159818649292,0,1.6212121963500976,1.620265293121338,1.6344698429107667,1.5589016723632811,1.5780304050445557,1.5303978443145752,48.38565899541737,0.014834249928728838,0.024888628978180265,-0.010054379049451428,1.754462496185333,1.6344698429107667,1.5144771896362004,28.571274426233146,38.0951524590186,NICK
2000-05-12,1.5909090042114258,1.5909090042114258,1.5909090042114258,1.5909090042114258,1.443159818649292,5610,1.6060606002807618,1.6278409957885742,1.6306819438934326,1.5573865127563478,1.5795455551147461,1.5300190544128418,48.385658995417366,0.011154965155945495,0.02214189621373331,-0.010986931057787815,1.7511519495861088,1.6306819438934326,1.5102119382007564,28.571274426233146,31.74590043716172,NICK
2000-05-15,1.5151519775390625,1.6666669845581055,1.5151519775390625,1.6666669845581055,1.5118820667266846,7260,1.6060606002807618,1.6429924964904785,1.6344698429107667,1.5589016723632811,1.5818182849884033,1.5300190544128418,55.55935830062436,0.014188584177506236,0.020551233806487896,-0.00636264962898166,1.754462496185333,1.6344698429107667,1.5144771896362004,38.09515245901846,31.74590043716172,NICK
2000-05-16,1.6666669845581055,1.6666669845581055,1.6666669845581055,1.6666669845581055,1.5118820667266846,0,1.6212121963500976,1.640151596069336,1.6415721416473388,1.5592804718017579,1.5840910148620606,1.5300190544128418,55.55935830062436,0.01640365795021026,0.01972171863523237,-0.0033180606850221096,1.7510730284499612,1.6415721416473388,1.5320712548447164,47.61903049180376,38.095152459018585,NICK
2000-05-17,1.5340909957885742,1.5340909957885742,1.5151519775390625,1.5151519775390625,1.3744384050369263,13200,1.606060791015625,1.6212122917175293,1.6339963912963866,1.5566289710998535,1.5848485946655273,1.5292614793777466,42.01463810540732,0.005865511110209276,0.01695047713022775,-0.011084966020018475,1.755780370487126,1.6339963912963866,1.5122124121056473,38.09527234972608,41.269818433516235,NICK
2000-05-18,1.6666669845581055,1.6666669845581055,1.6666669845581055,1.6666669845581055,1.5118820667266846,4620,1.6212123870849608,1.6212122917175293,1.6321024894714355,1.5581441307067871,1.5871213245391846,1.5307766342163085,54.07250001457079,0.009628952053491346,0.01548617211488047,-0.005857220061389123,1.7505720713548436,1.6321024894714355,1.5136329075880275,38.09527234972608,41.26985839708544,NICK
2000-05-19,1.6666669845581055,1.6666669845581055,1.6666669845581055,1.6666669845581055,1.5118820667266846,0,1.6363639831542969,1.6212122917175293,1.6321024894714355,1.561174430847168,1.5893940544128418,1.5322917890548706,54.07250001457079,0.012467785247761043,0.014882494741456583,-0.0024147094936955403,1.7505720713548436,1.6321024894714355,1.5136329075880275,38.09527234972608,38.09527234972622,NICK
2000-05-22,1.6477270126342773,1.6477270126342773,1.6477270126342773,1.6477270126342773,1.4947011470794678,660,1.6325759887695312,1.6193182945251465,1.6311554908752441,1.5638259315490723,1.5903410243988036,1.5337122440338136,52.49007841326873,0.013038978334843465,0.01451379146013396,-0.0014748131252904952,1.7488047105367392,1.6311554908752441,1.513506271213749,54.761879071038926,43.65080792349716,NICK
2000-05-23,1.6477270126342773,1.6477270126342773,1.6477270126342773,1.6477270126342773,1.4947011470794678,0,1.6287879943847656,1.6250000953674317,1.6302084922790527,1.5664774322509765,1.5933713245391845,1.5345645141601563,52.490078413268726,0.013337901940565056,0.01427861355622018,-0.0009407116156551244,1.7470008785529807,1.6302084922790527,1.5134161060051248,64.88077843249904,52.579309951088156,NICK
2000-05-24,1.6477270126342773,1.6477270126342773,1.6477270126342773,1.6477270126342773,1.4947011470794678,0,1.6553030014038086,1.6306818962097167,1.6292614936828613,1.5691289329528808,1.5935607147216797,1.5356061792373656,52.49007841326873,0.013420102464243522,0.014106911337824848,-0.0006868088735813259,1.745159766514809,1.6292614936828613,1.5133632208509136,74.99967779395915,64.88077843249918,NICK
2000-05-25,1.6477270126342773,1.6477270126342773,1.6477270126342773,1.6477270126342773,1.4947011470794678,0,1.651515007019043,1.636363697052002,1.62831449508667,1.5717804336547851,1.5948864650726318,1.5364584493637086,52.49007841326875,0.01333156894331644,0.013951842858923166,-0.0006202739156067252,1.7432805046223985,1.62831449508667,1.5133484855509414,87.49960660896939,75.793354278476,NICK
2000-05-26,1.5151519775390625,1.5151519775390625,1.5151519775390625,1.5151519775390625,1.3744384050369263,5280,1.6212120056152344,1.6287879943847656,1.62831449508667,1.5717804336547851,1.593750104904175,1.5362690591812134,41.15162344336794,0.0025344920866379184,0.011668372704466117,-0.009133880617828199,1.7432805046223985,1.62831449508667,1.5133484855509414,58.333071072646284,73.61078515852509,NICK
2000-05-30,1.5151519775390625,1.5151519775390625,1.5151519775390625,1.5151519775390625,1.3744384050369263,0,1.5946969985961914,1.6136364936828613,1.62831449508667,1.570644073486328,1.5926137447357178,1.53645845413208,41.15162344336793,-0.005953639263599042,0.008143970310853085,-0.014097609574452127,1.7432805046223985,1.62831449508667,1.5133484855509414,29.16653553632318,58.33307107264644,NICK
2000-05-31,1.5909090042114258,1.5909090042114258,1.4962120056152344,1.4962120056152344,1.3572577238082886,11880,1.5643939971923828,1.5965909957885742,1.6183712959289551,1.5708334732055664,1.5912879848480224,1.5365531492233275,39.72969154086134,-0.014046917833764105,0.0037057926819296467,-0.017752710515693753,1.7425506365930379,1.6183712959289551,1.4941919552648724,7.579122514774402e-14,29.166535536323334,NICK
2000-06-01,1.4962120056152344,1.4962120056152344,1.4962120056152344,1.4962120056152344,1.3572577238082886,0,1.5340909957885742,1.5946969985961914,1.6079546451568603,1.57045467376709,1.5899622249603271,1.5366478443145752,39.72969154086134,-0.020227726766699483,-0.00108091120779618,-0.019146815558903303,1.7363519911420264,1.6079546451568603,1.479557299171694,7.579122514774402e-14,9.722178512107929,NICK
2000-06-02,1.5909090042114258,1.5909090042114258,1.5909090042114258,1.5909090042114258,1.443159818649292,3300,1.5227273941040038,1.5871212005615234,1.6041667461395264,1.5772728538513183,1.5895834350585938,1.5374054193496705,49.78994210573431,-0.017285548957004737,-0.004321838757637891,-0.012963710199366846,1.7298535344492987,1.6041667461395264,1.478479957829754,18.518477074999378,6.172825691666662,NICK
2000-06-05,1.6287879943847656,1.6287879943847656,1.6287879943847656,1.6287879943847656,1.4775211811065674,660,1.5454545974731446,1.5833333015441895,1.6022727966308594,1.5848486137390136,1.5899622249603271,1.5383523893356323,53.15805879684593,-0.011761751753735172,-0.005809821356857347,-0.005951930396877825,1.7252476143343827,1.6022727966308594,1.4792979789273362,44.444382279165694,20.98761978472187,NICK
2000-06-06,1.6287879943847656,1.6287879943847656,1.6287879943847656,1.6287879943847656,1.4775211811065674,0,1.5681818008422852,1.5814393997192382,1.6003788471221925,1.592424373626709,1.5903410148620605,1.5392993593215942,53.15805879684592,-0.007299953355119682,-0.0061078477565098144,-0.0011921055986098671,1.7204610958722568,1.6003788471221925,1.4802965983721281,70.370287483332,44.44438227916584,NICK
2000-06-07,1.6287879943847656,1.6287879943847656,1.6287879943847656,1.6287879943847656,1.4775211811065674,0,1.5946969985961914,1.579545497894287,1.6022727966308594,1.6000001335144043,1.590719804763794,1.5398675394058228,53.15805879684592,-0.003721052007428005,-0.005630488606693453,0.0019094365992654476,1.7228915291337075,1.6022727966308594,1.4816540641280114,77.77771561249902,64.19746179166573,NICK
2000-06-08,1.6287879943847656,1.6287879943847656,1.6287879943847656,1.6287879943847656,1.4775211811065674,0,1.6212121963500976,1.577651596069336,1.6041667461395264,1.6022728538513185,1.590719804763794,1.5402463293075561,53.15805879684592,-0.0008746643189809777,-0.004679323749150957,0.0038046594301699797,1.7252010984465604,1.6041667461395264,1.4831323938324923,77.77771561249902,75.30857290277685,NICK
2000-06-09,1.5151519775390625,1.5151519775390625,1.4393939971923828,1.5151519775390625,1.3744384050369263,75900,1.606060791015625,1.5643940925598145,1.6003788948059081,1.6022728538513185,1.5892046546936036,1.5402463293075561,41.834409834559224,-0.007699602210949008,-0.005283379441510567,-0.002416222769438441,1.727428079884273,1.6003788948059081,1.4733297097275433,63.973105759430354,73.17617899480963,NICK
2000-06-12,1.5151519775390625,1.5151519775390625,1.5151519775390625,1.5151519775390625,1.3744384050369263,0,1.5833335876464845,1.5643940925598145,1.59659104347229,1.6030304336547851,1.5869319343566894,1.5396781492233276,41.83440983455924,-0.012959031018491496,-0.006818509756906753,-0.006140521261584743,1.728950001907143,1.59659104347229,1.464232085037437,50.16849590636168,63.97310575943052,NICK
2000-06-13,1.5151519775390625,1.5151519775390625,1.5151519775390625,1.5151519775390625,1.3744384050369263,0,1.5606063842773437,1.5643940925598145,1.589015293121338,1.603788013458252,1.5850380039215088,1.539109969139099,41.834409834559224,-0.01693198485894798,-0.008841204777314999,-0.00809078008163298,1.7218070951749365,1.589015293121338,1.4562234910677394,36.36388605329301,50.16849590636184,NICK
2000-06-14,1.5151519775390625,1.5151519775390625,1.5151519775390625,1.5151519775390625,1.3744384050369263,9900,1.537879180908203,1.5662880897521974,1.5814395427703858,1.603788013458252,1.583144073486328,1.5387311840057374,41.83440983455923,-0.019851740889403224,-0.011043311999732644,-0.00880842888967058,1.7129283086794378,1.5814395427703858,1.4499507768613338,36.36388605329301,40.965422670982726,NICK
2000-06-15,1.553030014038086,1.553030014038086,1.5151519775390625,1.5151519775390625,1.3744384050369263,7920,1.5151519775390625,1.5681820869445802,1.5814395427703858,1.6041668128967286,1.5816289234161376,1.5383523988723755,41.83440983455923,-0.021913068367515942,-0.013217263273289304,-0.008695805094226638,1.7129283086794378,1.5814395427703858,1.4499507768613338,37.57599117418008,36.76792109358886,NICK
2000-06-16,1.5151519775390625,1.5151519775390625,1.5151519775390625,1.5151519775390625,1.3744384050369263,0,1.5151519775390625,1.5606063842773437,1.5738637924194336,1.6049243927001953,1.5793562030792236,1.5379736137390136,41.83440983455923,-0.0232783469515927,-0.015229480008949983,-0.008048866942642716,1.7022608036030638,1.5738637924194336,1.4454667812358035,38.78809629506716,37.575991174180245,NICK
2000-06-19,1.4583330154418945,1.5151519775390625,1.4393939971923828,1.4393939971923828,1.3057163953781128,47520,1.5000003814697265,1.5416669845581055,1.5625001430511474,1.6026516723632813,1.5767046928405761,1.5376895236968995,34.24747537478865,-0.030126101004361194,-0.018208804208032225,-0.011917296796328969,1.69615342974656,1.5625001430511474,1.4288468563557348,26.66680094396952,34.34362947107241,NICK
2000-06-20,1.420454978942871,1.4393939971923828,1.3636360168457031,1.4393939971923828,1.3057163953781128,35310,1.4848487854003907,1.5227275848388673,1.5520834922790527,1.6007577323913573,1.5740531826019286,1.537405433654785,34.24747537478866,-0.03514783308554037,-0.021596609983533854,-0.013551223102006515,1.689951093118059,1.5520834922790527,1.4142158914400464,22.857244250159013,29.437380496398728,NICK
2000-06-21,1.401515007019043,1.4772729873657227,1.401515007019043,1.4772729873657227,1.34007728099823,10230,1.4772729873657227,1.507576084136963,1.543560791015625,1.5984850120544434,1.5717804622650147,1.5373107385635376,40.50434762359079,-0.03566000763006638,-0.02440928951284036,-0.01125071811722602,1.6777498939476068,1.543560791015625,1.4093716880836433,23.809609445435616,24.44455154652154,NICK
2000-06-22,1.401515007019043,1.401515007019043,1.3636360168457031,1.3636360168457031,1.2369940280914307,19800,1.4469697952270508,1.4810608863830566,1.5293562412261963,1.5924243927001953,1.5687501525878906,1.5365531587600707,30.98005084804048,-0.04471995960666164,-0.028471423531604617,-0.016248536075057024,1.675999014432269,1.5293562412261963,1.3827134680201236,23.809609445435616,23.492154380343575,NICK
2000-06-23,1.5056819915771484,1.5056819915771484,1.5056819915771484,1.5056819915771484,1.3658480644226074,20130,1.445075798034668,1.4801138877868651,1.5222539901733398,1.589962272644043,1.567140302658081,1.5365058088302612,47.5746447023993,-0.039977280582891295,-0.030772594941861953,-0.009204685641029341,1.6586801649640914,1.5222539901733398,1.3858278153825883,32.14294277876895,26.58738722321355,NICK
2000-06-26,1.5056819915771484,1.5056819915771484,1.5056819915771484,1.5056819915771484,1.3658480644226074,0,1.458333396911621,1.4791668891906737,1.5217804908752441,1.5867425727844238,1.5655304527282714,1.5364584589004517,47.57464470239931,-0.03580592487386425,-0.031779260928262415,-0.004026663945601833,1.6583676164489909,1.5217804908752441,1.3851933653014974,35.71435422301517,30.55563548240674,NICK
2000-06-27,1.4962120056152344,1.4962120056152344,1.4393939971923828,1.4393939971923828,1.3057163953781128,30030,1.458333396911621,1.471591091156006,1.5179925918579102,1.583712272644043,1.5636365127563476,1.5360796689987182,42.0967254938758,-0.037417655139663664,-0.03290693977054267,-0.004510715369120996,1.6592277489084728,1.5179925918579102,1.3767574348073477,45.23819800118938,37.69849833432466,NICK
2000-06-28,1.4772729873657227,1.4772729873657227,1.401515007019043,1.401515007019043,1.2713550329208374,30360,1.4431818008422852,1.4602273941040038,1.5132577419281006,1.5812501525878906,1.5613637828826905,1.5351326990127563,39.311215396341424,-0.04127568057382236,-0.0345806879311986,-0.006694992642623757,1.6631784581024525,1.5132577419281006,1.3633370257537487,34.0477211256742,38.33342444995975,NICK
2000-06-29,1.420454978942871,1.420454978942871,1.3636360168457031,1.3636360168457031,1.2369940280914307,37950,1.4431818008422852,1.445075798034668,1.506628942489624,1.5751895332336425,1.5594698429107665,1.5339963340759277,36.696267734995075,-0.04684965777311523,-0.03703448189958193,-0.009815175873533297,1.6700904912045615,1.506628942489624,1.3431673937746864,16.190544014166655,31.82548771367691,NICK
2000-06-30,1.3636360168457031,1.401515007019043,1.3636360168457031,1.401515007019043,1.2713550329208374,22110,1.422348403930664,1.433712100982666,1.4971592426300049,1.5691289329528808,1.5581440830230713,1.5330493640899658,40.92795185676683,-0.04766114886673223,-0.03915981529301199,-0.008501333573720238,1.661932235477188,1.4971592426300049,1.3323862497828218,13.3334004719848,21.19055520394205,NICK
2000-07-03,1.401515007019043,1.401515007019043,1.401515007019043,1.401515007019043,1.2713550329208374,6600,1.401515007019043,1.429924201965332,1.4857955932617188,1.5638258934020997,1.556818323135376,1.532102394104004,40.92795185676683,-0.04775378549145537,-0.04087860933270067,-0.0068751761587547006,1.643902985142595,1.4857955932617188,1.3276882013808426,13.3334004719848,14.285781652712252,NICK
2000-07-05,1.401515007019043,1.401515007019043,1.401515007019043,1.401515007019043,1.2713550329208374,21780,1.393939208984375,1.426136302947998,1.4744319438934326,1.5585228538513183,1.5556819534301758,1.531155424118042,40.92795185676683,-0.04728216135992547,-0.04215931973814563,-0.005122841621779839,1.6221231601089137,1.4744319438934326,1.3267407276779515,20.000100707977158,15.555633883982418,NICK
2000-07-06,1.401515007019043,1.401515007019043,1.401515007019043,1.401515007019043,1.2713550329208374,0,1.393939208984375,1.41856050491333,1.4630682945251465,1.5532198143005371,1.5545455837249755,1.5302084541320802,40.92795185676683,-0.04637382722428329,-0.04300222123537316,-0.003371605988910134,1.5957121150043443,1.4630682945251465,1.3304244740459488,21.66673380531813,18.333411661760195,NICK
2000-07-07,1.5151519775390625,1.5151519775390625,1.4393939971923828,1.4393939971923828,1.3057163953781128,7260,1.409090805053711,1.426136302947998,1.4535985946655274,1.5486743545532227,1.5537880039215088,1.529450879096985,45.801136215611805,-0.04211200693638517,-0.04282417837557556,0.0007121714391903899,1.5624800574409667,1.4535985946655274,1.3447171318900881,31.666700235992437,24.444511583096073,NICK
2000-07-10,1.3636360168457031,1.3636360168457031,1.3636360168457031,1.3636360168457031,1.2369940280914307,330,1.401515007019043,1.4119317054748535,1.4460227966308594,1.5426137351989746,1.5516099739074707,1.529166784286499,38.8908920023591,-0.0443364366879222,-0.043126630038044886,-0.0012098066498773125,1.5577657667257843,1.4460227966308594,1.3342798265359346,25.000000000000075,26.111144680437047,NICK
2000-07-11,1.4393939971923828,1.4393939971923828,1.4393939971923828,1.4393939971923828,1.3057163953781128,1980,1.409090805053711,1.4053029060363769,1.4422348976135253,1.541098575592041,1.5512311840057373,1.5295455741882324,47.432153416393376,-0.039530593340953546,-0.042407422698626615,0.002876829357673069,1.5493895434090503,1.4422348976135253,1.3350802518180003,33.33333333333341,30.000011189775467,NICK
2000-07-12,1.4393939971923828,1.4393939971923828,1.4393939971923828,1.4393939971923828,1.3057163953781128,0,1.416666603088379,1.4053029060363769,1.4384469985961914,1.5395834159851074,1.5493372440338136,1.5299243640899658,47.43215341639338,-0.035314840367220546,-0.0409889062323454,0.005674065865124853,1.5402456205601878,1.4384469985961914,1.336648376632195,33.33333333333341,30.555555555555788,NICK
2000-07-13,1.3825759887695312,1.3825759887695312,1.3825759887695312,1.3825759887695312,1.254175066947937,4290,1.4128787994384766,1.4034090042114258,1.4318181991577148,1.5333334159851075,1.5470645236968994,1.530634593963623,42.29067864132569,-0.03614194238031021,-0.04001951346193836,0.003877571081628152,1.5299751077004737,1.4318181991577148,1.3336612906149559,37.500104903614634,34.72225719009398,NICK
2000-07-14,1.5151519775390625,1.5151519775390625,1.5151519775390625,1.5151519775390625,1.3744384050369263,660,1.4280303955078124,1.4185606002807618,1.4318181991577148,1.529545555114746,1.5457387733459473,1.532007703781128,54.64465785385566,-0.025802220438804646,-0.03717605485731162,0.011373834418506971,1.5299751077004737,1.4318181991577148,1.3336612906149559,54.1667715702813,41.66673660240994,NICK
2000-07-17,1.5151519775390625,1.5151519775390625,1.5151519775390625,1.5151519775390625,1.3744384050369263,0,1.4583335876464845,1.4299242973327637,1.4318181991577148,1.5265152549743652,1.5449812030792236,1.5320550537109374,54.64465785385566,-0.017407256291598783,-0.03322229514416905,0.015815038852570268,1.5299751077004737,1.4318181991577148,1.3336612906149559,70.83343823694797,54.16677157028147,NICK
2000-07-18,1.5151519775390625,1.5151519775390625,1.5151519775390625,1.5151519775390625,1.3744384050369263,0,1.4734851837158203,1.4412879943847656,1.435606098175049,1.5234849548339844,1.5434660530090332,1.5320550537109374,54.64465785385566,-0.01063163188804328,-0.028704162492943896,0.018072530604900616,1.5402713319420385,1.435606098175049,1.3309408644080594,100.00000000000007,75.00006993574328,NICK
2000-07-19,1.553030014038086,1.553030014038086,1.5151519775390625,1.5151519775390625,1.3744384050369263,17160,1.4886367797851563,1.4526516914367675,1.4393939971923828,1.5204546546936035,1.5419509029388427,1.5320550537109374,54.64465785385567,-0.005201936051775435,-0.024003717204710204,0.01880178115293477,1.5496666510672328,1.4393939971923828,1.3291213433175328,93.33346761063619,88.05563528252826,NICK
2000-07-20,1.5151519775390625,1.5151519775390625,1.5151519775390625,1.5151519775390625,1.3744384050369263,0,1.5151519775390625,1.4640153884887694,1.4412879467010498,1.5189395141601563,1.5404357528686523,1.5328126335144043,54.64465785385566,-0.0008886195298929422,-0.019380697669746753,0.01849207813985381,1.555334431748018,1.4412879467010498,1.3272414616540815,86.6669352212723,93.33346761063636,NICK
2000-07-21,1.5151519775390625,1.5151519775390625,1.401515007019043,1.401515007019043,1.2713550329208374,14850,1.4924245834350587,1.4602274894714355,1.4431818962097167,1.5151516342163085,1.5377842330932616,1.532244448661804,43.170388401192525,-0.006564171247623207,-0.016817392385322046,0.010253221137698838,1.5531940113459264,1.4431818962097167,1.333169781073507,60.00030212393133,80.00023498528012,NICK
2000-07-24,1.401515007019043,1.401515007019043,1.401515007019043,1.401515007019043,1.2713550329208374,0,1.4696971893310546,1.4640153884887694,1.4379735469818116,1.511363754272461,1.5351327133178712,1.531676263809204,43.170388401192525,-0.010936023205985856,-0.015641118549454807,0.004705095343468951,1.5454915985675735,1.4379735469818116,1.3304554953960497,40.000201415954244,62.22247958705281,NICK
2000-07-25,1.401515007019043,1.401515007019043,1.401515007019043,1.401515007019043,1.2713550329208374,4950,1.4469697952270508,1.4602274894714355,1.4327651977539062,1.5075758743286132,1.5324811935424805,1.531108078956604,43.170388401192525,-0.014236636299221894,-0.015360222099408224,0.0011235858001863303,1.536691047009138,1.4327651977539062,1.3288393484986745,20.000100707977168,40.00020141595443,NICK
2000-07-26,1.401515007019043,1.401515007019043,1.401515007019043,1.401515007019043,1.2713550329208374,0,1.4242424011230468,1.4564395904541017,1.4308712482452393,1.502272834777832,1.5305872535705567,1.5305398941040038,43.170388401192525,-0.016660345858888537,-0.015620246851304287,-0.0010400990075842501,1.5356221940750867,1.4308712482452393,1.3261203024153918,20.000100707977168,26.666800943969708,NICK
2000-07-27,1.401515007019043,1.401515007019043,1.401515007019043,1.401515007019043,1.2713550329208374,0,1.401515007019043,1.4583334922790527,1.4308712482452393,1.4969697952270509,1.5281251335144044,1.530681939125061,43.17038840119252,-0.018369402113796562,-0.016170077903802742,-0.00219932420999382,1.5356221940750867,1.4308712482452393,1.3261203024153918,20.000100707977168,20.00010070797735,NICK
2000-07-28,1.4393939971923828,1.4393939971923828,1.401515007019043,1.401515007019043,1.2713550329208374,16830,1.401515007019043,1.4469697952270508,1.4327651977539062,1.4946970558166504,1.525663013458252,1.530681939125061,43.17038840119252,-0.01949906838628812,-0.01683587600029982,-0.002663192385988302,1.533892122876744,1.4327651977539062,1.3316382726310685,17.037042010061878,19.012414475338918,NICK
2000-07-31,1.401515007019043,1.401515007019043,1.401515007019043,1.401515007019043,1.2713550329208374,0,1.401515007019043,1.435606098175049,1.4327651977539062,1.4893940162658692,1.523769073486328,1.5304925441741943,43.17038840119252,-0.020161922948653155,-0.017501085389970486,-0.002660837558682669,1.533892122876744,1.4327651977539062,1.3316382726310685,14.073983312146586,17.03704201006206,NICK
2000-08-01,1.401515007019043,1.401515007019043,1.401515007019043,1.401515007019043,1.2713550329208374,0,1.401515007019043,1.4242424011230468,1.4327651977539062,1.4840909767150878,1.522632703781128,1.5303031492233277,43.17038840119252,-0.020451487942543922,-0.018091165900485172,-0.0023603220420587503,1.533892122876744,1.4327651977539062,1.3316382726310685,11.110924614231294,14.073983312146767,NICK
2000-08-02,1.401515007019043,1.401515007019043,1.401515007019043,1.401515007019043,1.2713550329208374,0,1.401515007019043,1.4128787040710449,1.4327651977539062,1.4791667366027832,1.5214963340759278,1.530113754272461,43.17038840119252,-0.02044528971334114,-0.018561990663056367,-0.0018832990502847743,1.533892122876744,1.4327651977539062,1.3316382726310685,7.407283076154226,10.864063667510884,NICK
2000-08-03,1.401515007019043,1.401515007019043,1.401515007019043,1.401515007019043,1.2713550329208374,0,1.401515007019043,1.401515007019043,1.4327651977539062,1.4742424964904786,1.5203599643707275,1.5292614793777466,43.17038840119252,-0.0202074387962925,-0.018891080289703592,-0.0013163585065889064,1.533892122876744,1.4327651977539062,1.3316382726310685,3.7036415380771572,7.407283076154407,NICK
2000-08-04,1.401515007019043,1.401515007019043,1.401515007019043,1.401515007019043,1.2713550329208374,0,1.401515007019043,1.401515007019043,1.4308712482452393,1.469318256378174,1.5192235946655273,1.5286932945251466,43.17038840119252,-0.01979080415990042,-0.019071025063742957,-0.0007197790961574642,1.5328459190886807,1.4308712482452393,1.3288965774017978,8.881784197001252e-14,3.7036415380773384,NICK
2000-08-07,1.553030014038086,1.553030014038086,1.5151519775390625,1.5151519775390625,1.3744384050369263,5280,1.4242424011230468,1.4128787040710449,1.4384470462799073,1.4666667556762696,1.5192235946655273,1.5292614793777466,61.45760327039807,-0.010173787304607051,-0.017291577511915776,0.007117790207308725,1.5418191683823839,1.4384470462799073,1.3350749241774307,25.000157356412362,9.567932964830051,NICK
2000-08-08,1.401515007019043,1.401515007019043,1.401515007019043,1.401515007019043,1.2713550329208374,7260,1.4242424011230468,1.4128787040710449,1.4365530967712403,1.464394016265869,1.5180872249603272,1.5292614793777466,45.641013706053016,-0.011588204370522881,-0.016150902883637196,0.004562698513114315,1.54116697353044,1.4365530967712403,1.3319392200120406,25.000157356412362,16.666771570941787,NICK
2000-08-09,1.553030014038086,1.553030014038086,1.5151519775390625,1.5151519775390625,1.3744384050369263,9570,1.4469697952270508,1.4242424011230468,1.4403409957885742,1.464394016265869,1.5175190448760987,1.5298296642303466,57.43742280958434,-0.0034992491029564032,-0.013620572127501038,0.010121323024544635,1.5504346521148114,1.4403409957885742,1.330247339462337,50.00031471282464,33.333543141883304,NICK
2000-08-10,1.5151519775390625,1.5151519775390625,1.5151519775390625,1.5151519775390625,1.3744384050369263,1650,1.4696971893310546,1.435606098175049,1.4469697952270508,1.4647728157043458,1.517803144454956,1.5303978490829468,57.437422809584326,0.0028781289454555825,-0.010320831912909714,0.013198960858365296,1.5583108327029438,1.4469697952270508,1.3356287577511579,50.00031471282464,41.666928927354064,NICK
2000-08-11,1.5151519775390625,1.5151519775390625,1.401515007019043,1.401515007019043,1.2713550329208374,18480,1.4696971893310546,1.435606098175049,1.4412879467010498,1.4628788757324218,1.5166667747497558,1.5303978490829468,45.88828273771951,-0.0012232064591857217,-0.008501306822164916,0.0072781003629791945,1.5496907076103574,1.4412879467010498,1.332885185791742,50.00031471282464,50.000314712824824,NICK
2000-08-14,1.401515007019043,1.401515007019043,1.401515007019043,1.401515007019043,1.2713550329208374,0,1.4469697952270508,1.435606098175049,1.435606098175049,1.4590909957885743,1.5181819248199462,1.5303978490829468,45.888282737719514,-0.0044225637538855,-0.007685558208509033,0.0032629944546235332,1.5397561020057406,1.435606098175049,1.3314560943443572,25.00015735641237,41.66692892735407,NICK
2000-08-15,1.401515007019043,1.401515007019043,1.401515007019043,1.401515007019043,1.2713550329208374,0,1.4469697952270508,1.435606098175049,1.4299242496490479,1.4545455360412598,1.5196970748901366,1.5303978490829468,45.88828273771951,-0.006878783130030541,-0.007524203192813335,0.0006454200627827936,1.5283367529284881,1.4299242496490479,1.3315117463696076,9.473903143468003e-14,25.000157356412554,NICK
2000-08-16,1.4393939971923828,1.4393939971923828,1.4393939971923828,1.4393939971923828,1.3057163953781128,660,1.4318181991577148,1.4393939971923828,1.426136350631714,1.450757656097412,1.5215910148620606,1.5305872440338135,50.06817367515536,-0.005703095013410264,-0.007159981556932721,0.0014568865435224563,1.516650494218838,1.426136350631714,1.33562220704459,8.333385785470853,11.111181047294624,NICK
2000-08-17,1.4772729873657227,1.5909090042114258,1.4772729873657227,1.5909090042114258,1.443159818649292,12210,1.4469696044921876,1.458333396911621,1.429924201965332,1.4500000762939453,1.5250001049041748,1.5315342140197754,62.53468558539315,0.007369687917237799,-0.004254047662098616,0.011623735579336415,1.539380439910959,1.429924201965332,1.320467964019705,41.66671911880419,16.666701634758564,NICK
2000-08-18,1.5909090042114258,1.5909090042114258,1.5151519775390625,1.5151519775390625,1.3744384050369263,33660,1.4696969985961914,1.4696970939636231,1.435606050491333,1.4477273559570312,1.5250001049041748,1.532291793823242,55.1239729936005,0.011484616143542903,-0.001106314900970312,0.012590931044513216,1.550248419137777,1.435606050491333,1.320963681844889,61.66681982678127,37.222308243685625,NICK
2000-08-21,1.5151519775390625,1.5151519775390625,1.5151519775390625,1.5151519775390625,1.3744384050369263,0,1.4924243927001952,1.4696970939636231,1.441287899017334,1.4477273559570312,1.5250001049041748,1.5334281587600709,55.12397299360051,0.014577683943143294,0.0020304848678524097,0.012547199075290883,1.55980713851519,1.441287899017334,1.3227686595194779,73.3335347492876,58.88902456495787,NICK
2000-08-22,1.4772729873657227,1.553030014038086,1.401515007019043,1.553030014038086,1.4087989330291748,80850,1.5227273941040038,1.4848485946655274,1.448863649368286,1.4484849166870117,1.5257576751708983,1.5339963388442994,58.00949257928964,0.019856509957645097,0.005595689885810947,0.01426082007183415,1.5753473464359753,1.448863649368286,1.3223799523005968,66.66683451329523,67.22239636312155,NICK
2000-08-23,1.553030014038086,1.553030014038086,1.553030014038086,1.553030014038086,1.4087989330291748,0,1.5454545974731446,1.4886363983154296,1.4564393997192382,1.449242477416992,1.526515245437622,1.5345645189285277,58.00949257928964,0.02376605729142689,0.009229763366934136,0.014536293924492754,1.588690317181584,1.4564393997192382,1.3241884822568923,73.33336690265912,71.11124538841416,NICK
2000-08-24,1.5151519775390625,1.5151519775390625,1.5151519775390625,1.5151519775390625,1.3744384050369263,1980,1.5303031921386718,1.4886363983154296,1.4621212482452393,1.449242477416992,1.526515245437622,1.5345645189285277,53.98378415043863,0.02353664494285601,0.012091139682118512,0.0114455052607375,1.5942093519302167,1.4621212482452393,1.3300331445602618,73.33336690265912,71.111189439538,NICK
2000-08-25,1.5151519775390625,1.5151519775390625,1.5151519775390625,1.5151519775390625,1.3744384050369263,0,1.5303031921386718,1.5000000953674317,1.4678030967712403,1.449242477416992,1.5267046451568604,1.5345645189285277,53.983784150438616,0.023088682049327902,0.01429064815556039,0.008798033893767512,1.5987456867837206,1.4678030967712403,1.33686050675876,66.66683451329523,71.111189439538,NICK
2000-08-28,1.5151519775390625,1.5151519775390625,1.5151519775390625,1.5151519775390625,1.3744384050369263,0,1.5303031921386718,1.5113637924194336,1.4734849452972412,1.449242477416992,1.5270834350585938,1.5345645189285277,53.98378415043863,0.02247459508659988,0.01592743754176829,0.006547157544831591,1.6022731023687802,1.4734849452972412,1.3446967882257022,60.00030212393134,66.6668345132954,NICK
2000-08-29,1.5151519775390625,1.5151519775390625,1.5151519775390625,1.5151519775390625,1.3744384050369263,0,1.5227275848388673,1.5227274894714355,1.4791667938232422,1.4507576370239257,1.5267046546936036,1.5345645189285277,53.983784150438616,0.02173735208062655,0.01708942044953994,0.0046479316310866076,1.6047396798425058,1.4791667938232422,1.3535939078039787,60.00030212393134,62.222479587052796,NICK
2000-08-30,1.401515007019043,1.401515007019043,1.401515007019043,1.401515007019043,1.2713550329208374,1320,1.4924245834350587,1.5189395904541017,1.4791667938232422,1.450000057220459,1.5253788948059082,1.534375123977661,42.17363870743159,0.011846963449499093,0.01604092904953177,-0.004193965600032677,1.6047396798425058,1.4791667938232422,1.3535939078039787,40.000201415954265,53.333601887939146,NICK
2000-08-31,1.401515007019043,1.401515007019043,1.401515007019043,1.401515007019043,1.2713550329208374,0,1.4696971893310546,1.5000001907348632,1.4791667938232422,1.4484848976135254,1.5234849548339844,1.5341857290267944,42.17363870743161,0.0039630753373680605,0.013625358307099027,-0.009662282969730967,1.6047396798425058,1.4791667938232422,1.3535939078039787,20.000100707977186,40.00020141595443,NICK
2000-09-01,1.4962120056152344,1.4962120056152344,1.420454978942871,1.420454978942871,1.2885360717773438,21120,1.4507577896118165,1.4905304908752441,1.4801137924194336,1.4496212768554688,1.521022834777832,1.534091033935547,44.51980582858942,-0.0007480423786385693,0.010750678169951507,-0.011498720548590077,1.6035982769524046,1.4801137924194336,1.3566293078864626,3.3334340413105212,21.11124538841415,NICK
2000-09-05,1.420454978942871,1.420454978942871,1.420454978942871,1.420454978942871,1.2885360717773438,5610,1.431818389892578,1.481060791015625,1.475378942489624,1.4479167366027832,1.518939504623413,1.5338542938232422,44.51980582858942,-0.0044305643227617875,0.007714429671408849,-0.012144993994170636,1.6003791129964513,1.475378942489624,1.3503787719827967,6.666868082620933,10.000134277303042,NICK
2000-09-06,1.420454978942871,1.420454978942871,1.420454978942871,1.420454978942871,1.2885360717773438,0,1.4128789901733398,1.4678032875061036,1.4763259410858154,1.4462121963500976,1.5164773845672608,1.5334281587600709,44.51980582858941,-0.0072652403265875964,0.004718495671809559,-0.011983735998397155,1.599344669591141,1.4763259410858154,1.3533072125804897,10.000302123931347,6.666868082621096,NICK
2000-09-07,1.420454978942871,1.420454978942871,1.420454978942871,1.420454978942871,1.2885360717773438,0,1.4166669845581055,1.454545783996582,1.471591091156006,1.4458334159851074,1.5147728443145752,1.5329546737670898,44.51980582858941,-0.009403345568028465,0.001894127423841954,-0.011297472991870419,1.5955537992921862,1.471591091156006,1.3476283830198257,10.000302123931347,8.889157443494703,NICK
2000-09-08,1.420454978942871,1.420454978942871,1.420454978942871,1.420454978942871,1.2885360717773438,0,1.420454978942871,1.445076084136963,1.4668562412261963,1.446212215423584,1.5137311840057373,1.532481188774109,44.51980582858941,-0.010971338613966264,-0.0006789657837196895,-0.010292372830246574,1.591035740431919,1.4668562412261963,1.3426767420204735,10.833665879631162,10.278090042498112,NICK
2000-09-11,1.5151519775390625,1.5151519775390625,1.5151519775390625,1.5151519775390625,1.3744384050369263,6600,1.4393943786621093,1.445076084136963,1.4725380897521974,1.4492425346374511,1.5122160339355468,1.532481188774109,57.11979635517217,-0.0045206171680507445,-0.0014472960605859007,-0.003073321107464844,1.5946200895062619,1.4725380897521974,1.3504560899981328,32.500389194733025,17.77811906609867,NICK
2000-09-12,1.5151519775390625,1.5151519775390625,1.5151519775390625,1.5151519775390625,1.3744384050369263,0,1.4583337783813477,1.445076084136963,1.4782199382781982,1.4515152740478516,1.5103221035003662,1.532481188774109,57.11979635517217,0.0005848838755362351,-0.0010408600733614736,0.0016257439488977087,1.5970863089788405,1.4782199382781982,1.3593535675775559,54.16711250983489,32.50038919473318,NICK
2000-09-13,1.5151519775390625,1.5151519775390625,1.5151519775390625,1.5151519775390625,1.3744384050369263,0,1.477273178100586,1.445076084136963,1.4839017868041993,1.453788013458252,1.5088069534301758,1.532481188774109,57.119796355172156,0.0045782549623860636,8.296293378803389e-05,0.00449529202859803,1.5983401819421523,1.4839017868041993,1.3694633916662462,83.33364804615799,56.66704991690879,NICK
2000-09-14,1.4393939971923828,1.4393939971923828,1.420454978942871,1.420454978942871,1.2885360717773438,18810,1.477273178100586,1.4469700813293458,1.4829548358917237,1.4541668128967284,1.5063448333740235,1.532007703781128,44.4978727765204,0.00010061413144812903,8.649317332005292e-05,1.4120958128076112e-05,1.5991506629939056,1.4829548358917237,1.3667590087895418,63.88918611678736,67.12998222426023,NICK
2000-09-15,1.5151519775390625,1.553030014038086,1.5151519775390625,1.553030014038086,1.4087989330291748,12540,1.5037881851196289,1.46212158203125,1.4810608863830566,1.4571971130371093,1.5052084636688232,1.5321970939636231,58.36790288159121,0.00716713064891894,0.0015026206684398305,0.005664509980479109,1.5912353284461964,1.4810608863830566,1.3708864443199167,72.22236209370841,73.14839875221809,NICK
2000-09-18,1.553030014038086,1.553030014038086,1.553030014038086,1.553030014038086,1.4087989330291748,0,1.5113637924194336,1.4753790855407716,1.4829547882080079,1.4594698333740235,1.504072093963623,1.532386484146118,58.36790288159123,0.012621898511337104,0.003726476237019285,0.008895422274317819,1.5966540880971338,1.4829547882080079,1.3692554883188819,72.22236209370841,69.44463676806822,NICK
2000-09-19,1.4772729873657227,1.4772729873657227,1.4772729873657227,1.4772729873657227,1.34007728099823,9900,1.5037879943847656,1.4810608863830566,1.481060838699341,1.4617425727844238,1.5021781539916992,1.5321970891952514,50.07479209700395,0.010708442161745824,0.005122869421964593,0.005585572739781231,1.5938097073779627,1.481060838699341,1.3683119700207191,83.33343823760829,75.9260541416752,NICK
2000-09-20,1.4772729873657227,1.4772729873657227,1.4772729873657227,1.4772729873657227,1.34007728099823,0,1.4962121963500976,1.4867426872253418,1.4772729873657227,1.4625001525878907,1.5017993640899658,1.5320076942443848,50.07479209700395,0.009087261920194267,0.005915747921610528,0.003171513998583739,1.5850777796579236,1.4772729873657227,1.3694681950735217,66.66687647521648,74.07422560217789,NICK
2000-09-21,1.4772729873657227,1.4772729873657227,1.4772729873657227,1.4772729873657227,1.34007728099823,0,1.507575798034668,1.492424488067627,1.4734851360321044,1.4632577323913574,1.5014205741882325,1.5321970891952514,50.074792097003964,0.0077135479198884305,0.0062753079212661085,0.001438239998622322,1.5755471590975736,1.4734851360321044,1.3714231129666352,47.619291682208534,65.87320213167794,NICK
2000-09-22,1.5151519775390625,1.553030014038086,1.5151519775390625,1.553030014038086,1.4087989330291748,34320,1.507575798034668,1.5056819915771484,1.4753790378570557,1.4666668128967286,1.500000114440918,1.5329546642303467,57.599187452683566,0.012592668162231702,0.007538779969459227,0.0050538881927724745,1.581777165109786,1.4753790378570557,1.3689809106043254,64.28585344460035,59.52400720067529,NICK
2000-09-25,1.4393939971923828,1.4393939971923828,1.4393939971923828,1.4393939971923828,1.3057163953781128,6930,1.4848485946655274,1.4981061935424804,1.4715911388397216,1.465151653289795,1.4973486042022706,1.5331440591812133,46.321666035355726,0.007206853126094259,0.0074723946007862335,-0.0002655414746919743,1.5774484770415051,1.4715911388397216,1.365733800637938,52.38091812634139,54.7620210843836,NICK
2000-09-26,1.420454978942871,1.420454978942871,1.420454978942871,1.420454978942871,1.2885360717773438,2970,1.473484992980957,1.4886364936828613,1.4668562889099122,1.463257713317871,1.4948864841461182,1.533806939125061,44.74910398508276,0.0013942632160415247,0.006256768323837291,-0.004862505107795767,1.5729674234429796,1.4668562889099122,1.3607451543768447,38.095169586016006,51.58731371898608,NICK
2000-09-27,1.420454978942871,1.420454978942871,1.420454978942871,1.420454978942871,1.2885360717773438,0,1.4621213912963866,1.4791667938232422,1.4621214389801025,1.4613637733459472,1.492424364089966,1.53333345413208,44.74910398508276,-0.0031756492572596606,0.004370284807617901,-0.0075459340648775615,1.5676393012677927,1.4621214389801025,1.3566035766924123,4.7618362526826745,31.745974655013523,NICK
2000-09-28,1.420454978942871,1.5151519775390625,1.401515007019043,1.5151519775390625,1.3744384050369263,71280,1.4696971893310546,1.4886364936828613,1.4678032875061036,1.4613637733459472,1.4909092140197755,1.53333345413208,53.83704220204852,0.0008343012486224932,0.003663088095818819,-0.002828786847196326,1.5718835706342433,1.4678032875061036,1.3637230043779638,25.000157356412384,22.61905439837052,NICK
2000-09-29,1.401515007019043,1.401515007019043,1.401515007019043,1.401515007019043,1.2713550329208374,20790,1.439394187927246,1.473484992980957,1.4678032875061036,1.459091033935547,1.4890152740478515,1.53276526927948,44.399261116515305,-0.005098564821000018,0.0019107575124550514,-0.007009322333455069,1.5718835706342433,1.4678032875061036,1.3637230043779638,25.000157356412384,18.254050321835976,NICK
2000-10-02,1.401515007019043,1.401515007019043,1.401515007019043,1.401515007019043,1.2713550329208374,0,1.431818389892578,1.4583334922790527,1.4668562889099122,1.459091033935547,1.4871213340759277,1.53219708442688,44.399261116515305,-0.009688718410350905,-0.0004091376721061398,-0.009279580738244765,1.5729674234429796,1.4668562889099122,1.3607451543768447,25.000157356412384,25.000157356412544,NICK
2000-10-03,1.4393939971923828,1.4393939971923828,1.4393939971923828,1.4393939971923828,1.3057163953781128,9900,1.4356061935424804,1.4545455932617188,1.4678032398223877,1.4598486137390136,1.4856061840057373,1.5318182945251464,47.92816402867007,-0.010152894018831127,-0.0023578889414511374,-0.007795005077379989,1.5725706259104109,1.4678032398223877,1.3630358537343645,8.333385785470867,19.44456683276537,NICK
2000-10-04,1.4393939971923828,1.4393939971923828,1.4393939971923828,1.4393939971923828,1.3057163953781128,9900,1.4393939971923828,1.4507576942443847,1.4687501907348632,1.4606061935424806,1.4840910339355469,1.5318182945251464,47.928164028670075,-0.010400861871414424,-0.003966483527443795,-0.006434378343970629,1.5721216750779499,1.4687501907348632,1.3653787063917766,16.666771570941624,16.66677157094178,NICK
2000-10-05,1.401515007019043,1.4393939971923828,1.401515007019043,1.4393939971923828,1.3057163953781128,53130,1.4242424011230468,1.4469697952270508,1.4696971416473388,1.4613637733459472,1.4818183040618897,1.5318182945251464,47.928164028670075,-0.01047661033857894,-0.005268508889670824,-0.005208101448908116,1.5716184281120738,1.4696971416473388,1.3677758551826038,25.000157356412384,16.66677157094178,NICK
2000-10-06,1.4393939971923828,1.4393939971923828,1.4393939971923828,1.4393939971923828,1.3057163953781128,5610,1.4318181991577148,1.4356061935424804,1.4706440925598145,1.4621213531494142,1.4795455741882324,1.5318182945251464,47.928164028670075,-0.010416565857427784,-0.006298120283222216,-0.004118445574205569,1.5710585325856916,1.4706440925598145,1.3702296525339375,25.000157356412384,22.222362094588956,NICK
2000-10-09,1.4393939971923828,1.4393939971923828,1.4393939971923828,1.4393939971923828,1.3057163953781128,0,1.4393939971923828,1.4356061935424804,1.4668561935424804,1.4628789329528809,1.4787879943847657,1.5318182945251464,47.92816402867007,-0.010250815157295978,-0.007088659258036968,-0.00316215589925901,1.5659762741360648,1.4668561935424804,1.367736112948896,25.000157356412384,25.000157356412544,NICK
2000-10-10,1.4393939971923828,1.4393939971923828,1.4393939971923828,1.4393939971923828,1.3057163953781128,0,1.4393939971923828,1.4375000953674317,1.4630682945251465,1.4636365127563478,1.4765152645111084,1.5318182945251464,47.928164028670075,-0.010004135091297606,-0.007671754424689096,-0.00233238066660851,1.5602883313299223,1.4630682945251465,1.3658482577203708,25.000157356412384,25.000157356412544,NICK
2000-10-11,1.5151519775390625,1.5151519775390625,1.5151519775390625,1.5151519775390625,1.3744384050369263,6600,1.4545455932617188,1.4469697952270508,1.4630682945251465,1.465909252166748,1.475000114440918,1.53219708442688,56.534890832991906,-0.0036534883442269628,-0.006868101208596669,0.0032146128643697064,1.5602883313299223,1.4630682945251465,1.3658482577203708,41.6669289273539,30.555747880059716,NICK
2000-10-12,1.4393939971923828,1.4393939971923828,1.4393939971923828,1.4393939971923828,1.3057163953781128,32670,1.4545455932617188,1.4393939971923828,1.464015245437622,1.4666668319702147,1.472916784286499,1.5316289043426514,47.99227046100856,-0.004679646865268783,-0.006430410339931092,0.0017507634746623093,1.559916570924063,1.464015245437622,1.3681139199511811,44.44465425299425,37.037246845587,NICK
2000-10-13,1.4393939971923828,1.4393939971923828,1.4393939971923828,1.4393939971923828,1.3057163953781128,0,1.4545455932617188,1.4431818962097167,1.4583334445953369,1.4674244117736817,1.47083345413208,1.5321023893356323,47.992270461008545,-0.005430287907506548,-0.006230385853446183,0.0008000979459396353,1.5455369316474281,1.4583334445953369,1.3711299575432456,47.22237957863461,44.44465425299441,NICK
2000-10-16,1.401515007019043,1.401515007019043,1.3636360168457031,1.3636360168457031,1.2369940280914307,46530,1.4393939971923828,1.4393939971923828,1.4488637447357178,1.4666668319702147,1.4679925441741943,1.530776629447937,40.83599487824178,-0.011999885014892353,-0.007384285685735417,-0.004615599329156936,1.533985891113451,1.4488637447357178,1.3637415983579846,22.22222222222233,37.96308535128389,NICK
2000-10-17,1.3636360168457031,1.3636360168457031,0.9185609817504883,1.25,1.1339116096496582,90750,1.4015151977539062,1.4204545974731446,1.4375000953674317,1.4613637924194336,1.4640152740478516,1.5294508695602418,32.90908581556451,-0.026075235830137933,-0.01112247571461592,-0.014952760115522013,1.5578212924890915,1.4375000953674317,1.317178898245772,29.62960594756197,33.0247359161398,NICK
2000-10-18,1.2689390182495117,1.4393939971923828,1.2689390182495117,1.4393939971923828,1.3057163953781128,6600,1.3863636016845704,1.4204545974731446,1.4356061458587646,1.4621213722229003,1.4632576942443847,1.5285038995742797,50.244573966340546,-0.021697425600751385,-0.013237465691843014,-0.008459959908908372,1.5545480774181182,1.4356061458587646,1.316664214299411,47.61900194648846,33.15694337209108,NICK
2000-10-19,1.4393939971923828,1.4393939971923828,1.4393939971923828,1.4393939971923828,1.3057163953781128,0,1.3863636016845704,1.4204545974731446,1.4337121963500976,1.460606212615967,1.462500114440918,1.5275569295883178,50.24457396634055,-0.018020253191963986,-0.014194023191867208,-0.0038262300000967784,1.5511365521346425,1.4337121963500976,1.3162878405655527,76.71950905652606,51.322705650192326,NICK
2000-10-20,1.4393939971923828,1.4393939971923828,1.4393939971923828,1.4393939971923828,1.3057163953781128,0,1.3863636016845704,1.4204545974731446,1.4280303955078124,1.4590910530090333,1.4619319343566894,1.526609959602356,50.244573966340546,-0.014933918647278999,-0.014342002282949566,-0.0005919163643294326,1.5320422031873635,1.4280303955078124,1.3240185878282613,87.3015213301129,70.54667744437597,NICK
2000-10-23,1.4393939971923828,1.4393939971923828,1.4393939971923828,1.4393939971923828,1.3057163953781128,2970,1.4015151977539062,1.4204545974731446,1.4280303955078124,1.4598486328125,1.461363754272461,1.525662989616394,50.244573966340546,-0.012345663164722076,-0.013942734459304069,0.0015970712945819927,1.5320422031873635,1.4280303955078124,1.3240185878282613,87.3015213301129,83.77418390558412,NICK
2000-10-24,1.4393939971923828,1.4393939971923828,1.4393939971923828,1.4393939971923828,1.3057163953781128,9900,1.4393939971923828,1.4204545974731446,1.4289773464202882,1.460606212615967,1.4598486042022705,1.5247160196304321,50.244573966340546,-0.010177136354573957,-0.013189614838358047,0.00301247848378409,1.53304087593023,1.4289773464202882,1.3249138169103463,87.3015213301129,87.30152133011308,NICK
2000-10-25,1.4393939971923828,1.4393939971923828,1.4393939971923828,1.4393939971923828,1.3057163953781128,0,1.4393939971923828,1.4128787994384766,1.4299242973327637,1.4613637924194336,1.4579546642303467,1.523958444595337,50.244573966340546,-0.008362169351129323,-0.012224125740912303,0.00386195638978298,1.5340050663687432,1.4299242973327637,1.3258435282967842,87.3015213301129,87.30152133011308,NICK
2000-10-26,1.4393939971923828,1.4393939971923828,1.4393939971923828,1.4393939971923828,1.3057163953781128,0,1.4393939971923828,1.4128787994384766,1.4261363983154296,1.4613637924194336,1.456060724258423,1.5232008695602417,50.24457396634055,-0.006844891278901866,-0.011148278848510215,0.004303387569608349,1.5227831639916678,1.4261363983154296,1.3294896326391914,87.3015213301129,87.30152133011308,NICK
2000-10-27,1.4393939971923828,1.4393939971923828,1.4393939971923828,1.4393939971923828,1.3057163953781128,0,1.4393939971923828,1.4128787994384766,1.4280303478240968,1.4583334922790527,1.454166784286499,1.5224432945251465,50.24457396634055,-0.005578136193494121,-0.010034250317506996,0.004456114124012875,1.5241560953657025,1.4280303478240968,1.331904600282491,87.3015213301129,87.30152133011308,NICK
2000-10-30,1.4393939971923828,1.4393939971923828,1.4393939971923828,1.4393939971923828,1.3057163953781128,0,1.4393939971923828,1.4204545974731446,1.4299242973327637,1.4568183326721191,1.4522728443145752,1.5214963245391846,50.24457396634055,-0.004522095756852806,-0.008931819405376159,0.004409723648523352,1.525375986722,1.4299242973327637,1.3344726079435274,87.3015213301129,87.30152133011308,NICK
2000-10-31,1.4393939971923828,1.4393939971923828,1.4393939971923828,1.4393939971923828,1.3057163953781128,16500,1.4393939971923828,1.4393939971923828,1.4299242973327637,1.4553031730651855,1.4515152645111085,1.520359959602356,50.244573966340546,-0.0036431797935942978,-0.007874091483019787,0.004230911689425489,1.525375986722,1.4299242973327637,1.3344726079435274,91.53434755340864,88.71246340454498,NICK
2000-11-01,1.4393939971923828,1.4393939971923828,1.4393939971923828,1.4393939971923828,1.3057163953781128,0,1.4393939971923828,1.4393939971923828,1.4299242973327637,1.4530304527282716,1.4507576847076415,1.5188448095321656,50.24457396634055,-0.002913052702225194,-0.0068818837268608685,0.0039688310246356745,1.525375986722,1.4299242973327637,1.3344726079435274,95.76717377670438,91.53434755340881,NICK
2000-11-02,1.3636360168457031,1.3636360168457031,1.3636360168457031,1.3636360168457031,1.2369940280914307,9900,1.4242424011230468,1.4318181991577148,1.4261363983154296,1.4492425727844238,1.449242525100708,1.5171402645111085,40.731933421618685,-0.008351190277073206,-0.007175745036903336,-0.0011754452401698699,1.5257081035046993,1.4261363983154296,1.3265646931261599,95.15148629851471,94.15100254287609,NICK
2000-11-03,1.401515007019043,1.401515007019043,1.401515007019043,1.401515007019043,1.2713550329208374,3300,1.416666603088379,1.428030300140381,1.4242424488067627,1.4469698333740235,1.448106155395508,1.515625114440918,46.21504880254426,-0.00949498328881515,-0.0076395926872856994,-0.0018553906015294514,1.5241737556710722,1.4242424488067627,1.3243111419424531,92.727229447772,94.54862984099721,NICK
2000-11-06,1.3636360168457031,1.401515007019043,1.3636360168457031,1.401515007019043,1.2713550329208374,15510,1.409090805053711,1.4242424011230468,1.4223484992980957,1.444697093963623,1.4469697856903077,1.5142993545532226,46.21504880254426,-0.010282912477059591,-0.008168256645240478,-0.0021146558318191136,1.5224949488157427,1.4223484992980957,1.3222020497804488,85.31980131860499,91.06617235496408,NICK
2000-11-07,1.401515007019043,1.401515007019043,1.401515007019043,1.401515007019043,1.2713550329208374,0,1.401515007019043,1.420454502105713,1.4204545497894288,1.4424243545532227,1.4458334159851074,1.5125948095321655,46.21504880254426,-0.01078305172736993,-0.008691215661666368,-0.002091836065703562,1.520672613293174,1.4204545497894288,1.3202364862856835,73.50164835342373,83.84955970660042,NICK
2000-11-08,1.3636360168457031,1.401515007019043,1.3636360168457031,1.401515007019043,1.2713550329208374,660,1.393939208984375,1.416666603088379,1.4147727012634277,1.4401516151428222,1.445454626083374,1.511079659461975,46.21504880254426,-0.01105201493798491,-0.009163375516930077,-0.0018886394210548343,1.5052864976336107,1.4147727012634277,1.3242589048932447,59.259238537499776,72.69356273650968,NICK
2000-11-09,1.3636360168457031,1.3636360168457031,1.3636360168457031,1.3636360168457031,1.2369940280914307,6270,1.393939208984375,1.409090805053711,1.4109848022460938,1.4393940353393555,1.4446970462799071,1.509375114440918,41.10065566893664,-0.014158478037759048,-0.01016239602109587,-0.0039960820166631775,1.5033812582034671,1.4109848022460938,1.3185883462887205,33.33333333333346,55.3647400747525,NICK
2000-11-10,1.3636360168457031,1.3636360168457031,1.3636360168457031,1.3636360168457031,1.2369940280914307,0,1.386363410949707,1.401515007019043,1.4071969032287597,1.4386364555358886,1.443560676574707,1.5076705694198609,41.10065566893664,-0.016430966471624675,-0.011416110111201631,-0.005014856360423044,1.5008274398175312,1.4071969032287597,1.3135663666399882,16.66666666666679,36.41974617916685,NICK
2000-11-13,1.4393939971923828,1.4393939971923828,1.4393939971923828,1.4393939971923828,1.3057163953781128,19800,1.393939208984375,1.401515007019043,1.4109848022460938,1.439015235900879,1.4443182563781738,1.5065342044830323,53.131389820922045,-0.011980786995042125,-0.01152904548796973,-0.0004517415070723948,1.5033812582034671,1.4109848022460938,1.3185883462887205,33.33333333333346,27.777777777778073,NICK
2000-11-14,1.4393939971923828,1.4393939971923828,1.4393939971923828,1.4393939971923828,1.3057163953781128,990,1.401515007019043,1.401515007019043,1.420454502105713,1.4393940162658692,1.443655376434326,1.5053978395462035,53.131389820922045,-0.008357645957890014,-0.010894765581953788,0.0025371196240637738,1.4766381240289534,1.420454502105713,1.3642708801824723,66.66666666666679,38.888888888889184,NICK
2000-11-15,1.4393939971923828,1.4393939971923828,1.4393939971923828,1.4393939971923828,1.3057163953781128,0,1.409090805053711,1.401515007019043,1.420454502105713,1.4397727966308593,1.4429924964904786,1.504261474609375,53.131389820922045,-0.005423758866583972,-0.009800564238879825,0.004376805372295853,1.4766381240289534,1.420454502105713,1.3642708801824723,100.00000000000011,66.66666666666696,NICK
2000-11-16,1.401515007019043,1.401515007019043,1.401515007019043,1.401515007019043,1.2713550329208374,19800,1.416666603088379,1.4053029060363769,1.418560552597046,1.4393939971923828,1.4426137065887452,1.5031251096725464,47.12078419161608,-0.00608500598703432,-0.009057452588510723,0.0029724466014764035,1.4746163390374187,1.418560552597046,1.3625047661566732,83.33333333333344,83.33333333333361,NICK
2000-11-17,1.420454978942871,1.420454978942871,1.420454978942871,1.420454978942871,1.2885360717773438,2640,1.4280303955078124,1.4071969032287597,1.4176136016845704,1.4393939971923828,1.4428031063079834,1.5020834445953368,50.15702778337394,-0.005022851344038681,-0.008250532339616316,0.0032276809955776344,1.4728637203886987,1.4176136016845704,1.362363482980442,75.00020980722923,86.11118104685443,NICK
2000-11-20,1.401515007019043,1.401515007019043,1.401515007019043,1.401515007019043,1.2713550329208374,25080,1.4204545974731446,1.4071969032287597,1.4157196521759032,1.4371212577819825,1.4431818962097167,1.5013258695602416,47.236166492137464,-0.005644319382976715,-0.007729289748288395,0.0020849703653116804,1.4704479196635751,1.4157196521759032,1.3609913846882313,58.33354314056256,72.22236209370858,NICK
2000-11-21,1.3636360168457031,1.4393939971923828,1.3636360168457031,1.4393939971923828,1.3057163953781128,68970,1.4204545974731446,1.4109848022460938,1.4157196521759032,1.435606098175049,1.4435606861114503,1.5008523845672608,53.11651146212542,-0.003045215987884209,-0.006792474996207558,0.003747259008323349,1.4704479196635751,1.4157196521759032,1.3609913846882313,75.00020980722923,69.44465425167384,NICK
2000-11-22,1.3636360168457031,1.3636360168457031,1.3636360168457031,1.3636360168457031,1.2369940280914307,9900,1.4053030014038086,1.4071969032287597,1.4119317531585693,1.4325757789611817,1.4431818962097167,1.5000001096725464,42.83456184795367,-0.007017549754565255,-0.006837489947879098,-0.00018005980668615775,1.4699682644061325,1.4119317531585693,1.3538952419110062,50.000000000000114,61.11125098259746,NICK
2000-11-24,1.4772729873657227,1.4772729873657227,1.4393939971923828,1.4393939971923828,1.3057163953781128,990,1.4128787994384766,1.4147727012634277,1.4119317531585693,1.4329545593261719,1.4435606861114503,1.499621319770813,52.69577868303137,-0.004006433336080972,-0.006271278625519473,0.0022648452894385007,1.4699682644061325,1.4119317531585693,1.3538952419110062,55.55555555555568,60.1852551209285,NICK
2000-11-27,1.401515007019043,1.401515007019043,1.401515007019043,1.401515007019043,1.2713550329208374,2310,1.409090805053711,1.4185606002807618,1.4100378036499024,1.429924259185791,1.4435606861114503,1.4990531349182128,48.21707319869843,-0.004623325006810397,-0.005941687901777658,0.001318362894967261,1.4668247318057321,1.4100378036499024,1.3532508754940726,33.33333333333346,46.29629629629658,NICK
2000-11-28,1.4772729873657227,1.4772729873657227,1.4772729873657227,1.4772729873657227,1.34007728099823,3960,1.4242424011230468,1.4223484992980957,1.4119317531585693,1.4284091186523438,1.4439394760131836,1.4988637399673461,56.229637075390194,0.0009894144241973102,-0.004555467436582665,0.005544881860779975,1.4747184061702538,1.4119317531585693,1.3491451001468848,66.66666666666679,51.85185185185213,NICK
2000-11-29,1.4772729873657227,1.4772729873657227,1.4772729873657227,1.4772729873657227,1.34007728099823,0,1.4318181991577148,1.4261363983154296,1.4138257026672363,1.4284091186523438,1.4450758457183839,1.4983429098129273,56.229637075390194,0.005375584469297978,-0.002569257055406536,0.007944841524704514,1.4818762428966294,1.4138257026672363,1.3457751624378431,77.7777777777779,59.259259259259544,NICK
2000-11-30,1.5151519775390625,1.5151519775390625,1.5151519775390625,1.5151519775390625,1.3744384050369263,5280,1.4621213912963866,1.4337121963500976,1.4176136016845704,1.4291666984558105,1.4458334255218506,1.498532304763794,59.83365236825392,0.011772468085762489,0.0002990879728272692,0.011473380112935219,1.4982122280285943,1.4176136016845704,1.3370149753405465,100.00000000000011,81.48148148148177,NICK
2000-12-01,1.5151519775390625,1.5151519775390625,1.5151519775390625,1.5151519775390625,1.3744384050369263,0,1.4772729873657227,1.4450758934020995,1.4251893997192382,1.4299242782592774,1.4465910053253175,1.4979641246795654,59.83365236825392,0.01665011230851099,0.0035692928399640132,0.013080819468546976,1.5122904830934276,1.4251893997192382,1.3380883163450488,100.00000000000011,92.59259259259288,NICK
2000-12-04,1.5151519775390625,1.5151519775390625,1.5151519775390625,1.5151519775390625,1.3744384050369263,0,1.5000003814697265,1.4545455932617188,1.4308712482452393,1.4291667175292968,1.4479167652130127,1.497490644454956,59.83365236825392,0.020281883567832226,0.006911810985537656,0.01337007258229457,1.5255497717968833,1.4308712482452393,1.3361927246935952,100.00000000000011,100.00000000000028,NICK
2000-12-05,1.5151519775390625,1.5151519775390625,1.5151519775390625,1.5151519775390625,1.3744384050369263,0,1.5075761795043945,1.4659092903137207,1.4365530967712403,1.4306818771362304,1.4479167652130127,1.49682776927948,59.83365236825391,0.022896155824362108,0.010108679953302547,0.01278747587105956,1.5369681339793346,1.4365530967712403,1.336138059563146,100.00000000000011,100.00000000000028,NICK
2000-12-06,1.401515007019043,1.5151519775390625,1.401515007019043,1.420454978942871,1.2885360717773438,13530,1.4962125778198243,1.4640153884887694,1.4375000953674317,1.4306818771362304,1.4469697952270508,1.495975499153137,46.85946047982234,0.017129273449874693,0.011512798652616976,0.005616474797257718,1.5369279023681115,1.4375000953674317,1.338072288366752,79.16677157028134,93.05559052342737,NICK
2000-12-07,1.420454978942871,1.420454978942871,1.420454978942871,1.420454978942871,1.2885360717773438,0,1.477273178100586,1.4696972846984864,1.4384470939636231,1.4306818771362304,1.446022825241089,1.494744439125061,46.85946047982234,0.012415855367870376,0.011693409995667656,0.0007224453722027204,1.5368413187011372,1.4384470939636231,1.3400528692261091,58.33354314056256,79.16677157028151,NICK
2000-12-08,1.401515007019043,1.401515007019043,1.401515007019043,1.401515007019043,1.2713550329208374,990,1.454545783996582,1.4659093856811523,1.44034104347229,1.4284091377258301,1.4448864555358887,1.4934186792373658,44.61541220156418,0.007070634262771103,0.010768854849088346,-0.0036982205863172433,1.5342587289209781,1.44034104347229,1.346423358023602,33.33354314056256,56.94461928380233,NICK
2000-12-11,1.401515007019043,1.401515007019043,1.401515007019043,1.401515007019043,1.2713550329208374,19470,1.431818389892578,1.4659093856811523,1.442234992980957,1.4284091377258301,1.4437500858306884,1.4920929193496704,44.61541220156419,0.0028022059409664735,0.009175525067463972,-0.006373319126497499,1.5312908375979786,1.442234992980957,1.3531791483639355,29.166771570281337,40.27795261713567,NICK
2000-12-12,1.401515007019043,1.401515007019043,1.401515007019043,1.401515007019043,1.2713550329208374,0,1.4090909957885742,1.4583335876464845,1.44034104347229,1.4284091377258301,1.4437500858306884,1.4907671594619751,44.61541220156419,-0.0005739382535068227,0.0072256324032698134,-0.007799570656776636,1.5311518604569387,1.44034104347229,1.3495302264876414,25.000000000000114,29.166771570281515,NICK
2000-12-13,1.4393939971923828,1.4962120056152344,1.4393939971923828,1.4962120056152344,1.3572577238082886,61380,1.4242424011230468,1.4602274894714355,1.4431819438934326,1.4295454978942872,1.4446970558166503,1.4899148845672607,57.365360885623495,0.004341651661670554,0.006648836254949961,-0.0023071845932794077,1.5371950021536183,1.4431819438934326,1.3491688856332469,44.44430457295848,32.87035871441349,NICK
2000-12-14,1.401515007019043,1.401515007019043,1.401515007019043,1.401515007019043,1.2713550329208374,10560,1.4204544067382812,1.4488637924194336,1.4412879943847656,1.4287879180908203,1.4446970558166503,1.4885891246795655,45.9689357549334,0.0005892432837040218,0.005436917660700773,-0.004847674376996751,1.537040090769768,1.4412879943847656,1.3455358979997631,36.110971239625144,35.18509193752809,NICK
2000-12-15,1.401515007019043,1.401515007019043,1.401515007019043,1.401515007019043,1.2713550329208374,0,1.4204544067382812,1.4375000953674317,1.4412879943847656,1.4280303382873536,1.4446970558166503,1.4876421546936036,45.968935754933405,-0.002357392833320482,0.003878055561896522,-0.006235448395217004,1.537040090769768,1.4412879943847656,1.3455358979997631,27.77763790629181,36.11097123962532,NICK
2000-12-18,1.401515007019043,1.401515007019043,1.401515007019043,1.401515007019043,1.2713550329208374,0,1.4204544067382812,1.4261363983154296,1.4403409957885742,1.4272727584838867,1.4446970558166503,1.4864110946655273,45.96893575493339,-0.0046391459981312,0.0021746152498909772,-0.006813761248022177,1.5372659767536296,1.4403409957885742,1.3434160148235188,1.0894988614988203e-13,21.2962030486392,NICK
2000-12-19,1.401515007019043,1.401515007019043,1.401515007019043,1.401515007019043,1.2713550329208374,3300,1.4204544067382812,1.4147727012634277,1.4403409957885742,1.42651517868042,1.4446970558166503,1.485180034637451,45.9689357549334,-0.006373976585966945,0.0004648968827193926,-0.006838873468686338,1.5372659767536296,1.4403409957885742,1.3434160148235188,1.0894988614988203e-13,9.259212635430854,NICK
2000-12-20,1.4393939971923828,1.4393939971923828,1.4393939971923828,1.4393939971923828,1.3057163953781128,3300,1.409090805053711,1.416666603088379,1.4403409957885742,1.42651517868042,1.4450758457183839,1.4844224596023559,51.18641280484749,-0.0046388506043641975,-0.0005558526146973255,-0.004082997989666872,1.5372659767536296,1.4403409957885742,1.3434160148235188,11.11111111111122,3.7037037037039915,NICK
2000-12-21,1.401515007019043,1.401515007019043,1.3636360168457031,1.3636360168457031,1.2369940280914307,71940,1.401515007019043,1.410984706878662,1.4403409957885742,1.4234848594665528,1.4446970558166503,1.4836648797988892,42.37338964860968,-0.009269928673734107,-0.002298667826504682,-0.0069712608472294255,1.5372659767536296,1.4403409957885742,1.3434160148235188,11.11111111111122,7.407407407407696,NICK
2000-12-22,1.3636360168457031,1.3636360168457031,1.3636360168457031,1.3636360168457031,1.2369940280914307,0,1.393939208984375,1.4071968078613282,1.4365530967712403,1.4219696998596192,1.444318265914917,1.4829072999954223,42.37338964860968,-0.012792625979665129,-0.004397459457136771,-0.008395166522528356,1.5390889959328042,1.4365530967712403,1.3340171976096764,11.11111111111122,11.111111111111398,NICK
2000-12-26,1.401515007019043,1.401515007019043,1.401515007019043,1.401515007019043,1.2713550329208374,330,1.393939208984375,1.4071968078613282,1.4365530967712403,1.4212121200561523,1.444318265914917,1.4823391151428222,47.60460617667472,-0.01238510327413489,-0.005994988220536395,-0.006390115053598495,1.5390889959328042,1.4365530967712403,1.3340171976096764,8.333333333333442,10.185185185185473,NICK
2000-12-27,1.4393939971923828,1.4393939971923828,1.4393939971923828,1.4393939971923828,1.3057163953781128,3300,1.401515007019043,1.410984706878662,1.4346591472625732,1.4227272796630859,1.4446970558166503,1.481960325241089,52.27065990238483,-0.008902992499288942,-0.006576589076286905,-0.0023264034230020374,1.5355018697711538,1.4346591472625732,1.3338164247539925,27.381020889681867,15.60848844470902,NICK
2000-12-28,1.401515007019043,1.401515007019043,1.3731060028076172,1.401515007019043,1.2713550329208374,36960,1.393939208984375,1.401515007019043,1.4308712482452393,1.4257575798034667,1.4435606861114503,1.4813921403884889,47.69634162959437,-0.0090950702536301,-0.007080285311755544,-0.002014784941874556,1.5307130275758862,1.4308712482452393,1.3310294689145923,36.90486466785608,24.206406296957308,NICK
2000-12-29,1.401515007019043,1.5151519775390625,1.401515007019043,1.5151519775390625,1.3744384050369263,44550,1.4242424011230468,1.4128787040710449,1.4308712482452393,1.4272727394104003,1.4446970558166503,1.4813921403884889,59.224783405445294,-7.68535210624588e-05,-0.005679598953616927,0.005602745432554468,1.5307130275758862,1.4308712482452393,1.3310294689145923,61.90486466785609,42.06358340846486,NICK
2001-01-02,1.5151519775390625,1.5151519775390625,1.5151519775390625,1.5151519775390625,1.3744384050369263,0,1.4545455932617188,1.4242424011230468,1.4308712482452393,1.428787899017334,1.4446970558166503,1.4811080503463745,59.22478340544528,0.006989576722642221,-0.0031457638183650972,0.010135340541007318,1.5307130275758862,1.4308712482452393,1.3310294689145923,76.190510444841,58.333413260184564,NICK
2001-01-03,1.401515007019043,1.401515007019043,1.3636360168457031,1.3636360168457031,1.2369940280914307,36300,1.4469697952270508,1.420454502105713,1.4232954502105712,1.4272727394104003,1.4431818962097167,1.4804925203323365,44.170012024786274,0.0003595570950474247,-0.0024446996356825928,0.0028042567307300175,1.5193281375554046,1.4232954502105712,1.3272627628657379,66.66666666666679,68.25401392645479,NICK
2001-01-04,1.3636360168457031,1.3636360168457031,1.3068180084228516,1.3068180084228516,1.1854526996612549,10560,1.4204545974731446,1.4109848022460938,1.4128787517547607,1.4246212196350099,1.4422349262237548,1.4794508504867554,40.05784649761519,-0.009371490944293459,-0.003830057897404766,-0.005541433046888693,1.5119449981674822,1.4128787517547607,1.3138125053420393,33.33333333333345,58.730170148280585,NICK
2001-01-05,1.401515007019043,1.401515007019043,1.401515007019043,1.401515007019043,1.2713550329208374,3960,1.4204545974731446,1.4071969032287597,1.4119317531585693,1.423863639831543,1.4422349262237548,1.4802084255218506,48.64011341552088,-0.009334557287165701,-0.004930957775356953,-0.004403599511808748,1.5110522911320077,1.4119317531585693,1.312811215185131,15.151473536763001,38.383824512254584,NICK
2001-01-08,1.401515007019043,1.401515007019043,1.401515007019043,1.401515007019043,1.2713550329208374,2970,1.3977272033691406,1.4109848022460938,1.410984754562378,1.4231060600280763,1.4422349262237548,1.4809660005569458,48.64011341552089,-0.00919924393998972,-0.005784615008283507,-0.003414628931706214,1.5101233770424796,1.410984754562378,1.3118461320822763,30.30294707352589,26.262584647874288,NICK
2001-01-09,1.401515007019043,1.401515007019043,1.401515007019043,1.401515007019043,1.2713550329208374,0,1.3749998092651368,1.4147727012634277,1.410984754562378,1.4223484802246094,1.4418561363220215,1.481723575592041,48.64011341552089,-0.008988394520521581,-0.006425370910731121,-0.0025630236097904597,1.5101233770424796,1.410984754562378,1.3118461320822763,45.454420610288786,30.302947073526067,NICK
2001-01-10,1.401515007019043,1.401515007019043,1.401515007019043,1.401515007019043,1.2713550329208374,0,1.3825756072998048,1.4147727012634277,1.410984754562378,1.4215909004211427,1.4399621963500977,1.4824811506271363,48.640113415520894,-0.00872076726002069,-0.006884450180589035,-0.0018363170794316545,1.5101233770424796,1.410984754562378,1.3118461320822763,45.454420610288786,40.40392943136799,NICK
2001-01-11,1.401515007019043,1.401515007019043,1.401515007019043,1.401515007019043,1.2713550329208374,0,1.401515007019043,1.4109848022460938,1.410984754562378,1.4208333206176758,1.4388258266448974,1.4819129657745362,48.64011341552089,-0.008411705819342918,-0.007189901308339812,-0.001221804511003106,1.5101233770424796,1.410984754562378,1.3118461320822763,45.454420610288786,45.454420610288956,NICK
2001-01-12,1.401515007019043,1.401515007019043,1.401515007019043,1.401515007019043,1.2713550329208374,660,1.401515007019043,1.4109848022460938,1.4062499046325683,1.420075740814209,1.4376894569396972,1.481344780921936,48.64011341552089,-0.008073703769588825,-0.007366661800589615,-0.0007070419689992101,1.4973761336290732,1.4062499046325683,1.3151236756360634,45.454420610288786,45.454420610288956,NICK
2001-01-16,1.401515007019043,1.401515007019043,1.401515007019043,1.401515007019043,1.2713550329208374,0,1.401515007019043,1.3996211051940919,1.4062499046325683,1.4193181610107422,1.4361743068695068,1.4809659910202027,48.64011341552089,-0.0077168793286750414,-0.0074367053062067,-0.00028017402246834164,1.4973761336290732,1.4062499046325683,1.3151236756360634,45.454420610288786,45.454420610288956,NICK
2001-01-17,1.4583330154418945,1.4583330154418945,1.4393939971923828,1.4583330154418945,1.3228964805603027,18810,1.4128786087036134,1.393939208984375,1.409090805053711,1.421212100982666,1.4352273368835449,1.4808712911605835,55.117362809782165,-0.002816883675097248,-0.00651274097998481,0.0036958573048875617,1.5029510894424956,1.409090805053711,1.3152305206649264,54.545274214861514,48.48470514514653,NICK
2001-01-18,1.4583330154418945,1.4583330154418945,1.4583330154418945,1.4583330154418945,1.3228964805603027,0,1.4242422103881835,1.403408908843994,1.4119317054748535,1.422348461151123,1.4346591472625732,1.4805871963500976,55.11736280978216,0.0010542454970803306,-0.004999343684571782,0.0060535891816521125,1.5081135677896569,1.4119317054748535,1.31574984316005,63.63612781943425,54.54527421486168,NICK
2001-01-19,1.4583330154418945,1.4583330154418945,1.4583330154418945,1.4583330154418945,1.3228964805603027,0,1.435605812072754,1.4185604095458983,1.4147726058959962,1.42348482131958,1.4340909576416017,1.480397801399231,55.11736280978216,0.004075167264489199,-0.003184441494759586,0.007259608759248784,1.5128928513579791,1.4147726058959962,1.3166523604340132,72.726981424007,63.636127819434414,NICK
2001-01-22,1.4583330154418945,1.4583330154418945,1.4583330154418945,1.4583330154418945,1.3228964805603027,0,1.4469694137573241,1.4242422103881835,1.4157195568084717,1.4246211814880372,1.43352276802063,1.4803031015396118,55.11736280978214,0.006395545660442092,-0.0012684440637192502,0.007663989724161342,1.515129088441429,1.4157195568084717,1.3163100251755144,72.726981424007,69.69669688914958,NICK
2001-01-23,1.4583330154418945,1.4583330154418945,1.4583330154418945,1.4583330154418945,1.3228964805603027,0,1.4583330154418945,1.4299240112304688,1.4204544067382812,1.425757541656494,1.4329545783996582,1.479829616546631,55.11736280978214,0.008140622230941474,0.000613369195212895,0.007527253035728579,1.5185014470219282,1.4204544067382812,1.322407366454634,81.8179876160047,75.75731682133973,NICK
2001-01-24,1.401515007019043,1.4393939971923828,1.401515007019043,1.401515007019043,1.2713550329208374,15840,1.4469694137573241,1.4299240112304688,1.4223483562469483,1.426515121459961,1.4329545783996582,1.4791667366027832,46.603800575586156,0.004882586140125822,0.0014672125841954805,0.0034153735559303415,1.5173480836979554,1.4223483562469483,1.3273486287959413,78.40902003407112,77.6513296913611,NICK
2001-01-25,1.4393939971923828,1.4393939971923828,1.3636360168457031,1.401515007019043,1.2713550329208374,37620,1.435605812072754,1.4299240112304688,1.4223483562469483,1.4272727012634276,1.4329545783996582,1.4782197666168213,46.60380057558615,0.0022743517539869362,0.0016286404181537716,0.0006457113358331646,1.5173480836979554,1.4223483562469483,1.3273486287959413,67.50009336472021,75.90903367159883,NICK
2001-01-26,1.3636360168457031,1.3636360168457031,1.3636360168457031,1.3636360168457031,1.2369940280914307,13200,1.4166664123535155,1.4261361122131349,1.4185604572296142,1.425757541656494,1.4323863887786865,1.4767046117782592,41.63181374523019,-0.0028167410894823774,0.0007395641166265417,-0.003556305206108919,1.5165342929432861,1.4185604572296142,1.3205866215159423,34.16676003138688,60.0252911433929,NICK
2001-01-29,1.3636360168457031,1.3636360168457031,1.3636360168457031,1.3636360168457031,1.2369940280914307,0,1.3977270126342773,1.4223482131958007,1.4166665077209473,1.4242423820495604,1.4318181991577148,1.475378851890564,41.63181374523019,-0.006773389430211996,-0.0007630265927411659,-0.00601036283747083,1.5173131850690034,1.4166665077209473,1.3160198303728912,13.333400471984836,38.3334179560308,NICK
2001-01-30,1.4393939971923828,1.4962120056152344,1.4393939971923828,1.4393939971923828,1.3057163953781128,18810,1.393939208984375,1.4261361122131349,1.4128786087036134,1.4242423820495604,1.43200758934021,1.4742424869537354,53.210438342139575,-0.0037527663141800893,-0.0013609745370289506,-0.0023917917771511385,1.503629868462454,1.4128786087036134,1.3221273489447727,19.047687556348546,22.182616019906913,NICK
2001-01-31,1.4962120056152344,1.4962120056152344,1.4962120056152344,1.4962120056152344,1.3572577238082886,21120,1.4128786087036134,1.4299240112304688,1.411931610107422,1.4261363220214844,1.4327651596069335,1.4737690019607543,59.67190085976976,0.0031890760163195697,-0.0004509644263592465,0.003640040442678816,1.49870214967027,1.411931610107422,1.325161070544574,52.38102088968188,28.254036306005247,NICK
2001-02-01,1.4962120056152344,1.4962120056152344,1.4962120056152344,1.4962120056152344,1.3572577238082886,0,1.4318180084228516,1.4337119102478026,1.4185604095458983,1.4276514625549317,1.4335227298736573,1.4736269569396974,59.67190085976974,0.008591498628348404,0.0013575281845822837,0.00723397044376612,1.5097059347006645,1.4185604095458983,1.3274148843911322,85.71435422301522,52.38102088968204,NICK
2001-02-02,1.4772729873657227,1.4772729873657227,1.4393939971923828,1.4393939971923828,1.3057163953781128,3300,1.4469696044921876,1.4318180084228516,1.425189208984375,1.4284090423583984,1.4327651500701903,1.4724905920028686,51.434245914591,0.008193766400299118,0.0027247758277256506,0.005468990572573468,1.5008283368273898,1.425189208984375,1.34955008114136,85.71435422301522,74.60324311190426,NICK
2001-02-05,1.4393939971923828,1.4393939971923828,1.4393939971923828,1.4393939971923828,1.3057163953781128,0,1.4621212005615234,1.4299241065979005,1.427083158493042,1.4284090423583984,1.4320075702667237,1.4711648368835448,51.434245914591,0.00778877657604049,0.0037375759773886187,0.004051200598651872,1.5021510685195798,1.427083158493042,1.352015248466504,71.42870844603031,80.95247229735374,NICK
2001-02-06,1.5151519775390625,1.5151519775390625,1.420454978942871,1.420454978942871,1.2885360717773438,3960,1.458333396911621,1.426136302947998,1.4280301570892333,1.4295454216003418,1.4310606002807618,1.4699337768554688,48.82840963814002,0.005871910994953211,0.004164442980901537,0.001707468014051674,1.5022571358049157,1.4280301570892333,1.353803178373551,50.59548001631154,69.24618089511918,NICK
2001-02-07,1.420454978942871,1.420454978942871,1.420454978942871,1.420454978942871,1.2885360717773438,0,1.4431819915771484,1.428030300140381,1.4289771556854247,1.4291666412353516,1.4310606002807618,1.4687027168273925,48.82840963814002,0.0043031768673782445,0.004192189758196878,0.0001109871091813661,1.502304661929909,1.4289771556854247,1.3556496494409405,44.04789736357767,55.35736194197333,NICK
2001-02-08,1.420454978942871,1.420454978942871,1.420454978942871,1.420454978942871,1.2885360717773438,0,1.4280305862426759,1.4299242973327637,1.4299241542816161,1.4295454406738282,1.4297348499298095,1.4674716567993165,48.82840963814003,0.003025072615091551,0.003958766329575813,-0.0009336937144842619,1.5022914640566922,1.4299241542816161,1.35755684450654,37.50031471084379,44.047897363577825,NICK
2001-02-09,1.4962120056152344,1.4962120056152344,1.4393939971923828,1.4393939971923828,1.3057163953781128,5280,1.4280305862426759,1.4375000953674317,1.4318181037902833,1.4287878608703612,1.4285984897613526,1.466335291862488,51.87371691439247,0.0035000399972771046,0.003867021063116071,-0.0003669810658389664,1.5030866031460917,1.4318181037902833,1.360549604434475,41.666876473895904,41.07169618277262,NICK
2001-02-12,1.4962120056152344,1.4962120056152344,1.4962120056152344,1.4962120056152344,1.3572577238082886,8580,1.439394187927246,1.4507576942443847,1.4365529537200927,1.4291666412353516,1.4287878799438476,1.4654830169677735,59.634803134144,0.008364769643863346,0.004766570779265526,0.00359819886459782,1.5116208108139282,1.4365529537200927,1.3614850966262573,58.33333333333345,45.83350817269121,NICK
2001-02-13,1.4962120056152344,1.4962120056152344,1.4962120056152344,1.4962120056152344,1.3572577238082886,0,1.4545455932617188,1.45643949508667,1.4412878036499024,1.428787841796875,1.4289772701263428,1.4653883171081543,59.634803134143986,0.012080842504933909,0.006229425124399202,0.005851417380534706,1.5188237108544351,1.4412878036499024,1.3637518964453696,74.999790192771,58.33333333333362,NICK
2001-02-14,1.4393939971923828,1.4393939971923828,1.3257579803466797,1.401515007019043,1.2713550329208374,33330,1.4507575988769532,1.4469697952270508,1.4384469032287597,1.4265151023864746,1.4282196903228759,1.4648201322555543,45.46318058740733,0.007300445656162724,0.0064436292307519065,0.0008568164254108175,1.5174266554857825,1.4384469032287597,1.3594671509717369,71.66635615146059,68.33315989252185,NICK
2001-02-15,1.3636360168457031,1.4393939971923828,1.3636360168457031,1.4393939971923828,1.3057163953781128,7260,1.4545454025268554,1.4412879943847656,1.4374999523162841,1.424999942779541,1.427083330154419,1.4635417222976685,50.52759960603366,0.006493610353646373,0.0064536254553308,3.998489831557282e-05,1.515955687021038,1.4374999523162841,1.3590442176115303,62.49972724975709,69.72195786466305,NICK
2001-02-16,1.401515007019043,1.401515007019043,1.401515007019043,1.401515007019043,1.2713550329208374,330,1.4469696044921876,1.4375000953674317,1.4346590518951416,1.4227272033691407,1.4267045402526854,1.4620265722274781,45.93394580370076,0.002765787349486626,0.005716057834161965,-0.0029502704846753394,1.514001344532915,1.4346590518951416,1.3553167592573683,46.666398112061245,60.277493837759806,NICK
2001-02-20,1.401515007019043,1.401515007019043,1.401515007019043,1.401515007019043,1.2713550329208374,4950,1.4280302047729492,1.4337121963500976,1.431818151473999,1.422348403930664,1.4265151405334473,1.4607008123397827,45.933945803700766,-0.00018639064351022583,0.004535568138627527,-0.004721958782137753,1.5116337562913293,1.431818151473999,1.3520025466566685,46.666398112061245,51.94417449129336,NICK
2001-02-21,1.4299240112304688,1.4299240112304688,1.401515007019043,1.401515007019043,1.2713550329208374,12210,1.409090805053711,1.4318181991577148,1.4289772510528564,1.4219696044921875,1.426325740814209,1.4593750524520874,45.93394580370076,-0.0024972264996359073,0.0031290092109748403,-0.005626235710610748,1.5088602681595509,1.4289772510528564,1.349094233946162,39.999697876068886,44.444164700063965,NICK
2001-02-22,1.401515007019043,1.401515007019043,1.401515007019043,1.401515007019043,1.2713550329208374,0,1.409090805053711,1.429924201965332,1.4289772510528564,1.4219696044921875,1.425189371109009,1.4580492925643922,45.93394580370076,-0.004279252010849666,0.001647356966609939,-0.0059266089774596045,1.5088602681595509,1.4289772510528564,1.349094233946162,39.999697876068886,42.221931288066514,NICK
2001-02-23,1.401515007019043,1.401515007019043,1.401515007019043,1.401515007019043,1.2713550329208374,3630,1.401515007019043,1.4280302047729492,1.4289772510528564,1.4219696044921875,1.425189371109009,1.45710232257843,45.93394580370076,-0.00562665943973939,0.00019255368534007314,-0.005819213125079463,1.5088602681595509,1.4289772510528564,1.349094233946162,39.999697876068886,39.999697876069064,NICK
2001-02-26,1.401515007019043,1.401515007019043,1.401515007019043,1.401515007019043,1.2713550329208374,330,1.401515007019043,1.4242423057556153,1.4308712005615234,1.4219696044921875,1.425189371109009,1.4561553525924682,45.933945803700766,-0.006618199055653307,-0.0011695968628586029,-0.005448602192794704,1.5061300062591685,1.4308712005615234,1.3556123948638783,39.999697876068886,39.999697876069064,NICK
2001-02-27,1.401515007019043,1.401515007019043,1.401515007019043,1.401515007019043,1.2713550329208374,0,1.401515007019043,1.4147726058959962,1.4327651500701903,1.4200756645202637,1.4248105812072753,1.4552083826065063,45.93394580370075,-0.00731962526121932,-0.0023996025425307467,-0.0049200227186885735,1.5028920556775958,1.4327651500701903,1.362638244462785,41.48121789990081,40.49353788401304,NICK
2001-02-28,1.401515007019043,1.401515007019043,1.401515007019043,1.401515007019043,1.2713550329208374,0,1.401515007019043,1.4053029060363769,1.4308712005615234,1.4200756645202637,1.424431791305542,1.4542614126205444,45.93394580370075,-0.0077857611742842,-0.0034768342688814378,-0.0043089269054027626,1.5022151608974534,1.4308712005615234,1.3595272402255933,42.96273792373273,41.48121789990099,NICK
2001-03-01,1.420454978942871,1.420454978942871,1.420454978942871,1.420454978942871,1.2885360717773438,3300,1.4053030014038086,1.4071969032287597,1.4270833492279054,1.4204544639587402,1.4242424011230468,1.4530303525924682,50.042497177645295,-0.006551359799721546,-0.004091739375049459,-0.0024596204246720866,1.4918937247788868,1.4270833492279054,1.362272973676924,48.14808598252163,44.197347268718566,NICK
2001-03-02,1.4393939971923828,1.4393939971923828,1.4393939971923828,1.4393939971923828,1.3057163953781128,11880,1.4128787994384766,1.4071969032287597,1.4242424488067627,1.4212120437622071,1.4242424011230468,1.4518939876556396,53.821415280747054,-0.0039987719701206625,-0.0040731458940637,7.43739239430375e-05,1.4811867909499983,1.4242424488067627,1.367298106663527,55.55555555555568,48.88879315393685,NICK
2001-03-05,1.4393939971923828,1.4393939971923828,1.4393939971923828,1.4393939971923828,1.3057163953781128,0,1.4204545974731446,1.4109848022460938,1.4242424488067627,1.4219696235656738,1.4242424011230468,1.4515151977539062,53.821415280747054,-0.0019533111694918226,-0.0036491789491493246,0.001695867779657502,1.4811867909499983,1.4242424488067627,1.367298106663527,62.96302512858972,55.55555555555585,NICK
2001-03-06,1.4772729873657227,1.4962120056152344,1.4772729873657227,1.4962120056152344,1.3572577238082886,8250,1.4393939971923828,1.420454502105713,1.4270833492279054,1.4231059837341309,1.4248105812072753,1.4506629228591919,63.44280023696407,0.0042040084905958786,-0.002078541461200284,0.006282549951796163,1.4918937247788868,1.4270833492279054,1.362272973676924,77.7777777777779,65.43211948730794,NICK
2001-03-07,1.5151519775390625,1.5151519775390625,1.4583330154418945,1.5151519775390625,1.3744384050369263,23100,1.4621213912963866,1.4318181991577148,1.4318181991577148,1.426136302947998,1.4248105812072753,1.4499053478240966,65.98682946612809,0.010491091357914595,0.00043538510262269197,0.010055706255291903,1.5070055595557459,1.4318181991577148,1.3566308387596837,88.88888888888901,76.54323059841904,NICK
2001-03-08,1.6287879943847656,1.6287879943847656,1.5340909957885742,1.5340909957885742,1.3916188478469849,4950,1.4848485946655274,1.445075798034668,1.4375,1.4295454025268555,1.4257575511932372,1.449337167739868,68.35806667368499,0.01680811681109784,0.0037099314443177216,0.013098185366780118,1.524621341540328,1.4375,1.350378658459672,86.11112276711731,84.25926314459491,NICK
2001-03-09,1.5909090042114258,1.6477270126342773,1.5909090042114258,1.6477270126342773,1.4947011470794678,36300,1.5265151977539062,1.4696969985961914,1.4488636016845704,1.43446964263916,1.4278408813476562,1.449337167739868,78.1851297243501,0.03063078918733897,0.009094102992921972,0.021536686194416996,1.5747785539279884,1.4488636016845704,1.3229486494411524,86.11112276711731,87.03704480770806,NICK
2001-03-12,1.6477270126342773,1.6477270126342773,1.553030014038086,1.553030014038086,1.4087989330291748,18150,1.5492424011230468,1.4848484992980957,1.4545454025268554,1.4367423629760743,1.4297348213195802,1.4488636827468873,61.14335279604417,0.033557272908204094,0.013986736975978397,0.0195705359322257,1.5882526849234915,1.4545454025268554,1.3208381201302193,73.29060001484363,81.83761518302624,NICK
2001-03-13,1.553030014038086,1.553030014038086,1.5151519775390625,1.553030014038086,1.4087989330291748,9570,1.5606060028076172,1.5,1.457386302947998,1.4397726631164551,1.432765121459961,1.4483901977539062,61.14335279604417,0.03546768296975711,0.01828292617473414,0.01718475679502297,1.5968064488502214,1.457386302947998,1.3179661570457748,74.35895449545275,77.92022575913806,NICK
2001-03-14,1.553030014038086,1.553030014038086,1.553030014038086,1.553030014038086,1.4087989330291748,0,1.568181610107422,1.5151515007019043,1.4602272033691406,1.4405302238464355,1.433901481628418,1.4485795879364014,61.14335279604417,0.036560252870178944,0.0219383915138231,0.014621861356355844,1.6049122097771424,1.4602272033691406,1.3155421969611387,61.538431743179075,69.72932875115865,NICK
2001-03-15,1.5151519775390625,1.5151519775390625,1.5151519775390625,1.5151519775390625,1.3744384050369263,19800,1.5643938064575196,1.5246212005615234,1.4659090518951416,1.4405302238464355,1.4346590614318848,1.4485795879364014,55.139140977983125,0.03397800412135443,0.024346314035329365,0.009631690086025067,1.609848411460431,1.4659090518951416,1.3219696923298523,56.41032593258253,64.10257072373828,NICK
2001-03-16,1.5909090042114258,1.5909090042114258,1.5151519775390625,1.5151519775390625,1.3744384050369263,13860,1.5378787994384766,1.5321969985961914,1.4696969509124755,1.4435605430603027,1.4354166412353515,1.4486742877960206,55.13914097798312,0.031567661037559036,0.0257905834357753,0.005777077601783736,1.614629728558597,1.4696969509124755,1.324764173266354,51.28222012198597,56.41032593258268,NICK
2001-03-19,1.5909090042114258,1.5909090042114258,1.5909090042114258,1.5909090042114258,1.443159818649292,3300,1.5454545974731446,1.5473484992980957,1.4791666507720946,1.4492423629760742,1.436931791305542,1.4491477727890014,63.461747425741656,0.0353627657516109,0.02770501989894242,0.0076577458526684815,1.6296841781663125,1.4791666507720946,1.3286491233778768,56.410455045473675,54.70100036668088,NICK
2001-03-20,1.5909090042114258,1.5909090042114258,1.5909090042114258,1.5909090042114258,1.443159818649292,0,1.5530303955078124,1.5568181991577148,1.488636350631714,1.4530302429199218,1.4384469413757324,1.4491477727890014,63.461747425741656,0.03793314390932556,0.029750644701019048,0.008182499208306514,1.6422206608527252,1.488636350631714,1.3350520404107027,66.02575027501058,57.90614181415689,NICK
2001-03-21,1.5909090042114258,1.5909090042114258,1.5909090042114258,1.5909090042114258,1.443159818649292,0,1.5606061935424804,1.564393901824951,1.498106050491333,1.4568181228637695,1.4399620914459228,1.4489583778381347,63.46174742574164,0.039514686409992894,0.031703453042813814,0.00781123336717908,1.6523894031766098,1.498106050491333,1.3438226978060563,74.88348361861931,65.77322964636801,NICK
2001-03-22,1.5909090042114258,1.5909090042114258,1.5909090042114258,1.5909090042114258,1.443159818649292,8250,1.5757575988769532,1.5700757026672363,1.5075757503509521,1.460606002807617,1.4414772415161132,1.448768982887268,63.461747425741656,0.040303476843165376,0.033423457802884124,0.006880019040281252,1.6602229375576212,1.5075757503509521,1.3549285631442831,73.48487622814378,71.4647033739247,NICK
2001-03-23,1.5151519775390625,1.5151519775390625,1.5151519775390625,1.5151519775390625,1.3744384050369263,7920,1.5757575988769532,1.5568181991577148,1.5132575988769532,1.4628787422180176,1.4422348213195801,1.4482008028030395,50.78831365503217,0.03441888058938636,0.03362254236018457,0.0007963382292017901,1.657942545363703,1.5132575988769532,1.3685726523902035,58.485010505446546,68.9511234507367,NICK
2001-03-26,1.5909090042114258,1.5909090042114258,1.5151519775390625,1.5151519775390625,1.3744384050369263,15180,1.5606061935424804,1.5530303955078124,1.518939447402954,1.465151481628418,1.4429924011230468,1.447632622718811,50.78831365503217,0.029416203973583688,0.03278127468286439,-0.0033650707092807014,1.6542466404721508,1.518939447402954,1.3836322543337574,44.24270666867749,58.73753113408943,NICK
2001-03-27,1.553030014038086,1.553030014038086,1.553030014038086,1.553030014038086,1.4087989330291748,9900,1.5530303955078124,1.5530303955078124,1.5265151977539062,1.4681817817687988,1.444128761291504,1.4478220129013062,55.8956831343242,0.02818311034604104,0.03186164181549972,-0.003678531469458679,1.6512276751952233,1.5265151977539062,1.4018027203125891,29.52394105997079,44.08388607803176,NICK
2001-03-28,1.553030014038086,1.553030014038086,1.553030014038086,1.553030014038086,1.4087989330291748,0,1.5454545974731446,1.5530303955078124,1.5340909481048584,1.4712120819091796,1.445265121459961,1.4480114030838012,55.8956831343242,0.026895836303424625,0.0308684807130847,-0.003972644409660074,1.6451730421425452,1.5340909481048584,1.4230088540671715,29.047479288033145,34.27137567222729,NICK
2001-03-29,1.5909090042114258,1.5909090042114258,1.5340909957885742,1.5340909957885742,1.3916188478469849,2640,1.5340909957885742,1.5549242973327637,1.5397727489471436,1.4727272415161132,1.4469696712493896,1.4481060981750489,52.72271185347823,0.02406997813271361,0.029508780197010483,-0.005438802064296873,1.6378924384853515,1.5397727489471436,1.4416530594089356,23.80918126341294,27.460200537139105,NICK
2001-03-30,1.5340909957885742,1.5340909957885742,1.5340909957885742,1.5340909957885742,1.3916188478469849,0,1.5378787994384766,1.5568181991577148,1.5445075988769532,1.4742424011230468,1.448295431137085,1.4482007932662964,52.72271185347823,0.021581684943322355,0.027923361146272856,-0.006341676202950501,1.63127784701918,1.5445075988769532,1.4577373507347264,22.618737186445998,25.15846591263084,NICK
2001-04-02,1.5340909957885742,1.5340909957885742,1.5340909957885742,1.5340909957885742,1.3916188478469849,0,1.541666603088379,1.5511363983154296,1.5492424488067627,1.4757575607299804,1.4496211910247803,1.4482954883575438,52.72271185347822,0.019386222359687233,0.026215933388955732,-0.0068297110292684995,1.6217084961627086,1.5492424488067627,1.4767764014508167,21.428293109479057,22.618737186446143,NICK
2001-04-03,1.5151519775390625,1.5151519775390625,1.5151519775390625,1.5151519775390625,1.3744384050369263,8580,1.5340909957885742,1.5435606956481933,1.550189447402954,1.4768939399719239,1.4507575607299805,1.4482954883575438,49.232184621531886,0.015934400106340618,0.024159626732432708,-0.00822522662609209,1.6203159563654108,1.550189447402954,1.4800629384404973,16.666456856796493,20.23782905090733,NICK
2001-04-04,1.5151519775390625,1.5151519775390625,1.5151519775390625,1.5151519775390625,1.3744384050369263,4290,1.5265153884887694,1.535984992980957,1.550189447402954,1.4780303192138673,1.4518939304351806,1.4486742782592774,49.232184621531886,0.013048392356780125,0.02193737985730219,-0.008888987500522066,1.6203159563654108,1.550189447402954,1.4800629384404973,8.333228428398309,15.475992798224766,NICK
2001-04-05,1.5151519775390625,1.5151519775390625,1.4393939971923828,1.4583330154418945,1.3228964805603027,13860,1.5113637924194336,1.5227273941040038,1.5464015483856202,1.4791666793823242,1.4528409004211427,1.448768973350525,40.01460281109139,0.006106008769096505,0.018771105639661053,-0.012665096870564548,1.6269994598538944,1.5464015483856202,1.465803636917346,4.166587988460653,9.722091091218632,NICK
2001-04-06,1.5151519775390625,1.553030014038086,1.5151519775390625,1.553030014038086,1.4087989330291748,2310,1.515151596069336,1.5265151977539062,1.5416666984558105,1.482196979522705,1.4547348403930664,1.4491477584838868,55.10221235434648,0.008151411729221847,0.016647166857573212,-0.008495755128351365,1.6077103619516893,1.5416666984558105,1.4756230349599317,29.166535536323227,13.888783984394209,NICK
2001-04-09,1.5545450448989868,1.5545450448989868,1.5545450448989868,1.5545450448989868,1.4101731777191162,0,1.5192424058914185,1.5304545044898987,1.5417424499988557,1.4860151600837708,1.4558863508701325,1.4501023036241532,55.29594009445613,0.009781898997662797,0.01527411328559113,-0.005492214287928333,1.6078415264522294,1.5417424499988557,1.475643373545482,54.49979019145042,29.27763790541158,NICK
2001-04-10,1.5757579803466797,1.5757579803466797,1.5757579803466797,1.5757579803466797,1.4294161796569824,660,1.531363606452942,1.532727301120758,1.5428788483142852,1.4902575993537903,1.4572499907016754,1.4504526835680007,58.02682069121072,0.012640071634033134,0.01474730495527953,-0.002107233321246396,1.6104795268910883,1.5428788483142852,1.4752781697374822,80.33330710726474,54.66654427834627,NICK
2001-04-11,1.5757579803466797,1.5757579803466797,1.5757579803466797,1.5757579803466797,1.4294161796569824,0,1.5434848070144653,1.5350000977516174,1.544015246629715,1.4929848790168763,1.4586136305332185,1.4508030635118485,58.02682069121072,0.01473533427923468,0.01474491082007056,-9.576540835880276e-06,1.613010060717794,1.544015246629715,1.475020432541636,85.333464463677,73.38885392079753,NICK
2001-04-12,1.5757579803466797,1.5757579803466797,1.5757579803466797,1.5757579803466797,1.4294161796569824,0,1.5669697999954224,1.539166796207428,1.5470455467700959,1.4945757985115051,1.4603560602664947,1.45148488342762,58.02682069121072,0.016208997784401324,0.015037728212936714,0.0011712695714646108,1.6160271099847023,1.5470455467700959,1.4780639835554894,90.00031471282466,85.22236209458895,NICK
2001-04-16,1.454545021057129,1.454545021057129,1.454545021057129,1.454545021057129,1.319460391998291,7920,1.547272801399231,1.5312121987342835,1.5440151989459991,1.493742458820343,1.4606969606876374,1.4517500334978104,40.409452084909134,0.007509449672366664,0.013532072504822704,-0.00602262283245604,1.6229427196949013,1.5440151989459991,1.465087678197097,63.3334382376083,79.5557391380368,NICK
2001-04-17,1.5757579803466797,1.587878942489624,1.5727269649505615,1.5727269649505615,1.4266666173934937,1650,1.5509091854095458,1.5350757956504821,1.543106096982956,1.4964091181755066,1.4624090802669525,1.4527954882383347,54.814082713145154,0.010035606081247206,0.012832779220107605,-0.002797173138860399,1.620250863318827,1.543106096982956,1.465961330647085,62.66661421452935,72.00012238832092,NICK
2001-04-18,1.5727269649505615,1.5727269649505615,1.5727269649505615,1.5727269649505615,1.4266666173934937,0,1.5503029823303223,1.540833294391632,1.5421969950199128,1.4990757775306702,1.4637424099445342,1.4536515480279923,54.814082713145154,0.011900422571609504,0.012646307890407984,-0.0007458853187984806,1.6174729186836647,1.5421969950199128,1.466921071356161,61.999790191450415,62.666614214529496,NICK
2001-04-19,1.5757579803466797,1.5757579803466797,1.5545450448989868,1.5545450448989868,1.4101731777191162,2970,1.5460603952407836,1.5447726011276246,1.5403787970542908,1.5017575788497926,1.4656515002250672,1.454416698217392,52.54768403118928,0.011775434204427615,0.01247213315321191,-0.000696698948784295,1.6125533369373486,1.5403787970542908,1.468204257171233,84.516780107444,69.7277281711414,NICK
2001-04-20,1.5545450448989868,1.5545450448989868,1.5545450448989868,1.5545450448989868,1.4101731777191162,0,1.541817808151245,1.5543938040733338,1.5385605990886688,1.5044393801689149,1.4668030107021333,1.4551818484067918,52.54768403118929,0.011543315863137726,0.012286369695197074,-0.0007430538320593472,1.607302267532876,1.5385605990886688,1.4698189306444616,81.03371757130019,75.85009595673166,NICK
2001-04-23,1.5151519775390625,1.5757579803466797,1.5151519775390625,1.5151519775390625,1.3744384050369263,22440,1.553939199447632,1.5506060004234314,1.5385605990886688,1.5063333201408386,1.4679393804073333,1.4557500332593918,47.60207826749909,0.008087442092809649,0.011446584174719589,-0.0033591420819099396,1.607302267532876,1.5385605990886688,1.4698189306444616,68.70731914879961,78.08593894251474,NICK
2001-04-24,1.5151519775390625,1.5151519775390625,1.5151519775390625,1.5151519775390625,1.3744384050369263,0,1.542424201965332,1.546666693687439,1.5385605990886688,1.5078484797477723,1.4683181703090669,1.4561288231611251,47.60207826749909,0.0052876841007540865,0.010214804159926488,-0.0049271200591724015,1.607302267532876,1.5385605990886688,1.4698189306444616,59.86398326244287,69.86833999418103,NICK
2001-04-25,1.5757579803466797,1.6484849452972412,1.5151519775390625,1.545454978942871,1.4019272327423096,68640,1.5369698047637939,1.543636393547058,1.5381818473339082,1.508833339214325,1.4689999902248383,1.457037917971611,51.66089750994121,0.005451216451433094,0.009262086618227808,-0.0038108701667947144,1.6066835032981643,1.5381818473339082,1.469680191369652,50.922034215479364,59.83111220890743,NICK
2001-04-26,1.5606060028076172,1.5909090042114258,1.5,1.5,1.3606936931610107,139590,1.5260607957839967,1.53606059551239,1.5355303466320038,1.5089090991020202,1.4688484704494476,1.4573409479856492,45.91543670306628,0.0018911797569334254,0.007787905245968932,-0.005896725489035507,1.6056148108749981,1.5355303466320038,1.4654458823890095,41.72770490023312,50.837907459385264,NICK
2001-04-27,1.5757579803466797,1.5909090042114258,1.5181820392608643,1.5909090042114258,1.443159818649292,37950,1.5333335876464844,1.5375756978988648,1.5383712470531463,1.512696979045868,1.4696060407161713,1.4580985230207444,56.36713321855995,0.006332425648400086,0.007496809326455163,-0.001164383678055077,1.6124826096388267,1.5383712470531463,1.464259884467466,48.158317959560144,46.93601902509102,NICK
2001-04-30,1.5757579803466797,1.651515007019043,1.5757579803466797,1.651515007019043,1.4981374740600586,60060,1.5606061935424804,1.557272696495056,1.5442424476146699,1.5169393992424012,1.470969671010971,1.4594432181119918,61.68326118304047,0.014574536748608091,0.008912354810885748,0.005662181937722343,1.633187644527359,1.5442424476146699,1.4552972507019808,64.5833819948049,51.48980161819954,NICK
2001-05-01,1.651515007019043,1.7424240112304688,1.651515007019043,1.7424240112304688,1.5806033611297607,17160,1.6060606002807618,1.574242401123047,1.5546590983867645,1.5237575793266296,1.4732423913478851,1.460579578280449,67.98440264885761,0.028117939949413584,0.012753471838591315,0.015364468110822269,1.6783999470876358,1.5546590983867645,1.4309182496858932,90.10416218468913,67.61528737968489,NICK
2001-05-02,1.7424240112304688,1.7424240112304688,1.6060609817504883,1.6060609817504883,1.4569047689437866,20460,1.6181818008422852,1.5775758028030396,1.5592045485973358,1.5278484988212586,1.4750984513759613,1.461034123301506,53.71513233719397,0.027530473553357693,0.01570887218154459,0.011821601371813102,1.6834841582277067,1.5592045485973358,1.434924938966965,84.21060768185136,79.63271728711528,NICK
2001-05-03,1.6060609817504883,1.6060609817504883,1.6060609817504883,1.6060609817504883,1.4569047689437866,330,1.6393939971923828,1.5827273964881896,1.563749998807907,1.5319394183158874,1.4769545114040374,1.4614886683225632,53.71513233719397,0.02675647026809047,0.017918391798853767,0.008838078469236704,1.6879021480507155,1.563749998807907,1.4395978495650987,68.42121536370261,80.91199507674787,NICK
2001-05-04,1.7424240112304688,1.8636360168457031,1.693938970565796,1.7424240112304688,1.5806033611297607,33330,1.6696969985961914,1.601515293121338,1.5779545485973359,1.538757598400116,1.4803636014461516,1.4626250284910203,62.776253334915275,0.03672310286330016,0.021679334011743046,0.015043768851557116,1.7149545912592448,1.5779545485973359,1.440954505935427,57.31010425259151,69.98064243271533,NICK
2001-05-07,1.7424240112304688,2.0,1.7424240112304688,2.0,1.8142584562301636,66330,1.7393939971923829,1.6500000953674316,1.6003030478954314,1.550727298259735,1.4863484513759613,1.465049268603325,73.37799263608667,0.0646605935692155,0.030275585923237536,0.03438500764597796,1.8289324776090978,1.6003030478954314,1.371673618181765,73.09949657074024,66.27693872901163,NICK
2001-05-08,2.10909104347229,2.10909104347229,1.806061029434204,1.9696969985961914,1.7867695093154907,32670,1.7848485946655273,1.6954545974731445,1.6210606455802918,1.562090938091278,1.4920302712917328,1.4678901785612106,70.82239430752983,0.08339473468187442,0.04089941567496491,0.042495319006909504,1.8993042868011212,1.6210606455802918,1.3428170043594625,81.2603607528518,70.55665385872801,NICK
2001-05-09,1.9696969985961914,1.9696969985961914,1.8939390182495117,1.8939390182495117,1.7180473804473877,6600,1.842424201965332,1.7303030014038085,1.6369696974754333,1.5719394183158875,1.4960075414180756,1.470352298617363,64.75084361653617,0.0910787415694716,0.05093528085386625,0.04014346071560535,1.9384480335290926,1.6369696974754333,1.335491361421774,80.59698551918235,78.3189476142583,NICK
2001-05-10,2.045454978942871,2.3333330154418945,1.9696969985961914,2.1212120056152344,1.924213171005249,24090,1.9454544067382813,1.792424201965332,1.664242398738861,1.5863333582878112,1.5032045114040375,1.473950783610344,72.39625891494568,0.11419107938728246,0.06358644056054949,0.05060463882673297,2.0303881810559714,1.664242398738861,1.2980966164217507,72.11214188940498,77.98982938714654,NICK
2001-05-11,2.2727270126342773,2.2727270126342773,2.045454978942871,2.1212120056152344,1.924213171005249,19800,2.0212120056152343,1.845454502105713,1.6915151000022888,1.6003484988212586,1.5104014813899993,1.477549268603325,72.39625891494569,0.13099771352502843,0.07706869515344528,0.05392901837158315,2.105382082055582,1.6915151000022888,1.2776481179489956,71.25582639566478,74.65498460141754,NICK
2001-05-14,1.9696969985961914,2.21212100982666,1.9696969985961914,2.21212100982666,2.0066792964935303,2310,2.0636362075805663,1.9015151023864747,1.7293938994407654,1.6158030390739442,1.5185075414180755,1.481602298617363,74.9198074772195,0.14992445327346138,0.09163984677744849,0.058284606496012886,2.1860357766838168,1.7293938994407654,1.272752022197714,78.18183066628683,73.8499329837857,NICK
2001-05-15,2.090909004211426,2.196969985961914,2.048485040664673,2.196969985961914,1.9929355382919312,9240,2.109090805053711,1.946969699859619,1.760606050491333,1.6309545588493348,1.5264620912075042,1.4855795735120774,73.71034628493021,0.1618359260640947,0.10567906263477773,0.05615686342931696,2.2540040482821824,1.760606050491333,1.2672080527004834,81.2121510361295,76.8832693660272,NICK
2001-05-16,2.1818180084228516,2.196969985961914,2.1818180084228516,2.196969985961914,1.9929355382919312,2970,2.1696969985961916,2.0060606002807617,1.7918182015419006,1.6449697184562684,1.5340378510951995,1.4895568484067916,73.71034628493022,0.16932399248337626,0.11840804860449744,0.05091594387887882,2.3119795009581035,1.7918182015419006,1.2716569021256978,84.12080761734977,81.17159643992221,NICK
2001-05-17,2.21818208694458,2.3333330154418945,2.1666669845581055,2.196969985961914,1.9929355382919312,25740,2.184848594665527,2.065151500701904,1.823939448595047,1.6586060786247254,1.5423711907863618,1.493534123301506,73.71034628493022,0.17326109303998272,0.1293786574915945,0.04388243554838822,2.3606056044801003,1.823939448595047,1.287273292709994,82.96931067236324,82.76742310861435,NICK
2001-05-18,2.1666669845581055,2.2727270126342773,2.1666669845581055,2.2727270126342773,2.061656951904297,2640,2.2151515960693358,2.1181818008422852,1.8598485469818116,1.6733787989616393,1.5514621007442475,1.4978901833295821,76.11803497150802,0.18041452616742726,0.13958583122676105,0.04082869494066621,2.415384410867611,1.8598485469818116,1.3043126830960121,85.64605615452018,84.24539148141123,NICK
2001-05-21,2.2575759887695312,2.2575759887695312,2.1666669845581055,2.1666669845581055,1.965446949005127,3630,2.206060791015625,2.1348484992980956,1.8924242973327636,1.683757598400116,1.559113620519638,1.5017159432172775,66.88288477158322,0.17550243277496214,0.14676915153640127,0.028733281238560865,2.439635174189084,1.8924242973327636,1.3452134204764432,83.58337616924565,84.06624766537652,NICK
2001-05-22,2.196969985961914,2.196969985961914,2.1666669845581055,2.196969985961914,1.9929355382919312,12870,2.206060791015625,2.157575798034668,1.9265151977539063,1.6966363978385925,1.5666893804073334,1.505693218111992,68.07470275978848,0.17207123227718135,0.1518295676845573,0.020241664592624053,2.460250825588307,1.9265151977539063,1.3927795699195058,83.33337704344795,84.18760312240477,NICK
2001-05-23,2.233333110809326,2.233333110809326,2.124242067337036,2.233333110809326,2.0259218215942383,3300,2.2133334159851072,2.1915152072906494,1.960909104347229,1.7102424597740173,1.5750075614452361,1.5092841237783432,69.4934679100474,0.17032280615105355,0.15552821537785655,0.014794590773197003,2.480455084467424,1.960909104347229,1.4413631242270344,80.89789051085062,82.60488124118159,NICK
2001-05-24,2.124242067337036,2.124242067337036,2.124242067337036,2.124242067337036,1.92696213722229,1320,2.1987878322601317,2.1918182134628297,1.9921212077140809,1.7216667008399964,1.581098462343216,1.512897759079933,60.768450406038745,0.1583095365598466,0.15608447961425456,0.0022250569455920244,2.4705345590521217,1.9921212077140809,1.51370785637604,76.74188181848972,80.32438312426295,NICK
2001-05-25,2.1212120056152344,2.196969985961914,2.0727269649505615,2.196969985961914,1.9929355382919312,5280,2.183636426925659,2.1993940114974975,2.0224242568016053,1.7353030610084534,1.5879166424274445,1.5163068491220475,64.01238530915491,0.15289499079823776,0.1554465818510512,-0.00255159105281344,2.4712054880764076,2.0224242568016053,1.5736430255268032,74.37119655513021,77.33698962815703,NICK
2001-05-29,1.8333330154418945,2.0151519775390625,1.8333330154418945,2.0151519775390625,1.8280030488967896,9240,2.1533334255218506,2.179697108268738,2.040606105327606,1.7453030610084534,1.594431802034378,1.5188068491220474,52.356885686544594,0.13240643158605758,0.15083855179805247,-0.01843212021199489,2.4560313308201396,2.040606105327606,1.6251808798350726,58.37239167198319,69.82849001520121,NICK
2001-05-30,2.0151519775390625,2.0151519775390625,1.8939390182495117,2.0151519775390625,1.8280030488967896,3300,2.1169698238372803,2.161515307426453,2.054242503643036,1.7537879204750062,1.6015151417255402,1.5218750339746476,52.356885686544594,0.11484523640174515,0.14363988871879102,-0.028794652317045866,2.446901876147642,2.054242503643036,1.66158313113843,48.955198204653584,60.56626214392251,NICK
2001-05-31,1.9696969985961914,1.9696969985961914,1.9696969985961914,1.9696969985961914,1.7867695093154907,330,2.0642426013946533,2.1387880086898803,2.0724243044853212,1.7613636803627015,1.6071969616413115,1.5247159439325333,49.73138940201756,0.09615164941686394,0.1341422408584056,-0.037990591441541655,2.410233902424424,2.0724243044853212,1.7346147065462187,33.33346048990895,46.88701678884876,NICK
2001-06-01,2.1212120056152344,2.1212120056152344,2.1212120056152344,2.1212120056152344,1.924213171005249,330,2.063636589050293,2.1312122106552125,2.0981818556785585,1.7719697403907775,1.6143939316272735,1.5283144289255142,57.399841214574074,0.09249659864200188,0.12581311241512486,-0.033316513773122974,2.3597896095463344,2.0981818556785585,1.8365741018107826,40.404129028320405,40.897595907627824,NICK
2001-06-04,2.045454978942871,2.151515007019043,2.045454978942871,2.151515007019043,1.951702356338501,21120,2.054545593261719,2.119091010093689,2.118636405467987,1.7831818604469298,1.6218939316272736,1.5318750339746474,58.755019979367354,0.0909961960256247,0.11884972913722483,-0.02785353311160013,2.3236271825397945,2.118636405467987,1.9136456283961796,49.49499766031911,41.07752905951634,NICK
2001-06-05,2.2272729873657227,2.2272729873657227,1.9727269411087036,2.060606002807617,1.8692357540130615,2640,2.0636363983154298,2.10848491191864,2.121666705608368,1.794090940952301,1.6284848415851594,1.5342235189676285,53.279201816089916,0.0815316728873734,0.11138611788725454,-0.029854444999881144,2.3212740050611993,2.121666705608368,1.9220594061555365,55.555597941080826,48.48490820990696,NICK
2001-06-06,2.0303030014038086,2.0303030014038086,1.9090909957885742,1.9090909957885742,1.7317920923233032,9570,2.042424201965332,2.079697012901306,2.118636405467987,1.8019697213172912,1.6335606014728545,1.536193214058876,45.643990233737384,0.06110064510645641,0.10132902333109492,-0.04022837822463851,2.32893398327214,2.118636405467987,1.9083388276638344,41.41419728597015,48.821597629123545,NICK
2001-06-07,1.912121057510376,1.9696969985961914,1.912121057510376,1.9696969985961914,1.7867695093154907,6270,2.042424201965332,2.0533334016799927,2.122424304485321,1.8103030610084534,1.639242421388626,1.5384659391641617,48.8043813790806,0.049231792851286205,0.09090957723513318,-0.04167778438384698,2.3186549971247183,2.122424304485321,1.926193611845924,30.546917047848954,42.50557075830016,NICK
2001-06-08,1.9696969985961914,1.9696969985961914,1.9696969985961914,1.9696969985961914,1.7867695093154907,0,2.0121212005615234,2.037878894805908,2.114848554134369,1.8186364006996154,1.6449242413043976,1.5405492740869522,48.804381379080596,0.03937178845932898,0.08060201947997234,-0.041230231020643354,2.3220724639984045,2.114848554134369,1.9076246442703333,26.109683651703715,32.69026599517445,NICK
2001-06-11,1.912121057510376,1.912121057510376,1.8939390182495117,1.8939390182495117,1.7180473804473877,5940,1.960606002807617,2.007575798034668,2.103484904766083,1.8258333611488342,1.6492803013324737,1.5422538191080093,45.01045592164491,0.025154660791715022,0.06951254774232088,-0.04435788695060586,2.3319084688252576,2.103484904766083,1.875061340706908,26.10965065842703,27.58875045266008,NICK
2001-06-12,1.8939390182495117,1.8939390182495117,1.848484992980957,1.8787879943847656,1.704303503036499,6930,1.9242424011230468,1.9939393997192383,2.086818253993988,1.832727301120758,1.6534848511219025,1.5440719991922378,44.269264195838346,0.012520594068143653,0.058114157007485436,-0.04559356293934178,2.329312780258181,2.086818253993988,1.844323727729795,19.552712133535174,23.924015481222153,NICK
2001-06-13,1.848484992980957,1.848484992980957,1.848484992980957,1.848484992980957,1.6768146753311157,6600,1.9121212005615233,1.9772727012634277,2.0693940043449404,1.8390151810646058,1.6573863708972931,1.5457386642694473,42.75287452427705,6.20904654047294e-05,0.046503743699069296,-0.046441653233664566,2.32731462239375,2.0693940043449404,1.8114733862961305,10.120501564714605,18.594288118892447,NICK
2001-06-14,1.8848479986190796,1.9393939971923828,1.8848479986190796,1.9393939971923828,1.759280800819397,35640,1.9060606002807616,1.9742424011230468,2.0565152049064634,1.8475000214576722,1.662196980714798,1.5478598743677139,48.45694175328339,-0.002447552653384033,0.03671348442857863,-0.03916103708196266,2.3133896206617273,2.0565152049064634,1.7996407891511998,14.044380131253826,14.572531276501378,NICK
2001-06-15,1.9393939971923828,2.0,1.9393939971923828,2.0,1.8142584562301636,5280,1.9121212005615233,1.9621212005615234,2.046666705608368,1.857196981906891,1.6676136505603791,1.5502841144800186,51.89796661705296,0.00044876196644461075,0.029460539936151824,-0.029011777969707213,2.2962459080447113,2.046666705608368,1.7970875031720244,24.35903643235959,16.174639376109514,NICK
2001-06-18,2.0,2.0,1.9696969985961914,1.9696969985961914,1.7867695093154907,3960,1.9272727966308594,1.9439393997192382,2.0315152049064635,1.8674242615699768,1.6732954704761505,1.5531250244379045,50.097086575271646,0.0002955067906054154,0.023627533307042543,-0.023332026516437128,2.2602852227664543,2.0315152049064635,1.802745187046473,33.74360114521362,24.049005902942522,NICK
2001-06-19,1.9696969985961914,1.9696969985961914,1.9696969985961914,1.9696969985961914,1.7867695093154907,0,1.9454545974731445,1.9348484992980957,2.021666705608368,1.875757601261139,1.678977290391922,1.5559659343957901,50.097086575271646,0.00017206747288978086,0.01893644014021199,-0.01876437266732221,2.2431590231628236,2.021666705608368,1.8001743880539123,35.43587678777549,31.179504788449744,NICK
2001-06-20,1.9696969985961914,1.9696969985961914,1.8939390182495117,1.8939390182495117,1.7180473804473877,3300,1.9545454025268554,1.9333333015441894,2.006515157222748,1.8825454807281494,1.68428032040596,1.5583333545923232,45.51751265695081,-0.00596997677773814,0.013955156756621963,-0.019925133534360102,2.219252538669399,2.006515157222748,1.793777775776097,25.333259480816906,31.50424580460218,NICK
2001-06-21,1.9242420196533203,2.045454978942871,1.9242420196533203,2.045454978942871,1.8554918766021729,19800,1.9757575988769531,1.9409090995788574,1.9971212506294251,1.8919394207000733,1.6910985100269318,1.5614583545923233,54.480016904287474,0.0013726575174251021,0.011438656908782591,-0.010065999391357489,2.1839853634754274,1.9971212506294251,1.8102571377834231,31.99995971680927,30.923031995134068,NICK
2001-06-22,2.045454978942871,2.045454978942871,2.045454978942871,2.045454978942871,1.8554918766021729,19470,1.9848485946655274,1.9484848976135254,1.9931818962097168,1.901333360671997,1.6971591198444367,1.5645833545923233,54.480016904287474,0.007109790853893072,0.010572883697804687,-0.003463092843911615,2.1723226566948806,1.9931818962097168,1.8140411357245527,38.66665995280163,31.999959716809446,NICK
2001-06-25,2.0151519775390625,2.1212120056152344,2.0151519775390625,2.045454978942871,1.8554918766021729,5940,2.0000001907348635,1.9636364936828614,1.9856061458587646,1.910727300643921,1.702651549577713,1.5677083545923234,54.48001690428749,0.011523672631992943,0.010763041484642338,0.0007606311473506051,2.1408556934407095,1.9856061458587646,1.8303565982768195,58.74083930408437,43.1358196578986,NICK
2001-06-26,2.045454978942871,2.0757579803466797,1.9090909957885742,2.0757579803466797,1.8829805850982666,12540,2.0212123870849608,1.9833334922790526,1.9886364459991455,1.923151559829712,1.7084470093250275,1.5709848695993422,56.27668097029528,0.017267851656939115,0.012064003519101692,0.0052038481378374225,2.1483755162575098,1.9886364459991455,1.8288973757407812,69.18532188708609,55.53094038132421,NICK
2001-06-27,2.0757579803466797,2.0757579803466797,2.0757579803466797,2.0757579803466797,1.8829805850982666,0,2.0575761795043945,2.006060791015625,1.9916667461395263,1.9332121801376343,1.7148106491565704,1.5737878996133805,56.27668097029528,0.021571492184666807,0.013965501252214716,0.007605990932452091,2.1555485857621286,1.9916667461395263,1.827784906516924,79.6298044700878,69.18532188708626,NICK
2001-06-28,2.090909004211426,2.090909004211426,2.090909004211426,2.090909004211426,1.8967245817184448,2310,2.0666669845581054,2.0212122917175295,1.997727346420288,1.9435758209228515,1.7213257992267608,1.5766666847467423,57.254989677936805,0.025906090032528528,0.01635361900827748,0.009552471024251049,2.166794212041716,1.997727346420288,1.8286604807988602,85.18530174549066,78.00014270088836,NICK
2001-06-29,2.090909004211426,2.090909004211426,1.9696969985961914,2.045454978942871,1.8554918766021729,15510,2.0666669845581054,2.0257577896118164,1.99393949508667,1.9533940196037292,1.7275757992267609,1.5793181997537613,53.39506386431309,0.025380954250512566,0.018159086056724498,0.007221868193788068,2.15497398502623,1.99393949508667,1.8329050051471103,81.48159804178697,82.09890141912199,NICK
2001-07-02,2.045454978942871,2.045454978942871,2.045454978942871,2.045454978942871,1.8554918766021729,0,2.0666669845581054,2.033333587646484,1.9886364936828613,1.963212218284607,1.733825799226761,1.5824431997537614,53.39506386431309,0.02468028143838552,0.0194633251330567,0.0052169563053288195,2.1348704852093756,1.9886364936828613,1.842402502156347,77.77789433808326,81.48159804178714,NICK
2001-07-03,2.045454978942871,2.045454978942871,2.045454978942871,2.045454978942871,1.8554918766021729,0,2.0606063842773437,2.0409093856811524,1.987878942489624,1.9738182783126832,1.7400757992267608,1.5849053245782851,53.39506386431309,0.023850064489415512,0.020340673004328465,0.0035093914850870475,2.1327645206099275,1.987878942489624,1.8429933643693206,70.79793154575742,76.68580797520939,NICK
2001-07-05,2.045454978942871,2.045454978942871,2.045454978942871,2.045454978942871,1.8554918766021729,0,2.054545783996582,2.0560609817504885,1.994697141647339,1.9844243383407594,1.7461364090442657,1.5873674494028092,53.39506386431309,0.022927814008149472,0.020858101205092665,0.0020697128030568064,2.136920104891302,1.994697141647339,1.852474178403376,68.94611466180154,72.50731351521424,NICK
2001-07-06,2.045454978942871,2.045454978942871,2.045454978942871,2.045454978942871,1.8554918766021729,0,2.045454978942871,2.0560609817504885,1.9984850406646728,1.9944243383407594,1.751628838777542,1.5902083593606948,53.39506386431309,0.02194396746005589,0.02107527445608531,0.000868693003970581,2.141873494652094,1.9984850406646728,1.8550965866772517,67.09429777784567,68.9461146618017,NICK
2001-07-09,2.090909004211426,2.1060609817504883,2.060606002807617,2.060606002807617,1.8692357540130615,5940,2.0484851837158202,2.057576084136963,2.0030304908752443,2.0056364583969115,1.757272778749466,1.5931250244379043,54.86425822051285,0.022131702496087424,0.021286560064085733,0.0008451424320016915,2.1482326147602544,2.0030304908752443,1.8578283669902345,68.88909403459606,68.30983549141457,NICK
2001-07-10,1.9090909957885742,1.9696969985961914,1.9090909957885742,1.9696969985961914,1.7867695093154907,4620,2.033333587646484,2.050000286102295,2.006818389892578,2.013212218284607,1.7629545986652375,1.5955871444940568,45.579572931646695,0.014774574880715097,0.019984163027411607,-0.00520958814669651,2.144180315208249,2.006818389892578,1.8694564645769074,57.777936299460606,64.58710937063427,NICK
2001-07-11,1.8939390182495117,2.0757579803466797,1.8939390182495117,2.0757579803466797,1.8829805850982666,1320,2.039394187927246,2.050000286102295,2.016666889190674,2.02169707775116,1.7693182384967805,1.5982007843255996,55.12174173111123,0.017302777431323246,0.019447885908193935,-0.0021451084768706885,2.14375939000938,2.016666889190674,1.8895743883719676,62.22237141910019,62.96313391771911,NICK
2001-07-12,2.0757579803466797,2.0757579803466797,2.0757579803466797,2.0757579803466797,1.8829805850982666,0,2.0454547882080076,2.050000286102295,2.02803053855896,2.028363757133484,1.7760606682300568,1.6013826042413712,55.12174173111123,0.019086380256656543,0.019375584777886458,-0.00028920452122991464,2.131361535964172,2.02803053855896,1.9246995411537475,64.44465891495649,61.48165554450592,NICK
2001-07-13,2.0757579803466797,2.0757579803466797,2.0757579803466797,2.0757579803466797,1.8829805850982666,0,2.0515153884887694,2.0484851837158202,2.0348487377166746,2.0377576971054077,1.7828030979633331,1.60465911924839,55.12174173111123,0.0202662812707306,0.019553724076455288,0.0007125571942753137,2.1316766165149468,2.0348487377166746,1.9380208589184023,80.0002517697315,68.88909403459623,NICK
2001-07-16,2.0757579803466797,2.0757579803466797,2.0757579803466797,2.0757579803466797,1.8829805850982666,1650,2.054545783996582,2.051515483856201,2.038636636734009,2.0471516370773317,1.7895455276966095,1.6079356342554092,55.12174173111123,0.02095975036983999,0.01983492933513223,0.0011248210347077625,2.135642160902107,2.038636636734009,1.941631112565911,81.90495116018904,75.4499539482925,NICK
2001-07-17,2.0757579803466797,2.0757579803466797,2.0757579803466797,2.0757579803466797,1.8829805850982666,0,2.0757579803466797,2.054545783996582,2.0439396858215333,2.053818316459656,1.7962879574298858,1.6107386642694472,55.12174173111123,0.0212642090615085,0.020120785280407484,0.0011434237811010148,2.1367978921882176,2.0439396858215333,1.951081479454849,83.80965055064657,81.90495116018919,NICK
2001-07-18,2.0757579803466797,2.0757579803466797,1.954545021057129,1.954545021057129,1.7730247974395752,6270,2.0515153884887694,2.0454547882080076,2.0431820869445803,2.0529092168807983,1.8018182575702668,1.6135038143396379,42.72109460798801,0.011591008046851758,0.01841482983369634,-0.00682382178684458,2.1386610718668346,2.0431820869445803,1.9477031020223259,66.66666666666677,77.46042279250095,NICK
2001-07-19,1.9696969985961914,2.0757579803466797,1.9393939971923828,1.9696969985961914,1.7867695093154907,28050,2.030303192138672,2.03787899017334,2.046969985961914,2.0529092168807983,1.8075000774860381,1.6163447242975235,44.40479081314509,0.005088902804332829,0.015749644427823638,-0.010660741623490809,2.1223633329968625,2.046969985961914,1.9715766389269656,50.00000000000011,66.82543907243797,NICK
2001-07-20,1.9696969985961914,1.9696969985961914,1.9696969985961914,1.9696969985961914,1.7867695093154907,4950,2.0090909957885743,2.030303192138672,2.0431820869445803,2.054424376487732,1.8131818974018097,1.6189962393045425,44.40479081314508,-6.333238914368877e-05,0.012587049064430172,-0.012650381453573861,2.125768574503378,2.0431820869445803,1.9605955993857824,33.333333333333435,50.00000000000026,NICK
2001-07-23,2.0757579803466797,2.0757579803466797,1.9939390420913696,1.9939390420913696,1.808760166168213,4950,1.9927272081375123,2.023636496067047,2.040606290102005,2.0518789172172545,1.819106137752533,1.6217689645290374,47.28027782945891,-0.0021654239298398714,0.009636554465576163,-0.011801978395416034,2.1259170824760067,2.040606290102005,1.9552954977280033,39.52380042501037,40.95237791944813,NICK
2001-07-24,2.060606002807617,2.060606002807617,1.948485016822815,1.948485016822815,1.7675275802612305,32340,1.9672726154327393,2.0215152978897093,2.0357577919960024,2.0484243774414064,1.8243864381313324,1.6243144196271897,42.809323687447126,-0.007413646680527908,0.006226514236355349,-0.013640160916883257,2.1299727770109365,2.0357577919960024,1.941542806981068,36.190500810756646,36.34921152303364,NICK
2001-07-25,2.0303030014038086,2.0303030014038086,1.9090909957885742,1.9090909957885742,1.7317920923233032,7260,1.9581818103790283,2.004848599433899,2.0274244427680967,2.0423637771606447,1.8290834081172944,1.6266629046201706,39.337412316866875,-0.014583559098408028,0.0020644995694026743,-0.016648058667810703,2.1346045575404853,2.0274244427680967,1.9202443279957082,26.666734104825988,34.127011780197826,NICK
2001-07-26,1.9848480224609375,2.0757579803466797,1.8939390182495117,2.0757579803466797,1.8829805850982666,17820,1.979394006729126,2.004848599433899,2.0274244427680967,2.03993953704834,1.8354470479488372,1.629844724535942,55.70511673905876,-0.006739445454238435,0.00030371056467445217,-0.007043156018912887,2.1346045575404853,2.0274244427680967,1.9202443279957082,39.523950287586395,34.127061734389834,NICK
2001-07-27,2.090909004211426,2.090909004211426,2.0787880420684814,2.0787880420684814,1.885729193687439,3300,2.001212215423584,2.005151605606079,2.0268183946609497,2.0375758981704712,1.8412728083133698,1.6330416947603226,55.9378823341775,-0.00027525524861449213,0.0001879174020166633,-0.00046317265063115543,2.1326847905742814,2.0268183946609497,1.9209519987476182,62.234563183761225,42.80841585872469,NICK
2001-07-30,2.0757579803466797,2.0757579803466797,2.060606002807617,2.060606002807617,1.8692357540130615,7260,2.0145456075668333,2.0036364078521727,2.027575945854187,2.034848618507385,1.8467273485660554,1.6357689648866653,54.100734163245626,0.003341998962886894,0.0008187337141907095,0.0025232652486961845,2.1341792023079713,2.027575945854187,1.9209726894004029,88.05868719579577,63.27240022238129,NICK
2001-07-31,2.0757579803466797,2.0757579803466797,2.0757579803466797,2.0757579803466797,1.8829805850982666,2640,2.0400002002716064,2.0036364078521727,2.0290910959243775,2.0309092378616334,1.8521440184116365,1.6389507848024367,55.41486809602042,0.007346649342958145,0.002124316839944197,0.005222332503013948,2.1375136087726805,2.0290910959243775,1.9206685830760746,90.25655488739774,80.1832684223184,NICK
2001-08-01,2.0757579803466797,2.0757579803466797,2.045454978942871,2.045454978942871,1.8554918766021729,3630,2.067272996902466,2.012727403640747,2.0290910959243775,2.0284849977493287,1.8561212980747224,1.6419810897111893,52.196216800761185,0.007983139992078225,0.0032960814703710027,0.004687058521707223,2.1375136087726805,2.0290910959243775,1.9206685830760746,84.61558325021717,87.64360844447039,NICK
2001-08-02,2.045454978942871,2.045454978942871,2.045454978942871,2.045454978942871,1.8554918766021729,0,2.061212396621704,2.020303201675415,2.0290910959243775,2.025454697608948,1.8610455477237702,1.6453901845216752,52.196216800761185,0.008390839047746734,0.004315032985846149,0.004075806061900585,2.1375136087726805,2.0290910959243775,1.9206685830760746,82.05156758885381,85.64123524215641,NICK
2001-08-03,2.0757579803466797,2.0757579803466797,2.0757579803466797,2.0757579803466797,1.8829805850982666,3300,2.0606063842773437,2.030909299850464,2.030606245994568,2.022303194999695,1.866272827386856,1.6495189744234084,55.2131618145131,0.011031972732717055,0.005658420935220331,0.005373551797496724,2.140734638610859,2.030606245994568,1.920477853378277,82.05156758885381,82.9062394759751,NICK
2001-08-06,2.0090909004211426,2.0090909004211426,2.0090909004211426,2.0090909004211426,1.8225048780441284,330,2.0503033638000487,2.0324244856834413,2.0280304908752442,2.020000171661377,1.8708334362506867,1.6523674589395523,48.03125836884993,0.007657344910839026,0.00605820573034407,0.001599139180494956,2.137640297643474,2.0280304908752442,1.9184206841070144,75.8976556372194,80.00026360497584,NICK
2001-08-07,2.0090909004211426,2.112121105194092,2.0090909004211426,2.039393901824951,1.8499937057495117,23430,2.043030548095703,2.0415153741836547,2.031515336036682,2.0168486499786376,1.8760758554935455,1.6553674584627152,51.14218575683186,0.00734347598960472,0.0063152597821961995,0.0010282162074085202,2.137868518001114,2.031515336036682,1.9251621540722506,72.47877718434364,76.80933347013911,NICK
2001-08-08,2.112121105194092,2.5757579803466797,2.112121105194092,2.454545021057129,2.2265894412994385,63360,2.124848556518555,2.09606077671051,2.0504546880722048,2.025636510848999,1.8854697859287262,1.6604432135820388,74.05578907854554,0.040131349155426044,0.013078477656842169,0.027052871498583875,2.263235193895564,2.0504546880722048,1.8376741822488454,69.11683272882989,72.49775518346446,NICK
2001-08-09,2.560606002807617,2.6060609817504883,2.454545021057129,2.6060609817504883,2.3640339374542236,145200,2.236969757080078,2.1490910768508913,2.076969838142395,2.0374546909332274,1.895621305704117,1.6662765485048294,78.09376678856113,0.0774492597633838,0.025952634078150495,0.0514966256852333,2.399576332684068,2.076969838142395,1.754363343600722,82.96295305535577,74.85285432284326,NICK
2001-08-10,2.636363983154297,2.7272729873657227,2.5,2.696969985961914,2.446500062942505,59730,2.361212158203125,2.2109092712402343,2.1080304384231567,2.052000150680542,1.9066819155216217,1.6725644284486771,80.09550724064641,0.11305632670371102,0.0433733726032626,0.06968295410044842,2.528857777958799,2.1080304384231567,1.6872030988875146,92.86192075174415,81.64723551197676,NICK
2001-08-13,2.89697003364563,2.9060609340667725,2.7272729873657227,2.9060609340667725,2.636172294616699,123090,2.540606164932251,2.29545476436615,2.1495455861091615,2.0676971292495727,1.919833434820175,1.679897763133049,83.76913217821564,0.15634482997639232,0.06596766407788854,0.09037716589850378,2.6948563707416144,2.1495455861091615,1.6042348014767085,98.78788086862126,91.53758489190722,NICK
2001-08-14,3.0030300617218018,3.1666669845581055,2.7909090518951416,2.954545021057129,2.6801536083221436,269610,2.7236363887786865,2.3833334684371947,2.193484938144684,2.0837577295303347,1.9334697949886321,1.6874735182523728,84.48423039527407,0.1923462929844031,0.09124338985919145,0.10110290312521164,2.840135602033412,2.193484938144684,1.5468342742559558,93.23230866161846,94.96070342732811,NICK
2001-08-15,2.9848480224609375,3.3303029537200928,2.8787879943847656,3.3303029537200928,3.021014928817749,148170,2.8987879753112793,2.511818265914917,2.262272834777832,2.109151668548584,1.9516213047504425,1.6969280630350112,88.6557434924505,0.2483355786534296,0.12266182761803908,0.12567375103539052,3.066189848857446,2.262272834777832,1.458355820698218,94.4444277929973,95.4882057744125,NICK
2001-08-16,3.454545021057129,3.4696969985961914,3.1212120056152344,3.2424240112304688,2.9412975311279297,134310,3.0260605812072754,2.6315151691436767,2.3259091854095457,2.1358183288574217,1.9688940250873566,1.7059432131052017,83.03319285888527,0.28236150701428153,0.15460176349728758,0.12775974351699396,3.2231847098704636,2.3259091854095457,1.4286336609486279,89.25769999897425,92.31147881786352,NICK
2001-08-17,3.10909104347229,3.28787899017334,2.803030014038086,3.10302996635437,2.8148488998413086,116160,3.107272577285767,2.7342423677444456,2.3825758337974547,2.1584849882125856,1.9843940246105194,1.7142613929510118,74.91702360083762,0.2946824500759524,0.18261790081302054,0.11206454926293186,3.3247355059692847,2.3825758337974547,1.440416161625625,86.44535259826641,90.0491601300795,NICK
2001-08-20,2.9848480224609375,3.0939390659332275,2.809091091156006,3.060606002807617,2.776365041732788,41250,3.1381815910339355,2.839393877983093,2.435909181833267,2.180303168296814,1.9994697844982148,1.7223674529790878,72.59141656532748,0.29759315823078625,0.20561295229657367,0.09198020593421258,3.404425745790828,2.435909181833267,1.4673926178757066,77.10925127476533,84.27076795733551,NICK
2001-08-21,2.8818180561065674,3.1060609817504883,2.8818180561065674,3.0303030014038086,2.7488760948181152,11220,3.1533331871032715,2.938484787940979,2.490000081062317,2.2030304479599,2.014431904554367,1.7307007879018783,70.89843756712604,0.2940649191149727,0.22330334566025348,0.0707615734547192,3.464405218756095,2.490000081062317,1.5155949433685387,72.26831549037432,78.6076397878022,NICK
2001-08-22,3.1818180084228516,3.1818180084228516,2.912121057510376,3.0575759410858154,2.773616313934326,43560,3.098787784576416,2.9987878799438477,2.547424328327179,2.226606206893921,2.0296667540073394,1.7389810925722122,71.54172614890729,0.2901250811599514,0.23666769276019306,0.05345738839975833,3.513453620830184,2.547424328327179,1.5813950358241744,71.23098299018034,73.5361832517735,NICK
2001-08-23,3.090909004211426,3.148484945297241,3.0,3.0757579803466797,2.790109395980835,21120,3.0654545783996583,3.0457575798034666,2.597424328327179,2.2511516666412352,2.0450834238529207,1.7473523074388504,71.9863115054582,0.2851824638865428,0.24637064698546302,0.038811816901079765,3.5641435506361487,2.597424328327179,1.6307051060182092,71.57677499981237,71.69202449345585,NICK
2001-08-24,3.1212120056152344,3.1666669845581055,3.0333330631256104,3.1666669845581055,2.8725757598876953,24090,3.0781819820404053,3.092727279663086,2.65181827545166,2.27569712638855,2.061598573923111,1.7561780673265457,74.15995750511458,0.2853121006733983,0.2541589377230501,0.0311531629503482,3.6181111760238736,2.65181827545166,1.6855253748794468,74.68881602909642,72.4988580063632,NICK
2001-08-27,3.151515007019043,3.151515007019043,2.9424240589141846,3.060606002807617,2.776365041732788,33000,3.0781819820404053,3.1081817865371706,2.70181827545166,2.2969092464447023,2.0770531141757966,1.7644735223054886,67.57244323785623,0.27370154290894844,0.25806745876022974,0.015634084148718697,3.643750895461524,2.70181827545166,1.759885655441796,74.04942415609405,73.43833839500111,NICK
2001-08-28,3.060606002807617,3.1060609817504883,2.939393997192383,2.9454550743103027,2.671907901763916,32670,3.061212396621704,3.1072727918624876,2.7453031301498414,2.3164244079589844,2.0919243347644807,1.7723826175928117,61.214682466994084,0.2523000171118417,0.25691397043055214,-0.004613953318710451,3.6470540988858806,2.7453031301498414,1.8435521614138022,65.82582737888502,71.521355854692,NICK
2001-08-29,2.9454550743103027,2.9454550743103027,2.6212120056152344,2.7272729873657227,2.4739887714385986,64680,2.9951518058776854,3.0469697952270507,2.779394030570984,2.331575927734375,2.103666764497757,1.7792008024454118,51.35517720663544,0.2152523872055747,0.24858165378555666,-0.03332926657998195,3.622373023138705,2.779394030570984,1.9364150380032628,47.220625302547525,62.36529227917571,NICK
2001-08-30,2.7272729873657227,2.7272729873657227,2.454545021057129,2.4696969985961914,2.2403342723846436,58740,2.873939609527588,2.969697093963623,2.80060613155365,2.3430910873413087,2.112818284034729,1.7843523174524307,42.62647112166448,0.16322607535773237,0.2315105380999918,-0.06828446274225944,3.588173851194278,2.80060613155365,2.013038411913022,24.429463344189923,45.82530534187433,NICK
2001-08-31,2.433332920074463,2.5727269649505615,2.4242420196533203,2.5727269649505615,2.3337957859039307,17490,2.755151605606079,2.916666793823242,2.825454580783844,2.3536365270614623,2.122787973880768,1.7900189822912216,46.54057869063919,0.1288235084014211,0.21097313216027766,-0.08214962375885657,3.5487096849871054,2.825454580783844,2.1021994765805823,13.044336742579633,28.231475129772537,NICK
2001-09-04,2.5727269649505615,2.9757580757141113,2.5727269649505615,2.939393997192383,2.666409730911255,40260,2.7309092044830323,2.9045455932617186,2.871969735622406,2.371515307426453,2.136424334049225,1.7975189822912216,57.62117421601497,0.12965164787771677,0.19470883530376548,-0.06505718742604871,3.491445169870354,2.871969735622406,2.2524943013744583,21.656956739920137,19.71025227556341,NICK
2001-09-05,2.8121209144592285,3.1272730827331543,2.696969985961914,3.060606002807617,2.776365041732788,19800,2.753939390182495,2.9075758934020994,2.923030340671539,2.3918183279037475,2.151272814273834,1.8058144372701646,60.53341234894564,0.1384922972272804,0.18346552768846847,-0.04497323046118806,3.4147632931361427,2.923030340671539,2.4312973882069358,41.449287062401645,25.383526848300647,NICK
2001-09-06,2.915152072906494,2.9696969985961914,2.848484992980957,2.848484992980957,2.5839438438415527,2970,2.778181791305542,2.8866667985916137,2.942727339267731,2.4072728681564333,2.1652122139930725,1.812954587340355,53.59266761961664,0.12691913798817644,0.17215624974841007,-0.04523711176023362,3.387097806736463,2.942727339267731,2.4983568717989986,53.08926511404055,38.73183630545429,NICK
2001-09-07,2.863636016845703,3.0303030014038086,2.803030014038086,2.9242420196533203,2.652665376663208,12210,2.8690907955169678,2.8715152025222777,2.958636391162872,2.424242548942566,2.1787273645401,1.8205682224035262,55.552773364856925,0.12244877161814793,0.16221475412235764,-0.03976598250420971,3.375592281852814,2.958636391162872,2.54168050047293,58.6641296949691,51.067560623803935,NICK
2001-09-10,2.939393997192383,3.0575759410858154,2.939393997192383,3.0151519775390625,2.7351326942443848,4950,2.957575798034668,2.8563637018203734,2.97454549074173,2.4427274084091186,2.193151614665985,1.8284470123052596,57.853312185399055,0.1248029966397155,0.1547324026258292,-0.02992940598611371,3.3742763473964623,2.97454549074173,2.5748146340869975,64.37430219081197,58.70923233327405,NICK
2001-09-17,2.3333330154418945,3.309091091156006,2.3333330154418945,2.4909090995788574,2.2595765590667725,45870,2.867878818511963,2.7993940114974976,2.953787899017334,2.4516364908218384,2.202515255212784,1.8340833777189254,43.780733197873985,0.08340527388041785,0.14046697687674695,-0.057061702996329094,3.4053452621241243,2.953787899017334,2.502230535910544,53.38305467052703,58.807162185436205,NICK
2001-09-18,2.8727269172668457,2.8727269172668457,2.363636016845703,2.5757579803466797,2.336544990539551,41085,2.7709092140197753,2.7624243021011354,2.9348485469818115,2.4622425508499144,2.212727384567261,1.839765197634697,46.067360601299555,0.05678924484101788,0.12373143046960114,-0.06694218562858326,3.415525637333669,2.9348485469818115,2.454171456629954,39.66465532106429,52.47400406080127,NICK
2001-09-19,2.4969699382781982,2.696969985961914,2.1818180084228516,2.4303030967712402,2.2045986652374268,15015,2.687272834777832,2.732727313041687,2.889848554134369,2.469939513206482,2.2218788957595823,1.844909138083458,42.84980576940114,0.02368582117916196,0.1037223086115133,-0.08003648743235134,3.382379621649855,2.889848554134369,2.3973174866188827,21.012300135380126,38.020003375657325,NICK
2001-09-20,2.527272939682007,2.7272729873657227,2.303030014038086,2.4666669368743896,2.2375853061676025,17820,2.595757818222046,2.7324243068695067,2.851060700416565,2.4783637523651123,2.231394045352936,1.8498561078310012,43.90464349706157,0.00038098565540423124,0.08305404402029148,-0.08267305836488725,3.3485780445683604,2.851060700416565,2.35354335626477,24.052218492786,28.24305798307698,NICK
2001-09-21,2.4242420196533203,2.454545021057129,2.3939390182495117,2.4242420196533203,2.1991007328033447,14190,2.4775758266448973,2.7175758123397826,2.8171213030815125,2.4859394931793215,2.2401819157600404,1.8545909529924394,42.90956351841691,-0.021266454213099806,0.06218994437361322,-0.08345639858671303,3.3335059581790825,2.8171213030815125,2.3007366479839426,22.939074240689408,22.667864289618688,NICK
2001-09-24,2.4242420196533203,2.7272729873657227,2.4242420196533203,2.545454978942871,2.309056043624878,15180,2.4884850025177,2.6781819105148315,2.7913637518882752,2.495636472702026,2.250636465549469,1.8597424679994583,46.63131018636123,-0.028314936511899536,0.04408896819651067,-0.07240390470841021,3.3079901786033648,2.7913637518882752,2.2747373251731857,26.34410194088183,24.445131558119254,NICK
2001-09-25,2.4242420196533203,2.78787899017334,2.4242420196533203,2.545454978942871,2.309056043624878,12375,2.4824244022369384,2.626666808128357,2.7671213507652284,2.5071516323089598,2.2601819252967834,1.8648939830064775,46.63131018636125,-0.0335145743641001,0.02856825968438851,-0.06208283404848861,3.282124186351648,2.7671213507652284,2.252118515178809,28.6738551383784,25.985677106650055,NICK
2001-09-26,2.4242420196533203,2.7272729873657227,2.4242420196533203,2.5030300617218018,2.270571708679199,11220,2.496969795227051,2.5921213150024416,2.7393940567970274,2.5156970739364626,2.268697075843811,1.869833373427391,45.42915800577269,-0.04059075611364049,0.01473645652478271,-0.055327212638423204,3.2485392004652462,2.7393940567970274,2.2302489131288086,31.00360833587497,28.673855138378574,NICK
2001-09-27,2.5151519775390625,2.6606059074401855,2.5151519775390625,2.6606059074401855,2.413513422012329,1485,2.53575758934021,2.565757703781128,2.718636453151703,2.5273940324783326,2.2778788948059083,1.8755606430768967,50.530374760856276,-0.0331020474998347,0.005168755719859228,-0.03827080321969392,3.2045568597690925,2.718636453151703,2.232716046534313,34.40860783602929,31.362023770094396,NICK
2001-09-28,2.6666669845581055,2.7272729873657227,2.4242420196533203,2.4242420196533203,2.1991007328033447,10725,2.53575758934021,2.5066667079925535,2.6815152049064634,2.534363713264465,2.2860607051849366,1.8805795782804489,43.901117678254096,-0.04571283325264508,-0.005007562074641633,-0.040705271178003447,3.1373595186393235,2.6815152049064634,2.2256708911736034,30.824354793703435,32.078856988536074,NICK
2001-10-01,2.4848480224609375,2.7212119102478027,2.303030014038086,2.4242420196533203,2.1991007328033447,11880,2.5115149974823,2.5,2.649697005748749,2.541333394050598,2.294242515563965,1.8855985134840012,43.901117678254096,-0.05507213453188209,-0.015020476566089725,-0.04005165796579237,3.0835637813048073,2.649697005748749,2.21583023019269,28.494601596206866,31.242521408646706,NICK
2001-10-02,2.4242420196533203,2.7272729873657227,2.4242420196533203,2.5757579803466797,2.336544990539551,34815,2.5175755977630616,2.5,2.6312121510505677,2.551333394050598,2.3025758552551268,1.8914697283506394,48.886459406642764,-0.04969057445851632,-0.021954496144575047,-0.027736078313941277,3.0440952439354536,2.6312121510505677,2.218329058165682,25.985658306624487,28.43487156551177,NICK
2001-10-03,2.5757579803466797,2.848484992980957,2.5757579803466797,2.78787899017334,2.5289664268493652,13200,2.574545383453369,2.53575758934021,2.6342424511909486,2.5680000734329225,2.3104546451568604,1.8984015482664107,54.92566773920403,-0.027986643993684,-0.02316092571439684,-0.0048257182792871625,3.0507746592563714,2.6342424511909486,2.217710243125526,36.73836103352587,30.406206978785917,NICK
2001-10-04,2.78787899017334,2.8787879943847656,2.581818103790283,2.8787879943847656,2.6114327907562256,23595,2.6181818008422852,2.5769696950912477,2.654697000980377,2.586181893348694,2.319545555114746,1.9057879132032394,57.25655600916916,-0.0034112036184033023,-0.019210981295198132,0.01579977767679483,3.077036898779261,2.654697000980377,2.2323571031814935,50.17923239214307,37.63441724409799,NICK
2001-10-05,2.636363983154297,2.7272729873657227,2.636363983154297,2.7272729873657227,2.4739887714385986,1485,2.6787879943847654,2.6072727918624876,2.6624243021011353,2.6013334131240846,2.327878894805908,1.911943218111992,52.393564272799175,0.0037952656726014666,-0.014609731901638213,0.01840499757423968,3.084137216227489,2.6624243021011353,2.2407113879747818,64.6174398917332,50.51167777246756,NICK
2001-10-08,2.6181819438934326,2.7272729873657227,2.4848480224609375,2.696969985961914,2.446500062942505,10395,2.7333335876464844,2.622424292564392,2.650303101539612,2.6153940320014955,2.333636474609375,1.9184204930067061,51.45232935544437,0.006980775510291526,-0.010291630419252264,0.01727240592954379,3.0529820386391635,2.650303101539612,2.2476241644400603,71.33398053806576,62.04355094064752,NICK
2001-10-09,2.5696969032287598,2.696969985961914,2.472727060317993,2.696969985961914,2.446500062942505,6600,2.7575759887695312,2.637575793266296,2.6321213006973267,2.630363731384277,2.3393940544128418,1.9248977679014205,51.45232935544437,0.009396992328877474,-0.006353905869626316,0.01575089819850379,2.9893241566751296,2.6321213006973267,2.274918444719524,73.53169447431735,69.82770496803896,NICK
2001-10-10,2.696969985961914,2.7272729873657227,2.5757579803466797,2.5757579803466797,2.336544990539551,5280,2.715151786804199,2.644848585128784,2.618484950065613,2.6436970710754393,2.343030424118042,1.9307689827680588,47.49419968409592,0.0015136176809256163,-0.00478040115951593,0.006294018840441546,2.962174919941028,2.618484950065613,2.274794980190198,63.2342307807722,69.3666352643853,NICK
2001-10-11,2.5757579803466797,2.7272729873657227,2.5696969032287598,2.696969985961914,2.446500062942505,7755,2.678788185119629,2.648484992980957,2.6071213483810425,2.656121311187744,2.348030424118042,1.9372462576627731,51.51127884855157,0.004989269129120011,-0.002826467101788742,0.007815736230908752,2.923571617256488,2.6071213483810425,2.290671079505597,61.40357270240704,66.05649931916572,NICK
2001-10-12,2.6060609817504883,2.745455026626587,2.454545021057129,2.7272729873657227,2.4739887714385986,51975,2.678788185119629,2.678788089752197,2.5927273988723756,2.669091010093689,2.35333345413208,1.94368565261364,52.4898981151137,0.010072833548047555,-0.00024660697182148257,0.010319440519869038,2.855218377661032,2.5927273988723756,2.330236420083719,63.15795576138854,62.59858641485612,NICK
2001-10-15,2.6060609817504883,2.8181819915771484,2.472727060317993,2.6545450687408447,2.408015251159668,50655,2.670303201675415,2.7018183946609495,2.6009091973304748,2.6809697914123536,2.3579092049598693,1.9501401978731154,49.887549929634694,0.008139235711911663,0.0014305615649251467,0.006708674146986516,2.8603791152184415,2.6009091973304748,2.341439279442508,67.71931030522687,64.09361292300768,NICK
2001-10-16,2.612121105194092,2.636363983154297,2.6060609817504883,2.6060609817504883,2.3640339374542236,5940,2.65212140083313,2.7048486948013304,2.602424347400665,2.6915758514404295,2.3612425446510317,1.9563523226976394,48.17290097079749,0.0026638773543190553,0.0016772247228039284,0.0009866526315151268,2.8616428787660677,2.602424347400665,2.3432058160352627,62.45616112828236,64.44447573163278,NICK
2001-10-17,2.4848480224609375,2.636363983154297,2.4848480224609375,2.5757579803466797,2.336544990539551,2805,2.65212140083313,2.6836365938186644,2.609697091579437,2.702181911468506,2.3653334546089173,1.9622235375642776,47.08365902302076,-0.004073624346712101,0.0005270549089007224,-0.004600679255612824,2.8570829234583046,2.609697091579437,2.3623112597005695,53.68424583337485,61.28657242229489,NICK
2001-10-18,2.5999999046325684,2.5999999046325684,2.539393901824951,2.545454978942871,2.309056043624878,8415,2.6218183994293214,2.650303292274475,2.6136364936828613,2.7121819114685057,2.3688183045387268,1.96775384247303,45.964406963110214,-0.011723204146436572,-0.0019229969021667369,-0.009800207244269835,2.854201576425306,2.6136364936828613,2.3730714109404167,47.36850823055503,54.50297173073761,NICK
2001-10-19,2.545454978942871,2.545454978942871,2.4848480224609375,2.4848480224609375,2.254077911376953,11385,2.573333406448364,2.6260607957839968,2.616666793823242,2.720363712310791,2.371333453655243,1.9731705075502395,43.725608150837644,-0.022417609872455557,-0.006021919496224501,-0.016395690376231058,2.848998601513164,2.616666793823242,2.3843349861333203,34.2690575476948,45.10727053720842,NICK
2001-10-22,2.454545021057129,2.454545021057129,2.303030014038086,2.3939390182495117,2.171611785888672,16005,2.5212121963500977,2.5957576990127564,2.6090909957885744,2.7280606746673586,2.374030423164368,1.9775644427537917,40.53623098068048,-0.03779294677583245,-0.012376124952146092,-0.025416821823686354,2.8594024136018814,2.6090909957885744,2.3587795779752674,23.742703981121,35.126756586457134,NICK
2001-10-23,2.3333330154418945,2.4242420196533203,2.3333330154418945,2.4242420196533203,2.1991007328033447,2640,2.484848403930664,2.568484902381897,2.6030303478240966,2.7357576370239256,2.3763031435012816,1.982109892964363,42.05349343143431,-0.04699112860494514,-0.019299125682705903,-0.02769200292223924,2.864818048720009,2.6030303478240966,2.341242646928184,16.725116532510206,24.91229268710886,NICK
2001-10-24,2.3939390182495117,2.3939390182495117,2.3454549312591553,2.3454549312591553,2.1276304721832275,8745,2.4387877941131593,2.5454545974731446,2.595151591300964,2.7335758352279664,2.3796061730384825,1.9870189875364304,39.249382476291586,-0.05994717978335817,-0.027428736502836358,-0.032518443280521815,2.8772039068783752,2.595151591300964,2.313099275723553,15.025820651439787,18.49788038835719,NICK
2001-10-25,2.2424240112304688,2.5151519775390625,2.21212100982666,2.303030014038086,2.0891454219818115,49170,2.390302801132202,2.5060606002807617,2.5772727966308593,2.7275152158737184,2.382484953403473,1.9920000475645065,37.788214573377125,-0.07279909726803035,-0.03650280865587516,-0.0362962886121552,2.8846570076883147,2.5772727966308593,2.269888585573404,14.762663606687047,15.504533596879204,NICK
2001-10-26,2.2727270126342773,2.303030014038086,2.1393940448760986,2.21212100982666,2.0066792964935303,7920,2.3357573986053466,2.4545454025268554,2.5666667461395263,2.7178182363510133,2.3849091935157776,1.9960530775785446,34.7986985994428,-0.08929064438236889,-0.047060375801173907,-0.04223026858119498,2.907281751270107,2.5666667461395263,2.2260517410089458,11.316544470832469,13.701676242986624,NICK
2001-10-29,2.21818208694458,2.3454549312591553,2.21818208694458,2.3333330154418945,2.1166348457336426,5610,2.323636198043823,2.4224241971969604,2.562121295928955,2.7063636779785156,2.387030403614044,2.0007121676206587,41.449837674632796,-0.0915244811962923,-0.055953196880197585,-0.03557128431609472,2.912503805028595,2.562121295928955,2.211738786829315,18.09519301254388,14.724800363354655,NICK
2001-10-30,2.3575758934020996,2.3575758934020996,2.3454549312591553,2.3454549312591553,2.1276304721832275,5940,2.30787878036499,2.3963635921478272,2.550606143474579,2.6941818761825562,2.3889698028564452,2.0054318672418594,42.086095186117824,-0.09126463377794547,-0.06301548425974716,-0.028249149518198305,2.9133583710655726,2.550606143474579,2.1878539158835855,23.214261252815756,17.54199957873089,NICK
2001-10-31,2.3575758934020996,2.3575758934020996,2.3393940925598145,2.3393940925598145,2.1221330165863037,2145,2.306666612625122,2.3727272033691404,2.5281818985939024,2.6743636989593504,2.3917576837539674,2.0101212626695633,41.84127015153598,-0.09050448251989573,-0.06851328391177688,-0.02199119860811885,2.884889365466375,2.5281818985939024,2.1714744317214296,29.464278083143455,23.591244116167886,NICK
2001-11-01,2.363636016845703,2.4848480224609375,2.3575758934020996,2.4242420196533203,2.1991007328033447,12540,2.330909013748169,2.3606059074401857,2.5054545998573303,2.6580000591278075,2.396909193992615,2.015234897732735,46.530648780788724,-0.08210903669464908,-0.07123243446835133,-0.010876602226297757,2.8260008044781655,2.5054545998573303,2.184908395236495,33.928559093300315,28.869032809753364,NICK
2001-11-02,2.4242420196533203,2.4242420196533203,2.369697093963623,2.369697093963623,2.1496214866638184,4785,2.3624242305755616,2.349090814590454,2.4875758051872254,2.6433334016799925,2.400909194946289,2.0200758081674577,44.07058158601964,-0.0789468548444785,-0.07277531854357676,-0.006171536300901739,2.7963096788961703,2.4875758051872254,2.1788419314782805,39.25664695180293,34.21649470941575,NICK
2001-11-05,2.4242420196533203,2.4242420196533203,2.3939390182495117,2.3939390182495117,2.171611785888672,1980,2.374545431137085,2.349090814590454,2.472424256801605,2.6300000619888304,2.405151615142822,2.0250379282236097,45.450942124775175,-0.07363585396647343,-0.07294742562815609,-0.0006884283383173373,2.7680299267177135,2.472424256801605,2.1768185868854966,46.50834718935115,39.89785107815165,NICK
2001-11-06,2.3939390182495117,2.3939390182495117,2.3939390182495117,2.3939390182495117,2.171611785888672,4125,2.3842422485351564,2.3460605144500732,2.457272708415985,2.6172727823257445,2.4101516151428224,2.029715958237648,45.45094212477517,-0.06863565836158125,-0.07208507217484113,0.0034494138132598745,2.735862485776733,2.457272708415985,2.178682931055237,50.94130424141281,45.56876612752248,NICK
2001-11-07,2.3818180561065674,2.3818180561065674,2.1212120056152344,2.2727270126342773,2.061656951904297,32010,2.370908832550049,2.3387877225875853,2.442121160030365,2.601575803756714,2.4140910053253175,2.0337879282236098,39.76043154637612,-0.07360528722891724,-0.07238911518565636,-0.0012161720432608825,2.7261944907205087,2.442121160030365,2.1580478293402217,47.398891153974006,48.28284752824617,NICK
2001-11-08,2.3333330154418945,2.3333330154418945,2.327272891998291,2.327272891998291,2.1111371517181396,4125,2.351515007019043,2.341212010383606,2.4236363053321837,2.586606101989746,2.418878884315491,2.038132627606392,43.206380848568244,-0.0723088261674052,-0.07237305738200613,6.423121460093217e-05,2.686275483511686,2.4236363053321837,2.1609971271526813,47.761656559722546,48.70061731836997,NICK
2001-11-09,2.3151519298553467,2.3151519298553467,2.21212100982666,2.2727270126342773,2.061656951904297,5610,2.332120990753174,2.3472726106643678,2.4009090065956116,2.5687273025512694,2.42221221446991,2.0422045975923537,40.699135145641954,-0.0748202863543197,-0.07286250317646883,-0.0019577831778508636,2.631189039322298,2.4009090065956116,2.1706289738689253,42.16111250104371,45.77388673824694,NICK
2001-11-12,2.260606050491333,2.2727270126342773,2.2424240112304688,2.2424240112304688,2.0341684818267822,1980,2.3018179893493653,2.338181710243225,2.3803029537200926,2.5523636627197264,2.4246364545822146,2.0461250525712966,39.333544685859685,-0.07835263520130242,-0.07396052958143555,-0.004392105619866873,2.5888400107608978,2.3803029537200926,2.1717658966792874,40.51276278457245,43.47851061511309,NICK
2001-11-13,2.2424240112304688,2.2424240112304688,2.2363638877868652,2.2363638877868652,2.0286707878112793,495,2.270302963256836,2.3272726058959963,2.3618180990219115,2.538181838989258,2.427303123474121,2.050299296975136,39.05134805010247,-0.0807106661088115,-0.07531055688691074,-0.005400109221900762,2.5517425530627214,2.3618180990219115,2.1718936449811017,32.820473714280304,38.498116333299,NICK
2001-11-14,2.2303030490875244,2.2303030490875244,2.2303030490875244,2.2303030490875244,2.0231728553771973,165,2.2618181705474854,2.316363501548767,2.3445453524589537,2.528242440223694,2.4299091839790345,2.0544432371854784,38.75190260296241,-0.0821218322589865,-0.07667281196132589,-0.005449020297660617,2.515375953508607,2.3445453524589537,2.1737147514093005,30.000013785517314,34.44441676145687,NICK
2001-11-15,2.266666889190674,2.266666889190674,2.21818208694458,2.2242419719696045,2.017674684524536,6105,2.241211986541748,2.2963634967803954,2.3284847021102903,2.523333339691162,2.4332122135162355,2.058746266961098,38.43450420214089,-0.08277509015518003,-0.07789326760009671,-0.0048818225550833205,2.480053041037484,2.3284847021102903,2.176916363183097,29.1880509478483,30.669512815882154,NICK
2001-11-16,2.2727270126342773,2.2727270126342773,2.1454548835754395,2.1454548835754395,1.946204662322998,11055,2.2157575607299806,2.273939275741577,2.311515045166016,2.5147878980636595,2.434212212562561,2.0626553612947465,34.481005904812015,-0.08862860592688682,-0.08004033526545473,-0.008588270661432085,2.465239375193121,2.311515045166016,2.1577907151389106,21.666710376781314,26.95159170338249,NICK
2001-11-19,2.1878790855407715,2.2060608863830566,2.1878790855407715,2.2060608863830566,2.0011820793151855,2970,2.208484935760498,2.255151462554932,2.302121138572693,2.500121235847473,2.435818271636963,2.0664886957407,39.625679243573266,-0.08737001428842106,-0.081506271070048,-0.00586374321837306,2.457503123922017,2.302121138572693,2.146739153223369,19.44451000961635,23.43309044474884,NICK
2001-11-20,2.200000047683716,2.2424240112304688,2.200000047683716,2.2424240112304688,2.0341684818267822,825,2.209696960449219,2.2399999618530275,2.2930302381515504,2.48375759601593,2.437787961959839,2.070219755768776,42.540952346046254,-0.08248750644380776,-0.08170251814479995,-0.000784988299007805,2.4398056821898164,2.2930302381515504,2.1462547941132843,21.11119853134028,20.74080630591283,NICK
2001-11-21,2.2484850883483887,2.2727270126342773,2.2424240112304688,2.2727270126342773,2.061656951904297,1155,2.2181817531585692,2.2399999618530275,2.2893938422203064,2.4722424364089965,2.4397576522827147,2.0741023308038713,44.927504219562834,-0.0753048177761424,-0.08042297807106843,0.0051181602949260385,2.434386641955165,2.2893938422203064,2.144401042485448,35.5555992656702,25.370435935542464,NICK
2001-11-23,2.2727270126342773,2.2727270126342773,2.2727270126342773,2.2727270126342773,2.061656951904297,330,2.227878761291504,2.234545373916626,2.287878692150116,2.459212136268616,2.4417273426055908,2.0782689958810807,44.927504219562834,-0.06881918058322922,-0.0781022185735006,0.009283037990271373,2.4329031620210073,2.287878692150116,2.1428542222792246,44.44444444444457,33.70374741381854,NICK
2001-11-26,2.266666889190674,2.266666889190674,2.260606050491333,2.260606050491333,2.05066180229187,330,2.2509089946746825,2.2333332777023314,2.29030294418335,2.444121217727661,2.4434243130683897,2.0823750561475753,44.078211818812576,-0.0639204910949629,-0.07526587307779306,0.011345381982830166,2.4317578945387623,2.29030294418335,2.1488479938279372,50.37039951044684,43.45681440685406,NICK
2001-11-27,2.254544973373413,2.2727270126342773,2.254544973373413,2.2727270126342773,2.061656951904297,3135,2.2642422199249266,2.2363635778427122,2.287272644042969,2.4397575759887697,2.445697033405304,2.0866364163160322,45.193939514112515,-0.058387133506200506,-0.07189012516347455,0.013502991657274047,2.4275018755596163,2.287272644042969,2.1470434125263216,53.08356007513627,49.29946801000941,NICK
2001-11-28,2.266666889190674,2.266666889190674,2.266666889190674,2.266666889190674,2.056159496307373,825,2.2690907955169677,2.239393877983093,2.2833332419395447,2.4335757541656493,2.447909152507782,2.0908674758672716,44.71360268571112,-0.0538699300460479,-0.06828608613998922,0.014416156093941326,2.421210163625111,2.2833332419395447,2.1454563202539783,57.922324333482315,53.79209463968866,NICK
2001-11-29,2.266666889190674,2.266666889190674,2.266666889190674,2.266666889190674,2.056159496307373,825,2.267878770828247,2.2430302619934084,2.2796968817710876,2.4303030300140382,2.45012127161026,2.0950985354185105,44.71360268571112,-0.0497169081892781,-0.064572250549847,0.014855342360568902,2.4152850182016956,2.2796968817710876,2.1441087453404797,64.69474851432149,58.566877640980216,NICK
2001-11-30,2.2727270126342773,2.2727270126342773,2.1212120056152344,2.21212100982666,2.0066792964935303,32175,2.2557575702667236,2.241818165779114,2.2690908312797546,2.4252121114730834,2.451787931919098,2.098962170481682,40.248187386020156,-0.050247779923818126,-0.06170735642464122,0.011459576500823097,2.3902057759784068,2.2690908312797546,2.1479758865811025,65.31492128296539,62.64399804358993,NICK
2001-12-03,2.2424240112304688,2.2727270126342773,2.21212100982666,2.21212100982666,2.0066792964935303,1980,2.2460605621337892,2.2484847784042357,2.2612120270729066,2.42096969127655,2.453454592227936,2.102541715502739,40.24818738602016,-0.050091080799326004,-0.059384101299578176,0.009293020500252172,2.3754281191942686,2.2612120270729066,2.1469959349515446,63.809490357952676,64.60638671841339,NICK
2001-12-04,2.2424240112304688,2.2424240112304688,2.21818208694458,2.2424240112304688,2.0341684818267822,9405,2.2399999618530275,2.252121090888977,2.2536362767219544,2.414909071922302,2.4552727723121643,2.1062727755308153,43.86048804579098,-0.04698013885704855,-0.05690330881107225,0.009923169954023703,2.350399155949765,2.2536362767219544,2.156873397494144,66.66666666666679,65.26369276919515,NICK
2001-12-05,2.2727270126342773,2.3151519298553467,2.2727270126342773,2.303030014038086,2.0891454219818115,1155,2.24727258682251,2.2581816911697388,2.249090826511383,2.4100605726242064,2.4586061024665833,2.11078035056591,50.32828845935434,-0.039172738093038006,-0.0533571946674654,0.014184456574427393,2.325454343501959,2.249090826511383,2.1727273095208073,77.91655141581332,69.46423614681113,NICK
2001-12-06,2.2969698905944824,2.363636016845703,2.2969698905944824,2.363636016845703,2.1441233158111572,7425,2.2666664123535156,2.2672725915908813,2.2536362767219544,2.4072726917266847,2.4614848828315736,2.1154015606641767,55.8109038274858,-0.02777474880218822,-0.048240705494409966,0.020465956692221746,2.3445270272060426,2.2536362767219544,2.1627455262378663,91.24988474914664,78.61103427720913,NICK
2001-12-07,2.3393940925598145,2.351515054702759,2.303030014038086,2.303030014038086,2.0891454219818115,8085,2.284848213195801,2.270302891731262,2.2524241328239443,2.4001211738586425,2.4637576031684874,2.119909135699272,49.881599899190924,-0.023362845749256067,-0.043265133545379184,0.019902287796123116,2.3399382996061227,2.2524241328239443,2.164909966041766,89.58321808247997,86.24988474914686,NICK
2001-12-10,2.303030014038086,2.32121205329895,2.151515007019043,2.2424240112304688,2.0341684818267822,10725,2.2909088134765625,2.268484687805176,2.250908982753754,2.3964848136901855,2.4654242634773254,2.1241136807203294,44.7604891939997,-0.024474650182475077,-0.039507036872798364,0.015032386690323286,2.3380129767453983,2.250908982753754,2.1638049887621094,75.00000000000011,85.27770094387579,NICK
2001-12-11,2.3333330154418945,2.3939390182495117,2.3333330154418945,2.3939390182495117,2.171611785888672,4620,2.321211814880371,2.2806058883666993,2.258484733104706,2.3958787536621093,2.4686060738563538,2.129075800776482,56.722639323295034,-0.012980141412880286,-0.03420165778081475,0.021221516367934463,2.365417689007973,2.258484733104706,2.151551777201439,75.00000000000011,79.86107269416027,NICK
2001-12-12,2.3939390182495117,2.3939390182495117,2.21212100982666,2.21212100982666,2.0066792964935303,4785,2.303030014038086,2.2751513004302977,2.2572725892066954,2.388606014251709,2.4699697041511537,2.1331288307905196,44.31975473382959,-0.018330550981397575,-0.031027436420931316,0.01269688543953374,2.3657199612109387,2.2572725892066954,2.148825217202452,61.11111111111123,70.3703703703707,NICK
2001-12-13,2.3333330154418945,2.3333330154418945,2.303030014038086,2.3333330154418945,2.1166348457336426,2145,2.296969413757324,2.28181791305542,2.262424087524414,2.37951509475708,2.4737575840950012,2.137787920832634,51.87472742229423,-0.012644238360857152,-0.027350796808916483,0.01470655844805933,2.3749685108599086,2.262424087524414,2.1498796641889197,70.37037037037048,68.82716049382748,NICK
2001-12-14,2.3333330154418945,2.3333330154418945,2.2727270126342773,2.2727270126342773,2.061656951904297,7425,2.2909088134765625,2.2878785133361816,2.2648483395576475,2.3673938751220702,2.476787884235382,2.1421439808607103,48.342750910712674,-0.012879723131572707,-0.024456582073447728,0.011576858941875021,2.376079605376913,2.2648483395576475,2.153617073738382,55.55555555555568,62.345679012346004,NICK
2001-12-17,2.3575758934020996,2.3575758934020996,2.309091091156006,2.309091091156006,2.0946438312530518,330,2.30424222946167,2.297575521469116,2.273030149936676,2.359030237197876,2.4801818251609804,2.146681861281395,50.51964074783473,-0.010016604102547344,-0.02156858647926765,0.011551982376720307,2.3712398804065584,2.273030149936676,2.1748204194667933,67.40746568756022,64.44446387116233,NICK
2001-12-18,2.309091091156006,2.309091091156006,2.309091091156006,2.309091091156006,2.0946438312530518,3135,2.287272644042969,2.30424222946167,2.2781816601753233,2.351272659301758,2.4833333456516264,2.15121974170208,50.51964074783473,-0.00765927034359537,-0.018786723252133194,0.011127452908537824,2.3725326049090705,2.2781816601753233,2.183830715441576,64.44456100474996,62.46919408262215,NICK
2001-12-19,2.309091091156006,2.309091091156006,2.303030014038086,2.303030014038086,2.0891454219818115,5115,2.305454444885254,2.30424222946167,2.281211960315704,2.3433938598632813,2.4868787956237792,2.155632616877556,50.111426151650406,-0.006208576025121371,-0.01627109380673083,0.010062517781609458,2.374663210402113,2.281211960315704,2.1877607102292953,68.14826470845367,66.66676380025481,NICK
2001-12-20,2.1212120056152344,2.2727270126342773,2.1212120056152344,2.2727270126342773,2.061656951904297,5610,2.2933332443237306,2.2951513290405274,2.281211960315704,2.3373332405090332,2.4905151557922363,2.1597992819547653,48.02217513301365,-0.007418572599553919,-0.014500589565295447,0.007082016965741528,2.374663210402113,2.281211960315704,2.1877607102292953,63.70376198385653,65.43219589902024,NICK
2001-12-21,2.260606050491333,2.2727270126342773,2.1212120056152344,2.2424240112304688,2.0341684818267822,4950,2.287272644042969,2.2890907287597657,2.2796968102455137,2.3282423210144043,2.4921818161010743,2.1638144320249557,45.95866799110294,-0.010699366921141706,-0.013740345036464699,0.003040978115322992,2.3746202296697434,2.2796968102455137,2.184773390821284,55.555555555555685,62.46919408262216,NICK
2001-12-24,2.2424240112304688,2.2424240112304688,2.2424240112304688,2.2424240112304688,2.0341684818267822,2145,2.2739392280578614,2.2890907287597657,2.278787708282471,2.318545341491699,2.4938181757926943,2.1675454920530317,45.95866799110294,-0.013147859715306964,-0.013621847972233151,0.00047398825692618676,2.374767448735105,2.278787708282471,2.1828079678298367,48.14814814814827,55.80248856252036,NICK
2001-12-26,2.2424240112304688,2.2424240112304688,2.2424240112304688,2.2424240112304688,2.0341684818267822,330,2.260605812072754,2.2739392280578614,2.2772725582122804,2.3103029203414915,2.495636355876923,2.1711818522214887,45.958667991102935,-0.014916361366402064,-0.013880750651066934,-0.0010356107153351307,2.3745353216149527,2.2772725582122804,2.180009794809608,44.44444444444457,49.38271604938304,NICK
2001-12-27,2.303030014038086,2.303030014038086,2.254544973373413,2.254544973373413,2.045163869857788,11715,2.2509088039398195,2.278181624412537,2.2766664624214172,2.3032726001739503,2.49742422580719,2.174784122109413,47.09438829048632,-0.01516503819997217,-0.01413760816084798,-0.0010274300391241893,2.374336254659023,2.2766664624214172,2.1789966701838113,45.92589678584971,46.17282979281438,NICK
2001-12-28,2.2909090518951416,2.2909090518951416,2.2909090518951416,2.2909090518951416,2.078150510787964,825,2.254545211791992,2.2739392280578614,2.2778785705566404,2.2975756216049192,2.4998787665367126,2.1780000323057176,50.45824077973909,-0.01228621135616459,-0.013767328799911303,0.0014811174437467135,2.3756235625983635,2.2778785705566404,2.1801335785149174,51.85185185185198,47.40739769404896,NICK
2001-12-31,2.303030014038086,2.303030014038086,2.303030014038086,2.303030014038086,2.0891454219818115,8250,2.2666664123535156,2.2769695281982423,2.2824240207672117,2.2927271223068235,2.502454516887665,2.1817500323057173,51.56373142713316,-0.008923792075611114,-0.012798621455051265,0.003874829379440151,2.375875327135705,2.2824240207672117,2.1889727143987185,59.25925925925939,52.345669298987225,NICK
2002-01-02,2.303030014038086,2.303030014038086,2.303030014038086,2.303030014038086,2.0891454219818115,5445,2.278787612915039,2.27636342048645,2.286969470977783,2.2890907621383665,2.504727237224579,2.1855000323057174,51.56373142713315,-0.006187722359215719,-0.011476441635884157,0.005288719276668437,2.374986065514184,2.286969470977783,2.198952876441382,65.18521432526167,58.76544181212455,NICK
2002-01-03,2.260606050491333,2.260606050491333,2.2424240112304688,2.2424240112304688,2.0341684818267822,1650,2.278787612915039,2.2696967124938965,2.286969470977783,2.2860604619979856,2.507060568332672,2.1889470022916795,45.65589547616642,-0.008808229530634204,-0.010942799214834166,0.0021345696841999617,2.374986065514184,2.286969470977783,2.198952876441382,61.5384270532338,61.99430021258515,NICK
2002-01-04,2.2424240112304688,2.303030014038086,2.2424240112304688,2.303030014038086,2.0891454219818115,1155,2.2884846210479735,2.2696967124938965,2.286969470977783,2.283636221885681,2.5096969294548033,2.1928863924741746,51.62476224969507,-0.005926287865119395,-0.009939496944891211,0.004013209079771816,2.374986065514184,2.286969470977783,2.198952876441382,64.95717874419539,63.89360670756381,NICK
2002-01-07,2.303030014038086,2.303030014038086,2.303030014038086,2.303030014038086,2.0891454219818115,8250,2.2909088134765625,2.2727270126342773,2.283939170837402,2.2827877235412597,2.508181779384613,2.1968257826566697,51.62476224969508,-0.003600820316751463,-0.008671761619263262,0.005070941302511799,2.3650947399355045,2.283939170837402,2.2027836017393,68.37593043515699,64.95717874419559,NICK
2002-01-08,2.303030014038086,2.303030014038086,2.303030014038086,2.303030014038086,2.0891454219818115,495,2.2909088134765625,2.278787612915039,2.283939170837402,2.2827877235412597,2.505151469707489,2.200386387705803,51.62476224969507,-0.0017378378179819798,-0.007284976859007006,0.005547139041025026,2.3650947399355045,2.283939170837402,2.2027836017393,83.53993047152235,72.29101321695845,NICK
2002-01-09,2.303030014038086,2.303030014038086,2.21212100982666,2.2424240112304688,2.0341684818267822,6270,2.278787612915039,2.278787612915039,2.283939170837402,2.283393783569336,2.5006060099601743,2.203643962740898,45.397143399223445,-0.005093098616214764,-0.006846601210448557,0.001753502594233793,2.3650947399355045,2.283939170837402,2.2027836017393,79.40427832177492,77.10671307615162,NICK
2002-01-10,2.21212100982666,2.21212100982666,2.21212100982666,2.21212100982666,2.0066792964935303,6600,2.2727270126342773,2.275757312774658,2.2748482704162596,2.280969543457031,2.4936666107177734,2.2067500227689743,42.62819063614389,-0.010081156634321964,-0.007493512295223238,-0.0025876443390987257,2.3446137696105165,2.2748482704162596,2.2050827712220027,70.42997107525777,77.79139328951855,NICK
2002-01-11,2.2484850883483887,2.303030014038086,2.2424240112304688,2.2424240112304688,2.0341684818267822,9900,2.260605812072754,2.2745452165603637,2.27636342048645,2.2789089250564576,2.486545400619507,2.2100075978040694,46.164425154954216,-0.011456960876873978,-0.008286202011553386,-0.003170758865320592,2.341795574901672,2.27636342048645,2.210931266071228,60.39421065232542,70.07615334978624,NICK
2002-01-14,2.2969698905944824,2.2969698905944824,2.2424240112304688,2.2969698905944824,2.083648443222046,4620,2.2593937873840333,2.2751513004302977,2.2745452642440798,2.2780604410171508,2.4762120699882506,2.2139166873693465,51.91029294814411,-0.008053068287135812,-0.008239575266669871,0.00018650697953405924,2.335405451847397,2.2745452642440798,2.2136850766407625,70.00017484045823,66.94145218934733,NICK
2002-01-15,2.327272891998291,2.363636016845703,2.327272891998291,2.363636016845703,2.1441233158111572,12870,2.2715149879455567,2.2812119007110594,2.279090714454651,2.2768483209609984,2.467424190044403,2.2181591075658798,57.83379742938439,2.3667525857806737e-05,-0.006586926708164335,0.006610594234022142,2.351257806655219,2.279090714454651,2.206923622254083,86.6668415071249,72.35374233330305,NICK
2002-01-16,2.363636016845703,2.4242420196533203,2.327272891998291,2.363636016845703,2.1441233158111572,17325,2.2957573890686036,2.287272500991821,2.2818179607391356,2.27672709941864,2.4600302505493166,2.222212137579918,57.83379742938439,0.006351324729475305,-0.003999276420636407,0.010350601150111712,2.361992238524111,2.2818179607391356,2.20164368295416,88.25414309442648,81.64038648067007,NICK
2002-01-17,2.412121057510376,2.472727060317993,2.412121057510376,2.4484848976135254,2.2210919857025146,6600,2.3430301666259767,2.307878589630127,2.2887876510620115,2.2778180170059206,2.4539090394973755,2.226689411997795,64.32089974887086,0.018005082830831576,0.0004015954296571894,0.017603487401174386,2.3966784167763473,2.2887876510620115,2.180896885347676,87.3754486145745,87.4321444053755,NICK
2002-01-18,2.4424240589141846,2.5757579803466797,2.4424240589141846,2.5333330631256104,2.298060178756714,9240,2.401211977005005,2.3309088945388794,2.300302803516388,2.2806058979034423,2.4489393401145936,2.23168562233448,69.39200036039442,0.033698848588347374,0.007061046061395227,0.026637802526952147,2.452059006400727,2.300302803516388,2.148546600632049,83.48650435968574,86.37203202289578,NICK
2002-01-22,2.5757579803466797,2.7272729873657227,2.5757579803466797,2.6060609817504883,2.3640339374542236,7755,2.463030195236206,2.3612119913101197,2.3169695019721983,2.2872725772857665,2.4444241905212403,2.23704547226429,72.94199351063033,0.05141215887455841,0.015931268624027863,0.03548089025053055,2.5181270462678627,2.3169695019721983,2.115811957676534,85.16719114818923,85.34304804081671,NICK
2002-01-23,2.6060609817504883,2.6060609817504883,2.4242420196533203,2.563636064529419,2.3255486488342285,3135,2.503030204772949,2.387272596359253,2.333030104637146,2.291999840736389,2.439302971363068,2.2421931976079943,67.98827719678249,0.06131989109968572,0.025008993119159433,0.03631089798052629,2.557730034263277,2.333030104637146,2.108330175011015,77.6796710359302,82.11112218126861,NICK
2002-01-24,2.4969699382781982,2.4969699382781982,2.4969699382781982,2.4969699382781982,2.2650742530822754,2640,2.529696989059448,2.412727189064026,2.3457574009895326,2.296484699249268,2.4326060009002686,2.24710228741169,60.980020946098655,0.06306546164805393,0.03262028682493833,0.030445174823115602,2.577221184468909,2.3457574009895326,2.1142936175101563,66.66666666666681,76.50450961692896,NICK
2002-01-25,2.454545021057129,2.5696969032287598,2.454545021057129,2.545454978942871,2.309056043624878,8085,2.5490910053253173,2.446060585975647,2.3609089493751525,2.3025453186035154,2.427454490661621,2.252253802418709,63.894969411073774,0.06758213171306782,0.03961265580256423,0.02796947591050359,2.602771455830636,2.3609089493751525,2.119046442919669,62.7451052990138,69.03048100053715,NICK
2002-01-28,2.587878942489624,2.5999999046325684,2.5757579803466797,2.587878942489624,2.3475403785705566,18810,2.56000018119812,2.4806060791015625,2.3775756478309633,2.3095756196975707,2.4238787293434143,2.2579015320539475,66.26938261939401,0.07373491439208646,0.04643710752046867,0.027297806871617786,2.6333622251878532,2.3775756478309633,2.1217890704740734,64.31376070021638,64.5751775552992,NICK
2002-01-29,2.5757579803466797,2.5757579803466797,2.5757579803466797,2.5757579803466797,2.336544990539551,2805,2.5539395809173584,2.508484888076782,2.39181809425354,2.3164847183227537,2.422363579273224,2.2630151718854905,64.95502996393213,0.07674827233840942,0.05249934048405682,0.024248931854352597,2.6582170650653896,2.39181809425354,2.12541912344169,69.41180590523597,65.49022396815559,NICK
2002-01-30,2.5151519775390625,2.539393901824951,2.4909090995788574,2.539393901824951,2.303557872772217,3795,2.5490911483764647,2.526060676574707,2.4036362886428835,2.322787756919861,2.4230605483055117,2.2679394161701203,61.04339908205766,0.07533370295743147,0.05706621297873175,0.018267489978699716,2.6741705599164334,2.4036362886428835,2.1331020173693336,69.0196189143293,67.58172850659409,NICK
2002-01-31,2.4848480224609375,2.4848480224609375,2.454545021057129,2.4848480224609375,2.254077911376953,7425,2.5466667652130126,2.5381818771362306,2.412727189064026,2.3295756196975708,2.4221817588806154,2.2724848663806916,55.631611255044646,0.06901568012611792,0.05945610640820899,0.009559573717908929,2.6813402168486404,2.412727189064026,2.1441141612794117,61.37252603781383,66.60131695245991,NICK
2002-02-01,2.4909090995788574,2.4969699382781982,2.4242420196533203,2.4303030967712402,2.2045986652374268,16335,2.5236363887786863,2.536363697052002,2.4221211433410645,2.3340604639053346,2.417090849876404,2.2767575919628142,50.78320248676197,0.0589279965978351,0.05935048444613421,-0.0004224878482991107,2.679144724395581,2.4221211433410645,2.1650975622865483,50.759770166347,60.3839717061636,NICK
2002-02-04,2.5757579803466797,2.5999999046325684,2.539393901824951,2.545454978942871,2.309056043624878,11715,2.515151596069336,2.537575888633728,2.4342423915863036,2.3401210832595827,2.4119393396377564,2.281606076955795,58.922438061299374,0.059538901851785564,0.05938816792726448,0.0001507339245210848,2.69052179022599,2.4342423915863036,2.1779629929466173,47.76514417070681,53.29914679162277,NICK
2002-02-05,2.4909090995788574,2.4909090995788574,2.3939390182495117,2.4242420196533203,2.1991007328033447,11220,2.484848403930664,2.5193939924240114,2.4403029918670653,2.3431513833999635,2.40769690990448,2.2864545619487764,49.62012740474916,0.049669615462388794,0.057444457434289345,-0.007774841971900551,2.6895195052594465,2.4403029918670653,2.191086478474684,39.17926899787766,45.90139444497737,NICK
2002-02-06,2.436363935470581,2.4848480224609375,2.436363935470581,2.4848480224609375,2.254077911376953,3465,2.473939228057861,2.511515188217163,2.449393892288208,2.3473938035964967,2.403302969932556,2.291015167236328,53.56729348572787,0.04620589996290114,0.055196745940011706,-0.008990845977110563,2.691067992115436,2.449393892288208,2.20771979246098,35.353478036802834,40.76596373512931,NICK
2002-02-07,2.4848480224609375,2.4848480224609375,2.4848480224609375,2.4848480224609375,2.254077911376953,0,2.473939228057861,2.510302996635437,2.4615150928497314,2.3518786430358887,2.3979999303817747,2.29557577252388,53.56729348572789,0.04296559978566261,0.05275051670914189,-0.009784916923479277,2.684007270805138,2.4615150928497314,2.2390229148943246,26.262524874634554,33.59842396977189,NICK
2002-02-08,2.454545021057129,2.454545021057129,2.454545021057129,2.454545021057129,2.2265894412994385,990,2.4787876129150392,2.501212000846863,2.473636293411255,2.3555150032043457,2.3976362895965577,2.3000757724046705,51.23935571582633,0.037519933155491625,0.049704399998411836,-0.01218446684292021,2.6646475755123515,2.473636293411255,2.282625011310158,24.24235488442456,28.619452598620864,NICK
2002-02-11,2.4303030967712402,2.4303030967712402,2.4060609340667725,2.4242420196533203,2.1991007328033447,10230,2.454545021057129,2.4848483085632322,2.4827271938323974,2.3586665058135985,2.396121129989624,2.3044242572784426,48.94851009512218,0.030408474194735025,0.04584521483767647,-0.015436740642941447,2.6438199217185483,2.4827271938323974,2.3216344659462465,19.91335515573073,23.47274497159683,NICK
2002-02-12,2.3939390182495117,2.3939390182495117,2.363636016845703,2.3939390182495117,2.171611785888672,4950,2.448484420776367,2.466666412353516,2.487575650215149,2.3612119483947756,2.395757489204407,2.308818192481995,46.70000550702434,0.02207294955002359,0.041090761780145896,-0.019017812230122305,2.6308667865217643,2.487575650215149,2.3442845139085335,15.095967726268873,19.750559255474936,NICK
2002-02-13,2.3939390182495117,2.3939390182495117,2.3939390182495117,2.3939390182495117,2.171611785888672,0,2.430302619934082,2.4521209239959716,2.4890908002853394,2.3648483085632326,2.3950302100181577,2.313212127685547,46.700005507024336,0.015290724263711475,0.03593075427685901,-0.020640030013147535,2.627671189411375,2.4890908002853394,2.350510411159304,13.308874657360066,16.106065846453436,NICK
2002-02-14,2.3818180561065674,2.3818180561065674,2.363636016845703,2.363636016845703,2.1441233158111572,6435,2.406060218811035,2.439999723434448,2.4890908002853394,2.3678786087036134,2.3944241499900816,2.3173030328750612,44.337902607516064,0.007385428280528128,0.030221689077592834,-0.022836260797064706,2.627671189411375,2.4890908002853394,2.350510411159304,8.546991304394737,12.317277896008108,NICK
2002-02-15,2.3939390182495117,2.3939390182495117,2.3151519298553467,2.3151519298553467,2.1001415252685547,330,2.3781816005706786,2.4284846067428587,2.4824241518974306,2.369333167076111,2.3921211194992065,2.321378792524338,40.78351494293898,-0.0027600205634250585,0.023625347149389256,-0.026385367712814314,2.639738886459518,2.4824241518974306,2.325109417335343,4.273495652197434,8.70978720465096,NICK
2002-02-19,2.3151519298553467,2.3333330154418945,2.2787880897521973,2.2787880897521973,2.067154884338379,12045,2.349090814590454,2.4018179178237915,2.4696969032287597,2.368848328590393,2.3894544506072997,2.3248181879520415,38.30334440359433,-0.013578099972888502,0.016184657724933705,-0.029762757697822207,2.648233118009865,2.4696969032287597,2.2911606884476545,1.3145040611561853e-13,4.273495652197648,NICK
2002-02-20,2.3333330154418945,2.3333330154418945,2.2727270126342773,2.32121205329895,2.1056394577026367,9075,2.3345454216003416,2.3915149211883544,2.4554544568061827,2.367999849319458,2.387636270523071,2.328166673183441,42.68268679141426,-0.018514819227594792,0.009244762334428006,-0.0277595815620228,2.6336518434803144,2.4554544568061827,2.277257070132051,4.9382886932298815,3.0705947818093633,NICK
2002-02-21,2.32121205329895,2.32121205329895,2.32121205329895,2.32121205329895,2.1056394577026367,0,2.3200000286102296,2.3751513242721556,2.4433332562446592,2.3683634901046755,2.384242331981659,2.3310606133937837,42.68268679141426,-0.022171624122562683,0.0029614850430298685,-0.02513310916559255,2.6234170343459704,2.4433332562446592,2.263249478143348,9.876577386459632,4.938288693230096,NICK
2002-02-22,2.32121205329895,2.32121205329895,2.303030014038086,2.32121205329895,2.1056394577026367,10065,2.311515235900879,2.358787727355957,2.434545361995697,2.369939250946045,2.383212032318115,2.334636368751526,42.68268679141426,-0.02478397412149702,-0.0025876067898755097,-0.02219636733162151,2.6203640846901104,2.434545361995697,2.2487266393012835,14.814866079689383,9.876577386459845,NICK
2002-02-25,2.418181896209717,2.418181896209717,2.2787880897521973,2.303030014038086,2.0891454219818115,9405,2.3090908527374268,2.343636226654053,2.422424113750458,2.3681210708618163,2.381999912261963,2.338121213912964,41.12029863415357,-0.027998667718434955,-0.007669818975587399,-0.020328848742847558,2.609346471404904,2.422424113750458,2.2355017560960118,14.50619689802931,13.065880121392988,NICK
2002-02-26,2.363636016845703,2.363636016845703,2.363636016845703,2.363636016845703,2.1441233158111572,2475,2.326060438156128,2.337575626373291,2.4112119674682617,2.371151371002197,2.3798786926269533,2.34122727394104,47.95853956521748,-0.025363562275901863,-0.011208567635650292,-0.014154994640251571,2.5834132069847056,2.4112119674682617,2.239010727951818,23.853622490513846,17.724895156077725,NICK
2002-02-27,2.3575758934020996,2.412121057510376,2.2848479747772217,2.303030014038086,2.0891454219818115,3960,2.322424030303955,2.3284847259521486,2.397575569152832,2.370545310974121,2.3750302028656005,2.3427424240112305,42.62704784192763,-0.027844644420668363,-0.014535782992653906,-0.013308861428014457,2.5583084232732163,2.397575569152832,2.236842715032448,23.67723855918886,20.67901931591089,NICK
2002-02-28,2.363636016845703,2.363636016845703,2.2909090518951416,2.2909090518951416,2.078150510787964,3135,2.3163634300231934,2.3181817293167115,2.3851513266563416,2.3709089517593385,2.3691514134407043,2.344348484277725,41.630270495756015,-0.030438108671752673,-0.01771624812847366,-0.012721860543279014,2.5383527120013776,2.3851513266563416,2.2319499413113055,22.380996091067033,23.3039523802568,NICK
2002-03-01,2.3333330154418945,2.3333330154418945,2.3333330154418945,2.3333330154418945,2.1166348457336426,330,2.318787622451782,2.3151514291763307,2.3775755763053894,2.3713937902450564,2.3652120137214663,2.346545454263687,46.35824084399006,-0.028738904270191767,-0.01992077935681728,-0.008818124913374487,2.525190744031037,2.3775755763053894,2.2299604085797418,20.915755830023333,22.324663493426627,NICK
2002-03-04,2.3333330154418945,2.3333330154418945,2.2787880897521973,2.2787880897521973,2.067154884338379,6105,2.3139392375946044,2.311515045166016,2.3699998259544373,2.37078773021698,2.361030194759369,2.347333334684372,41.68329192178806,-0.03143127205310181,-0.022222877896074186,-0.009208394157027625,2.521513604160102,2.3699998259544373,2.2184860477487724,17.542844678813527,20.279865533301514,NICK
2002-03-05,2.303030014038086,2.3333330154418945,2.260606050491333,2.3333330154418945,2.1166348457336426,10890,2.3078786373138427,2.3169695377349853,2.3593937277793886,2.3713937902450564,2.3573938250541686,2.3483939397335054,47.39613459375935,-0.02883132371343322,-0.023544567059545992,-0.005286756653887229,2.488306320526374,2.3593937277793886,2.230481135032403,29.594009307769284,22.684203272202264,NICK
2002-03-06,2.303030014038086,2.363636016845703,2.2424240112304688,2.2787880897521973,2.067154884338379,29040,2.303030252456665,2.31272714138031,2.3521210312843324,2.3715150117874146,2.3544241261482237,2.348727275133133,42.873110132692524,-0.030816927220695067,-0.024999039091775806,-0.005817888128919261,2.481987430695717,2.3521210312843324,2.2222546318729477,23.670158731130073,23.602337572571177,NICK
2002-03-07,2.2787880897521973,2.2787880897521973,2.2787880897521973,2.2787880897521973,2.067154884338379,1650,2.300606060028076,2.308484745025635,2.3418180346488953,2.372242293357849,2.350242307186127,2.3491363656520843,42.87311013269253,-0.03202140943042231,-0.026403513159505107,-0.0056178962709172026,2.4601097417242133,2.3418180346488953,2.2235263275735773,29.177788568466493,27.480652202455502,NICK
2002-03-08,2.2848479747772217,2.3333330154418945,2.2848479747772217,2.3333330154418945,2.1166348457336426,660,2.300606060028076,2.309696841239929,2.334242284297943,2.3740604734420776,2.3463029074668884,2.3498181807994842,48.5656801419319,-0.028249013563304892,-0.026772613240265065,-0.0014764003230398268,2.4326610000828945,2.334242284297943,2.2358235685129917,31.03457942995546,27.960842243184228,NICK
2002-03-11,2.3393940925598145,2.412121057510376,2.3393940925598145,2.412121057510376,2.188106060028076,13035,2.327272653579712,2.3206059455871584,2.3321210861206056,2.377454414367676,2.3438786673545837,2.3508939361572265,55.46848928335832,-0.01868642069826798,-0.02515537473186565,0.006468954033597669,2.421489518237269,2.3321210861206056,2.2427526540039424,56.32182192909408,38.844729975838895,NICK
2002-03-12,2.412121057510376,2.418181896209717,2.412121057510376,2.418181896209717,2.193603515625,14025,2.3442424297332765,2.3260605335235596,2.3318180799484254,2.380727152824402,2.341999876499176,2.3516212105751038,55.95815028448102,-0.010497924389835323,-0.022223884663459585,0.011725960273624263,2.4199678884319327,2.3318180799484254,2.243668271464918,82.75853181439602,56.70497772448207,NICK
2002-03-13,2.4060609340667725,2.4242420196533203,2.4060609340667725,2.4060609340667725,2.1826086044311523,5445,2.3696969985961913,2.3363636255264284,2.3324241757392885,2.3830301904678346,2.340302906036377,2.352818180322647,54.6636103517768,-0.004929715722097772,-0.018765050875187223,0.013835335153089452,2.4224214946421143,2.3324241757392885,2.2424268568364627,95.51733041084701,78.19922805144591,NICK
2002-03-14,2.454545021057129,2.478787899017334,2.3939390182495117,2.478787899017334,2.2485806941986084,9240,2.4096969604492187,2.3551515102386475,2.3366666197776795,2.3865453481674193,2.3396362352371214,2.3542272698879243,60.55936087016731,0.0052906012725797424,-0.01395392044563383,0.019244521718213572,2.444161628092351,2.3366666197776795,2.2291716114630082,96.66679779701035,91.64755334075134,NICK
2002-03-15,2.478787899017334,2.478787899017334,2.478787899017334,2.478787899017334,2.2485806941986084,0,2.4387879371643066,2.3696969985961913,2.342424213886261,2.3900605058670044,2.3395756340026854,2.355454543828964,60.55936087016731,0.01323768038496187,-0.00851560027951469,0.02175328066447656,2.4661852706844174,2.342424213886261,2.2186631570881046,96.66679779701035,96.2836420016228,NICK
2002-03-18,2.4848480224609375,2.4848480224609375,2.4848480224609375,2.4848480224609375,2.254077911376953,2475,2.453333330154419,2.3903029918670655,2.3509090185165404,2.3949089860916137,2.3404847240447997,2.3572575736045835,61.048877574280766,0.019796596313127246,-0.002853160960986303,0.02264975727411355,2.4885207342091853,2.3509090185165404,2.2132973028238956,100.00000000000011,97.77786519800715,NICK
2002-03-19,2.4848480224609375,2.4848480224609375,2.4848480224609375,2.4848480224609375,2.254077911376953,660,2.466666555404663,2.40545449256897,2.3612120151519775,2.3985453462600708,2.341090784072876,2.3586969637870787,61.04887757428076,0.024709745871511757,0.0026594204055133096,0.022050325465998447,2.506332733933105,2.3612120151519775,2.21609129637085,100.00000000000011,98.88893259900374,NICK
2002-03-20,2.5151519775390625,2.587878942489624,2.418181896209717,2.587878942489624,2.3475403785705566,18150,2.5030301570892335,2.4363635778427124,2.374545359611511,2.4042423248291014,2.3435150241851805,2.3615605986118315,68.70705583481053,0.036496477797075766,0.0094268318838258,0.027069645913249965,2.548627209675601,2.374545359611511,2.200463509547421,100.00000000000011,100.00000000000033,NICK
2002-03-21,2.5515151023864746,2.587878942489624,2.5515151023864746,2.587878942489624,2.3475403785705566,3300,2.5248483657836913,2.467272663116455,2.3878787040710447,2.4099393033981324,2.346363513469696,2.3644242334365844,68.70705583481053,0.04531518255018652,0.016604502017097945,0.028710680533088572,2.583139384772787,2.3878787040710447,2.1926180233693024,100.00000000000011,100.00000000000033,NICK
2002-03-22,2.5939390659332275,2.78787899017334,2.5939390659332275,2.7272729873657227,2.4739887714385986,32505,2.574545383453369,2.506666660308838,2.4081817507743835,2.4196362829208375,2.3515150332450867,2.368212113380432,76.08482504958644,0.06282776469672635,0.025849154553023626,0.036978610143702725,2.6503112327627205,2.4081817507743835,2.1660522687860464,96.29630277185761,98.76543425728615,NICK
2002-03-25,2.7212119102478027,2.7272729873657227,2.5515151023864746,2.612121105194092,2.3695313930511475,7755,2.6,2.5266666650772094,2.4236363053321837,2.427636284828186,2.354302914142609,2.3706666588783265,62.89331203413335,0.06664655766170036,0.034008635174758974,0.03263792248694138,2.676179742249707,2.4236363053321837,2.1710928684146604,85.55555167021896,93.9506181473591,NICK
2002-03-26,2.7272729873657227,2.78181791305542,2.7272729873657227,2.7272729873657227,2.4739887714385986,10230,2.648484992980957,2.5575757741928102,2.441818153858185,2.437333264350891,2.3581210947036744,2.37354544878006,68.73161579326184,0.07806488967174774,0.042819886074156724,0.035245003597591015,2.7249698960007933,2.441818153858185,2.1586664117155765,81.58730141880798,87.8130519536284,NICK
2002-03-27,2.733333110809326,2.733333110809326,2.7272729873657227,2.7272729873657227,2.4739887714385986,17325,2.676363801956177,2.589696979522705,2.4630303025245666,2.445939326286316,2.3619998836517335,2.37687878370285,68.73161579326184,0.0861212479169784,0.05148015844272106,0.034641089474257335,2.7643931252446876,2.4630303025245666,2.1616674798044455,81.27494390727125,82.80593233209962,NICK
2002-03-28,2.7272729873657227,2.7272729873657227,2.7272729873657227,2.7272729873657227,2.4739887714385986,0,2.7042426109313964,2.614545488357544,2.4848484992980957,2.4532120656967162,2.3650301933288573,2.3809696936607363,68.73161579326184,0.09145177078242162,0.05947448091066117,0.03197728987176045,2.796224655082075,2.4848484992980957,2.1734723435141166,87.5111952936751,83.45781353991833,NICK
2002-04-01,2.7272729873657227,2.7272729873657227,2.672727108001709,2.672727108001709,2.424509048461914,2805,2.6933334350585936,2.6339394092559814,2.5018182039260863,2.4593938875198362,2.368060493469238,2.3844848442077637,62.87856770778735,0.09023468269887402,0.06562652126830373,0.02460816143057029,2.815301078804779,2.5018182039260863,2.1883353290473937,81.73583904168235,83.50732608087645,NICK
2002-04-02,2.672727108001709,2.7272729873657227,2.672727108001709,2.7272729873657227,2.4739887714385986,990,2.71636381149292,2.65818190574646,2.5242424488067625,2.4649696493148805,2.3713938331604005,2.3882727241516113,65.99694171357451,0.09260404642656983,0.07102202629995695,0.02158202012661288,2.8348509021975485,2.5242424488067625,2.2136339954159765,80.6237010678335,83.2902451343972,NICK
2002-04-03,2.67878794670105,2.8121209144592285,2.67878794670105,2.7272729873657227,2.4739887714385986,7920,2.71636381149292,2.6824244022369386,2.543939447402954,2.4688484477996826,2.3747271728515624,2.392439393997192,65.99694171357451,0.09340506876107169,0.0754986347921799,0.017906433968891786,2.853585571019878,2.543939447402954,2.2342933237860305,78.36496147958628,80.24150052970093,NICK
2002-04-04,2.7272729873657227,2.7272729873657227,2.67878794670105,2.67878794670105,2.430006742477417,330,2.7066668033599854,2.691515302658081,2.5639394402503966,2.4703029870986937,2.37878778219223,2.396439393758774,60.737099585805396,0.08910045260247612,0.07821899835423915,0.010881454248236971,2.8535193050117122,2.5639394402503966,2.274359575489081,76.82653687483774,78.60506647408606,NICK
2002-04-05,2.67878794670105,2.67878794670105,2.4848480224609375,2.4848480224609375,2.254077911376953,11220,2.6581818103790282,2.6812122106552123,2.5742424368858337,2.4687272262573243,2.3803635334968565,2.399621208906174,45.21433192189049,0.0692415092043368,0.07642350052425868,-0.007181991319921879,2.8358159887826266,2.5742424368858337,2.3126688849890407,54.26238154826013,69.81795996756159,NICK
2002-04-08,2.454545021057129,2.5090909004211426,2.4242420196533203,2.5090909004211426,2.2760696411132812,12540,2.625454568862915,2.6593940019607545,2.583030331134796,2.468969645500183,2.382727172374725,2.4024696934223173,47.036520232678996,0.054827335733055094,0.07210426756601797,-0.017276931832962875,2.8225157991349086,2.583030331134796,2.3435448631346834,35.38459521071651,55.49117121127167,NICK
2002-04-09,2.5151519775390625,2.5151519775390625,2.5151519775390625,2.5151519775390625,2.281567335128784,1650,2.583030366897583,2.6496970891952514,2.5881818771362304,2.468363585472107,2.3854544520378114,2.405045453310013,47.50661046637018,0.043392871664015065,0.06636198838561738,-0.022969116721602317,2.8169320331878076,2.5881818771362304,2.359431721084653,21.538461538461675,37.06181276581298,NICK
2002-04-10,2.4969699382781982,2.4969699382781982,2.3939390182495117,2.3939390182495117,2.171611785888672,13860,2.516363573074341,2.61636369228363,2.58696973323822,2.4644847869873048,2.3870302033424378,2.4071666634082796,39.88276764899818,0.024270330451053646,0.05794365679870463,-0.03367332634765099,2.8195354565617463,2.58696973323822,2.354404009914694,15.897476245234053,24.27351099813762,NICK
2002-04-11,2.387878894805908,2.3939390182495117,2.387878894805908,2.3939390182495117,2.171611785888672,2475,2.459393787384033,2.5830302953720095,2.586363637447357,2.4608484077453614,2.3886665630340578,2.409287873506546,39.88276764899818,0.00901169752977582,0.04815726494491887,-0.03914556741514305,2.820867195882713,2.586363637447357,2.3518600790120012,8.68132156330439,15.37241978233358,NICK
2002-04-12,2.3939390182495117,2.4242420196533203,2.363636016845703,2.4242420196533203,2.1991007328033447,18480,2.4472725868225096,2.552727198600769,2.5836363434791565,2.4585453701019286,2.390666563510895,2.411939388513565,42.55561073536761,-0.0006284358154204917,0.038400124792851,-0.03902856060827149,2.8242695545718157,2.5836363434791565,2.3430031323864973,4.98065272561298,9.853150178050681,NICK
2002-04-15,2.5151519775390625,2.5757579803466797,2.5151519775390625,2.5757579803466797,2.336544990539551,1980,2.460606002807617,2.543030285835266,2.5884848475456237,2.4603635692596435,2.3949695944786074,2.414590903520584,53.65161287933553,0.003912658124028745,0.03150263145908655,-0.027589973335057805,2.824332435563719,2.5884848475456237,2.3526372595275284,20.746472610126254,11.469482299681417,NICK
2002-04-16,2.4242420196533203,2.5757579803466797,2.4242420196533203,2.5757579803466797,2.336544990539551,4290,2.4727272033691405,2.5278787851333617,2.593030345439911,2.4632726669311524,2.3986665654182433,2.417242418527603,53.65161287933553,0.007425906559505702,0.02668728647917038,-0.01926137991966468,2.824170378529235,2.593030345439911,2.361890312350587,36.0361394842615,20.58775494000045,NICK
2002-04-17,2.521212100982666,2.521212100982666,2.4848480224609375,2.5090909004211426,2.2760696411132812,2640,2.495757579803467,2.506060576438904,2.5942424893379212,2.462545385360718,2.40133323431015,2.4195605981349946,48.837717072522665,0.004775654296266918,0.022304960042589687,-0.01752930574632277,2.823345786586568,2.5942424893379212,2.3651391920892744,42.342474526185946,33.04169554019144,NICK
2002-04-18,2.5090909004211426,2.5090909004211426,2.5090909004211426,2.5090909004211426,2.2760696411132812,165,2.518787956237793,2.4890908718109133,2.590303087234497,2.464242362976074,2.403696873188019,2.421727262735367,48.837717072522665,0.0026448224171340406,0.01837293251749856,-0.01572811010036452,2.822398552351309,2.590303087234497,2.358207622117685,37.38748939883194,38.58870113642667,NICK
2002-04-19,2.5090909004211426,2.5090909004211426,2.5090909004211426,2.5090909004211426,2.2760696411132812,3630,2.5357577323913576,2.4915151596069336,2.586363685131073,2.4647272205352784,2.4060605120658876,2.423893927335739,48.837717072522665,0.0009452268147689402,0.014887391376952636,-0.013942164562183695,2.8211489869152966,2.586363685131073,2.3515783833468498,32.43250427147793,37.38748939883215,NICK
2002-04-22,2.4969699382781982,2.5090909004211426,2.4969699382781982,2.5090909004211426,2.2760696411132812,4290,2.52242431640625,2.4915151596069336,2.575454580783844,2.4652120780944826,2.4085453605651854,2.4259848368167876,48.837717072522665,-0.0003971369969386629,0.011830485702174376,-0.012227622699113039,2.803207152807509,2.575454580783844,2.3477020087601788,32.43250427147793,34.08416598059615,NICK
2002-04-23,2.5090909004211426,2.5090909004211426,2.5090909004211426,2.5090909004211426,2.2760696411132812,825,2.5090909004211426,2.490909051895142,2.5703030705451964,2.4663029956817626,2.410908999443054,2.428303016424179,48.837717072522665,-0.0014443207582832684,0.009175524410082847,-0.010619845168366115,2.7991633393649056,2.5703030705451964,2.341442801725487,34.955011589651974,33.273340044202826,NICK
2002-04-24,2.5757579803466797,2.5757579803466797,2.5151519775390625,2.5151519775390625,2.281567335128784,1815,2.5103031158447267,2.5030303478240965,2.5596970200538633,2.4681211948394775,2.413393850326538,2.43065150141716,49.43519794808899,-0.0017647996529692733,0.006987459597472423,-0.008752259250441697,2.7778884201381846,2.5596970200538633,2.341505619969542,40.16988235627024,35.85246607246693,NICK
2002-04-25,2.6060609817504883,2.6060609817504883,2.6060609817504883,2.6060609817504883,2.3640339374542236,1155,2.529697132110596,2.5242425441741942,2.5536364197731016,2.472363634109497,2.416787791252136,2.433454531431198,57.45967394428114,0.005256224906840412,0.006641212659346021,-0.0013849877525056089,2.759243194934923,2.5536364197731016,2.3480296446112803,62.6923809324443,45.939091626122384,NICK
2002-04-26,2.6060609817504883,2.7575759887695312,2.6060609817504883,2.696969985961914,2.446500062942505,12870,2.56727294921875,2.5515153408050537,2.552121269702911,2.478424253463745,2.421636281013489,2.4367121064662935,63.668828327668066,0.01794912796165571,0.008902795719807958,0.00904633224184775,2.7529792642953947,2.552121269702911,2.3512632751104277,77.56417947691621,60.1421475885438,NICK
2002-04-29,2.78787899017334,2.78787899017334,2.5757579803466797,2.5757579803466797,2.336544990539551,1815,2.5806063652038573,2.5515153408050537,2.54727281332016,2.4826666927337646,2.425272650718689,2.4393636214733125,52.63702734141531,0.018019827879037553,0.010726202151653878,0.007293625727383676,2.740799268995308,2.54727281332016,2.3537463576450124,78.20517808553357,72.82057949829824,NICK
2002-04-30,2.5999999046325684,2.78787899017334,2.5999999046325684,2.7272729873657227,2.4739887714385986,8745,2.6242427825927734,2.566666841506958,2.54727281332016,2.4909091138839723,2.4301211404800416,2.442696956396103,61.59487111613029,0.0299565326149267,0.014572268244308443,0.015384264370618258,2.740799268995308,2.54727281332016,2.3537463576450124,73.44328402812259,76.40421386352433,NICK
2002-05-01,2.7272729873657227,2.7272729873657227,2.7272729873657227,2.7272729873657227,2.4739887714385986,0,2.6666669845581055,2.588485050201416,2.54727281332016,2.4998788118362425,2.4343635702133177,2.4464848363399505,61.59487111613029,0.03896726672293127,0.01945126794003301,0.01951599878289826,2.740799268995308,2.54727281332016,2.3537463576450124,73.80958268423971,75.15268159929884,NICK
2002-05-02,2.7272729873657227,2.7272729873657227,2.6666669845581055,2.6666669845581055,2.419011354446411,3465,2.678788185119629,2.6042426586151124,2.5466667652130126,2.506787910461426,2.437393879890442,2.4494393813610076,56.6265044087099,0.04074822038161052,0.023710658428348512,0.01703756195326201,2.7386114641042187,2.5466667652130126,2.3547220663218065,79.36512991406697,75.53933220880998,NICK
2002-05-03,2.5757579803466797,2.5757579803466797,2.5757579803466797,2.5757579803466797,2.336544990539551,825,2.654545783996582,2.610909366607666,2.5512122631073,2.5118788290023804,2.4401211595535277,2.4519393813610075,50.098642048032694,0.034427186924888,0.02585396412765641,0.008573222797231588,2.7413834217946866,2.5512122631073,2.3610411044199133,64.68263052203336,72.6191143734469,NICK
2002-05-06,2.745455026626587,2.745455026626587,2.745455026626587,2.745455026626587,2.4904820919036865,330,2.6884851932525633,2.6345457792282105,2.563030469417572,2.520363688468933,2.445151469707489,2.4552878665924074,59.48714155849847,0.04261956398340416,0.02920708409880596,0.013412479884598202,2.769906272719835,2.563030469417572,2.3561546661153088,64.77789882531611,69.60855308713904,NICK
2002-05-07,2.745455026626587,2.8181819915771484,2.7272729873657227,2.7272729873657227,2.4739887714385986,7920,2.6884851932525633,2.6563639879226684,2.573636519908905,2.528848547935486,2.4484848093986513,2.4585454416275025,58.22318321494493,0.04710198089466955,0.03278606345797868,0.014315917436690868,2.79108604441364,2.573636519908905,2.35618699540417,66.45502553460351,65.30518496065122,NICK
2002-05-08,2.733333110809326,2.848484992980957,2.733333110809326,2.78787899017334,2.5289664268493652,7755,2.7006063938140867,2.683636689186096,2.5933335185050965,2.5373334074020386,2.454242389202118,2.462106046676636,61.183788686043414,0.05491173817567363,0.03721119840151767,0.017700539774155963,2.8134565238566798,2.5933335185050965,2.3732105131535133,80.15229644531209,70.4617402684108,NICK
2002-05-09,2.612121105194092,2.612121105194092,2.460606098175049,2.581818103790283,2.3420422077178955,7095,2.6836366176605226,2.6812124013900758,2.602727472782135,2.5429091691970824,2.456727240085602,2.4652424120903014,48.578474615791784,0.043966813619684686,0.03856232144515107,0.005404492174533614,2.8031670885918714,2.602727472782135,2.4022878569723987,61.90224272709179,69.50318823566936,NICK
2002-05-10,2.7272729873657227,2.7272729873657227,2.7272729873657227,2.7272729873657227,2.4739887714385986,165,2.7139396190643312,2.6842427015304566,2.617879021167755,2.5516364479064944,2.461272699832916,2.4690302920341494,55.54138298876793,0.0464939225448604,0.04014864166509294,0.006345280879767462,2.807585814817559,2.617879021167755,2.4281722275179507,60.919544127930806,67.65802776677845,NICK
2002-05-13,2.7272729873657227,2.7272729873657227,2.7272729873657227,2.7272729873657227,2.4739887714385986,3135,2.710303211212158,2.699394202232361,2.625454771518707,2.5595152473449705,2.4654545187950134,2.472818171977997,55.54138298876792,0.04794400591877457,0.04170771451582926,0.006236291402945307,2.819871003185469,2.625454771518707,2.4310385398519454,56.25001280568201,59.69059988690176,NICK
2002-05-14,2.6060609817504883,2.7272729873657227,2.6060609817504883,2.7272729873657227,2.4739887714385986,11715,2.710303211212158,2.699394202232361,2.6330305218696592,2.568484945297241,2.4696363377571107,2.4764848417043686,55.54138298876793,0.0485337406884363,0.04307291975035067,0.005460820938085628,2.8308878916264586,2.6330305218696592,2.43517315211286,68.75003841704574,61.97319845021974,NICK
2002-05-15,2.7515149116516113,2.8181819915771484,2.7515149116516113,2.8181819915771484,2.556455373764038,6435,2.71636381149292,2.7084851026535035,2.64848507642746,2.5781819248199462,2.474787857532501,2.48083332657814,59.79145887349235,0.0556946928731179,0.045597274374904115,0.010097418498213787,2.8533659519008916,2.64848507642746,2.443604200954028,76.56252881278434,67.18752667850426,NICK
2002-05-16,2.9030299186706543,3.4848480224609375,2.848484992980957,3.3575758934020996,3.045755624771118,62700,2.8715153694152833,2.7775759935379027,2.6909093260765076,2.599757680892944,2.4856363463401796,2.4880757510662077,75.03871050331352,0.10369900150671763,0.057217619801266814,0.04648138170545081,3.0534734105971353,2.6909093260765076,2.32834524155588,82.83718828614523,76.04991850532532,NICK
2002-05-17,3.3939390182495117,3.78787899017334,3.3939390182495117,3.690908908843994,3.3481311798095703,84315,3.0642425537109377,2.8890910863876345,2.75000022649765,2.6280000972747803,2.5001211953163147,2.4961515057086943,80.06868873394428,0.1667181277192138,0.0791177213848562,0.08760040633435759,3.307561005659375,2.75000022649765,2.192439447335925,90.81852077215261,83.40607929036095,NICK
2002-05-20,3.5757579803466797,3.648484945297241,3.3393940925598145,3.5030300617218018,3.1777007579803467,11220,3.2193939685821533,2.964848589897156,2.799697184562683,2.6513940382003782,2.512727255821228,2.503272715806961,71.34237379802953,0.19920467893898053,0.10313511289568107,0.09606956604329946,3.4343610308350008,2.799697184562683,2.1650333382903653,86.268944912984,86.64155132376084,NICK
2002-05-21,3.5757579803466797,3.648484945297241,3.5757579803466797,3.6060609817504883,3.271162748336792,13860,3.3951515674591066,3.052727389335632,2.8545456886291505,2.675272836685181,2.5263636255264283,2.5109999907016753,73.07535003367008,0.2306059570885055,0.12862928173424595,0.10197667535425955,3.5644181253234937,2.8545456886291505,2.1446732519348073,85.84473417632701,87.64406662048809,NICK
2002-05-22,3.6060609817504883,3.6060609817504883,3.3393940925598145,3.3393940925598145,3.029261827468872,7095,3.4993939876556395,3.10787889957428,2.895757794380188,2.6936970806121825,2.537212116718292,2.5173181712627413,62.534860546246186,0.2313075376167859,0.14916493291075394,0.08214260470603196,3.617632508212132,2.895757794380188,2.173883080548244,77.01673760271728,83.0434722306763,NICK
2002-05-23,3.4848480224609375,3.4848480224609375,3.3393940925598145,3.4242420196533203,3.106229782104492,1980,3.512727212905884,3.1921212911605834,2.9366668462753296,2.7140607023239136,2.548545446395874,2.5242121064662935,64.29936454479123,0.23598972124478612,0.16652989057756037,0.06945983066722575,3.6806313393696306,2.9366668462753296,2.1927023531810286,75.03804272784843,79.29983816896446,NICK
2002-05-24,3.303030014038086,3.363636016845703,3.1818180084228516,3.363636016845703,3.051252603530884,8580,3.4472726345062257,3.2557575941085815,2.970000147819519,2.731757664680481,2.5591515064239503,2.5308030116558076,62.05131753319615,0.23213409028782817,0.17965073051961394,0.05248335976821422,3.7276335344732523,2.970000147819519,2.212366761165786,68.94974527808536,73.6681752028839,NICK
2002-05-28,3.418181896209717,3.6060609817504883,3.3939390182495117,3.5696969032287598,3.2381763458251953,8250,3.460606002807617,3.3399999856948854,3.019697093963623,2.7535758447647094,2.571818175315857,2.538272706270218,66.35801993603907,0.24290579953116342,0.19230174432192385,0.05060405520923958,3.7974959529979824,3.019697093963623,2.2418982349292635,74.73360510217451,72.90713103603632,NICK
2002-05-29,3.4848480224609375,3.4848480224609375,3.369697093963623,3.3939390182495117,3.0787410736083984,1980,3.418181610107422,3.4066665887832643,3.0530303955078124,2.771757664680481,2.5833333253860475,2.5451969468593596,60.09360709673505,0.23455644358920802,0.20075268417538067,0.03380375941382735,3.8349739107968217,3.0530303955078124,2.271086880218803,73.97257091479435,72.55197376501827,NICK
2002-05-30,3.3939390182495117,3.3939390182495117,3.3333330154418945,3.3333330154418945,3.023763418197632,1320,3.416969394683838,3.458181691169739,3.083333396911621,2.7887273645401,2.5936363554000854,2.5516666424274446,58.05826908493664,0.22050725060627974,0.20470359746156047,0.015803653144719265,3.859382949119924,3.083333396911621,2.307283844703318,71.80654411539605,73.50424004412184,NICK
2002-05-31,3.2484850883483887,3.327272891998291,3.200000047683716,3.266666889190674,2.9632890224456787,9735,3.3854543685913088,3.4490907907485964,3.1133333921432493,2.802303123474121,2.603272724151611,2.555727251768112,55.8187109747665,0.20166904944455766,0.2040966878581599,-0.0024276384136022455,3.8687491469886544,3.1133333921432493,2.3579176372978443,62.58514595271695,69.45475366096932,NICK
2002-06-03,3.200000047683716,3.327272891998291,3.048485040664673,3.327272891998291,3.018266439437866,4125,3.378181743621826,3.412727189064026,3.1509091377258303,2.8170910024642946,2.6135151529312135,2.5593333113193513,57.426513027204706,0.1894462191350459,0.2011665941135371,-0.01172037497849121,3.8694923084794266,3.1509091377258303,2.432325966972234,59.48715838219457,64.62628281676939,NICK
2002-06-04,3.10909104347229,3.1818180084228516,3.048485040664673,3.060606002807617,2.776365041732788,7755,3.276363563537598,3.3684847831726072,3.1666666865348816,2.8237576627731324,2.6216969728469848,2.56115149140358,48.980436971888714,0.15643842395272456,0.1922209600813746,-0.03578253612865004,3.862454654170262,3.1666666865348816,2.470878718899501,48.91587650454617,56.99606027981943,NICK
2002-06-05,3.0363640785217285,3.1818180084228516,3.0363640785217285,3.1818180084228516,2.886319637298584,825,3.233939361572266,3.326060485839844,3.189393937587738,2.8351516008377073,2.631393942832947,2.56253027677536,52.40691259248976,0.1384641754805802,0.18146960316121571,-0.043005427680635505,3.855342383101033,3.189393937587738,2.523445492074443,42.11134443987604,50.17145977553913,NICK
2002-06-06,3.0363640785217285,3.0363640785217285,3.0363640785217285,3.0363640785217285,2.7543742656707764,1650,3.1745455741882322,3.2957574844360353,3.2018181920051574,2.841333422660828,2.6393333435058595,2.562939372062683,48.22169635826395,0.11120068525552718,0.167415819580078,-0.05621513432455083,3.8462642026561467,3.2018181920051574,2.557372181354168,21.769467063728893,37.59889600271724,NICK
2002-06-07,3.175757884979248,3.303030014038086,3.175757884979248,3.303030014038086,2.996274948120117,1980,3.181818199157715,3.283636283874512,3.2378787875175474,2.852848563194275,2.649393944740295,2.562803007364273,55.273791675472125,0.10984565289526094,0.1559017862431146,-0.04605613334785366,3.816910685737069,3.2378787875175474,2.658846889298026,26.349365504259833,30.07672566928846,NICK
2002-06-10,3.2424240112304688,3.2424240112304688,3.2424240112304688,3.2424240112304688,2.9412975311279297,330,3.1648484230041505,3.2715150833129885,3.2636363387107847,2.86315158367157,2.658181824684143,2.562803007364273,53.49066921507636,0.10269754865233338,0.14526093872495835,-0.04256339007262497,3.79324431501382,3.2636363387107847,2.7340283624077495,25.74251229800913,24.620448288666154,NICK
2002-06-11,3.1212120056152344,3.1212120056152344,3.1212120056152344,3.1212120056152344,2.8313426971435547,330,3.176969623565674,3.2266665935516357,3.2833332896232603,2.87212128162384,2.665757584571838,2.5628939175605776,50.01546071539536,0.08625750586418235,0.13346025215280316,-0.04720274628862081,3.7581517162466627,3.2833332896232603,2.808514862999858,30.707019249725025,27.599632350664862,NICK
2002-06-12,3.0363640785217285,3.1212120056152344,2.8606059551239014,3.1212120056152344,2.8313426971435547,16995,3.1648484230041505,3.199393892288208,3.303030240535736,2.8800000619888304,2.6724848556518555,2.5631969475746157,50.015460715395356,0.07239413894054048,0.12124702951035063,-0.04885289056981015,3.7120738921873206,3.303030240535736,2.893986588884151,27.83870728404551,28.09607961059342,NICK
2002-06-13,2.89090895652771,2.9757580757141113,2.7272729873657227,2.909090995788574,2.6389217376708984,16665,3.1393938064575195,3.156969690322876,3.307575690746307,2.8836364221572874,2.676242434978485,2.5625908875465395,44.18876766610843,0.043786188128830617,0.10575486123404662,-0.061968673105216004,3.696492295293795,3.307575690746307,2.9186590861988195,23.514159748703488,27.353295427491542,NICK
2002-06-14,2.909090995788574,3.0303030014038086,2.909090995788574,3.0303030014038086,2.7488760948181152,2310,3.084848403930664,3.1333333015441895,3.2912120461463927,2.8906667232513428,2.680484855175018,2.5624545228481295,47.9222709590191,0.030542897335357644,0.09071246845430883,-0.06016957111895119,3.6974891370982346,3.2912120461463927,2.884934955194551,30.043893196809904,27.132253409853167,NICK
2002-06-17,3.0303030014038086,3.21212100982666,3.0303030014038086,3.090909004211426,2.803853750228882,3135,3.0545454025268555,3.1096969127655028,3.2612120509147644,2.9027879428863526,2.685757584571838,2.562530277967453,49.73291594910073,0.024653699389678874,0.07750071464138283,-0.05284701525170396,3.632067576811735,3.2612120509147644,2.890356525017794,34.3907846397158,29.3162791950766,NICK
2002-06-18,3.0363640785217285,3.0363640785217285,3.0363640785217285,3.0363640785217285,2.7543742656707764,660,3.0375758171081544,3.107272720336914,3.237878751754761,2.9133334064483645,2.6911515259742735,2.5618787634372713,48.11164763170122,0.015407539412664928,0.06508207959563925,-0.04967454018297432,3.6036275477299022,3.237878751754761,2.8721299557796196,42.94880969624851,35.79449584425827,NICK
2002-06-19,2.9696969985961914,3.1818180084228516,2.9696969985961914,3.1818180084228516,2.886319637298584,825,3.049697017669678,3.107272720336914,3.216666603088379,2.9266667270660403,2.6975151562690733,2.5624848234653474,52.5535638010975,0.01959097498503537,0.055983858673518475,-0.036392883688483105,3.5414577532830207,3.216666603088379,2.891875452893737,56.7070744800443,44.68222293866973,NICK
2002-06-20,3.1818180084228516,3.1818180084228516,3.1818180084228516,3.1818180084228516,2.886319637298584,330,3.1042424201965333,3.121818113327026,3.2087877988815308,2.9424243068695066,2.703454546928406,2.56366663813591,52.5535638010975,0.022645336473530175,0.049316154233520815,-0.02667081775999064,3.5288994459634173,3.2087877988815308,2.888676151799644,65.9595796636624,55.2051546133186,NICK
2002-06-21,3.1818180084228516,3.1818180084228516,3.1818180084228516,3.1818180084228516,2.886319637298584,330,3.134545421600342,3.1096969127655028,3.1966665983200073,2.9581818866729734,2.7095151472091676,2.5659393632411955,52.55356380109749,0.024780288221228464,0.04440898103106235,-0.019628692809833884,3.5012074695591053,3.1966665983200073,2.8921257270809093,76.8207998409205,66.49581799487594,NICK
2002-06-24,3.151515007019043,3.151515007019043,3.0303030014038086,3.0303030014038086,2.7488760948181152,2970,3.1224242210388184,3.0884848117828367,3.1799999475479126,2.970303106307983,2.714424238204956,2.5687423932552336,47.28700948542969,0.014083907540883178,0.038343966333026516,-0.024260058792143338,3.48264436793998,3.1799999475479126,2.8773555271558453,69.11215430642521,70.63084460366957,NICK
2002-06-25,3.1212120056152344,3.1212120056152344,3.1212120056152344,3.1212120056152344,2.8313426971435547,495,3.1393938064575195,3.0884848117828367,3.1575757026672364,2.9812121868133543,2.720787878036499,2.5714848184585573,50.49275531319144,0.012795052272112528,0.033234183520843716,-0.020439131248731188,3.402321936817069,3.1575757026672364,2.912829468517404,66.66666666666676,70.86654027133768,NICK
2002-06-26,3.0303030014038086,3.060606002807617,2.78787899017334,3.060606002807617,2.776365041732788,2970,3.1151514053344727,3.082424211502075,3.1409090518951417,2.990909147262573,2.727090907096863,2.5720908784866334,48.38036580179689,0.006804785928483881,0.02794830400237175,-0.021143518073887868,3.3633876155507276,3.1409090518951417,2.9184304882395558,59.64912280701764,65.1426479267034,NICK
2002-06-27,2.951514959335327,3.1818180084228516,2.951514959335327,3.1818180084228516,2.886319637298584,4785,3.1151514053344727,3.1096969127655028,3.1333333015441895,3.0043636894226076,2.7334545373916628,2.5726969385147096,52.64719556822431,0.011703343674964284,0.024699311936890254,-0.01299596826192597,3.338751060046617,3.1333333015441895,2.9279155430417623,71.51702786377719,65.94427244582073,NICK
2002-06-28,3.0303030014038086,3.21212100982666,3.0303030014038086,3.1212120056152344,2.8313426971435547,15675,3.103030204772949,3.1187878131866453,3.1260605573654177,3.0166061115264893,2.7404242372512817,2.574060573577881,50.40378761982443,0.01057320671476214,0.021874090892464632,-0.011300884177702492,3.3221694565022686,3.1260605573654177,2.9299516582285667,75.79334365325087,68.98649810801544,NICK
2002-07-01,3.1818180084228516,3.2424240112304688,3.1212120056152344,3.151515007019043,2.8588314056396484,9240,3.127272605895996,3.124848413467407,3.117272663116455,3.029454593658447,2.747090907096863,2.5751969385147095,51.51624641837138,0.011984612835536979,0.019896195281079103,-0.007911582445542124,3.291002617525868,3.117272663116455,2.943542708707042,83.94607843137265,77.08548331613378,NICK
2002-07-02,3.151515007019043,3.151515007019043,3.1212120056152344,3.1212120056152344,2.8313426971435547,1815,3.127272605895996,3.133333206176758,3.1203029632568358,3.0416970157623293,2.7534545469284057,2.5757272386550905,50.30118474627399,0.010536505122044737,0.01802425724927223,-0.007487752127227493,3.2920767906843187,3.1203029632568358,2.948529135829353,80.02450980392167,79.92131062951528,NICK
2002-07-03,3.1212120056152344,3.1212120056152344,3.1212120056152344,3.1212120056152344,2.8313426971435547,825,3.1393938064575195,3.127272605895996,3.117272663116455,3.053939437866211,2.760121216773987,2.5788787531852724,50.30118474627399,0.009281873664214402,0.016275780532260663,-0.006993906868046261,3.286721363402323,3.117272663116455,2.947823962830587,77.38562091503279,80.45206971677591,NICK
2002-07-05,3.1212120056152344,3.1212120056152344,3.1212120056152344,3.1212120056152344,2.8313426971435547,0,3.127272605895996,3.1212120056152344,3.1215150594711303,3.0660606384277345,2.767090916633606,2.581606023311615,50.30118474627399,0.00819312396176386,0.014659249218161302,-0.006466125256397443,3.286847252926885,3.1215150594711303,2.9561828660153755,74.37908496732035,77.26307189542514,NICK
2002-07-08,3.157576084136963,3.2363638877868652,3.0969700813293457,3.2363638877868652,2.935800075531006,5610,3.1503029823303224,3.1266665935516356,3.118181753158569,3.0786666965484617,2.7755151653289794,2.585636327266693,55.30449468222971,0.01643265113209047,0.015013929600947136,0.0014187215311433337,3.2709521868026794,3.118181753158569,2.965411319514459,81.77781274586948,77.84750620940775,NICK
2002-07-09,3.151515007019043,3.1818180084228516,3.151515007019043,3.157576084136963,2.8643298149108887,21120,3.1515151977539064,3.1393939018249513,3.113939356803894,3.087878818511963,2.783151535987854,2.589090873003006,51.48533718610779,0.016415787499937107,0.01529430118074513,0.0011214863191919763,3.257082532027063,3.113939356803894,2.9707961815807256,84.44451438062777,80.20047069793941,NICK
2002-07-10,3.151515007019043,3.151515007019043,3.0303030014038086,3.0303030014038086,2.7488760948181152,2970,3.1333333969116213,3.1303030014038087,3.109393906593323,3.0969697189331056,2.789818205833435,2.5921211779117583,45.96351263007434,0.006062662242471983,0.013447973393090501,-0.007385311150618518,3.2570277572078714,3.109393906593323,2.9617600559787745,77.77784771396111,81.33339161348633,NICK
2002-07-11,3.0303030014038086,3.090909004211426,2.7272729873657227,3.090909004211426,2.803853750228882,14355,3.1272727966308596,3.1333333015441895,3.1078787565231325,3.1042424392700196,2.7975757765769957,2.594848448038101,48.780581395584825,0.0027168160425872223,0.011301741922989845,-0.008584925880402623,3.2556183110055166,3.1078787565231325,2.9601392020407484,68.4183356216865,76.880232572092,NICK
2002-07-12,2.8545451164245605,3.0121209621429443,2.78787899017334,3.0121209621429443,2.732382297515869,5940,3.1054545879364013,3.116363596916199,3.113030254840851,3.109939398765564,2.8049091053009034,2.5971817779541015,45.46245751317233,-0.006220620273811761,0.0077972694836295235,-0.014017889757441285,3.238135892173169,3.113030254840851,2.9879246175085328,59.73854666440413,68.64491000001746,NICK
2002-07-15,2.8666670322418213,2.8787879943847656,2.739393949508667,2.8787879943847656,2.6114327907562256,8415,3.0339394092559813,3.092121195793152,3.1054545044898987,3.114181818962097,2.8104848647117615,2.5990605676174163,40.448198858775584,-0.02378824307479066,0.0014801669719454865,-0.025268410046736148,3.2636536831959644,3.1054545044898987,2.947255325783833,51.7646904552538,59.97385758044836,NICK
2002-07-16,2.7939391136169434,2.799999952316284,2.4303030967712402,2.4303030967712402,2.2045986652374268,39600,2.888484811782837,3.0200000047683715,3.0724242091178895,3.111272721290588,2.8115757751464843,2.597909053564072,28.90128477438223,-0.07305753205242249,-0.013427372832928108,-0.05963015921949438,3.4067691639879203,3.0724242091178895,2.7380792542478587,28.235278690547915,46.57950527006883,NICK
2002-07-17,2.733333110809326,2.909090995788574,2.733333110809326,2.848484992980957,2.5839438438415527,5610,2.8521212100982667,2.9927273035049438,3.063030254840851,3.113333320617676,2.8168485045433043,2.60003026843071,44.74169413591086,-0.07746702278395201,-0.02623530282313289,-0.05123171996081912,3.411172827991979,3.063030254840851,2.714887681689723,26.9681101668313,35.65602643754455,NICK
2002-07-18,2.8727269172668457,2.915152072906494,2.8606059551239014,2.915152072906494,2.6444194316864014,6765,2.8169698238372805,2.97212131023407,3.049696958065033,3.117090902328491,2.8229697251319887,2.6024848186969756,46.777474925947885,-0.0747207652971138,-0.03593239531792907,-0.03878836997918473,3.3990443915562083,3.049696958065033,2.700349524573858,37.0647135694188,30.756034142266213,NICK
2002-07-19,2.915152072906494,2.915152072906494,2.7939391136169434,2.7939391136169434,2.534463882446289,2970,2.77333345413208,2.9393940210342406,3.0303030133247377,3.117212104797363,2.827272756099701,2.603575724363327,43.63014408322917,-0.08138703022599802,-0.04502332229954286,-0.036363707926455165,3.391038857851356,3.0303030133247377,2.6695671687981193,51.99007794030765,38.67430055885279,NICK
2002-07-22,2.848484992980957,2.848484992980957,2.733333110809326,2.733333110809326,2.4794859886169434,3960,2.744242477416992,2.8890909433364866,3.007878768444061,3.120242404937744,2.8315757870674134,2.6033029949665067,42.1047299019686,-0.09051706673070603,-0.05412207118577549,-0.03639499554493054,3.3835991809113035,3.007878768444061,2.6321583559768187,47.35720283672145,45.470664782149505,NICK
2002-07-23,2.7272729873657227,2.7272729873657227,2.5757579803466797,2.7212119102478027,2.4684908390045166,10065,2.8024242401123045,2.845454525947571,2.992424213886261,3.1201211833953857,2.83587881565094,2.602515114545822,41.79003583509981,-0.09760562908852544,-0.06281878276632548,-0.03478684632219996,3.3880824800593397,2.992424213886261,2.596765947713182,39.48673882033935,46.27800653245635,NICK
2002-07-24,2.5757579803466797,2.7272729873657227,2.545454978942871,2.7272729873657227,2.4739887714385986,16500,2.7781818389892576,2.8151515245437624,2.9727272629737853,3.1201211833953857,2.8398182153701783,2.602515114545822,42.02338132316339,-0.10156352644677202,-0.07056773150241478,-0.03099579494435724,3.37983579839828,2.9727272629737853,2.5656187275492908,36.842081393001024,41.22867435002081,NICK
2002-07-25,2.4242420196533203,2.7212119102478027,2.4242420196533203,2.7212119102478027,2.4684908390045166,8415,2.7393938064575196,2.7781818151474,2.9557575583457947,3.1199999618530274,2.8442424535751343,2.6026363241672517,41.842744236998506,-0.10399052880298987,-0.07725229096252981,-0.02673823784046006,3.3749149703800443,2.9557575583457947,2.536600146311545,36.499820726008636,37.609546979783204,NICK
2002-07-26,2.7212119102478027,2.7212119102478027,2.7212119102478027,2.7212119102478027,2.4684908390045166,0,2.7248483657836915,2.7490909099578857,2.9327272534370423,3.1180605602264406,2.8481212425231934,2.6027575337886812,41.84274423699851,-0.10470694912420875,-0.08274322259486559,-0.021963726529343156,3.3502832653408556,2.9327272534370423,2.515171241533229,37.53643096970142,36.959444362903895,NICK
2002-07-29,2.7272729873657227,2.78787899017334,2.6666669845581055,2.6666669845581055,2.419011354446411,13530,2.7115151405334474,2.7278788089752197,2.910000002384186,3.1042423820495606,2.8520000314712526,2.6032120788097384,40.04614760899335,-0.10842616767449353,-0.08787981161079118,-0.02054635606370235,3.333484623462438,2.910000002384186,2.4865153813059337,36.366864277300145,36.80103865767027,NICK
2002-07-30,2.545454978942871,2.8121209144592285,2.545454978942871,2.8121209144592285,2.550956964492798,3795,2.7296969413757326,2.7660605907440186,2.8930302977561952,3.0866666221618653,2.857333359718323,2.6037878334522246,46.62734633880174,-0.09850129700041599,-0.09000410868871614,-0.00849718831169985,3.303441682182838,2.8930302977561952,2.4826189133295524,43.5717469422213,39.15834739640783,NICK
2002-07-31,2.8121209144592285,2.8121209144592285,2.8121209144592285,2.8121209144592285,2.550956964492798,165,2.7466665267944337,2.762424182891846,2.8775757431983946,3.0728484392166138,2.862121238708496,2.6042120730876923,46.62734633880174,-0.08960287927000898,-0.0899238628049747,0.0003209835349657214,3.275543102087899,2.8775757431983946,2.4796083843088903,52.49820317019552,44.14560479657252,NICK
2002-08-01,2.612121105194092,2.612121105194092,2.6060609817504883,2.6060609817504883,2.3640339374542236,1980,2.723636341094971,2.731515073776245,2.8518181920051573,3.0528484392166138,2.8640606379508973,2.6039696526527405,39.50285509030401,-0.09804789842357797,-0.09154866992869536,-0.006499228494882617,3.2500600035110963,2.8518181920051573,2.4535763804992183,53.732770711630394,49.9342402746826,NICK
2002-08-02,2.5757579803466797,2.6060609817504883,2.460606098175049,2.5151519775390625,2.281567335128784,9735,2.6824243545532225,2.703636360168457,2.8215151906013487,3.036363596916199,2.865030338764191,2.6035151076316834,36.82921095004977,-0.11079901178955254,-0.09539873830086679,-0.01540027348868575,3.225343960608549,2.8215151906013487,2.417686420594148,40.51172149314439,48.91423179165697,NICK
2002-08-05,2.6060609817504883,2.6060609817504883,2.5757579803466797,2.5757579803466797,2.336544990539551,6435,2.6642425537109373,2.6878788471221924,2.7884848952293395,3.019393916130066,2.86672730922699,2.6035151076316834,39.75658439050721,-0.1146918666324912,-0.09925736396719168,-0.015434502665299527,3.1577721909804954,2.7884848952293395,2.4191975994781836,28.806694686387413,41.01706229705427,NICK
2002-08-06,2.5757579803466797,2.5757579803466797,2.454545021057129,2.5696969032287598,2.3310468196868896,6270,2.6157577514648436,2.672727346420288,2.7590909361839295,3.003515133857727,2.867636399269104,2.603636317253113,39.559147816835754,-0.11691829903870188,-0.10278955098149371,-0.014128748057208165,3.0985685693685445,2.7590909361839295,2.4196133029993145,26.337533701209633,31.885316626914015,NICK
2002-08-07,2.587878942489624,2.587878942489624,2.4969699382781982,2.4969699382781982,2.2650742530822754,5775,2.552727556228638,2.6496970415115357,2.732424283027649,2.9820605945587157,2.8678182196617126,2.603696926832199,37.17362388440603,-0.12313183389388405,-0.10685800756397178,-0.01627382632991227,3.066236967799895,2.732424283027649,2.398611598255403,25.102953208620743,26.7490605320728,NICK
2002-08-08,2.6060609817504883,2.696969985961914,2.5999999046325684,2.696969985961914,2.446500062942505,2310,2.570909357070923,2.6472728490829467,2.7127273321151733,2.968121213912964,2.8699394392967226,2.605212081670761,46.69359375341419,-0.1106423564421899,-0.1076148773396154,-0.00302747910257449,3.003292593950624,2.7127273321151733,2.4221620702797226,36.24345077868375,29.22797922950491,NICK
2002-08-09,2.696969985961914,2.696969985961914,2.696969985961914,2.696969985961914,2.446500062942505,0,2.6072729587554933,2.644848656654358,2.696969783306122,2.955393953323364,2.872060658931732,2.606575721502304,46.69359375341419,-0.0995962717556238,-0.10601115622281708,0.00641488446719328,2.9530114198790423,2.696969783306122,2.4409281467332016,49.804457114857165,37.05028703405409,NICK
2002-08-12,2.696969985961914,2.696969985961914,2.696969985961914,2.696969985961914,2.446500062942505,0,2.63151535987854,2.647878956794739,2.6878788828849793,2.944000015258789,2.873151569366455,2.6083332967758177,46.6935937534142,-0.0898069316535497,-0.10277031130896361,0.012963379655413915,2.9299845817049603,2.6878788828849793,2.4457731840649983,68.30370447696549,51.45053745683566,NICK
2002-08-13,2.6060609817504883,2.6060609817504883,2.6060609817504883,2.6060609817504883,2.3640339374542236,2475,2.638788175582886,2.6272729635238647,2.6966667771339417,2.929575777053833,2.873333389759064,2.60984845161438,42.99495501226768,-0.08836578026675568,-0.09988940510052202,0.011523624833766344,2.912017741214845,2.6966667771339417,2.481315813053038,62.50016903500079,60.20277687560801,NICK
2002-08-14,2.6060609817504883,2.6060609817504883,2.5333330631256104,2.5333330631256104,2.298060178756714,7755,2.6460608005523683,2.599394178390503,2.6809091806411742,2.9190303182601927,2.8713939905166628,2.6114545118808747,40.24825866012667,-0.09203131294214373,-0.09831778666884636,0.006286473726702629,2.8956384442160727,2.6809091806411742,2.4661799170662757,46.4072610909678,59.07037820097822,NICK
2002-08-15,2.4969699382781982,2.5333330631256104,2.4848480224609375,2.4848480224609375,2.254077911376953,5115,2.6036364078521728,2.587272882461548,2.6593939781188967,2.905090918540955,2.870121259689331,2.61221208691597,38.483213697645894,-0.0977221316674255,-0.09819865566856219,0.0004765240011366939,2.8618071444672,2.6593939781188967,2.456980811770593,25.794562937424363,44.90066435446451,NICK
2002-08-16,2.460606098175049,2.89697003364563,2.460606098175049,2.4909090995788574,2.2595765590667725,6270,2.5624242305755613,2.5848485946655275,2.6442424774169924,2.8941818189620974,2.8677576208114623,2.6129393577575684,38.84426804210967,-0.10058360307335468,-0.09867564514952068,-0.0019079579238339972,2.849449129792493,2.6442424774169924,2.4390358250414916,12.909254760945304,28.37035959644601,NICK
2002-08-19,2.5515151023864746,2.612121105194092,2.454545021057129,2.5515151023864746,2.314553737640381,1485,2.533333253860474,2.5824243068695067,2.63515157699585,2.879151520729065,2.86600004196167,2.6139999628067017,42.479657269763564,-0.09684457784749645,-0.09830943168911584,0.0014648538416193874,2.8398744074805116,2.63515157699585,2.430428746511188,12.87056187498961,17.191459857786615,NICK
2002-08-20,2.8787879943847656,2.8787879943847656,2.7272729873657227,2.7272729873657227,2.4739887714385986,1485,2.5575756549835207,2.5981819152832033,2.6354546308517457,2.86884850025177,2.86600004196167,2.6155151176452636,51.48628372470515,-0.07879092819530298,-0.09440573099035326,0.015614802795050287,2.840703417968535,2.6354546308517457,2.4302058437349565,30.593668577033117,18.7911617376562,NICK
2002-08-21,2.5757579803466797,2.7212119102478027,2.5757579803466797,2.7212119102478027,2.4684908390045166,330,2.595151424407959,2.6206061124801634,2.63515157699585,2.8608484983444216,2.8664848899841306,2.6172726917266846,51.18861463642318,-0.06423193330119314,-0.08837097145252124,0.02413903815132809,2.8398744074805116,2.63515157699585,2.430428746511188,47.94521999750322,30.469816816508843,NICK
2002-08-22,2.7272729873657227,2.7515149116516113,2.563636064529419,2.7515149116516113,2.4959793090820312,9240,2.648484802246094,2.6260606050491333,2.63666672706604,2.853454556465149,2.86672730922699,2.619060571193695,52.66218513441151,-0.049675992080703946,-0.08063197557815778,0.030955983497453834,2.844342107266162,2.63666672706604,2.4289913468659186,63.01367254685885,47.184187040465254,NICK
2002-08-23,2.636363983154297,2.636363983154297,2.5757579803466797,2.581818103790283,2.3420422077178955,1980,2.666666603088379,2.6145454168319704,2.6296970367431642,2.8469090986251833,2.8652727603912354,2.619999966621399,44.55106893422462,-0.051242723750674735,-0.07475412521266117,0.023511401461986436,2.8348965832915884,2.6296970367431642,2.42449749019474,52.05476203948458,54.33788486128241,NICK
2002-08-26,2.5757579803466797,2.5757579803466797,2.5757579803466797,2.5757579803466797,2.336544990539551,3795,2.67151517868042,2.602424216270447,2.625151586532593,2.8378181982040407,2.8642424607276915,2.621515121459961,44.28872717412074,-0.05236968606024828,-0.07027723738217859,0.01790755132193031,2.830900798890532,2.625151586532593,2.4194023741746538,41.095923384159754,52.05478599016792,NICK
2002-08-27,2.5757579803466797,2.5757579803466797,2.5757579803466797,2.5757579803466797,2.336544990539551,0,2.6412121772766115,2.599393916130066,2.6133334398269654,2.8275151777267458,2.865151560306549,2.622757546901703,44.288727174120744,-0.05265582819954062,-0.066752955545651,0.014097127346110377,2.801137869404742,2.6133334398269654,2.4255290102491887,27.85398585772045,40.334890427121785,NICK
2002-08-28,2.6424241065979004,2.6424241065979004,2.6424241065979004,2.6424241065979004,2.3970203399658203,330,2.625454616546631,2.610303020477295,2.604848599433899,2.819636378288269,2.866484892368317,2.624606032371521,48.181735055059264,-0.046961851676671884,-0.06279473477185518,0.015832883095183298,2.7699197812541967,2.604848599433899,2.4397774176136013,32.420183599949425,33.79003094727674,NICK
2002-08-29,2.6424241065979004,2.6424241065979004,2.6424241065979004,2.6424241065979004,2.3970203399658203,0,2.603636455535889,2.626060628890991,2.6066667556762697,2.80884850025177,2.867757613658905,2.626606032848358,48.181735055059264,-0.041965581162439314,-0.05862890404997201,0.016663322887532694,2.7725503355526744,2.6066667556762697,2.440783175799865,37.442965190376576,32.57237821601568,NICK
2002-08-30,2.6424241065979004,2.6424241065979004,2.6424241065979004,2.6424241065979004,2.3970203399658203,0,2.6157576560974123,2.6412121295928954,2.6130303621292112,2.798060622215271,2.8702424645423887,2.6286363339424135,48.181735055059264,-0.03757288396567704,-0.05441770003311301,0.016844816067435972,2.7740772709159285,2.6130303621292112,2.451983453342494,42.46574678080372,37.442965190376775,NICK
2002-09-03,2.612121105194092,2.6181819438934326,2.460606098175049,2.460606098175049,2.2320873737335205,8910,2.592727279663086,2.632121229171753,2.60727276802063,2.783636384010315,2.8709091353416443,2.629787849187851,38.91813238695433,-0.04820713174592628,-0.05317558637567567,0.004968454629749389,2.780974502121708,2.60727276802063,2.4335710339195518,28.767153554116792,36.22528850843256,NICK
2002-09-04,2.5757579803466797,2.5757579803466797,2.472727060317993,2.472727060317993,2.2430825233459473,2310,2.572121095657349,2.60666663646698,2.6024242758750917,2.7724848651885985,2.871393985748291,2.631030274629593,39.749783130829464,-0.05502252397550578,-0.05354497389564169,-0.0014775500798640887,2.7852257564343117,2.6024242758750917,2.4196227953158718,15.9817819128633,29.07156074926147,NICK
2002-09-05,2.4848480224609375,2.5757579803466797,2.454545021057129,2.454545021057129,2.2265894412994385,13365,2.5345452785491944,2.5799999475479125,2.600303030014038,2.7591515254974364,2.8701818561553956,2.6325757253170012,38.89431279376163,-0.061185600518344874,-0.055073099220182324,-0.0061125012981625496,2.788844574232119,2.600303030014038,2.4117614857959575,1.826532985928753,15.525156150969813,NICK
2002-09-06,2.5151519775390625,2.5151519775390625,2.5151519775390625,2.5151519775390625,2.281567335128784,495,2.509090852737427,2.556363654136658,2.5912121295928956,2.7482424449920653,2.8695757961273194,2.6341211807727816,43.276564189655495,-0.06048220697336859,-0.05615492077081958,-0.004327286202549012,2.7777558946651797,2.5912121295928956,2.4046683645206115,6.131846274548566,7.980053724447071,NICK
2002-09-09,2.454545021057129,2.460606098175049,2.454545021057129,2.460606098175049,2.2320873737335205,4125,2.4727272510528566,2.5442424535751345,2.5793939352035524,2.7338182067871095,2.8690909481048585,2.6352120912075043,40.46396257770687,-0.06359309748456576,-0.05764255611356882,-0.005950541370996945,2.767581447181984,2.5793939352035524,2.3912064232251207,5.238195860336835,4.3988583736049165,NICK
2002-09-10,2.545454978942871,2.545454978942871,2.4969699382781982,2.4969699382781982,2.2650742530822754,3960,2.4800000190734863,2.536363649368286,2.5693939328193665,2.7213333654403686,2.868969738483429,2.636333305835724,43.11809189323796,-0.06240487804796402,-0.05859502050044786,-0.0038098575475161572,2.752720027484978,2.5693939328193665,2.386067838153755,10.000173259924605,7.123405131603533,NICK
2002-09-11,2.4909090995788574,2.4909090995788574,2.4909090995788574,2.4909090995788574,2.2595765590667725,495,2.483636426925659,2.527878761291504,2.563636338710785,2.708121247291565,2.868787920475006,2.6374242162704467,42.775806763197224,-0.0612462559007394,-0.059125267580506166,-0.002120988320233233,2.749213645351333,2.563636338710785,2.378059032070237,9.319883892845754,8.186084337702596,NICK
2002-09-12,2.5151519775390625,2.5696969032287598,2.5151519775390625,2.5696969032287598,2.3310468196868896,6765,2.5066668033599853,2.52060604095459,2.565454530715942,2.6970909452438354,2.8693939805030824,2.638969670534134,48.499198093427935,-0.053355473518155616,-0.05797130876803606,0.004615835249880441,2.7505204698768626,2.565454530715942,2.380388591555022,29.27379729664793,16.19795148313963,NICK
2002-09-13,2.539393901824951,2.539393901824951,2.4666669368743896,2.4666669368743896,2.2375853061676025,3300,2.496969795227051,2.5030303239822387,2.564545476436615,2.6840000438690184,2.8689697408676147,2.6399393701553344,42.51138465099621,-0.054784111719407225,-0.057333869358310294,0.002549757638903069,2.7513566437247863,2.564545476436615,2.3777343091484435,26.66247897341421,21.752053387636163,NICK
2002-09-16,2.5030300617218018,2.5999999046325684,2.4848480224609375,2.521212100982666,2.287064790725708,4125,2.5090909957885743,2.4909091234207152,2.5660606265068053,2.6720000457763673,2.8690303421020507,2.6412120962142946,46.291898897120646,-0.05092791360953486,-0.05605267820855521,0.005124764599020351,2.7509398373200478,2.5660606265068053,2.381181415693563,34.40881092152257,30.11502906386177,NICK
2002-09-17,2.5999999046325684,2.5999999046325684,2.5999999046325684,2.5999999046325684,2.3585360050201416,1980,2.529696989059448,2.504848504066467,2.56848486661911,2.6592727661132813,2.8689697313308717,2.642878761291504,51.276130622793836,-0.041041233732468374,-0.053050389313337845,0.012009155580869471,2.753808570704672,2.56848486661911,2.383161162533548,39.78514136238167,33.61881041910635,NICK
2002-09-18,2.612121105194092,2.612121105194092,2.612121105194092,2.612121105194092,2.3695313930511475,660,2.553939390182495,2.518787908554077,2.5627272725105286,2.648363666534424,2.8681212425231934,2.644878761768341,52.01394113150898,-0.03186061972436027,-0.04881243539554233,0.016951815671182056,2.7346294730248317,2.5627272725105286,2.3908250719962254,65.59148517850186,46.59514582080224,NICK
2002-09-19,2.5757579803466797,2.5757579803466797,2.5757579803466797,2.5757579803466797,2.336544990539551,825,2.555151605606079,2.530909204483032,2.5554545760154723,2.6392727661132813,2.8681212425231934,2.646696946620941,49.588001895246926,-0.027205509082196322,-0.044491050132873126,0.017285541050676805,2.711497140317728,2.5554545760154723,2.3994120117132165,75.26896457205517,60.21519703764644,NICK
2002-09-20,2.5151519775390625,2.5151519775390625,2.4848480224609375,2.4848480224609375,2.254077911376953,990,2.5587878227233887,2.5278788089752195,2.5421212315559387,2.6271515464782715,2.8656969928741454,2.6479090666770935,44.055798069564155,-0.0305003847456633,-0.04169291705543116,0.011192532309767862,2.6723030106770294,2.5421212315559387,2.411939452434848,55.63530638066317,65.49858537707361,NICK
2002-09-23,2.4848480224609375,2.4848480224609375,2.454545021057129,2.454545021057129,2.2265894412994385,15180,2.545454406738281,2.5272727012634277,2.535757577419281,2.6160000276565554,2.8629697132110596,2.6486666417121887,42.359390736182235,-0.035151590750726935,-0.040384651794490314,0.005233061043763379,2.669936791291155,2.535757577419281,2.401578363547407,27.67830348818893,52.86085814696929,NICK
2002-09-24,2.460606098175049,2.460606098175049,2.454545021057129,2.454545021057129,2.2265894412994385,4125,2.516363430023193,2.5230302095413206,2.5296969294548033,2.6075151681900026,2.8608484935760496,2.649121186733246,42.35939073618223,-0.03839511009086838,-0.039986743453765926,0.0015916333628975474,2.6670149000034096,2.5296969294548033,2.392378958906197,6.172812524738674,29.82880746453046,NICK
2002-09-25,2.460606098175049,2.4666669368743896,2.460606098175049,2.4666669368743896,2.2375853061676025,1320,2.487272596359253,2.520605993270874,2.524242377281189,2.6082424449920656,2.859757583141327,2.6499393713474273,43.371018645422275,-0.039531787399393004,-0.03989575224289134,0.000363964843498335,2.6624720715910994,2.524242377281189,2.3860126829712787,2.5642461087189026,12.13845404054904,NICK
2002-09-26,2.4666669368743896,2.4666669368743896,2.4666669368743896,2.4666669368743896,2.2375853061676025,0,2.4654543876647947,2.510302996635437,2.5154545187950133,2.600606083869934,2.8569697022438048,2.651060585975647,43.371018645422275,-0.03997184184454028,-0.03991097016322113,-6.087168131915094e-05,2.644559687555493,2.5154545187950133,2.3863493500345334,5.128492217437732,4.621850283631974,NICK
2002-09-27,2.5333330631256104,2.5333330631256104,2.5333330631256104,2.5333330631256104,2.298060178756714,330,2.4751513957977296,2.516969609260559,2.509999966621399,2.5929697036743162,2.8550303030014037,2.6517575562000273,49.072030267593824,-0.034542998739136355,-0.038837375878404176,0.0042943771392678215,2.62570998894927,2.509999966621399,2.394289944293528,21.7951588841044,9.829299070087215,NICK
2002-09-30,2.527272939682007,2.527272939682007,2.5030300617218018,2.5030300617218018,2.270571708679199,495,2.484848403930664,2.5151514053344726,2.503030264377594,2.5871515226364137,2.8521818137168884,2.6532121014595034,46.767297582677315,-0.032313312671797156,-0.037532563237082775,0.005219250565285619,2.6015035481392794,2.503030264377594,2.4045569806159084,29.487342429716943,18.803664510419896,NICK
2002-10-01,2.4969699382781982,2.4969699382781982,2.4666669368743896,2.4666669368743896,2.2375853061676025,1650,2.487272787094116,2.5018181085586546,2.503333306312561,2.581818199157715,2.8510303020477297,2.653878771066666,44.09121892692457,-0.03309892684992288,-0.0366458359596508,0.003546909109727915,2.601318594080542,2.503333306312561,2.40534801854458,29.487342429716943,26.9232812478463,NICK
2002-10-02,2.4909090995788574,2.5090909004211426,2.454545021057129,2.454545021057129,2.2265894412994385,4125,2.484848403930664,2.4860605001449585,2.5024242043495177,2.5764848613739013,2.8483030223846435,2.65478786110878,43.20371067859651,-0.03430423122162729,-0.036177515012046094,0.0018732837904188032,2.601855193735721,2.5024242043495177,2.4029932149633146,12.820675763050275,23.931786874161592,NICK
2002-10-03,2.460606098175049,2.460606098175049,2.454545021057129,2.454545021057129,2.2265894412994385,4950,2.482424020767212,2.4739392042160033,2.5024242043495177,2.5710303020477294,2.8455757427215578,2.6555151307582854,43.20371067859651,-0.034857626598642,-0.035913537329365273,0.0010559107307232737,2.601855193735721,2.5024242043495177,2.4029932149633146,2.5642461087189026,14.957421433828912,NICK
2002-10-04,2.454545021057129,2.5090909004211426,2.4242420196533203,2.5090909004211426,2.2760696411132812,3630,2.477575588226318,2.476363492012024,2.502121150493622,2.566787881851196,2.843393921852112,2.6565151298046112,48.602792027044075,-0.030542722325400007,-0.03483937432857222,0.0042966520031722105,2.601431995868065,2.502121150493622,2.4028103051191785,15.053809834412476,10.146243902060757,NICK
2002-10-07,2.4242420196533203,2.4242420196533203,2.3939390182495117,2.4242420196533203,2.1991007328033447,4950,2.461817979812622,2.4733331918716432,2.5003029465675355,2.5608484840393064,2.8394545221328737,2.6571211898326874,41.92620763660674,-0.033582605792795484,-0.03458802062141687,0.0010054148286213899,2.6038295249771495,2.5003029465675355,2.3967763681579215,19.683429345982155,12.433828429704718,NICK
2002-10-08,2.3939390182495117,2.472727060317993,2.3939390182495117,2.472727060317993,2.2430825233459473,3135,2.4630300045013427,2.4751513957977296,2.4990908026695253,2.5569696855545043,2.8306060338020327,2.658121190071106,46.4528464564469,-0.03171382058411121,-0.03401318061395574,0.00229936002984453,2.603310471530644,2.4990908026695253,2.3948711338084068,34.12784173651075,22.955026972302004,NICK
2002-10-09,2.478787899017334,2.478787899017334,2.363636016845703,2.363636016845703,2.1441233158111572,2970,2.4448482036590575,2.4648483037948608,2.4927271485328673,2.5479999876022337,2.8173333048820495,2.658727250099182,39.07312717354188,-0.03859068099009244,-0.034928680689183075,-0.0036620003009093655,2.612543536181087,2.4927271485328673,2.3729107608846474,19.074031902098344,24.295100994863958,NICK
2002-10-10,2.369697093963623,2.369697093963623,2.3333330154418945,2.3333330154418945,2.1166348457336426,12375,2.4206058025360107,2.4515149116516115,2.480908954143524,2.5384242296218873,2.8056363344192503,2.6591817951202392,37.3004766396685,-0.04595608818949737,-0.03713416218924594,-0.008821926000251432,2.6139266867198474,2.480908954143524,2.3478912215672008,14.444412390528667,22.548762009712792,NICK
2002-10-11,2.363636016845703,2.4424240589141846,2.363636016845703,2.4424240589141846,2.2155942916870117,1815,2.4072724342346192,2.442424011230469,2.479696810245514,2.535151491165161,2.7939999651908876,2.6601817953586577,46.6789432427046,-0.04250057083865455,-0.03820744391912766,-0.004293126919526893,2.613650124610668,2.479696810245514,2.34574349588036,18.181836243827515,17.233426845485045,NICK
2002-10-14,2.3333330154418945,2.4242420196533203,2.303030014038086,2.363636016845703,2.1441233158111572,6435,2.395151233673096,2.4284846067428587,2.471818006038666,2.532121171951294,2.7842423844337465,2.660727250576019,41.81432681776065,-0.04559400566224747,-0.03968475626775162,-0.005909249394495851,2.613396626904978,2.471818006038666,2.3302393851723537,26.953756987349596,19.86000187390213,NICK
2002-10-15,2.363636016845703,2.472727060317993,2.351515054702759,2.472727060317993,2.2430825233459473,825,2.395151233673096,2.4290906190872192,2.465454363822937,2.53006055355072,2.774727234840393,2.6616363406181334,49.64007910196227,-0.03879562770388567,-0.039506930554978434,0.0007113028510927627,2.594282029981737,2.465454363822937,2.336626697664137,51.51516957716084,32.21692093611285,NICK
2002-10-16,2.3575758934020996,2.3575758934020996,2.3333330154418945,2.3333330154418945,2.1166348457336426,9405,2.389090633392334,2.416969418525696,2.451514959335327,2.525333275794983,2.764424204826355,2.6617878556251524,41.88767961055161,-0.04414690065877336,-0.04043492457573742,-0.003711976083035938,2.5740234207278347,2.451514959335327,2.3290064979428196,37.71929370509444,38.729406756535155,NICK
2002-10-17,2.3393940925598145,2.5757579803466797,2.3393940925598145,2.3939390182495117,2.171611785888672,14520,2.4012118339538575,2.410908818244934,2.442424011230469,2.523272657394409,2.7526666259765626,2.6622424006462095,45.84752385445312,-0.043001727956054836,-0.0409482852518009,-0.0020534427042539355,2.5531194217376516,2.442424011230469,2.3317286007232862,40.058445219384204,43.09763616721336,NICK
2002-10-18,2.3939390182495117,2.3939390182495117,2.3939390182495117,2.3939390182495117,2.171611785888672,0,2.3915148258209227,2.399393630027771,2.4378785610198976,2.517212038040161,2.7426666259765624,2.6629999756813048,45.847523854453115,-0.04161446469374219,-0.04108152114018916,-0.0005329435535530308,2.548698365206616,2.4378785610198976,2.3270587568331793,26.608104887384798,34.79528127062135,NICK
2002-10-21,2.3939390182495117,2.3939390182495117,2.3939390182495117,2.3939390182495117,2.171611785888672,0,2.3975754261016844,2.3963633298873903,2.434848260879517,2.511151418685913,2.733272686004639,2.663454520702362,45.847523854453115,-0.040053338608526,-0.04087588463385653,0.0008225460253305297,2.5469860360935765,2.434848260879517,2.322710485665457,33.3332167734356,33.333255626735074,NICK
2002-10-22,2.545454978942871,2.545454978942871,2.545454978942871,2.545454978942871,2.309056043624878,165,2.4121210098266603,2.403636121749878,2.4393937587738037,2.508121118545532,2.7260605669021607,2.664666645526886,55.348040106055116,-0.026287042519401727,-0.03795811621096557,0.011671073691563845,2.5613011464473345,2.4393937587738037,2.317486371100273,51.85178709635314,37.264369585724715,NICK
2002-10-23,2.539393901824951,2.539393901824951,2.539393901824951,2.539393901824951,2.303557872772217,3300,2.4533331871032713,2.421211910247803,2.4430301070213316,2.5067877769470215,2.718181777000427,2.6658484649658205,54.93285936446838,-0.01568542019665209,-0.03350357700810287,0.017818156811450783,2.572102797891196,2.4430301070213316,2.3139574161514673,69.62956098880099,51.604854952863455,NICK
2002-10-24,2.539393901824951,2.539393901824951,2.539393901824951,2.539393901824951,2.303557872772217,825,2.4824241638183593,2.4418179988861084,2.44666645526886,2.5069089937210083,2.7129696559906007,2.6673333144187925,54.93285936446839,-0.007200554613909116,-0.02824297252926412,0.021042417915355004,2.582137203619801,2.44666645526886,2.311195706917919,87.40733488124884,69.6295609888012,NICK
2002-10-25,2.6181819438934326,2.6181819438934326,2.5333330631256104,2.539393901824951,2.303557872772217,17160,2.5115151405334473,2.451514983177185,2.4469694972038267,2.5079999113082887,2.7065454149246215,2.668969678878784,54.93285936446838,-0.0004708103013455478,-0.022688540083680406,0.02221772978233486,2.5832391270066384,2.4469694972038267,2.310699867401015,82.77768599619033,79.93819395541361,NICK
2002-10-28,2.5999999046325684,2.5999999046325684,2.5939390659332275,2.5939390659332275,2.3530375957489014,1485,2.5515151500701903,2.4745452880859373,2.451514947414398,2.510060510635376,2.7021211647987364,2.670727254152298,58.43715482329046,0.00915832793851834,-0.016319166479240657,0.025477494417758997,2.600438488145253,2.451514947414398,2.302591406683543,84.65802599990907,84.94768229244964,NICK
2002-10-29,2.5151519775390625,2.5151519775390625,2.5151519775390625,2.5151519775390625,2.281567335128784,1650,2.5454545497894285,2.4787877798080444,2.453939199447632,2.509333248138428,2.694242384433746,2.671818164587021,52.13157485022908,0.010313146255247041,-0.010992703932343117,0.02130585018759016,2.6053285344611203,2.453939199447632,2.3025498644341433,78.20512723523149,81.88027974377718,NICK
2002-10-30,2.521212100982666,2.521212100982666,2.5151519775390625,2.5151519775390625,2.281567335128784,1650,2.540606164932251,2.4969696760177613,2.4569695472717283,2.5050908279418946,2.686969664096832,2.6725757443904876,52.13157485022908,0.011100389708464498,-0.006574085204181594,0.017674474912646093,2.6106943863851866,2.4569695472717283,2.30324470815827,75.64108092514272,79.50141138676132,NICK
2002-10-31,2.5151519775390625,2.5151519775390625,2.5151519775390625,2.5151519775390625,2.281567335128784,0,2.5357577800750732,2.5090909719467165,2.4599998950958253,2.5009696292877197,2.6809090638160704,2.6733333241939543,52.13157485022908,0.011590675722142674,-0.00294113301891674,0.014531808741059414,2.6157896813515493,2.4599998950958253,2.3042101088401012,67.30784215674636,73.71801677237374,NICK
2002-11-01,2.5151519775390625,2.5151519775390625,2.5151519775390625,2.5151519775390625,2.281567335128784,0,2.5309093952178956,2.521212267875671,2.460302948951721,2.4962423706054686,2.6748484635353087,2.6736666595935823,52.13157485022908,0.011842715468219467,1.5636678510501552e-05,0.011827078789708966,2.6164965954737323,2.460302948951721,2.30410930242971,66.14854869031954,69.6991572574031,NICK
2002-11-04,2.5939390659332275,2.5939390659332275,2.545454978942871,2.545454978942871,2.309056043624878,12045,2.521212577819824,2.5363638639450072,2.4663635969161986,2.4955151081085205,2.6712121033668517,2.6737272691726686,54.662409318627425,0.014322556230626393,0.00287702058893368,0.011445535641692713,2.6258616373956967,2.4663635969161986,2.3068655564367004,68.53534561041657,67.33057881916106,NICK
2002-11-05,2.545454978942871,2.545454978942871,2.545454978942871,2.545454978942871,2.309056043624878,0,2.527273178100586,2.5363638639450072,2.4699999928474425,2.4949090480804443,2.6663636231422423,2.6734242391586305,54.66240931862741,0.016102231400823896,0.005522062751311724,0.010580168649512172,2.6331861504227936,2.4699999928474425,2.3068138352720915,70.73711532732386,68.47366987602022,NICK
2002-11-06,2.5151519775390625,2.630302906036377,2.5151519775390625,2.630302906036377,2.3860244750976562,330,2.5503033638000487,2.54545476436615,2.483333337306976,2.4959999465942384,2.661757562160492,2.6737575733661654,61.30574304607721,0.02408155819518054,0.009233961840085488,0.014847596355095053,2.6530252800841616,2.483333337306976,2.3136413945297907,82.79379474150191,74.02208522641435,NICK
2002-11-07,2.539393901824951,2.539393901824951,2.5151519775390625,2.5151519775390625,2.281567335128784,7425,2.5503033638000487,2.543030571937561,2.492424285411835,2.4934545040130613,2.6565454411506653,2.6738484835624696,50.49230655864283,0.020872904741455756,0.011561750420359541,0.009311154321096214,2.6478824468412907,2.492424285411835,2.336966123982379,75.06516753700073,76.19869253527573,NICK
2002-11-08,2.5151519775390625,2.5151519775390625,2.5151519775390625,2.5151519775390625,2.281567335128784,0,2.5503033638000487,2.540606379508972,2.496060681343079,2.4909090614318847,2.6498787808418274,2.6736969685554506,50.49230655864283,0.018121134602595124,0.012873627256806658,0.005247507345788466,2.6500660433324352,2.496060681343079,2.3420553193537224,50.42745043451134,69.42880423767156,NICK
2002-11-11,2.460606098175049,2.4666669368743896,2.460606098175049,2.4666669368743896,2.2375853061676025,2145,2.5345457553863526,2.527879166603088,2.5012122273445128,2.4873939180374145,2.642727270126343,2.6730909085273744,46.488120509570166,0.01189092814901116,0.012677087435247559,-0.000786159286236399,2.6436096918794942,2.5012122273445128,2.3588147628095313,18.284640123919758,47.9257526984775,NICK
2002-11-12,2.6181819438934326,2.6181819438934326,2.6181819438934326,2.6181819438934326,2.3750293254852295,165,2.5490911483764647,2.5381821632385253,2.508484971523285,2.490545434951782,2.6370909094810484,2.6733030283451082,57.761007597364134,0.018960870340468894,0.013933844016291826,0.0050270263241770675,2.6589494811068515,2.508484971523285,2.3580204619397187,32.14295080738831,33.618347121940026,NICK
2002-11-13,2.460606098175049,2.460606098175049,2.4060609340667725,2.4060609340667725,2.1826086044311523,495,2.504242753982544,2.5272730588912964,2.5121213674545286,2.489212112426758,2.630848488807678,2.6726363635063173,43.837626673274656,0.007362586426344908,0.012619592498302443,-0.005257006071957535,2.6483167061732518,2.5121213674545286,2.3759260287358055,32.14295080738831,27.523513912899016,NICK
2002-11-14,2.412121057510376,2.630302906036377,2.412121057510376,2.630302906036377,2.3860244750976562,1815,2.527272939682007,2.538788151741028,2.5239395618438722,2.492727270126343,2.6259393978118895,2.6733636379241945,55.931296760186996,0.016079956207140977,0.01331166524007015,0.0027682909670708276,2.658068056556199,2.5239395618438722,2.3898110671315456,64.2857611179799,42.85722091091907,NICK
2002-11-15,2.630302906036377,2.630302906036377,2.630302906036377,2.630302906036377,2.3860244750976562,0,2.5503031253814696,2.550303244590759,2.5357577562332154,2.495030288696289,2.6216363668441773,2.67436363697052,55.931296760186996,0.02272655696181447,0.015194643584419014,0.007531913377395456,2.6634855063500034,2.5357577562332154,2.4080300061164275,66.66666666666673,54.365126197345205,NICK
2002-11-18,2.630302906036377,2.630302906036377,2.630302906036377,2.630302906036377,2.3860244750976562,0,2.5830303192138673,2.55878803730011,2.5475759506225586,2.498424224853516,2.6161212158203124,2.6747878766059876,55.93129676018699,0.027675015593403796,0.01769071798621597,0.009984297607187824,2.6638555509701822,2.5475759506225586,2.431296350274935,100.00000000000006,76.98414259488246,NICK
2002-11-19,2.4848480224609375,2.4848480224609375,2.4848480224609375,2.4848480224609375,2.254077911376953,990,2.5563635349273683,2.5527273416519165,2.544545602798462,2.4981817865371703,2.6097575759887697,2.6750909066200257,47.62327905865879,0.019633389727880424,0.01807925233454886,0.0015541373933315623,2.6640038478691785,2.544545602798462,2.4250873577277456,78.37828450849288,81.68165039172011,NICK
2002-11-20,2.6060609817504883,2.6060609817504883,2.6060609817504883,2.6060609817504883,2.3640339374542236,165,2.5963635444641113,2.5503031492233275,2.547878956794739,2.500484824180603,2.604303035736084,2.6756969714164733,53.78410980655419,0.02277863812724501,0.01901912949308809,0.0037595086341569196,2.6702609313042993,2.547878956794739,2.4254969822851784,74.77474795480754,84.38434415443372,NICK
2002-11-21,2.6060609817504883,2.6060609817504883,2.6060609817504883,2.6060609817504883,2.3640339374542236,0,2.5915151596069337,2.55939404964447,2.5512123107910156,2.5012121057510375,2.5991515254974367,2.676303036212921,53.78410980655419,0.024983278461479408,0.020211959286766355,0.004771319174713053,2.6760943874210334,2.5512123107910156,2.426330234160998,71.17121140112219,74.77474795480776,NICK
2002-11-22,2.4848480224609375,2.5515151023864746,2.4848480224609375,2.5515151023864746,2.314553737640381,4785,2.575757598876953,2.5630303621292114,2.551818370819092,2.502909069061279,2.593454556465149,2.676787886619568,50.673374499182145,0.02207461280870504,0.020584489991154094,0.001490122817550947,2.676582737554339,2.551818370819092,2.4270540040838444,81.08120272878996,75.67572069490679,NICK
2002-11-25,2.4848480224609375,2.4848480224609375,2.4424240589141846,2.454545021057129,2.2265894412994385,4620,2.5406060218811035,2.561818170547485,2.5448486685752867,2.5015757274627686,2.5867878866195677,2.676939401626587,45.62164057760911,0.011808676105088178,0.01882932721394091,-0.007020651108852732,2.674884934796603,2.5448486685752867,2.4148124023539705,58.55851449718376,70.27030954236552,NICK
2002-11-26,2.4909090995788574,2.5030300617218018,2.4909090995788574,2.5030300617218018,2.270571708679199,2640,2.544242429733276,2.5503029823303223,2.544242572784424,2.4996363306045533,2.579454548358917,2.6774848568439484,48.39197724150712,0.007498744027298443,0.016563210576612416,-0.009064466549313973,2.674938179476008,2.544242572784424,2.41354696609284,43.24307657630364,60.96093126742601,NICK
2002-11-27,2.4424240589141846,2.454545021057129,2.436363935470581,2.436363935470581,2.210096836090088,11220,2.510303020477295,2.553333282470703,2.5403031706809998,2.496121187210083,2.5722424268722532,2.6776969814300537,44.997470399734915,-0.001281534697874065,0.012994261521715119,-0.014275796219589184,2.6787862872842325,2.5403031706809998,2.401820054077767,26.125976700594077,42.642522591360716,NICK
2002-11-29,2.4424240589141846,2.478787899017334,2.4424240589141846,2.478787899017334,2.2485806941986084,660,2.484848403930664,2.538181781768799,2.5384849667549134,2.4941817855834962,2.566727275848389,2.678272740840912,47.520285870819926,-0.004761818262893236,0.009443045564793449,-0.014204863827686685,2.679178461090483,2.5384849667549134,2.397791472419344,29.729655016963733,33.03290276462071,NICK
2002-12-02,2.5090909004211426,2.5090909004211426,2.5090909004211426,2.5090909004211426,2.2760696411132812,165,2.4763635635375976,2.5260605812072754,2.5381819128990175,2.4946666431427,2.560909094810486,2.679242435693741,49.30880838321302,-0.005016936975207109,0.006551049056793337,-0.011567986032000446,2.6791010689132686,2.5381819128990175,2.3972627568847664,30.630592316391684,28.82874134465006,NICK
2002-12-03,2.5151519775390625,2.636363983154297,2.436363935470581,2.436363935470581,2.210096836090088,5115,2.472727346420288,2.5066666841506957,2.532727360725403,2.4943030214309694,2.555151524543762,2.6800303149223326,45.31709361662305,-0.01096122448689174,0.0030485943480563216,-0.014009818834948062,2.6803823659968278,2.532727360725403,2.385072355453978,30.512043394368344,30.290763575908148,NICK
2002-12-04,2.472727060317993,2.5999999046325684,2.436363935470581,2.436363935470581,2.210096836090088,5115,2.459394121170044,2.5018182754516602,2.527272808551788,2.4939393997192383,2.5507272839546205,2.6806060743331908,45.31709361662305,-0.015493515563147042,-0.0006598276341843513,-0.014833687928962691,2.680595264559766,2.527272808551788,2.3739503525438104,23.304919520378395,28.14918507704637,NICK
2002-12-05,2.4303030967712402,2.472727060317993,2.363636016845703,2.375757932662964,2.1551196575164795,20295,2.4472729206085204,2.478787970542908,2.5145455598831177,2.4921212196350098,2.5501818323135375,2.680878803730011,42.02879340898538,-0.02370255847577063,-0.005268373802501607,-0.018434184673269023,2.673693778243242,2.5145455598831177,2.3553973415229934,9.471187083147509,21.096049999298312,NICK
2002-12-06,2.369697093963623,2.454545021057129,2.369697093963623,2.4242420196533203,2.1991007328033447,3795,2.4363637447357176,2.460606074333191,2.5100000619888307,2.4912727212905885,2.5459394025802613,2.681393953561783,45.439586152764576,-0.025996353721749355,-0.009413969786351156,-0.0165823839353982,2.673940238668931,2.5100000619888307,2.3460598853087307,12.492608216594363,15.089571606706983,NICK
2002-12-09,2.412121057510376,2.412121057510376,2.412121057510376,2.412121057510376,2.188106060028076,165,2.4169697761535645,2.4466666698455812,2.5048485159873963,2.488848481178284,2.5409090924263,2.681939408779144,44.73102972364353,-0.02846414636493888,-0.013224005102068701,-0.01524014126287018,2.674203112269454,2.5048485159873963,2.3354939197053386,14.814879570313638,12.259558290018731,NICK
2002-12-10,2.412121057510376,2.412121057510376,2.412121057510376,2.412121057510376,2.188106060028076,0,2.4121212005615233,2.442424273490906,2.5021212220191957,2.4870303010940553,2.5370909118652345,2.6821818339824675,44.73102972364353,-0.030073224403164733,-0.016593848962287907,-0.013479375440876826,2.6755551762113012,2.5021212220191957,2.3286872678270902,19.259250193489475,15.522245993466052,NICK
2002-12-11,2.4060609340667725,2.4848480224609375,2.369697093963623,2.4242420196533203,2.1991007328033447,18150,2.4096968173980713,2.434545469284058,2.49242422580719,2.4861818027496336,2.5340000009536743,2.6827878940105436,45.712793350517146,-0.030024268912843155,-0.019279932952398958,-0.010744335960444197,2.660418943951548,2.49242422580719,2.324429507662832,19.259250193489475,17.777793319097757,NICK
2002-12-12,2.4242420196533203,2.4242420196533203,2.4242420196533203,2.4242420196533203,2.1991007328033447,0,2.4193936347961427,2.4333332777023315,2.4933332800865173,2.4855757427215575,2.5310303020477294,2.6834545588493346,45.712793350517146,-0.02964375656102014,-0.021352697674123195,-0.008291058886896945,2.659637094897927,2.4933332800865173,2.327029465275108,20.740697354556602,19.753065913845415,NICK
2002-12-13,2.478787899017334,2.478787899017334,2.478787899017334,2.478787899017334,2.2485806941986084,165,2.4303028106689455,2.4333332777023315,2.485757529735565,2.4860606002807617,2.528545451164246,2.684181833267212,50.31867674610009,-0.024656575520598967,-0.02201347324341835,-0.0026431022771806166,2.639762623102078,2.485757529735565,2.3317524363690523,28.888846150259738,22.962931232768835,NICK
2002-12-16,2.4848480224609375,2.4848480224609375,2.4848480224609375,2.4848480224609375,2.254077911376953,1815,2.4448482036590575,2.430908989906311,2.4784847855567933,2.4855757427215575,2.526181812286377,2.6852121329307557,50.81793631536947,-0.01998482468122864,-0.021607743530980408,0.0016229188497517665,2.6175081283089234,2.4784847855567933,2.339461442804663,36.29622765546764,28.641923720094884,NICK
2002-12-17,2.418181896209717,2.418181896209717,2.375757932662964,2.4000000953674316,2.1771106719970703,1320,2.442424011230469,2.427272605895996,2.466969645023346,2.48509090423584,2.5229696941375734,2.685545468330383,44.131076566722626,-0.022865369350933307,-0.021859268694970988,-0.0010061006559623185,2.5911441873482013,2.466969645023346,2.342795102698491,33.33333333333338,32.839469046353805,NICK
2002-12-18,2.412121057510376,2.412121057510376,2.4000000953674316,2.4000000953674316,2.1771106719970703,1650,2.437575626373291,2.423636221885681,2.4627272486686707,2.4836363649368285,2.5203030252456666,2.6861515283584594,44.13107656672262,-0.02486163233317029,-0.022459741422610847,-0.002401890910559444,2.5899293795255565,2.4627272486686707,2.335525117811785,23.703737376563115,31.1110994551216,NICK
2002-12-19,2.460606098175049,2.545454978942871,2.460606098175049,2.545454978942871,2.309056043624878,3135,2.461818218231201,2.4406059265136717,2.45969694852829,2.487272744178772,2.5176363658905028,2.687484862804413,55.71632352971755,-0.014539094015991072,-0.02087561194128689,0.006336517925295819,2.575470498539505,2.45969694852829,2.3439233985170747,31.11123544166881,29.382768717188657,NICK
2002-12-20,2.545454978942871,2.545454978942871,2.545454978942871,2.545454978942871,2.309056043624878,0,2.4751516342163087,2.452727222442627,2.456666648387909,2.4915151834487914,2.5149697065353394,2.6885454726219176,55.71632352971755,-0.006285947539386161,-0.017957679060906746,0.011671731521520585,2.5593953489459325,2.456666648387909,2.3539379478298854,48.88900933411666,34.567994050783085,NICK
2002-12-23,2.5151519775390625,2.5151519775390625,2.5151519775390625,2.5151519775390625,2.281567335128784,1650,2.4812124252319334,2.4630303144454957,2.4548484921455382,2.4929697418212893,2.514060616493225,2.689060627222061,53.05797237665961,-0.0021655058530121174,-0.01479924441932782,0.012633738566315703,2.551930025146697,2.4548484921455382,2.3577669591443793,65.81213490441827,48.60412656006813,NICK
2002-12-24,2.4242420196533203,2.4242420196533203,2.4242420196533203,2.4242420196533203,2.1991007328033447,1650,2.4860608100891115,2.46424241065979,2.453333342075348,2.4941818618774416,2.513151516914368,2.6890909278392794,45.97151460941457,-0.006164637857672961,-0.01307232310699685,0.006907685249323888,2.5513281079746415,2.453333342075348,2.355338576176054,54.700926660160896,56.46735696623216,NICK
2002-12-26,2.4242420196533203,2.4242420196533203,2.4242420196533203,2.4242420196533203,2.1991007328033447,0,2.490909194946289,2.46424241065979,2.449393939971924,2.493212161064148,2.511636357307434,2.6891818332672117,45.97151460941457,-0.009227608654969188,-0.012303380216591317,0.0030757715616221287,2.54539501708697,2.449393939971924,2.353392862856878,42.82337467050061,54.44547874502681,NICK
2002-12-27,2.4000000953674316,2.412121057510376,2.369697093963623,2.369697093963623,2.1496214866638184,8745,2.4557576179504395,2.4587879180908203,2.446060597896576,2.4939394426345824,2.509636359214783,2.6886363792419434,42.06234676339737,-0.01587337633003516,-0.013017379439280085,-0.002855996890755075,2.5480808085362434,2.446060597896576,2.3440403872569084,21.455761917125358,39.66002108259584,NICK
2002-12-30,2.6060609817504883,2.6060609817504883,2.545454978942871,2.545454978942871,2.309056043624878,2145,2.4557576179504395,2.465454626083374,2.4493939518928527,2.4969697618484497,2.5101212096214294,2.688969714641571,55.26328368131019,-0.006878709167368324,-0.011789645384897733,0.004910936217529409,2.5595089451158164,2.4493939518928527,2.339278958669889,35.13105111479998,33.1367292341422,NICK
2002-12-31,2.436363935470581,2.436363935470581,2.436363935470581,2.436363935470581,2.210096836090088,2145,2.4400000095367433,2.4606062173843384,2.445757603645325,2.497818260192871,2.507515149116516,2.688727294206619,47.9590685381804,-0.008455634839224402,-0.011122843275763067,0.0026672084365386654,2.5524985552574164,2.445757603645325,2.339016652033233,34.18806608687003,30.25829303959868,NICK
2003-01-02,2.460606098175049,2.460606098175049,2.375757932662964,2.418181896209717,2.193603515625,9735,2.4387879848480223,2.462424397468567,2.4448485016822814,2.498303117752075,2.504727268218994,2.688393963575363,46.847686939901365,-0.011045176490813269,-0.011107309918773107,6.213342795983838e-05,2.5522019395094033,2.4448485016822814,2.3374950638551595,41.02565913038571,36.781592110685466,NICK
2003-01-03,2.4242420196533203,2.4484848976135254,2.363636016845703,2.4484848976135254,2.2210919857025146,2640,2.4436365604400634,2.4672728776931763,2.445454549789429,2.4963637161254884,2.5022424173355104,2.6876969933509827,48.970170417235956,-0.010530815262656645,-0.010992010987549814,0.0004611957248931691,2.5527463879616556,2.445454549789429,2.338162711617202,27.90600343758781,34.37324288494808,NICK
2003-01-06,2.387878894805908,2.387878894805908,2.363636016845703,2.363636016845703,2.1441233158111572,5115,2.4424243450164793,2.4490909814834594,2.4448484539985658,2.4928485584259032,2.4998181676864624,2.686575778722763,43.707315068249734,-0.016776388090876893,-0.01214888640821523,-0.0046275016826616625,2.5538319385674835,2.4448484539985658,2.335864969429648,18.504279379656555,29.145313982543584,NICK
2003-01-07,2.3818180561065674,2.3818180561065674,2.3333330154418945,2.3818180561065674,2.160616159439087,4290,2.4096969604492187,2.4327272891998293,2.442727255821228,2.4896970415115356,2.498303017616272,2.6848485040664674,45.069648311583975,-0.020028040159517424,-0.01372471715847567,-0.006303323001041755,2.5548389999266607,2.442727255821228,2.330615511715795,17.592620680281637,21.334301165842223,NICK
2003-01-08,2.32121205329895,2.418181896209717,2.32121205329895,2.412121057510376,2.188106060028076,9405,2.4048483848571776,2.4224241971969604,2.442727255821228,2.487151584625244,2.497575747966766,2.683848503828049,47.35632784661826,-0.01993005759237043,-0.014965785245254621,-0.0049642723471158105,2.5548389999266607,2.442727255821228,2.330615511715795,16.56420550371237,17.55370185455041,NICK
2003-01-09,2.3939390182495117,2.4242420196533203,2.387878894805908,2.4000000953674316,2.1771106719970703,3135,2.4012120246887205,2.4200000047683714,2.442121207714081,2.4832728052139283,2.496666657924652,2.6822121393680574,46.52209304509912,-0.020593081819343606,-0.016091244560072417,-0.0045018372592711894,2.555016505057263,2.442121207714081,2.3292259103708988,25.784068408677424,19.98029819755737,NICK
2003-01-10,2.4484848976135254,2.4484848976135254,2.4484848976135254,2.4484848976135254,2.2210919857025146,660,2.4012120246887205,2.422424292564392,2.443333351612091,2.4819394636154173,2.495636355876923,2.680818198919296,50.29409159468232,-0.01701013273743346,-0.016275022195544626,-0.000735110541888833,2.5559550068457746,2.443333351612091,2.3307116963784074,34.751741587939875,25.70000516677678,NICK
2003-01-13,2.4242420196533203,2.4242420196533203,2.412121057510376,2.412121057510376,2.188106060028076,1485,2.4109090328216554,2.4266666889190676,2.442727303504944,2.4798788452148437,2.492484836578369,2.6792424392700194,47.583274384617454,-0.016909950385334493,-0.0164020078335026,-0.0005079425518318935,2.5558825672789434,2.442727303504944,2.3295720397309445,34.751741587939875,31.762517194852617,NICK
2003-01-14,2.412121057510376,2.4242420196533203,2.412121057510376,2.4242420196533203,2.1991007328033447,2475,2.4193938255310057,2.4145453929901124,2.4400000095367433,2.478060646057129,2.4895151376724245,2.6780000138282776,48.57818194673778,-0.0156718395922546,-0.016255974185253,0.0005841345929984004,2.552172327977078,2.4400000095367433,2.3278276910964086,37.58855809715288,35.697347091011096,NICK
2003-01-15,2.4242420196533203,2.4242420196533203,2.4242420196533203,2.4242420196533203,2.1991007328033447,330,2.4218180179595947,2.413333201408386,2.4369697093963625,2.476242446899414,2.4862424087524415,2.6764848589897157,48.57818194673778,-0.014523213306026683,-0.015909422009407738,0.0013862087033810547,2.5473929503599395,2.4369697093963625,2.3265464684327855,34.751629987927714,35.697309891007045,NICK
2003-01-16,2.4242420196533203,2.4242420196533203,2.4242420196533203,2.4242420196533203,2.1991007328033447,0,2.4266664028167724,2.4139392137527467,2.4381818056106566,2.473818187713623,2.4846666479110717,2.6749697041511538,48.57818194673777,-0.013457785722161386,-0.015419094751958467,0.001961309029797081,2.547481685669724,2.4381818056106566,2.328881925551589,36.17003824253422,36.17007544253849,NICK
2003-01-17,2.4242420196533203,2.4242420196533203,2.4242420196533203,2.4242420196533203,2.1991007328033447,0,2.4218178272247313,2.411514925956726,2.439393901824951,2.471393928527832,2.4831514883041383,2.6736969745159147,48.57818194673777,-0.012469683931700892,-0.014829212587906952,0.0023595286562060596,2.5475044100981075,2.439393901824951,2.3312833935517947,36.17003824253422,35.697235490998935,NICK
2003-01-21,2.363636016845703,2.363636016845703,2.363636016845703,2.363636016845703,2.1441233158111572,2805,2.412120819091797,2.411514925956726,2.430302953720093,2.4660605907440187,2.4810302686691283,2.6730909144878385,43.07902640264137,-0.016388092337711768,-0.015140988537867914,-0.0012471037998438537,2.53157171326971,2.430302953720093,2.3290341941704757,34.25821199968109,35.532762828250064,NICK
2003-01-22,2.363636016845703,2.3939390182495117,2.3333330154418945,2.3818180561065674,2.160616159439087,10065,2.403636026382446,2.411514925956726,2.4221211075782776,2.4633939123153685,2.478424208164215,2.672454550266266,45.08737271268771,-0.017820892460213233,-0.01567696932233698,-0.0021439231378762545,2.510471266108436,2.4221211075782776,2.333770949048119,36.69426142038912,35.70750388753503,NICK
2003-01-23,2.412121057510376,2.4242420196533203,2.412121057510376,2.4242420196533203,2.1991007328033447,3795,2.403636026382446,2.4127270221710204,2.4175756096839907,2.4615757131576537,2.476242387294769,2.672000000476837,49.55935663295951,-0.015356121760891295,-0.015612799810047841,0.00025667804915654666,2.494990436483167,2.4175756096839907,2.3401607828848143,51.62159599841694,40.85802313949594,NICK
2003-01-24,2.454545021057129,2.454545021057129,2.4242420196533203,2.4242420196533203,2.1991007328033447,5445,2.403636026382446,2.4151512145996095,2.4175756096839907,2.4607272148132324,2.4740605664253237,2.672151515483856,49.55935663295952,-0.013250035067565946,-0.015140246861551462,0.0018902117939855155,2.494990436483167,2.4175756096839907,2.3401607828848143,67.23430503812045,51.85005415230906,NICK
2003-01-27,2.472727060317993,2.472727060317993,2.4242420196533203,2.4242420196533203,2.1991007328033447,2145,2.403636026382446,2.4127269268035887,2.4175756096839907,2.4568484163284303,2.4736969256401062,2.672303030490875,49.559356632959506,-0.011448969594817449,-0.014401991408204659,0.00295302181338721,2.494990436483167,2.4175756096839907,2.3401607828848143,75.4081904177636,64.75469715143389,NICK
2003-01-28,2.363636016845703,2.454545021057129,2.363636016845703,2.454545021057129,2.2265894412994385,1155,2.4218178272247313,2.416969323158264,2.4218180060386656,2.457818098068237,2.4735151052474977,2.672454545497894,52.975826807469126,-0.00749007237917132,-0.013019607602397992,0.005529535223226672,2.497553999614845,2.4218180060386656,2.346082012462486,77.75745730675364,73.46665092087945,NICK
2003-01-29,2.472727060317993,2.472727060317993,2.454545021057129,2.454545021057129,2.2265894412994385,4290,2.4363632202148438,2.419999623298645,2.4172725081443787,2.4543029403686525,2.4735151052474977,2.6718484807014464,52.97582680746912,-0.00430301533125288,-0.011276289148168969,0.006973273816916089,2.4702846370127918,2.4172725081443787,2.3642603792759656,80.98535276549738,78.05033349667177,NICK
2003-01-30,2.4424240589141846,2.472727060317993,2.4424240589141846,2.472727060317993,2.2430825233459473,12870,2.446060228347778,2.424848127365112,2.4190906643867494,2.451151423454285,2.4730908560752867,2.671333326101303,55.09244599719821,-0.0003065770155643577,-0.009082346721648047,0.008775769706083689,2.476876544933443,2.4190906643867494,2.3613047838400556,91.65207188430146,83.46496065218439,NICK
2003-01-31,2.4060609340667725,2.4666669368743896,2.4060609340667725,2.4666669368743896,2.2375853061676025,660,2.4545452117919924,2.4290906190872192,2.4215149164199827,2.447878704071045,2.4731514644622803,2.671121206283569,54.216501450279964,0.0023446007293239646,-0.006796957231453644,0.009141557960777608,2.4829008689475978,2.4215149164199827,2.3601289638923677,94.20296547914097,88.94679670964683,NICK
2003-02-03,2.3939390182495117,2.4000000953674316,2.193938970565796,2.375757932662964,2.1551196575164795,28710,2.444848394393921,2.4242422103881838,2.417878568172455,2.4456969022750856,2.471939344406128,2.6704545414447782,43.13650488702533,-0.0028569851424511405,-0.006008962813653143,0.003151977671202002,2.481033990653838,2.417878568172455,2.3547231456910716,86.9567150878886,90.93725081711057,NICK
2003-02-04,2.254544973373413,2.254544973373413,2.254544973373413,2.254544973373413,2.045163869857788,990,2.4048483848571776,2.4133331060409544,2.41242401599884,2.438666582107544,2.4695757031440735,2.6691818118095396,33.34994435293272,-0.016569153331270847,-0.008121000917176683,-0.008448152414094164,2.5052503085794147,2.41242401599884,2.3195977234182656,60.86974617199831,80.6764755796762,NICK
2003-02-05,2.4000000953674316,2.4000000953674316,2.4000000953674316,2.4000000953674316,2.1771106719970703,330,2.393939399719238,2.415151309967041,2.4133331179618835,2.4345453643798827,2.4678787350654603,2.6686363577842713,48.460756880468224,-0.015520225191008041,-0.009600845771942954,-0.005919379419065087,2.5052947432918073,2.4133331179618835,2.3213714926319597,53.62329623491225,67.14991916493328,NICK
2003-02-06,2.363636016845703,2.363636016845703,2.2727270126342773,2.2727270126342773,2.061656951904297,6600,2.353939390182495,2.399999809265137,2.4063634157180784,2.428969602584839,2.4659393358230592,2.667454538345337,39.93014122604386,-0.02467438523998844,-0.01261555366555205,-0.012058831574436388,2.5168910371021838,2.4063634157180784,2.295835794333973,41.30439120561607,51.93247787084244,NICK
2003-02-07,2.2787880897521973,2.387878894805908,2.2787880897521973,2.387878894805908,2.1661148071289062,1155,2.3381817817687987,2.3963634967803955,2.4057573556900023,2.4276362800598146,2.4646060037612916,2.6668181729316713,48.72476045978708,-0.022379353250540746,-0.014568313582549789,-0.0078110396679909565,2.5165505097532854,2.4057573556900023,2.294964201626719,57.24647844363377,50.724721961387594,NICK
2003-02-10,2.387878894805908,2.387878894805908,2.387878894805908,2.387878894805908,2.1661148071289062,0,2.3406059741973877,2.392727184295654,2.4027270555496214,2.4253332567214967,2.462484793663025,2.665727262496948,48.72476045978708,-0.020326215899828082,-0.015719894046005448,-0.004606321853822634,2.511984510290608,2.4027270555496214,2.293469600808635,55.79720556014516,51.449358403131896,NICK
2003-02-11,2.363636016845703,2.363636016845703,2.363636016845703,2.363636016845703,2.1441233158111572,825,2.3624241828918455,2.3836362838745115,2.400302803516388,2.423878698348999,2.459999942779541,2.664060592651367,47.0430979393744,-0.020419899511908923,-0.016659895139186143,-0.0037600043727227805,2.51076390903147,2.400302803516388,2.289841698001306,66.66675218630972,59.90347873002978,NICK
2003-02-12,2.363636016845703,2.363636016845703,2.363636016845703,2.363636016845703,2.1441233158111572,0,2.3551513671875,2.374545383453369,2.397272503376007,2.4215756607055665,2.4578787231445314,2.6629999828338624,47.0430979393744,-0.020260592945740008,-0.017380034700496916,-0.0028805582452430915,2.5082643877232487,2.397272503376007,2.2862806190287657,63.76814940623718,62.07736905089758,NICK
2003-02-13,2.2848479747772217,2.309091091156006,2.2848479747772217,2.303030014038086,2.0891454219818115,4950,2.361211967468262,2.3575756788253783,2.3912119030952455,2.4174544429779052,2.456060543060303,2.6608787679672243,42.763856155327815,-0.024739557051534078,-0.018851939170704348,-0.00588761788082973,2.508698639732084,2.3912119030952455,2.273725166458407,53.62318220872158,61.35269460042306,NICK
2003-02-14,2.2848479747772217,2.369697093963623,2.2848479747772217,2.369697093963623,2.1496214866638184,7095,2.357575607299805,2.3478786945343018,2.3884846568107605,2.416121106147766,2.4552120637893675,2.659090888500214,48.3315670546449,-0.022648613071398316,-0.019611273950843142,-0.0030373391205551735,2.505308290887153,2.3884846568107605,2.271661022734368,54.34787566356122,57.24640242617355,NICK
2003-02-18,2.363636016845703,2.363636016845703,2.363636016845703,2.363636016845703,2.1441233158111572,1650,2.3527270317077638,2.3466665029525755,2.3854543566703796,2.4146665477752687,2.4543029737472533,2.6575757336616515,47.875589458781214,-0.021235809973047193,-0.019936181155283953,-0.0012996288177632397,2.5015526072393843,2.3854543566703796,2.269356106101375,54.34787566356122,54.1063111786149,NICK
2003-02-19,2.375757932662964,2.375757932662964,2.375757932662964,2.375757932662964,2.1551196575164795,330,2.355151414871216,2.3587877988815307,2.3860604524612428,2.4146665477752687,2.453393883705139,2.656575733423233,48.91365224120281,-0.018919918990648377,-0.019732928722356838,0.0008130097317084611,2.5018228406273364,2.3860604524612428,2.270298064295149,63.043598484135885,57.24644993708634,NICK
2003-02-20,2.369697093963623,2.369697093963623,2.363636016845703,2.363636016845703,2.1441233158111572,495,2.355151414871216,2.355151391029358,2.3851513504981994,2.4134544277191163,2.452363574504852,2.6546666383743287,47.886626357524975,-0.017856853311904786,-0.01935771364026643,0.0015008603283616431,2.501317593983868,2.3851513504981994,2.2689851070125306,62.76975350846461,60.05374255205414,NICK
2003-02-21,2.363636016845703,2.363636016845703,2.363636016845703,2.363636016845703,2.1441233158111572,0,2.3672726154327393,2.3642422914505006,2.3821210503578185,2.4124847269058227,2.4506666040420533,2.6528484535217287,47.88662635752498,-0.016820470192525416,-0.018850264950718225,0.0020297947581928086,2.4972072401602667,2.3821210503578185,2.2670348605553703,69.93082830815352,65.24806010025158,NICK
2003-02-24,2.303030014038086,2.3939390182495117,2.303030014038086,2.327272891998291,2.1111371517181396,7425,2.358787775039673,2.358181691169739,2.377272593975067,2.410787763595581,2.448909032344818,2.650545423030853,44.626716917038,-0.018717564942178466,-0.018823724949010273,0.00010616000683180693,2.4930207250626766,2.377272593975067,2.2615244628874573,64.8583696523621,65.85298382299366,NICK
2003-02-25,2.303030014038086,2.363636016845703,2.303030014038086,2.363636016845703,2.1441233158111572,330,2.358787775039673,2.355757403373718,2.374242293834686,2.4095756435394287,2.447878723144531,2.6494545125961304,48.40896667466218,-0.01708982505801382,-0.018476944970810982,0.0013871199127971634,2.4880705189458743,2.374242293834686,2.260414068723498,67.92710690334822,67.5721016212882,NICK
2003-02-26,2.363636016845703,2.363636016845703,2.363636016845703,2.363636016845703,2.1441233158111572,0,2.356363391876221,2.355757403373718,2.369696843624115,2.4083635234832763,2.446969633102417,2.6476363277435304,48.40896667466218,-0.015619774435856382,-0.017905510863820064,0.002285736427963682,2.4774326936645594,2.369696843624115,2.26196099358367,65.47618322827111,66.08721992799406,NICK
2003-02-27,2.2969698905944824,2.3818180561065674,2.2969698905944824,2.363636016845703,2.1441233158111572,2970,2.356363391876221,2.355757403373718,2.3651513934135435,2.4060604858398436,2.4460605430603026,2.64581814289093,48.40896667466218,-0.014290022245438294,-0.01718241314014371,0.0028923908947054155,2.465609708126547,2.3651513934135435,2.26469307870054,73.37080178996935,68.92469730719647,NICK
2003-02-28,2.363636016845703,2.363636016845703,2.363636016845703,2.363636016845703,2.1441233158111572,0,2.356363391876221,2.36181800365448,2.3596968412399293,2.403636245727539,2.444605994224548,2.64399995803833,48.40896667466218,-0.013085344349863526,-0.016362999382087674,0.003277655032224148,2.447211519371969,2.3596968412399293,2.27218216310789,73.63546149462066,70.82748217095394,NICK
2003-03-03,2.363636016845703,2.363636016845703,2.363636016845703,2.363636016845703,2.1441233158111572,0,2.363636016845703,2.361211895942688,2.354545295238495,2.4029089641571044,2.443999934196472,2.641727228164673,48.40896667466218,-0.011992387658460668,-0.015488877037362273,0.0034964893789016047,2.4271211061717417,2.354545295238495,2.281969484305248,72.70955580481464,73.23860636313512,NICK
2003-03-04,2.309091091156006,2.363636016845703,2.309091091156006,2.363636016845703,2.1441233158111572,2970,2.363636016845703,2.361211895942688,2.3539391994476317,2.40218168258667,2.4429090237617492,2.636757528781891,48.40896667466219,-0.01099941717193742,-0.014590985064277303,0.003591567892339883,2.4259968983475826,2.3539391994476317,2.281881500547681,72.222282930582,72.85576674333933,NICK
2003-03-05,2.32121205329895,2.3333330154418945,2.2787880897521973,2.3333330154418945,2.1166348457336426,5280,2.3575754165649414,2.356969404220581,2.357878601551056,2.3979392433166504,2.442605993747711,2.6299696493148805,44.46109828814732,-0.012513432803916924,-0.014175474612205228,0.0016620418082883039,2.414793599078067,2.357878601551056,2.300963604024045,63.93758965590792,69.62314279710175,NICK
2003-03-06,2.3333330154418945,2.3333330154418945,2.3333330154418945,2.3333330154418945,2.1166348457336426,0,2.3515148162841797,2.3539391040802,2.3545452475547792,2.393696804046631,2.442605993747711,2.6241211640834807,44.46109828814732,-0.013557024164540632,-0.01405178452267231,0.0004947603581316774,2.4089559547663355,2.3545452475547792,2.300134540343223,55.65289638123385,63.93758965590815,NICK
2003-03-07,2.3575758934020996,2.3575758934020996,2.351515054702759,2.351515054702759,2.1331279277801514,1320,2.3490906238555906,2.352727007865906,2.358484649658203,2.390424065589905,2.441696903705597,2.6178484344482422,47.44365246500031,-0.012769737635221823,-0.013795375145182212,0.0010256375099603893,2.3979997253152847,2.358484649658203,2.3189695740011214,52.631451812159895,57.40731261643412,NICK
2003-03-10,2.351515054702759,2.351515054702759,2.351515054702759,2.351515054702759,2.1331279277801514,0,2.346666431427002,2.3551512241363524,2.356666457653046,2.3889695262908934,2.4415756940841673,2.612909039258957,47.443652465000305,-0.012007393629228869,-0.013437778841991543,0.0014303852127626748,2.3938837740086933,2.356666457653046,2.3194491412973983,57.894700517760015,55.393016237051484,NICK
2003-03-11,2.309091091156006,2.309091091156006,2.309091091156006,2.309091091156006,2.0946438312530518,1980,2.3357574462890627,2.349696731567383,2.3527270674705507,2.3866665077209475,2.4399393343925477,2.6073332846164705,41.423882792622805,-0.014657526971519452,-0.013681728467897124,-0.0009757985036223278,2.392487516531611,2.3527270674705507,2.3129666184094906,50.87726563114683,53.80113932035581,NICK
2003-03-12,2.303030014038086,2.303030014038086,2.2787880897521973,2.303030014038086,2.0891454219818115,4950,2.329696846008301,2.343636131286621,2.34969676733017,2.3853331661224364,2.4396363043785096,2.602030254602432,40.63068919513791,-0.017050309651136963,-0.014355444704545093,-0.002694864946591871,2.3945779529479085,2.34969676733017,2.304815581712431,36.842050776639994,48.53800564184917,NICK
2003-03-13,2.2848479747772217,2.3393940925598145,2.2848479747772217,2.2848479747772217,2.0726523399353027,1980,2.319999837875366,2.335757327079773,2.3457573652267456,2.3801210260391237,2.4385453939437864,2.5956060099601745,38.26371771828245,-0.02018111049898419,-0.015520577863432913,-0.004660532635551277,2.398240294931849,2.3457573652267456,2.293274435521642,17.543587216533044,35.087634541440174,NICK
2003-03-14,2.2848479747772217,2.2848479747772217,2.2848479747772217,2.2848479747772217,2.0726523399353027,4125,2.3066664218902586,2.3278785228729246,2.344848263263702,2.3770907068252565,2.4374544835090637,2.5900605547428133,38.26371771828245,-0.02240403298092719,-0.016897268886931768,-0.005506764093995423,2.400776945583087,2.344848263263702,2.2889195809443175,10.732178511720322,21.705938834964673,NICK
2003-03-17,2.3333330154418945,2.3333330154418945,2.2727270126342773,2.2727270126342773,2.061656951904297,13035,2.2909088134765625,2.318787622451782,2.339999759197235,2.3741816091537475,2.4362423634529113,2.584757524728775,36.614580589461355,-0.02485723665788786,-0.018489262441122985,-0.006367974216764875,2.4028550503054147,2.339999759197235,2.2771444680890554,3.7147436251071304,10.663503117787053,NICK
2003-03-18,2.2727270126342773,2.2727270126342773,2.2727270126342773,2.2727270126342773,2.061656951904297,0,2.2836359977722167,2.3096967220306395,2.3354543089866637,2.3706664514541624,2.4335150837898256,2.579787825345993,36.61458058946135,-0.02649598897849348,-0.020090607748597084,-0.006405381229896395,2.4037297298987803,2.3354543089866637,2.267178888074547,1.9605574440940543,5.469159860307389,NICK
2003-03-19,2.32121205329895,2.3939390182495117,2.2909090518951416,2.3939390182495117,2.171611785888672,2310,2.301817798614502,2.315757322311401,2.336363363265991,2.3712725114822386,2.432060534954071,2.575121155977249,57.7390811595857,-0.01780862936318295,-0.019634212071514258,0.0018255827083313095,2.4071972775247636,2.336363363265991,2.2655294490072184,33.33333333333339,13.002878134178411,NICK
2003-03-20,2.3939390182495117,2.3939390182495117,2.3939390182495117,2.3939390182495117,2.171611785888672,0,2.32363600730896,2.321817922592163,2.3378785133361815,2.371514930725098,2.4306059861183167,2.5717878210544587,57.7390811595857,-0.010799346139071186,-0.017867238885025644,0.007067892745954457,2.412191987033613,2.3378785133361815,2.26356503963875,66.66666666666673,33.98685248136494,NICK
2003-03-21,2.3575758934020996,2.3575758934020996,2.3333330154418945,2.3333330154418945,2.1166348457336426,4950,2.3333330154418945,2.3199997186660766,2.336363363265991,2.369939169883728,2.428545377254486,2.567545396089554,48.38777807801465,-0.010019339892422874,-0.01629765908650509,0.0062783191940822165,2.4097442338444384,2.336363363265991,2.2629824926875437,83.33333333333339,61.11111111111139,NICK
2003-03-24,2.3333330154418945,2.3333330154418945,2.3333330154418945,2.3333330154418945,2.1166348457336426,0,2.345454216003418,2.3181815147399902,2.3366663694381713,2.3686058282852174,2.425939316749573,2.5640302407741546,48.38777807801465,-0.009294043375619232,-0.014896935944327918,0.005602892568708686,2.40994456663148,2.3366663694381713,2.2633881722448628,66.66666666666673,72.2222222222225,NICK
2003-03-25,2.2727270126342773,2.2727270126342773,2.2727270126342773,2.2727270126342773,2.061656951904297,1485,2.345454216003418,2.3145451068878176,2.3321209192276,2.3650906705856323,2.423515067100525,2.5588787257671357,40.73618321974924,-0.013454542985276596,-0.014608457352517654,0.0011539143672410577,2.409316939894964,2.3321209192276,2.254924898560236,33.33333333333339,61.11111111111138,NICK
2003-03-26,2.3818180561065674,2.3818180561065674,2.3818180561065674,2.3818180561065674,2.160616159439087,165,2.343030023574829,2.3224239110946656,2.3330300211906434,2.364484610557556,2.4221817278862,2.5545756959915162,54.6403291825829,-0.007858446129124452,-0.013258455107839014,0.005400008978714562,2.4120948082236326,2.3330300211906434,2.253965234157654,46.6667322318385,48.88891074394642,NICK
2003-03-27,2.3818180561065674,2.3818180561065674,2.3818180561065674,2.3818180561065674,2.160616159439087,0,2.3406058311462403,2.3321209192276,2.3339391231536863,2.363636131286621,2.420848388671875,2.550878726243973,54.6403291825829,-0.003384484818701683,-0.011283661050011547,0.007899176231309864,2.4147886361963993,2.3339391231536863,2.2530896101109734,60.00013113034362,46.666732231838715,NICK
2003-03-28,2.3818180561065674,2.3818180561065674,2.3818180561065674,2.3818180561065674,2.160616159439087,0,2.3503028392791747,2.341817927360535,2.3348482251167297,2.362787652015686,2.41951504945755,2.5471817564964296,54.6403291825829,0.00015932515178551654,-0.008995063809652135,0.009154388961437651,2.4174038744623307,2.3348482251167297,2.2522925757711287,90.0001966955154,65.55568668589937,NICK
2003-03-31,2.363636016845703,2.363636016845703,2.2848479747772217,2.3151519298553467,2.1001415252685547,3960,2.346666622161865,2.3460604190826415,2.332424020767212,2.3606058502197267,2.4172120189666746,2.544212061166763,46.341854323333784,-0.002384096767750865,-0.00767287040127188,0.005288773633521015,2.414300571688944,2.332424020767212,2.25054746984548,71.66699449252563,73.88910743946177,NICK
2003-04-01,2.2848479747772217,2.2848479747772217,2.2848479747772217,2.2848479747772217,2.0726523399353027,990,2.349090814590454,2.347272515296936,2.3284846186637878,2.3578179693222046,2.4146059489250185,2.5404847860336304,43.13490155882102,-0.006767046576836577,-0.007491705636384819,0.0007246590595482421,2.411548162566519,2.3284846186637878,2.2454210747610563,45.0001966955154,68.88912929451902,NICK
2003-04-02,2.363636016845703,2.363636016845703,2.2909090518951416,2.3151519298553467,2.1001415252685547,4455,2.33575758934021,2.3393938064575197,2.3275755643844604,2.3568482875823973,2.411454439163208,2.53660600066185,47.07886591517689,-0.007706454750636471,-0.007534655459235149,-0.00017179929140132173,2.410804751181256,2.3275755643844604,2.244346377587665,26.666994492525628,47.77806189352243,NICK
2003-04-03,2.3151519298553467,2.3151519298553467,2.2363638877868652,2.3151519298553467,2.1001415252685547,15840,2.322424364089966,2.331515097618103,2.326666510105133,2.355514965057373,2.409454438686371,2.532999939918518,47.07886591517689,-0.008354635459447035,-0.0076986514592775265,-0.0006559840001695086,2.4100213642323376,2.326666510105133,2.2433116559779287,31.66689866681057,34.44469661828408,NICK
2003-04-04,2.2969698905944824,2.3151519298553467,2.2969698905944824,2.303030014038086,2.0891454219818115,4950,2.3066667556762694,2.328484797477722,2.3242422580718993,2.3530907249450683,2.407333219051361,2.528605999946594,45.61128907537332,-0.009734250262775745,-0.00810577121997717,-0.0016284790427985758,2.4073853303655794,2.3242422580718993,2.241099185778219,42.43613680709757,33.59000998881147,NICK
2003-04-07,2.260606050491333,2.260606050491333,2.260606050491333,2.260606050491333,2.05066180229187,0,2.2957575798034666,2.321212100982666,2.319696807861328,2.3498180055618287,2.4052726101875304,2.5239999401569366,40.81585014855649,-0.014088461229081695,-0.009302309221798075,-0.00478615200728362,2.4062489788092525,2.319696807861328,2.2331446369134036,35.897443656651355,36.66682637685337,NICK
2003-04-08,2.2303030490875244,2.2303030490875244,2.21212100982666,2.2303030490875244,2.0231728553771973,7425,2.2848485946655273,2.316969704627991,2.3157574057579042,2.3459392261505125,2.4013938212394716,2.51924236536026,37.761854455893015,-0.0197566612579263,-0.01139317962902372,-0.00836348162890258,2.410651848778765,2.3157574057579042,2.2208629627370433,22.564053163632256,33.6325445424606,NICK
2003-04-09,2.2303030490875244,2.2303030490875244,2.2303030490875244,2.2303030490875244,2.0231728553771973,0,2.2678788185119627,2.3018182039260866,2.312121057510376,2.3414543867111206,2.399636242389679,2.5152423655986786,37.761854455893015,-0.023972411579579855,-0.013909026019134947,-0.010063385560444909,2.4140041047593073,2.312121057510376,2.2102380102614445,12.033017641076349,23.498171487120192,NICK
2003-04-10,2.2848479747772217,2.3575758934020996,2.2848479747772217,2.3575758934020996,2.1386260986328125,2475,2.2763636112213135,2.2993939876556397,2.31575745344162,2.33951500415802,2.3969089722633363,2.511424185037613,54.38650132761379,-0.01684934050074327,-0.014497088915456612,-0.002352251585286659,2.418673565047556,2.31575745344162,2.212841341835684,35.476329523283134,23.357800109330785,NICK
2003-04-11,2.2727270126342773,2.3575758934020996,2.200000047683716,2.3575758934020996,2.1386260986328125,1815,2.2872727870941163,2.296969771385193,2.319393849372864,2.3372119808197023,2.3941817021369936,2.507909034490585,54.38650132761379,-0.011076571530136192,-0.013812985438392527,0.0027364139082563348,2.422822615857298,2.319393849372864,2.2159650828884296,61.031885078838684,36.18041074773293,NICK
2003-04-14,2.3575758934020996,2.3575758934020996,2.3575758934020996,2.3575758934020996,2.1386260986328125,0,2.3066667556762694,2.3012121677398683,2.323636293411255,2.3350301599502563,2.3914544320106508,2.5037878239154816,54.38650132761379,-0.006427518102679386,-0.012335891971249898,0.005908373868570512,2.4260156437599996,2.323636293411255,2.22125694306251,86.34934729194946,60.95252063135731,NICK
2003-04-15,2.3575758934020996,2.3575758934020996,2.3575758934020996,2.3575758934020996,2.1386260986328125,0,2.3321213245391847,2.308484959602356,2.327878737449646,2.334666519165039,2.3901817107200625,2.499969643354416,54.38650132761379,-0.002711849256635368,-0.010411083428326992,0.007699234171691624,2.4284847331348844,2.327878737449646,2.2272727417644074,86.66679779701029,78.01601005593302,NICK
2003-04-16,2.3575758934020996,2.3575758934020996,2.3575758934020996,2.3575758934020996,2.1386260986328125,0,2.3575758934020996,2.312727355957031,2.326060581207275,2.336727137565613,2.3876968598365784,2.495999947786331,54.3865013276138,0.00023019156868864243,-0.008282828428923864,0.008513019997612507,2.4230757123662663,2.326060581207275,2.229045450048284,86.66679779701029,86.56098096199024,NICK
2003-04-17,2.3333330154418945,2.3333330154418945,2.2484850883483887,2.2484850883483887,2.0396664142608643,3300,2.3357577323913574,2.3060606718063354,2.3187878847122194,2.333696837425232,2.3841211009025574,2.491636313199997,40.84163511152542,-0.006169814359557879,-0.007860225615050667,0.0016904112554927877,2.416165819543239,2.3187878847122194,2.2214099498812,67.65447136493022,80.3293556529838,NICK
2003-04-21,2.200000047683716,2.2787880897521973,2.200000047683716,2.2787880897521973,2.067154884338379,1650,2.320000171661377,2.3036364793777464,2.3160606384277345,2.3338180589675903,2.3813938307762146,2.4874241936206816,44.9434387264917,-0.008696419298370284,-0.00802746435171459,-0.0006689549466556942,2.4147034042879354,2.3160606384277345,2.2174178725675335,54.81499343288681,69.71208753160931,NICK
2003-04-22,2.2787880897521973,2.2787880897521973,2.2787880897521973,2.2787880897521973,2.067154884338379,0,2.3042426109313965,2.305454683303833,2.3133333921432495,2.3316362428665163,2.3796362614631654,2.483212074041367,44.9434387264917,-0.010576848588911059,-0.008537341199153883,-0.0020395073897571756,2.4129266918314123,2.3133333921432495,2.2137400924550867,41.97551550084341,54.814993432887015,NICK
2003-04-23,2.327272891998291,2.363636016845703,2.21818208694458,2.2787880897521973,2.067154884338379,2970,2.288485050201416,2.3103031873703004,2.3136364459991454,2.329454426765442,2.3773938417434692,2.4784241950511934,44.9434387264917,-0.01192958551353529,-0.009215790062030164,-0.0027137954515051264,2.4127694775694075,2.3136364459991454,2.2145034144288833,48.14836400088007,48.3129576448703,NICK
2003-04-24,2.2787880897521973,2.2787880897521973,2.2787880897521973,2.2787880897521973,2.067154884338379,0,2.2727274894714355,2.3151516914367676,2.308484947681427,2.327757468223572,2.375818083286285,2.474030255079269,44.94343872649169,-0.012853472442929892,-0.009943326538210109,-0.002910145904719783,2.4035341002494186,2.308484947681427,2.2134357951134356,48.14836400088007,46.09074783420139,NICK
2003-04-25,2.303030014038086,2.303030014038086,2.1212120056152344,2.2848479747772217,2.0726523399353027,19470,2.2800000667572022,2.3078788995742796,2.30363644361496,2.326181707382202,2.373878684043884,2.4703029799461365,45.9514382237662,-0.01294742752871647,-0.01054414673631138,-0.00240328079240509,2.392947707050869,2.30363644361496,2.214325180179051,54.59887655133417,50.29853485103164,NICK
2003-04-28,2.2969698905944824,2.2969698905944824,2.2969698905944824,2.2969698905944824,2.083648443222046,1815,2.2836364269256593,2.301818299293518,2.2993940353393554,2.3260605049133303,2.3717574739456175,2.466333284378052,48.002257016890375,-0.011906499595933262,-0.010816617308235757,-0.001089882287697505,2.3811921119921435,2.2993940353393554,2.2175959586865672,62.71615411621261,55.154464889475825,NICK
2003-04-29,2.2969698905944824,2.2969698905944824,2.2969698905944824,2.2969698905944824,2.083648443222046,0,2.2872727870941163,2.295757699012756,2.2984849333763124,2.3246059608459473,2.3703635334968567,2.4627575290203096,48.00225701689037,-0.010955271163172409,-0.010844348079223087,-0.00011092308394932207,2.379965805525567,2.2984849333763124,2.217004061227058,70.83343168109104,62.71615411621281,NICK
2003-04-30,2.327272891998291,2.363636016845703,2.32121205329895,2.3575758934020996,2.1386260986328125,25740,2.3030303478240968,2.295757699012756,2.302121329307556,2.3244847583770754,2.369575653076172,2.460151468515396,57.37950463728958,-0.005250493435892789,-0.009725577150557028,0.004475083714664239,2.3872529568505865,2.302121329307556,2.2169897017645255,80.83353002884871,71.46103860871766,NICK
2003-05-01,2.375757932662964,2.4060609340667725,2.3575758934020996,2.4000000953674316,2.1771106719970703,6930,2.3272727489471436,2.3000001192092894,2.3063637375831605,2.3249696016311647,2.3698180747032165,2.459999953508377,62.48024904107318,0.002663163270018476,-0.007247829066441927,0.009910992336460403,2.40153460053586,2.3063637375831605,2.211192874630461,89.29088515303579,80.31928228765872,NICK
2003-05-02,2.412121057510376,2.412121057510376,2.363636016845703,2.363636016845703,2.1441233158111572,12375,2.3430303573608398,2.311515212059021,2.3087879419326782,2.3249696016311647,2.3692120146751403,2.457575708627701,56.26450451735793,0.005932134046192417,-0.004611836443915059,0.010543970490107475,2.4071472954175204,2.3087879419326782,2.210428588447836,92.90190793330913,87.67544103839809,NICK
2003-05-05,2.3393940925598145,2.454545021057129,2.3393940925598145,2.4242420196533203,2.1991007328033447,18480,2.3684847831726072,2.3260606050491335,2.31484854221344,2.326181721687317,2.36933322429657,2.4551211583614347,62.890656765851325,0.013260357709657722,-0.0010373976132005023,0.014297755322858225,2.425243003037525,2.31484854221344,2.204454081389355,90.70487267116766,90.96588858583773,NICK
2003-05-06,2.4242420196533203,2.4242420196533203,2.363636016845703,2.363636016845703,2.1441233158111572,17655,2.3818180084228517,2.334545397758484,2.3200000405311583,2.326908984184265,2.3688483738899233,2.4529696428775787,54.06882145351578,0.014016061407666314,0.0019732941909728612,0.012042767216693452,2.429400128262063,2.3200000405311583,2.2105999528002536,82.32320955756639,88.6433300540146,NICK
2003-05-07,2.3575758934020996,2.460606098175049,2.3575758934020996,2.460606098175049,2.2320873737335205,9240,2.4024240493774416,2.352727198600769,2.3315151929855347,2.328848385810852,2.3692120146751403,2.4516060078144073,63.00948903688669,0.02218391482231974,0.006015418317242237,0.0161684965050775,2.448915733383596,2.3315151929855347,2.2141146525874733,87.87878787878793,86.96895670250753,NICK
2003-05-08,2.478787899017334,2.478787899017334,2.3818180561065674,2.4484848976135254,2.2210919857025146,3300,2.4121210098266603,2.3696968793869018,2.342424285411835,2.3305453634262085,2.3694544434547424,2.450242372751236,61.40059479314207,0.02736348865143068,0.010285032384079925,0.01707845626735075,2.460722452942685,2.342424285411835,2.2241261178809846,88.08423591905462,86.09541111846984,NICK
2003-05-09,2.454545021057129,2.454545021057129,2.4242420196533203,2.4242420196533203,2.1991007328033447,1980,2.4242422103881838,2.3836362838745115,2.3457575917243956,2.331757483482361,2.3689089846611022,2.448727217912674,58.199741166020445,0.029175819892211408,0.014063189885706222,0.015112630006505185,2.4692198402039023,2.3457575917243956,2.222295343244889,92.09036157699366,89.35112845827894,NICK
2003-05-12,2.387878894805908,2.4848480224609375,2.387878894805908,2.4848480224609375,2.254077911376953,5115,2.436363410949707,2.4024240970611572,2.3521211981773376,2.3341817235946656,2.3689089846611022,2.4475453984737396,63.34432872640794,0.035097916445656185,0.018270135197696213,0.016827781247959972,2.4896793312878507,2.3521211981773376,2.2145630650668244,92.09036157699366,90.75498635768083,NICK
2003-05-13,2.4666669368743896,2.4666669368743896,2.4242420196533203,2.4242420196533203,2.1991007328033447,990,2.4484846115112306,2.415151309967041,2.3554545044898987,2.335393843650818,2.3691514039039614,2.446060549020767,55.93106629349759,0.034503092536258606,0.021516726665408693,0.012986365870849913,2.4965648446462096,2.3554545044898987,2.2143441643335877,89.35966101147443,91.18012805515411,NICK
2003-05-14,2.4060609340667725,2.4060609340667725,2.4060609340667725,2.4060609340667725,2.1826086044311523,165,2.437575578689575,2.4199998140335084,2.3578787565231325,2.336242341995239,2.3692120122909546,2.4447575187683106,53.893431597222516,0.032193521762319044,0.023652085684790762,0.008541436077528282,2.500707052711467,2.3578787565231325,2.215050460334798,87.22228778739402,89.55743679195423,NICK
2003-05-15,2.412121057510376,2.460606098175049,2.375757932662964,2.460606098175049,2.2320873737335205,2310,2.43999981880188,2.42606041431427,2.36303026676178,2.338787803649902,2.3683635234832763,2.4429999446868895,58.74888754258727,0.034368332432259674,0.025795335034284543,0.008572997397975131,2.512711036937732,2.36303026676178,2.213349496585828,82.92128620282786,86.50107833389897,NICK
2003-05-16,2.375757932662964,2.472727060317993,2.363636016845703,2.472727060317993,2.2430825233459473,10065,2.4496968269348143,2.436969518661499,2.37424236536026,2.3415756845474243,2.3676362442970276,2.4413029754161837,59.76293672556877,0.03664749637672404,0.02796576730277244,0.008681729073951601,2.5214974028438526,2.37424236536026,2.2269873278766674,86.32634096610032,85.4899716521076,NICK
2003-05-19,2.363636016845703,2.454545021057129,2.363636016845703,2.4242420196533203,2.1991007328033447,6600,2.437575626373291,2.436969518661499,2.3815150618553163,2.3430302238464353,2.3667271447181704,2.4403938806056975,54.040296654249055,0.03414777831578375,0.029202169505374704,0.004945608810409046,2.5234663455640867,2.3815150618553163,2.239563778146546,81.20280062307744,83.48347593066875,NICK
2003-05-20,2.4242420196533203,2.478787899017334,2.412121057510376,2.478787899017334,2.2485806941986084,16500,2.4484848022460937,2.448484706878662,2.391515052318573,2.3455756807327273,2.36727260351181,2.440212060213089,58.81791741461273,0.03615139951854962,0.030592015508009687,0.005559384010539934,2.5312719931835037,2.391515052318573,2.2517581114536425,84.11501804124741,83.88138654347527,NICK
2003-05-21,2.4848480224609375,2.4848480224609375,2.4848480224609375,2.4848480224609375,2.254077911376953,1650,2.4642422199249268,2.450908899307251,2.40181804895401,2.3490908193588256,2.3678786635398863,2.4397575104236604,59.32383372024006,0.03779263510005171,0.03203213942641809,0.0057604956736336185,2.5371255897877503,2.40181804895401,2.26651050812027,86.26551883353049,83.86111249928534,NICK
2003-05-22,2.454545021057129,2.521212100982666,2.454545021057129,2.521212100982666,2.287064790725708,1815,2.47636342048645,2.458181619644165,2.4139392495155336,2.3534544610977175,2.3693938136100767,2.4395150864124298,62.3154730826909,0.04154865630552518,0.03393544280223951,0.007613213503285671,2.5463935826042925,2.4139392495155336,2.2814849164267748,98.61121583360382,89.66391756946079,NICK
2003-05-23,2.521212100982666,2.672727108001709,2.5151519775390625,2.630302906036377,2.3860244750976562,28875,2.5078785896301268,2.4787877082824705,2.431211996078491,2.3603635597229005,2.370242292881012,2.4401817512512207,69.5506276425793,0.05272031940463329,0.037692418122718264,0.015027901281915022,2.5808131130147682,2.431211996078491,2.281610879142214,95.51282051282055,93.46318505998516,NICK
2003-05-27,2.6666669845581055,2.7272729873657227,2.6666669845581055,2.7212119102478027,2.4684908390045166,17325,2.5672725677490233,2.5024240970611573,2.452424097061157,2.369090838432312,2.373090772628784,2.4403029608726503,74.0259810474781,0.06812424587915267,0.043778783674005145,0.024345462205147522,2.636262294242461,2.452424097061157,2.268585899879853,94.9663301367005,96.36345549437516,NICK
2003-05-28,2.7272729873657227,3.042423963546753,2.7272729873657227,2.8545451164245605,2.5894408226013184,17490,2.6424240112304687,2.545454406738281,2.480302858352661,2.3807272005081175,2.3774544048309325,2.4410908365249635,78.91972614624001,0.09005277171939596,0.05303358128308331,0.03701919043631265,2.7215385153344056,2.480302858352661,2.2390672013709163,85.7401376743223,92.07309610794799,NICK
2003-05-29,2.909090995788574,2.9272730350494385,2.67878794670105,2.9272730350494385,2.6554150581359863,33660,2.730909013748169,2.597575616836548,2.508787715435028,2.393818120956421,2.3822422862052917,2.442242351770401,81.02030478683288,0.11200865559599382,0.06482859614566541,0.04718005945032841,2.811926594586936,2.508787715435028,2.20564883628312,84.5725846314112,88.42635081414487,NICK
2003-05-30,2.8666670322418213,3.0,2.8666670322418213,3.0,2.7213873863220215,9075,2.8266665935516357,2.651515007019043,2.5387877106666563,2.4059393405914307,2.388605926036835,2.4442120468616486,82.85964282654625,0.13373568825210835,0.078610014566954,0.05512567368515435,2.9050992360701002,2.5387877106666563,2.1724761852632124,83.03575557751209,84.44949262774873,NICK
2003-06-02,3.0,3.0303030014038086,2.9878790378570557,3.0181820392608643,2.7378807067871094,18810,2.904242420196533,2.70606050491333,2.5715150117874144,2.418424201011658,2.3949695658683776,2.4466362917423248,83.2954935565237,0.15068465784392382,0.09302494322234797,0.05765971462157585,2.983495581689433,2.5715150117874144,2.1595344418853957,91.0714965199566,86.22661224296017,NICK
2003-06-03,2.9818179607391357,3.066667079925537,2.8787879943847656,2.8787879943847656,2.6114327907562256,16665,2.935757637023926,2.751515102386475,2.594242310523987,2.4293333005905153,2.3996362352371214,2.448605991601944,68.84241619521305,0.1511268081283763,0.10464531620355363,0.04648149192482268,3.0210998275829812,2.594242310523987,2.1673847934649926,87.81817859028929,87.30847689591953,NICK
2003-06-04,3.0363640785217285,3.0363640785217285,2.9030299186706543,2.933332920074463,2.660911798477173,7590,2.9515151977539062,2.7969696044921877,2.622727155685425,2.4413332986831664,2.404969563484192,2.450818110704422,70.96541277696018,0.15410214150450896,0.1145366812637447,0.039565460240764266,3.060131350926559,2.622727155685425,2.1853229604442905,83.57962658611393,87.48976723212014,NICK
2003-06-05,2.8787879943847656,2.9696969985961914,2.8787879943847656,2.9696969985961914,2.6938986778259277,1485,2.959999990463257,2.8454545021057127,2.648181700706482,2.4552726984024047,2.4101816844940185,2.4529090201854706,72.3195467561763,0.15757793156441435,0.12314493132387863,0.03443300024053572,3.10376008198228,2.648181700706482,2.1926033194306838,80.17236370328524,83.85672295989636,NICK
2003-06-06,2.884848117828369,3.0303030014038086,2.884848117828369,3.0303030014038086,2.7488760948181152,11715,2.9660605907440187,2.8963635921478272,2.677272605895996,2.46824239730835,2.4163635039329527,2.454424170255661,74.4576767900796,0.1633400358915642,0.13118395223741575,0.03215608365414846,3.152029505248825,2.677272605895996,2.2025157065431666,87.35625713161102,83.70274914033693,NICK
2003-06-09,3.042423963546753,3.042423963546753,3.0,3.0303030014038086,2.7488760948181152,17985,2.9684847831726073,2.9363636016845702,2.7075756549835206,2.4812120962142945,2.422424113750458,2.455969625711441,74.4576767900796,0.1659930801833016,0.13814577782659293,0.02784730235670868,3.19114799792997,2.7075756549835206,2.224003312037071,91.82625580328882,86.45162554606189,NICK
2003-06-10,3.0303030014038086,3.151515007019043,3.0303030014038086,3.151515007019043,2.8588314056396484,15510,3.023030185699463,2.9793939113616945,2.7409090042114257,2.496606035232544,2.429696843624115,2.4579696261882784,78.33868906101021,0.17584935088621112,0.14568649243851656,0.030162858447694563,3.2497239727206546,2.7409090042114257,2.2320940357021968,96.42397020605124,91.86882771365055,NICK
2003-06-11,3.10302996635437,3.10302996635437,3.090909004211426,3.090909004211426,2.803853750228882,3630,3.0545454025268555,3.003030300140381,2.7742423534393312,2.5121211767196656,2.436363513469696,2.4605150806903837,72.41404687909028,0.176732852200006,0.15189576439081445,0.024837087809191555,3.283057278214753,2.7742423534393312,2.2654274286639096,95.24958047897537,94.49993549610532,NICK
2003-06-12,3.090909004211426,3.10302996635437,3.060606002807617,3.10302996635437,2.8148488998413086,12540,3.0812119960784914,3.020605993270874,2.809090805053711,2.5284848165512086,2.4431513929367066,2.4631514406204222,72.85618989728789,0.17637791884529364,0.1567921952817103,0.019585723563583346,3.3076323948148607,2.809090805053711,2.3105492152925615,94.5617582132054,95.4117696327442,NICK
2003-06-13,3.060606002807617,3.1212120056152344,3.042423963546753,3.1212120056152344,2.8313426971435547,6765,3.0993937969207765,3.0327271938323976,2.8421211004257203,2.544606018066406,2.4507271528244017,2.465878710746765,73.54125861820428,0.17554025147029995,0.16054180651942823,0.014998444950871714,3.3313810779984387,2.8421211004257203,2.352861122853002,92.47842487987207,94.09658785735114,NICK
2003-06-16,3.151515007019043,3.2060608863830566,3.1272730827331543,3.151515007019043,2.8588314056396484,9570,3.1236361980438234,3.046060490608215,2.876060497760773,2.56133327960968,2.458424122333527,2.4684241652488708,74.68787887156554,0.17530083410648833,0.16349361203684026,0.011807222069648071,3.3521091522096507,2.876060497760773,2.400011843311895,91.92867030909694,92.989617800725,NICK
2003-06-17,3.151515007019043,3.151515007019043,3.090909004211426,3.151515007019043,2.8588314056396484,1815,3.1236361980438234,3.073333191871643,2.912424147129059,2.5783029794692993,2.465696852207184,2.4709696197509765,74.68787887156554,0.17311552609659042,0.1654179948487903,0.007697531247800121,3.3547815945890833,2.912424147129059,2.4700666996690344,91.02006400810056,91.80905306569007,NICK
2003-06-18,3.090909004211426,3.090909004211426,3.060606002807617,3.090909004211426,2.803853750228882,4455,3.1236361980438234,3.0890908002853394,2.9430302023887633,2.594909038543701,2.472363522052765,2.473212044239044,67.86602799478139,0.1645958967925405,0.16525357523754033,-0.0006576784449998374,3.343899855212927,2.9430302023887633,2.5421605495645996,81.79383464443117,88.24752298720976,NICK
2003-06-19,3.0363640785217285,3.084847927093506,3.0363640785217285,3.084847927093506,2.7983558177948,6930,3.1199997901916503,3.1006058931350706,2.9730301976203917,2.6119999361038206,2.4789695811271666,2.4763332533836366,67.20492059267399,0.1555617321056868,0.16331520661116963,-0.0077534745054828325,3.3181863233188755,2.9730301976203917,2.627874071921908,72.89637781559749,81.9034254893766,NICK
2003-06-20,3.2424240112304688,3.2424240112304688,3.0303030014038086,3.090909004211426,2.803853750228882,11385,3.1139391899108886,3.1066664934158323,3.00151504278183,2.629212055206299,2.48533322095871,2.4794241631031038,67.54539199477854,0.14719440430510033,0.16009104614995578,-0.01289664184485545,3.28051032878231,3.00151504278183,2.72251975678135,62.45579025599167,72.38200090534029,NICK
2003-06-23,3.090909004211426,3.090909004211426,3.090909004211426,3.090909004211426,2.803853750228882,1650,3.101817989349365,3.112727093696594,3.0245453476905824,2.6438787174224854,2.4916968607902525,2.482605983018875,67.54539199477854,0.13896137649204743,0.15586511221837412,-0.016903735726326696,3.247604433603536,3.0245453476905824,2.8014862617776286,59.8764640641055,65.07621071189841,NICK
2003-06-24,3.066667079925537,3.0787880420684814,3.066667079925537,3.066667079925537,2.78186297416687,2310,3.084848403930664,3.1042423009872437,3.041818106174469,2.6580605411529543,2.497636260986328,2.4853635585308074,64.44206152814402,0.12899356442776666,0.15049080266025264,-0.021497238232485977,3.2165023249146825,3.041818106174469,2.8671338874342553,56.11115482122565,59.48113638044112,NICK
2003-06-25,3.0787880420684814,3.0787880420684814,3.042423963546753,3.042423963546753,2.759871482849121,2805,3.0751513957977297,3.0993937969207765,3.0512120485305787,2.671757502555847,2.5033938312530517,2.488272647857666,61.403743792226315,0.11778008911724136,0.14394865995165038,-0.026168570834409016,3.203354845072425,3.0512120485305787,2.8990692519887324,51.355978550422435,55.78119914525138,NICK
2003-06-26,3.0363640785217285,3.090909004211426,3.0363640785217285,3.090909004211426,2.803853750228882,3960,3.0763636112213133,3.098181700706482,3.059393846988678,2.6864241647720335,2.510545341968536,2.491242343187332,64.96177581041918,0.11152013205669276,0.13746295437265885,-0.02594282231596609,3.2012481986352435,3.059393846988678,2.9175394953421123,44.411534105977985,50.626222492542205,NICK
2003-06-27,3.0787880420684814,3.090909004211426,3.0787880420684814,3.090909004211426,2.803853750228882,2475,3.0763636112213133,3.095151400566101,3.063939297199249,2.7010908269882203,2.5189089822769164,2.494242342710495,64.96177581041918,0.10534472259835193,0.13103930801779745,-0.025694585419445526,3.2037002639443757,3.063939297199249,2.9241783304541227,36.71307769745077,44.160196784617234,NICK
2003-06-30,3.0787880420684814,3.0787880420684814,3.0787880420684814,3.0787880420684814,2.792858600616455,6600,3.0739394187927247,3.087878704071045,3.06696959733963,2.717696886062622,2.525696861743927,2.496787798404694,63.27068888557582,0.09833901481647267,0.1244992493775325,-0.026160234561059828,3.205251008468529,3.06696959733963,2.928688186210731,29.642894608669604,36.922502137366294,NICK
2003-07-01,3.0969700813293457,3.2727270126342773,3.084847927093506,3.2727270126342773,2.9687860012054443,34650,3.1151514053344727,3.0999999046325684,3.0866665482521056,2.737575664520264,2.535696861743927,2.500818098783493,74.64426289787372,0.10720045492063157,0.12103949048615231,-0.013839035565520741,3.2243423588159805,3.0866665482521056,2.9489907376882307,50.476227942002936,38.944066749374606,NICK
2003-07-02,3.2787880897521973,3.303030014038086,3.2727270126342773,3.303030014038086,2.996274948120117,4455,3.167272615432739,3.1212120056152344,3.1051514029502867,2.7580605030059813,2.544848372936249,2.5047271883487703,75.90002125753963,0.1153388544883458,0.11989936328659101,-0.004560508798245211,3.2543099057616534,3.1051514029502867,2.95599290013892,74.28575175152675,51.4682914340666,NICK
2003-07-03,3.327272891998291,3.327272891998291,3.2727270126342773,3.2727270126342773,2.9687860012054443,5940,3.2036362171173094,3.1399999141693113,3.120302903652191,2.777939281463623,2.5536968541145324,2.5080908238887787,72.05684952753701,0.1179833571204294,0.11951616205335869,-0.001532804932929288,3.2728700197921277,3.120302903652191,2.9677357875122543,93.87750732856877,72.87982900736633,NICK
2003-07-07,3.32121205329895,3.3333330154418945,3.303030014038086,3.327272891998291,3.018266439437866,4950,3.2509089946746825,3.163636302947998,3.1351513981819155,2.7989089775085447,2.563333222866058,2.5116665828227998,74.5544382340808,0.12306195944958542,0.12022532153260404,0.0028366379169813827,3.306446852010403,3.1351513981819155,2.963855944353428,93.21089311403954,87.12471739804518,NICK
2003-07-08,3.2727270126342773,3.2727270126342773,3.2727270126342773,3.2727270126342773,2.9687860012054443,3630,3.289696788787842,3.1818181037902833,3.147272598743439,2.818666558265686,2.572424132823944,2.5151514279842377,68.00820398825707,0.12128726765621556,0.12043771075732634,0.0008495568988892144,3.321459886359665,3.147272598743439,2.9730853111272126,86.54422644737286,91.2108756299939,NICK
2003-07-09,3.2424240112304688,3.2424240112304688,3.1818180084228516,3.1818180084228516,2.886319637298584,9735,3.2715149879455567,3.1933331966400145,3.1487877488136293,2.8363635206222533,2.5812120127677916,2.518636277914047,58.74946958745462,0.11126264819262133,0.11860269824438534,-0.0073400500517640105,3.3236222588754174,3.1487877488136293,2.9739532387518413,76.00005245213744,85.25172400451679,NICK
2003-07-10,3.1333329677581787,3.157576084136963,2.909090995788574,3.090909004211426,2.803853750228882,15180,3.2290907859802247,3.198181700706482,3.1487877488136293,2.8522423028945925,2.5884241318702697,2.5218180978298186,51.237362514221054,0.09488865086162734,0.11385988876783373,-0.01897123790620639,3.3236222588754174,3.1487877488136293,2.9739532387518413,57.61904761904764,73.38777550618614,NICK
2003-07-11,3.090909004211426,3.1454548835754395,3.090909004211426,3.1454548835754395,2.8533341884613037,1155,3.203636360168457,3.2036362886428833,3.1509089946746824,2.8679998826980593,2.5962423205375673,2.52527264714241,54.958774470398055,0.08532990656738981,0.10815389232774494,-0.02282398576035513,3.3244963612644174,3.1509089946746824,2.9773216280849475,49.523846989621994,61.0476490202692,NICK
2003-07-14,3.090909004211426,3.2060608863830566,3.090909004211426,3.2060608863830566,2.908311367034912,1815,3.1793939590454103,3.215151476860046,3.155151438713074,2.8841210985183716,2.604545350074768,2.528969616889954,58.72770042555378,0.08170310819539095,0.10286373550127415,-0.021160627305883195,3.329772584379479,3.155151438713074,2.9805302930466686,56.190551122101105,54.44448191025708,NICK
2003-07-15,3.090909004211426,3.151515007019043,3.090909004211426,3.151515007019043,2.8588314056396484,4125,3.1551515579223635,3.2224241733551025,3.155151438713074,2.8998786783218384,2.6124241399765014,2.532393857240677,54.32200765607843,0.07357927170743173,0.09700684274250566,-0.023427571035073938,3.329772584379479,3.155151438713074,2.9805302930466686,60.952455884005865,55.55561799857649,NICK
2003-07-16,3.151515007019043,3.151515007019043,3.151515007019043,3.151515007019043,2.8588314056396484,165,3.1490909576416017,3.210302972793579,3.155151438713074,2.914424138069153,2.620302929878235,2.535484766960144,54.32200765607843,0.06637593233131067,0.09088066066026666,-0.02450472832895599,3.329772584379479,3.155151438713074,2.9805302930466686,61.42860889438389,59.523871966830455,NICK
2003-07-17,3.090909004211426,3.0969700813293457,3.090909004211426,3.0969700813293457,2.809352159500122,1650,3.1503031730651854,3.1896969795227053,3.15545449256897,2.9290908193588256,2.6279999017715454,2.5384544670581817,49.97412158794571,0.0556247073254128,0.0838294699932959,-0.02820476266788309,3.329649134101235,3.15545449256897,2.9812598510367048,52.85718032295532,58.41274836711519,NICK
2003-07-18,3.1818180084228516,3.1818180084228516,3.1818180084228516,3.1818180084228516,2.886319637298584,165,3.157575798034668,3.1806060791015627,3.160302996635437,2.943515057563782,2.6361817216873167,2.542030222415924,55.88869966008403,0.05333597870061135,0.07773077173475898,-0.024394793034147627,3.331743046646535,3.160302996635437,2.988862946624339,55.238132703907716,56.50797397374914,NICK
2003-07-21,3.21212100982666,3.2424240112304688,3.1272730827331543,3.2424240112304688,2.9412975311279297,19305,3.1648484230041505,3.17212119102478,3.167878746986389,2.9593938398361206,2.6449696016311646,2.545969617366791,59.566044541942496,0.05576966471767797,0.07333855033134278,-0.017568885613664806,3.339773452387698,3.167878746986389,2.9959840415850802,62.38098984676486,56.82543429120946,NICK
2003-07-22,3.375757932662964,3.4242420196533203,3.2484850883483887,3.2727270126342773,2.9687860012054443,10230,3.1890908241271974,3.17212119102478,3.1769696474075317,2.9763635396957397,2.65406051158905,2.5500605273246766,61.303106433510735,0.05945818048727691,0.0705624763625296,-0.01110429587525269,3.350840218133113,3.1769696474075317,3.0030990766819503,71.14845938375353,62.922527311475534,NICK
2003-07-23,3.2727270126342773,3.3939390182495117,3.2727270126342773,3.3333330154418945,3.023763418197632,42240,3.2254544258117677,3.1872726917266845,3.1903029441833497,2.993333239555359,2.6637574815750122,2.55418173789978,64.58048323358585,0.06650512405794329,0.06975100590161235,-0.0032458818436690573,3.3691225109169136,3.1903029441833497,3.011483377449786,77.17086834733897,70.23343919261929,NICK
2003-07-24,3.363636016845703,3.387878894805908,3.3333330154418945,3.387878894805908,3.0732436180114746,14850,3.28363618850708,3.216969680786133,3.2075756907463076,3.012605977058411,2.673999910354614,2.558999922275543,67.26744317635188,0.07561957878128744,0.07092472047754736,0.004694858303740085,3.392553146187551,3.2075756907463076,3.022598235305064,81.96081516792401,76.76004763300567,NICK
2003-07-25,3.4242420196533203,3.4909090995788574,3.4242420196533203,3.454545021057129,3.133718252182007,15345,3.3381815910339356,3.2478786945343017,3.2257574915885927,3.0335756587982177,2.6849090003967286,2.5639090120792387,70.23906219173176,0.08721686729646905,0.0741831498413317,0.013033717455137345,3.4315994075519662,3.2257574915885927,3.019915575625219,89.68137779184389,82.93768710236911,NICK
2003-07-28,3.454545021057129,4.0,3.454545021057129,3.8181819915771484,3.4635841846466064,75900,3.4533331871032713,3.309090805053711,3.2621211409568787,3.06072717666626,2.699757490158081,2.571181741952896,80.59010147934411,0.12431721500886139,0.08420996287483765,0.040107252134023746,3.584049967118369,3.2621211409568787,2.940192314795388,90.00818003413993,87.21679099796944,NICK
2003-07-29,3.8666670322418213,3.939393997192383,3.672727108001709,3.6848480701446533,3.3426332473754883,57585,3.5357573986053468,3.362424111366272,3.2924241423606873,3.084969596862793,2.7132726407051084,2.57793931722641,70.85845492164118,0.14133139438425335,0.09563424917672078,0.04569714520753257,3.6515654625118206,3.2924241423606873,2.933282822209554,82.73144728998118,87.4736683719885,NICK
2003-07-30,3.78787899017334,3.8181819915771484,3.696969985961914,3.799999952316284,3.4470906257629395,16995,3.6290907859802246,3.427272605895996,3.3187877893447877,3.112484755516052,2.727757489681244,2.58472719669342,73.80088601593832,0.16223688285006954,0.10895477591139054,0.053282106938679005,3.740274877518568,3.3187877893447877,2.8973007011710075,77.48147185231376,83.40703305881179,NICK
2003-07-31,3.799999952316284,3.848484992980957,3.7939391136169434,3.8363640308380127,3.4800777435302734,9075,3.7187878131866454,3.501212000846863,3.345454490184784,3.139636278152466,2.7426059794425965,2.592090836763382,74.67065499823904,0.17966781161162926,0.12309738305143827,0.05657042856019098,3.823297859310674,3.345454490184784,2.867611121058894,77.03703758745779,79.08331890991775,NICK
2003-08-01,3.8363640308380127,3.8787879943847656,3.7575759887695312,3.8787879943847656,3.518561601638794,10560,3.803636407852173,3.5709089994430543,3.3757575392723083,3.1675150775909424,2.758302948474884,2.5991211414337156,75.68484133797094,0.19466127355547957,0.13741016115224652,0.05725111240323305,3.9053727339409043,3.3757575392723083,2.846142344603712,82.22224087185153,78.91358343720786,NICK
2003-08-04,3.8787879943847656,3.939393997192383,3.824242115020752,3.8787879943847656,3.518561601638794,8415,3.8157576084136964,3.634545397758484,3.403333294391632,3.1946665954589846,2.774060528278351,2.6068484163284302,75.68484133797094,0.20418992580715178,0.15076611408322757,0.053423811723924214,3.9756866300961837,3.403333294391632,2.83097995868708,85.11113547218939,81.45680464383308,NICK
2003-08-05,3.739393949508667,3.89090895652771,3.739393949508667,3.7575759887695312,3.408607006072998,18975,3.830303192138672,3.683030295372009,3.427575743198395,3.2172120571136475,2.788787808418274,2.61366660118103,66.81940411834104,0.19965910959277755,0.16054471318513758,0.03911439640763997,4.016577893222189,3.427575743198395,2.8385735931746,82.22224087185153,83.18520573863098,NICK
2003-08-06,3.7575759887695312,3.8181819915771484,3.7575759887695312,3.8181819915771484,3.4635841846466064,12540,3.8339395999908445,3.7315151929855346,3.4593939423561095,3.2391514587402344,2.8041211485862734,2.6207878160476685,68.78804676559497,0.19866867421183576,0.1681695053904772,0.030499168821358558,4.060483966359337,3.4593939423561095,2.858303918352882,79.7222400037229,82.35187211592144,NICK
2003-08-07,3.842423915863037,3.8606059551239014,3.8181819915771484,3.8606059551239014,3.502068042755127,11880,3.8387879848480226,3.778787899017334,3.4978787899017334,3.259272675514221,2.8199999380111693,2.6281211507320403,70.12427735528482,0.19901290940472105,0.17433818619332597,0.024674723211395078,4.098231077232844,3.4978787899017334,2.897526502570622,78.84259951436407,80.26236012997965,NICK
2003-08-08,3.8545451164245605,3.939393997192383,3.806061029434204,3.939393997192383,3.5735390186309814,22770,3.850909185409546,3.8272727966308593,3.5375757455825805,3.27951509475708,2.8366666078567504,2.635090845823288,72.48059208646102,0.20329974193560973,0.1801304973417827,0.02316924459382702,4.144425059206743,3.5375757455825805,2.9307264319584183,85.0433087410761,81.20271608638785,NICK
2003-08-11,3.939393997192383,4.030303001403809,3.9030299186706543,4.030303001403809,3.6560051441192627,24585,3.8812121868133547,3.8484848976135253,3.578787851333618,3.300121154785156,2.8530302476882934,2.6425453913211823,74.93689039250906,0.21159356557142717,0.1864231109877116,0.025170454583715557,4.201722798303352,3.578787851333618,2.9558529043638844,91.98774939124185,85.29121921556083,NICK
2003-08-12,4.030303001403809,4.121212005615234,4.030303001403809,4.072727203369141,3.6944899559020996,29040,3.9442424297332765,3.887272810935974,3.624848461151123,3.3212120580673217,2.86981812953949,2.6502120578289032,76.01288834288894,0.21906451968138008,0.1929513927264453,0.026113126954934784,4.25082324422889,3.624848461151123,2.9988736780733563,95.26055009429416,90.76386940887086,NICK
2003-08-13,4.169696807861328,4.169696807861328,4.096970081329346,4.1454548835754395,3.760462760925293,45045,4.009697008132934,3.9218183040618895,3.6745454549789427,3.3465453958511353,2.8879393482208253,2.6582423627376555,77.77445712488132,0.22822300785029137,0.2000057157512145,0.028217292099076863,4.300135226251574,3.6745454549789427,3.048955683706312,96.86473230032318,94.70434392861989,NICK
2003-08-14,4.1454548835754395,4.793939113616943,4.121212005615234,4.242424011230469,3.848426342010498,62370,4.086060619354248,3.962424302101135,3.731818151473999,3.3727272176742553,2.907030258178711,2.666484787464142,79.89454557009138,0.24053305853231466,0.20811118430743453,0.03242187422488013,4.345023225936403,3.731818151473999,3.118613077011595,83.13924489647694,91.75484243036493,NICK
2003-08-15,4.412120819091797,4.533332824707031,4.363636016845703,4.393939018249512,3.985870122909546,21450,4.1769696235656735,4.01393940448761,3.792424201965332,3.4012120580673217,2.9282423782348634,2.675878722667694,82.67536362412451,0.2595232348854779,0.2183935944230432,0.0411296404624347,4.4157289965036615,3.792424201965332,3.1691194074270026,73.29862851162711,84.43420190280925,NICK
2003-08-18,4.272727012634277,4.533332824707031,4.272727012634277,4.3333330154418945,3.9308929443359375,22110,4.237575626373291,4.059393906593323,3.846969652175903,3.4272726583480835,2.9477575278282164,2.684969627857208,78.02651337923908,0.2666093815491952,0.2280367518482736,0.03857262970092162,4.45903539151885,3.846969652175903,3.234903912832956,60.386291478681564,72.2747216289287,NICK
2003-08-19,3.957576036453247,4.460606098175049,3.951514959335327,4.393939018249512,3.985870122909546,35805,4.301817989349365,4.123030209541321,3.903030252456665,3.4545453786849976,2.967878737449646,2.6943635630607603,79.28115493713379,0.2739575891985937,0.2372209193183376,0.03673666988025609,4.499635215001486,3.903030252456665,3.306425289911844,61.46809422486558,65.0510047383916,NICK
2003-08-20,4.309091091156006,4.393939018249512,4.309091091156006,4.387878894805908,3.980372667312622,7755,4.350302791595459,4.179999899864197,3.9557575464248655,3.479272656440735,2.9879393458366392,2.703727197647095,78.79667133855736,0.2761092794845461,0.2449985913515793,0.0311106881329668,4.527528010895891,3.9557575464248655,3.3839870819538405,60.52474984154866,60.79304518169877,NICK
2003-08-21,4.393939018249512,4.406061172485352,4.260605812072754,4.266666889190674,3.870417833328247,16830,4.3551513671875,4.220605993270874,3.999696946144104,3.5027878141403197,3.0074544954299927,2.712333257198334,69.63106876147567,0.26497919844030715,0.2489947127693249,0.015984485670982262,4.523179965870202,3.999696946144104,3.476213926418006,57.85441964349301,59.94908790330259,NICK
2003-08-22,4.248485088348389,4.381817817687988,4.248485088348389,4.369697093963623,3.9638795852661133,6270,4.350302982330322,4.263636302947998,4.0454545497894285,3.528121156692505,3.0283029866218567,2.7214544677734374,72.55349652639359,0.2614582772229732,0.25148742566005455,0.009970851562918659,4.528777771213969,4.0454545497894285,3.5621313283648877,57.08815171077128,58.489107065271156,NICK
2003-08-25,4.393939018249512,4.406061172485352,4.381817817687988,4.393939018249512,3.985870122909546,8415,4.3624241828918455,4.2999999046325685,4.074242401123047,3.5535756969451904,3.0490908575057984,2.7302726483345032,73.20681630989067,0.257653967924814,0.25272073411300644,0.004933233811807547,4.568452980369263,4.074242401123047,3.580031821876831,57.05788555387873,57.33348563604784,NICK
2003-08-26,4.393939018249512,4.393939018249512,4.278788089752197,4.393939018249512,3.985870122909546,2970,4.3624241828918455,4.332121086120606,4.10969694852829,3.5784241771697998,3.06987872838974,2.7396665835380554,73.20681630989067,0.25173715616215464,0.25252401852283607,-0.0007868623606814285,4.588582731688347,4.10969694852829,3.630811165368233,60.22759556867232,58.12454427777428,NICK
2003-08-27,4.4848480224609375,4.5151519775390625,4.181818008422852,4.3333330154418945,3.9308929443359375,12045,4.351515007019043,4.350908899307251,4.13636360168457,3.602060537338257,3.0901817584037783,2.7487574887275694,68.48049144118339,0.2393980110396674,0.24989881702620234,-0.010500805986534939,4.602525938154362,4.13636360168457,3.670201265214778,58.095613530010674,58.460364884187406,NICK
2003-08-28,4.1454548835754395,4.303030014038086,4.090909004211426,4.303030014038086,3.903404712677002,10395,4.358787631988525,4.356969499588013,4.159696900844574,3.62630295753479,3.1106059980392455,2.757939304113388,66.17983168501466,0.22458507374009695,0.24483606836898125,-0.0202509946288843,4.609902567894583,4.159696900844574,3.7094912337945654,52.59377490513237,56.972328001271954,NICK
2003-08-29,4.115151882171631,4.296969890594482,4.115151882171631,4.242424011230469,3.848426342010498,11220,4.3333330154418945,4.341817998886109,4.1778787016868595,3.649454479217529,3.130727207660675,2.766060514450073,61.714176896531534,0.20558545513338622,0.23698594572186224,-0.03140049058847602,4.610255416288075,4.1778787016868595,3.7455019870856447,44.268177946899904,51.652522127347815,NICK
2003-09-02,4.1454548835754395,4.303030014038086,4.1454548835754395,4.303030014038086,3.903404712677002,19800,4.315151214599609,4.338787698745728,4.1990908026695255,3.6736968994140624,3.1514544773101805,2.77554535984993,64.30785915113326,0.19319152676083462,0.22822706192965672,-0.0350355351688221,4.611875650229,4.1990908026695255,3.786305955110051,40.385649768866124,45.749200873632965,NICK
2003-09-03,4.193939208984375,4.327272891998291,4.090909004211426,4.303030014038086,3.903404712677002,17985,4.296969413757324,4.329696798324585,4.226363503932953,3.6979393196105956,3.1709090185165407,2.7839089953899383,64.30785915113326,0.18127957117822735,0.21883756377937086,-0.03755799260114351,4.587735521653247,4.226363503932953,3.8649914862126593,39.32853208006794,41.32745326527816,NICK
2003-09-04,4.096970081329346,4.3333330154418945,4.096970081329346,4.327272891998291,3.953235149383545,14850,4.295757389068603,4.323636198043824,4.25181804895401,3.723151435852051,3.1906059885025027,2.792393845319748,65.39541198840472,0.17181488318095095,0.20943302765968688,-0.03761814447873593,4.562803758041182,4.25181804895401,3.9408323398668377,49.34555098680202,43.01991094524553,NICK
2003-09-05,4.3575758934021,4.3575758934021,4.248485088348389,4.309091091156006,3.936624526977539,11220,4.296969604492188,4.327878618240357,4.274242305755616,3.7484847784042357,3.2101211404800414,2.800787786245346,63.824673894143814,0.16099112490300538,0.19974464710835058,-0.0387535222053452,4.528697374254639,4.274242305755616,4.019787237256592,55.922824155032,48.19896907396748,NICK
2003-09-08,4.3575758934021,4.3575758934021,4.248485088348389,4.278788089752197,3.9089410305023193,10230,4.304242420196533,4.318787717819214,4.291212010383606,3.7722423601150514,3.2293332624435425,2.8097574865818022,61.186837032158216,0.14825898226666911,0.1894475141400143,-0.041188531873345174,4.494128134102563,4.291212010383606,4.088295886664649,61.36879370297231,55.545722948268946,NICK
2003-09-09,4.21818208694458,4.3393940925598145,4.21818208694458,4.3393940925598145,3.9643094539642334,24585,4.311515235900879,4.313333225250244,4.306666564941406,3.797212061882019,3.2491514444351197,2.818424152135849,64.35945878633413,0.14142876267850468,0.17984376384771236,-0.03841500116920768,4.471193707547105,4.306666564941406,4.142139422335708,59.3647868697914,58.88546824259874,NICK
2003-09-10,4.35151481628418,4.363636016845703,4.303030014038086,4.303030014038086,3.9310879707336426,8250,4.311515235900879,4.304242324829102,4.318181705474854,3.821696901321411,3.2696968936920165,2.826908997297287,61.13066710363402,0.13156488907147423,0.17018798889246473,-0.03862309982099049,4.443065278173185,4.318181705474854,4.193298132776523,55.54527237624594,58.759617649670055,NICK
2003-09-11,4.242424011230469,4.315152168273926,4.21818208694458,4.2909088134765625,3.9200141429901123,13860,4.304242420196533,4.2999999046325685,4.3254544019699095,3.842060537338257,3.2898181009292604,2.8356059658527375,60.04925066113363,0.12137053461579939,0.16042449803713166,-0.03905396342133227,4.423261300497458,4.3254544019699095,4.227647503442361,51.90468269150795,55.60491397918194,NICK
2003-09-12,4.303030014038086,4.303030014038086,4.21818208694458,4.272727012634277,3.903404712677002,15345,4.296969604492188,4.296969604492188,4.3269695520401,3.861454477310181,3.309757490158081,2.844696875810623,58.38092530737961,0.11054996470879708,0.15044959137146474,-0.039899626662667664,4.420426670766277,4.3269695520401,4.233512433313923,46.666561762627644,51.372172276794025,NICK
2003-09-15,4.272727012634277,4.272727012634277,4.21212100982666,4.242424011230469,3.8757200241088867,11220,4.289696788787841,4.296969604492188,4.319393801689148,3.8808484172821043,3.3293938493728636,2.8533938455581667,55.607965367130774,0.09839514812028582,0.14003870272122895,-0.04164355460094313,4.414458373851247,4.319393801689148,4.224329229527049,41.90466770521666,46.8253040531176,NICK
2003-09-16,4.230302810668945,4.242424011230469,4.21818208694458,4.242424011230469,3.8757200241088867,2475,4.270302772521973,4.290909004211426,4.3148483514785765,3.899151439666748,3.3490302085876467,2.862424145936966,55.607965367130774,0.08775083144130669,0.1295811284652445,-0.04183029702393781,4.4153502808259155,4.3148483514785765,4.2143464221312374,38.095152459287874,42.22212730904423,NICK
2003-09-17,4.375758171081543,4.387878894805908,4.242424011230469,4.327272891998291,3.953235149383545,23925,4.275151348114013,4.293333292007446,4.311515045166016,3.920242357254028,3.3694544577598573,2.871666570901871,61.54009540785216,0.08517982930174739,0.12070086863254507,-0.035521039330797685,4.405515051580868,4.311515045166016,4.217515038751164,50.34009345491273,43.44663787313926,NICK
2003-09-18,4.303030014038086,4.303030014038086,4.303030014038086,4.303030014038086,3.9310879707336426,2970,4.277575588226318,4.290909004211426,4.307272601127624,3.942666597366333,3.3895150589942933,2.8806362664699554,59.1096453226739,0.08026089628615907,0.11261287416326787,-0.032351977877108806,4.3945200625498515,4.307272601127624,4.220025139705397,62.24484389054961,50.226696601583576,NICK
2003-09-19,4.296969890594482,4.296969890594482,4.242424011230469,4.242424011230469,3.8757200241088867,6105,4.271514987945556,4.284242296218872,4.306060457229615,3.9656968975067137,3.408969600200653,2.8896665668487547,53.428715503868105,0.07065771040853797,0.1042218414123219,-0.03356413100378393,4.396157879541346,4.306060457229615,4.215963034917883,67.34688416071096,59.97727383539128,NICK
2003-09-22,4.21212100982666,4.2909088134765625,4.21212100982666,4.230302810668945,3.8646466732025146,31350,4.269090747833252,4.2793937683105465,4.29909074306488,3.987393856048584,3.4276968693733214,2.8986362612247465,52.34515726505396,0.06136169737804664,0.09564981260546684,-0.0342881152274202,4.389981654274998,4.29909074306488,4.208199831854762,56.46249437344685,62.018074141569315,NICK
2003-09-23,4.21212100982666,4.266666889190674,4.21212100982666,4.254545211791992,3.886793613433838,10890,4.271514987945556,4.2709088802337645,4.292121052742004,4.008363542556762,3.446242320537567,2.9080301976203917,54.33964551973824,0.05531308443943672,0.08758246697226083,-0.032269382532824104,4.373757277654694,4.292121052742004,4.2104848278293145,50.70850971219493,58.17262941545109,NICK
2003-09-24,4.266666889190674,4.266666889190674,4.21818208694458,4.224242210388184,3.859110116958618,7920,4.250908851623535,4.263030099868774,4.283636212348938,4.029818086624146,3.464848382472992,2.917030198574066,51.4414205618685,0.04752646069247923,0.0795712657163045,-0.03204480502382527,4.355917821212143,4.283636212348938,4.2113546034857325,36.00057863635846,47.723860907333595,NICK
2003-09-25,4.21212100982666,4.272727012634277,4.169696807861328,4.266666889190674,3.897867441177368,28380,4.243636226654052,4.260605907440185,4.280302906036377,4.052121124267578,3.4832726311683655,2.9263029277324675,55.05559050794916,0.044268522325774384,0.07251071703819847,-0.02824219471242409,4.349178332670972,4.280302906036377,4.211427479401783,35.16920054281938,40.62609629712444,NICK
2003-09-26,4.278788089752197,4.278788089752197,4.157576084136963,4.260605812072754,3.8923308849334717,21615,4.247272586822509,4.259393787384033,4.278181695938111,4.075393838882446,3.502242329120636,2.9355453515052794,54.43226495191787,0.04072801719914043,0.06615417707038687,-0.02542615987124644,4.346739095826671,4.278181695938111,4.20962429604955,32.025911310691065,34.398563496623154,NICK
2003-09-29,4.224242210388184,4.242424011230469,4.224242210388184,4.242424011230469,3.8757200241088867,660,4.249696826934814,4.259393787384033,4.278181695938111,4.096605958938599,3.52006050825119,2.9446362614631654,52.51164728166394,0.03603958015582087,0.06013125768747367,-0.024091677531652797,4.346739095826671,4.278181695938111,4.20962429604955,42.00769971125439,36.400937188255135,NICK
2003-09-30,4.272727012634277,4.272727012634277,4.157576084136963,4.224242210388184,3.859110116958618,14520,4.243636226654052,4.257575607299804,4.274242305755616,4.116242322921753,3.5378180813789366,2.9536362624168397,50.589316972264776,0.03050519573667554,0.05420604529731404,-0.023700849560638504,4.345631714894719,4.274242305755616,4.202852896616512,36.841898215247014,36.95850307906434,NICK
2003-10-01,4.21818208694458,4.224242210388184,4.1878790855407715,4.1878790855407715,3.825889825820923,13035,4.2363636016845705,4.243636226654052,4.268484759330749,4.134545364379883,3.5554544520378113,2.962181718349457,46.892051866197335,0.022920739913486088,0.047948984220548455,-0.025028244307062367,4.347793176951258,4.268484759330749,4.18917634171024,26.315651441743626,35.05508312274853,NICK
2003-10-02,4.1454548835754395,4.230302810668945,4.1454548835754395,4.21212100982666,3.848037004470825,4455,4.225454425811767,4.23454532623291,4.262727165222168,4.152121124267578,3.5727271819114685,2.9708180832862854,49.539711082725155,0.018651126149879182,0.0420894126064146,-0.023438286456535416,4.340838567007633,4.262727165222168,4.184615763436704,23.201619804822844,28.78638982060468,NICK
2003-10-03,4.193939208984375,4.236363887786865,4.163636207580566,4.163636207580566,3.8037424087524414,29865,4.20606050491333,4.22666654586792,4.255454421043396,4.167636270523071,3.590121123790741,2.9796362638473513,44.73593951463949,0.011225705202637215,0.03591667112565912,-0.024690965923021904,4.34161532116063,4.255454421043396,4.169293520926162,16.05250044860382,21.856590565056948,NICK
2003-10-06,4.236363887786865,4.236363887786865,4.181818008422852,4.21212100982666,3.848037004470825,10395,4.199999904632568,4.224848365783691,4.252121067047119,4.182787790298462,3.6081817245483396,2.9886968684196473,49.96133619920432,0.00914787295644981,0.03056291149181726,-0.02141503853536745,4.339562021982587,4.252121067047119,4.16468011211165,20.833136637818004,20.02908563041507,NICK
2003-10-07,4.175757884979248,4.236363887786865,4.157576084136963,4.236363887786865,3.8701837062835693,2805,4.202424240112305,4.223030233383179,4.246969556808471,4.191151428222656,3.625939302444458,2.9971514129638672,52.385590139467574,0.009349597239523,0.02632024864135841,-0.01697065140183541,4.324854792330247,4.246969556808471,4.169084321286696,30.897362961207893,22.59433334921009,NICK
2003-10-08,4.181818008422852,4.236363887786865,4.163636207580566,4.163636207580566,3.8037424087524414,13860,4.197575664520263,4.216969633102417,4.239999866485595,4.200727190971374,3.6428483939170837,3.005242319107056,45.29583947112392,0.003599456906504983,0.021776090294387724,-0.01817663338788274,4.3214378062020025,4.239999866485595,4.158561926769188,32.39732362210483,28.042607740377093,NICK
2003-10-09,4.121212005615234,4.224242210388184,4.121212005615234,4.151515007019043,3.7926692962646484,18315,4.18545446395874,4.2054544448852536,4.233030176162719,4.207757492065429,3.660121123790741,3.0134241342544557,44.22164092349813,-0.001913591626055755,0.017038153910299027,-0.018951745536354783,4.31954839150884,4.233030176162719,4.146511960816599,29.183103472990894,30.82593001876806,NICK
2003-10-10,4.072727203369141,4.151515007019043,4.00606107711792,4.072727203369141,3.720691442489624,26070,4.167272663116455,4.186666584014892,4.2230301856994625,4.212484755516052,3.676060516834259,3.021666560173035,37.925734202002594,-0.012496191290292558,0.01113128487018071,-0.023627476160473268,4.332161497437878,4.2230301856994625,4.113898873961047,18.10036591610157,26.56026433706595,NICK
2003-10-13,4.121212005615234,4.121212005615234,3.8181819915771484,3.99393892288208,3.6487133502960205,11220,4.123636245727539,4.1618180751800535,4.210605931282044,4.214787774085998,3.6911514258384703,3.0295150446891785,32.88384461922548,-0.02693010011120922,0.003519007873902724,-0.030449107985111946,4.3579610535429385,4.210605931282044,4.063250809021149,26.81972139053401,24.70106359320901,NICK
2003-10-14,3.933332920074463,3.933332920074463,3.636363983154297,3.6666669845581055,3.3497300148010254,51975,4.0096968650817875,4.106060552597046,4.1818180799484255,4.210545353889465,3.702605974674225,3.035999894142151,20.62082895558522,-0.06403898557667542,-0.009992590816212905,-0.05404639476046252,4.459972727634216,4.1818180799484255,3.9036634322626353,22.439666315123688,22.453251207253274,NICK
2003-10-15,3.672727108001709,3.7696969509124756,3.672727108001709,3.7636361122131348,3.4383177757263184,9900,3.9296968460083006,4.063636255264282,4.153636240959168,4.210666556358337,3.7139393067359925,3.042090799808502,29.06200587754208,-0.08464768069449757,-0.02492360879186984,-0.05972407190262773,4.477575980713358,4.153636240959168,3.829696501204977,20.895320388849004,23.384902698169086,NICK
2003-10-16,3.8181819915771484,3.89697003364563,3.4242420196533203,3.848484992980957,3.5158324241638184,33825,3.8690908432006834,4.027272653579712,4.130908989906311,4.211272616386413,3.725212037563324,3.049151405096054,35.52298962417954,-0.09306087662932416,-0.038551062359360705,-0.05450981426996346,4.473006344722036,4.130908989906311,3.788811635090587,24.84275521824324,22.72591397407216,NICK
2003-10-17,3.909090995788574,4.030303001403809,3.89090895652771,4.0,3.6542513370513916,11550,3.8545454025268553,4.0109090328216555,4.118787789344788,4.214060497283936,3.7366665863990782,3.0570604956150054,45.133024823190276,-0.08650522186871612,-0.04814189426123179,-0.03836332760748433,4.461400134264199,4.118787789344788,3.776175444425377,45.88948900288926,30.542521536660686,NICK
2003-10-20,3.957576036453247,4.0,3.957576036453247,3.99393892288208,3.6487133502960205,3135,3.8545454025268553,3.989090824127197,4.106969594955444,4.215151395797729,3.747333245277405,3.0647877657413485,44.8450770636689,-0.08086671535207746,-0.05468685847940093,-0.02617985687267653,4.4496864867362795,4.106969594955444,3.7642527031746087,62.66880802182417,44.46701741431908,NICK
2003-10-21,3.9272730350494385,3.9636359214782715,3.9212119579315186,3.9454550743103027,3.6044204235076904,6270,3.910303020477295,3.959999942779541,4.09151508808136,4.2134544372558596,3.756787796020508,3.072696861028671,42.50877082020506,-0.07939518146753555,-0.05962852307702785,-0.019766658390507695,4.434095263106028,4.09151508808136,3.7489349130566927,67.3951784803731,58.651158501695704,NICK
2003-10-22,3.9454550743103027,3.9454550743103027,3.939393997192383,3.939393997192383,3.5988831520080566,2805,3.9454545974731445,3.9375757217407226,4.07727267742157,4.210787773132324,3.765999915599823,3.0804847407341005,42.212700049827774,-0.07782098663899539,-0.06326701578942136,-0.014553970849574036,4.420280926205491,4.07727267742157,3.734264428637649,65.92039932446464,65.3281286088875,NICK
2003-10-23,3.939393997192383,3.9636359214782715,3.939393997192383,3.9636359214782715,3.6210296154022217,1320,3.9684847831726073,3.9187878131866456,4.062121129035949,4.207151393890381,3.776848394870758,3.08824231505394,43.89581662177295,-0.07376696554381246,-0.06536700574029958,-0.00839995980351288,4.397001719739315,4.062121129035949,3.7272405383325844,64.67662042079458,65.99739940854431,NICK
2003-10-24,3.939393997192383,3.9696969985961914,3.939393997192383,3.939393997192383,3.5988831520080566,4290,3.956363582611084,3.90545449256897,4.046060538291931,4.20109079360962,3.786909005641937,3.0959392845630647,42.56083103820771,-0.07168391772801286,-0.06663038813784224,-0.005053529590170622,4.372015129650462,4.046060538291931,3.7201059469333995,64.427845068402,65.00828827122062,NICK
2003-10-27,3.939393997192383,3.939393997192383,3.8303029537200928,3.8303029537200928,3.4992222785949707,1650,3.9236363887786867,3.889090895652771,4.025454485416413,4.189818072319031,3.795515065193176,3.1028483748435973,37.093691183761734,-0.07793740888746381,-0.06889179228776655,-0.009045616599697257,4.351255808812145,4.025454485416413,3.6996531620206805,59.950231229360476,63.01823223951922,NICK
2003-10-28,3.957576036453247,3.9696969985961914,3.933332920074463,3.9696969985961914,3.6265671253204346,14025,3.9284847736358643,3.9193938970565796,4.012727224826813,4.1825453519821165,3.8049090051651,3.1106362545490267,46.54289705578245,-0.07082893930560719,-0.06927922169133469,-0.0015497176142725,4.326123199953096,4.012727224826813,3.6993312497005304,60.53823254305406,61.63876961360572,NICK
2003-10-29,3.99393892288208,4.030303001403809,3.951514959335327,4.030303001403809,3.6819345951080322,10560,3.9466665744781495,3.946060585975647,4.004848420619965,4.1752726316452025,3.8149090051651,3.118666559457779,50.055619560924825,-0.0596177912405178,-0.0673469356011713,0.0077291443606535,4.307990106510571,4.004848420619965,3.7017067347293584,67.1717371001332,62.55340029084945,NICK
2003-10-30,4.090909004211426,4.115151882171631,4.048484802246094,4.109090805053711,3.7539119720458984,990,3.9757575511932375,3.972121167182922,3.999696910381317,4.169696869850159,3.824484763145447,3.127090803384781,54.26319829832311,-0.04386965624034955,-0.06265147972900695,0.018781823488657395,4.291877743409154,3.999696910381317,3.7075160773534805,83.25869441509828,70.32288801942872,NICK
2003-10-31,4.090909004211426,4.151515007019043,4.066667079925537,4.1454548835754395,3.787132978439331,5610,4.0169697284698485,3.9866666555404664,3.9987878441810607,4.167272629737854,3.835030221939087,3.1356968677043913,56.101405705045124,-0.02813059655768324,-0.055747303094742205,0.027616706537058965,4.289029454395909,3.9987878441810607,3.7085462339662127,93.5869868192537,81.3391394448286,NICK
2003-11-03,4.151515007019043,4.151515007019043,4.072727203369141,4.115151882171631,3.759448528289795,3630,4.073939514160156,3.9987879514694216,3.993939387798309,4.162181725502014,3.8451514410972596,3.144151417016983,54.148362764208194,-0.017896181288003632,-0.04817707873339449,0.030280897445390857,4.2727799733262355,3.993939387798309,3.7150988022703832,97.47589246366452,91.4405245660057,NICK
2003-11-04,4.072727203369141,4.1393938064575195,4.072727203369141,4.1393938064575195,3.7815957069396973,10890,4.107878875732422,4.018181824684143,3.989090883731842,4.157090821266174,3.8553332591056826,3.153030205965042,55.48349785153827,-0.007739990962309484,-0.04008966117917749,0.03234967021686801,4.25392198106254,3.989090883731842,3.7242597864011446,97.50004698831151,96.18764209041012,NICK
2003-11-05,4.1454548835754395,4.1454548835754395,4.127273082733154,4.127273082733154,3.770522356033325,2145,4.127272891998291,4.03696973323822,3.9872727274894713,4.1517575025558475,3.8650908398628236,3.1617574810981752,54.62700470017487,-0.0006615521043809025,-0.03220403936421817,0.03154248725983727,4.247749093698723,3.9872727274894713,3.726796361280219,95.26213062676898,96.74602335958188,NICK
2003-11-06,4.127273082733154,4.181818008422852,4.066667079925537,4.181818008422852,3.820352792739868,11055,4.141818332672119,4.058787941932678,3.9887878775596617,4.148727202415467,3.8753938698768615,3.1705453610420227,57.785174972669964,0.009242934544221093,-0.02391464458253032,0.033157579126751414,4.253387995897336,3.9887878775596617,3.724187759221987,96.9287732529042,96.56365028932844,NICK
2003-11-07,4.169696807861328,4.21212100982666,4.1454548835754395,4.21212100982666,3.848037004470825,3630,4.1551515579223635,4.086060643196106,3.9957575678825377,4.146909022331238,3.886605989933014,3.1794847559928896,59.47289217804658,0.01931486083907963,-0.015268743498208332,0.03458360433728796,4.275731302010737,3.9957575678825377,3.7157838337543385,97.4843280799588,96.55841065321086,NICK
2003-11-10,4.21212100982666,4.242424011230469,4.193939208984375,4.242424011230469,3.8757200241088867,10065,4.1806059837341305,4.127272748947144,4.0081818222999575,4.146909022331238,3.8981817507743837,3.188575665950775,61.145745814156626,0.029403192255138322,-0.006334356347539,0.03573754860267732,4.308075217977858,4.0081818222999575,3.7082884266220573,100.00000000000004,98.13770044428789,NICK
2003-11-11,4.272727012634277,4.272727012634277,4.193939208984375,4.254545211791992,3.886793613433838,8415,4.203636264801025,4.155757570266724,4.037575733661652,4.145939326286316,3.909818112850189,3.1975756669044495,61.824544872132805,0.03793900987940635,0.0025203168978500685,0.03541869298155628,4.311970609210558,4.037575733661652,3.763180858112745,98.63013772450898,98.70482193482282,NICK
2003-11-12,4.242424011230469,4.272727012634277,4.193939208984375,4.272727012634277,3.903404712677002,28710,4.23272705078125,4.179999971389771,4.063030278682708,4.145333266258239,3.9216362929344175,3.206666576862335,62.872339530697715,0.04564466295843772,0.011145186109967599,0.03449947684847012,4.325235263073189,4.063030278682708,3.8008252942922276,98.63013772450898,99.08675848300622,NICK
2003-11-13,4.1878790855407715,4.42424201965332,4.1878790855407715,4.363636016845703,3.986454963684082,6270,4.26909065246582,4.20545449256897,4.088787829875946,4.146060528755188,3.9346059823036192,3.216121121644974,67.65293049390873,0.05841368877843767,0.020598886643661614,0.03781480213477605,4.362584239832793,4.088787829875946,3.8149914199190986,95.22877854566292,97.4963513315605,NICK
2003-11-14,4.448484897613525,4.606060981750488,4.315152168273926,4.533332824707031,4.141483783721924,10560,4.3333330154418945,4.2442422866821286,4.115454471111297,4.150545363426208,3.949515070915222,3.226454451084137,74.3041155170394,0.0812892955177631,0.03273696841848191,0.04855232709928119,4.447218588859467,4.115454471111297,3.783690353363127,92.99499762629635,95.61797129882297,NICK
2003-11-17,4.539393901824951,4.545454978942871,4.3575758934021,4.393939018249512,4.014139652252197,6600,4.363636016845703,4.272121000289917,4.135454475879669,4.152848381996154,3.962545371055603,3.2365453565120696,62.868675361911066,0.08716567184378299,0.04362270910354212,0.043542962740240866,4.4833408825829695,4.135454475879669,3.787568069176369,82.19249959780105,90.13875858992031,NICK
2003-11-18,4.521212100982666,4.5575761795043945,4.369697093963623,4.551515102386475,4.15809440612793,14520,4.423029994964599,4.313333129882812,4.165757477283478,4.157090802192688,3.9771514320373536,3.248030207157135,68.72776846291441,0.10334650135408285,0.05556746755365027,0.04777903380043259,4.546221928788636,4.165757477283478,3.7852930257783197,82.33296628225008,85.84015450211604,NICK
2003-11-19,4.42424201965332,4.509090900421143,4.42424201965332,4.4848480224609375,4.097189903259277,1815,4.465454196929931,4.349090623855591,4.1930301785469055,4.160727162361145,3.991212031841278,3.2584544467926024,64.1180334334362,0.10952787990679269,0.06635955002427875,0.04316832988251394,4.582765560701058,4.1930301785469055,3.803294796392753,78.44592045995675,80.99046211333616,NICK
2003-11-20,4.496970176696777,4.587879180908203,4.418181896209717,4.587879180908203,4.191314697265625,6435,4.5103028297424315,4.389696741104126,4.224242341518402,4.166666569709778,4.004363553524017,3.270030207633972,67.72133878386394,0.12134166913440403,0.0773559738463038,0.04398569528810023,4.634916998067019,4.224242341518402,3.8135676849697857,88.12482397611949,82.96790357277565,NICK
2003-11-21,4.539393901824951,4.587879180908203,4.42424201965332,4.5575761795043945,4.163630962371826,7260,4.515151500701904,4.424242258071899,4.255151450634003,4.17236355304718,4.016909015178681,3.280878694057465,65.63370881962506,0.12679734241573914,0.08724424756019086,0.03955309485554828,4.668463384991442,4.255151450634003,3.8418395162765635,88.38946443762966,84.98673629123552,NICK
2003-11-24,4.496970176696777,4.56969690322876,4.496970176696777,4.56969690322876,4.174704551696777,990,4.5503030776977536,4.456969547271728,4.292121148109436,4.178909010887146,4.029878714084625,3.291787784099579,66.08406831935294,0.13059364169490273,0.09591412638713323,0.0346795153077695,4.678188810883988,4.292121148109436,3.906053485334884,93.63293496264856,90.04907445879945,NICK
2003-11-25,4.551515102386475,4.727272987365723,4.533332824707031,4.727272987365723,4.318660736083984,9570,4.585454654693604,4.504242324829102,4.329999947547913,4.188605990409851,4.0438787150383,3.303605968952179,71.34204129940946,0.1446498755718979,0.10566127622408616,0.038988599347811737,4.730485883201527,4.329999947547913,3.929514011894299,94.75652947498115,92.25964295842,NICK
2003-11-26,4.842423915863037,4.848484992980957,4.733333110809326,4.848484992980957,4.429394721984863,8910,4.658182048797608,4.5618181228637695,4.37090904712677,4.199030232429505,4.059636294841766,3.316030213832855,74.60361047923281,0.1636834965722196,0.11726572029371285,0.04641777627850674,4.806220962315026,4.37090904712677,3.9355971319385152,97.75278150786801,95.38074864849945,NICK
2003-11-28,4.848484992980957,4.848484992980957,4.606060981750488,4.836363792419434,4.41832160949707,5940,4.707878971099854,4.609090900421142,4.407272696495056,4.209696907997131,4.076181752681732,3.328696882724762,73.70030363138429,0.17576360532742363,0.128965297300455,0.04679830802696863,4.8696870876313945,4.407272696495056,3.9448583053587174,99.38837964637185,97.29923020974054,NICK
2003-12-01,5.042424201965332,5.042424201965332,4.751514911651611,4.9636359214782715,4.534592151641846,15180,4.789090919494629,4.652121210098267,4.448181748390198,4.224121146202087,4.0949090218544,3.3416665768623353,76.8674704424519,0.1933778363816092,0.14184780511668585,0.051530031264923365,4.953484787380164,4.448181748390198,3.9428787094002313,96.31507670922117,97.81874595448721,NICK
2003-12-02,4.884848117828369,4.939393997192383,4.757575988769531,4.939393997192383,4.512446403503418,10890,4.863030338287354,4.706666707992554,4.489393854141236,4.2383029699325565,4.11284841299057,3.354545366764069,75.01443589785583,0.20304059511200645,0.15408636311574997,0.04895423199625648,5.01342966101582,4.489393854141236,3.9653580472666516,92.29616642222817,95.99987425927394,NICK
2003-12-03,4.775757789611816,4.939393997192383,4.775757789611816,4.939393997192383,4.512446403503418,7425,4.905454540252686,4.745454597473144,4.529393863677979,4.251999945640564,4.130181744098663,3.3673635470867156,75.01443589785582,0.20829727964309264,0.1649285464212185,0.04336873322187412,5.062510682872826,4.529393863677979,3.9962770444831306,88.88887648886337,92.50003987343779,NICK
2003-12-04,4.890909194946289,5.060606002807617,4.890909194946289,5.030303001403809,4.595496654510498,7920,4.941818141937256,4.800000095367432,4.574545359611511,4.2681211614608765,4.148969624042511,3.3806968820095062,77.38546935161533,0.21729400683795408,0.17540163850456564,0.04189236833338844,5.116671434363711,4.574545359611511,4.03241928485931,90.60716587587854,90.59740292899023,NICK
2003-12-05,5.090909004211426,5.090909004211426,4.915152072906494,5.090909004211426,4.650864124298096,14190,4.992727184295655,4.850303077697754,4.61999990940094,4.284606003761292,4.1683635640144345,3.394333246946335,78.82793402405716,0.2267011066380915,0.18566153213127082,0.04103957450682069,5.17508147526178,4.61999990940094,4.064918343540101,94.62607616287154,91.37403950920469,NICK
2003-12-08,5.21212100982666,5.278788089752197,5.121212005615234,5.242424011230469,4.78928279876709,14190,5.048484802246094,4.918787860870362,4.6715150594711305,4.304242367744446,4.189818103313446,3.4089090025424955,81.93091101768421,0.24357452035609306,0.19724412977623526,0.0463303905798578,5.256074393649953,4.6715150594711305,4.086955725292308,97.31163703122594,94.18162635665887,NICK
2003-12-09,5.321211814880371,5.393939018249512,5.272727012634277,5.3333330154418945,4.872334003448486,14190,5.127272605895996,4.995151472091675,4.726060509681702,4.326060547828674,4.2113332533836365,3.4237574875354766,83.4940308712959,0.26127065371491476,0.21004943456397115,0.0512212191509436,5.34297668425804,4.726060509681702,4.109144335105364,96.59625821838893,96.177990470829,NICK
2003-12-10,5.393939018249512,5.393939018249512,5.157576084136963,5.35151481628418,4.888943672180176,12540,5.2096967697143555,5.057575654983521,4.780908989906311,4.348605999946594,4.2324241614341735,3.4386968815326693,83.79595248882251,0.2736081023827204,0.222761168127721,0.050846934254999365,5.415200268439164,4.780908989906311,4.146617711373458,95.14698356430817,96.3516262713079,NICK
2003-12-11,5.199999809265137,5.381817817687988,5.199999809265137,5.303030014038086,4.844650745391846,7590,5.264242172241211,5.103030157089234,4.832424139976501,4.3709090185165405,4.252727191448212,3.453393851518631,79.6138449567904,0.2762884200785187,0.23346661851788056,0.04282180156063817,5.460582138921897,4.832424139976501,4.2042661410311055,93.35533605631117,95.03285927966964,NICK
2003-12-12,5.236363887786865,5.393939018249512,5.1878790855407715,5.1878790855407715,4.739453315734863,15510,5.28363618850708,5.138181686401367,4.873636293411255,4.390424180030823,4.2712726521492,3.467515066862106,70.60159616781074,0.2660539690474808,0.2399840886238006,0.026069880423680192,5.481177146411011,4.873636293411255,4.266095440411498,87.76808848194274,92.09013603418758,NICK
2003-12-15,5.236363887786865,5.363636016845703,5.224242210388184,5.224242210388184,4.7726731300354,3795,5.279999828338623,5.164242315292358,4.908181762695312,4.411636300086975,4.289636285305023,3.4818180978298185,71.69138325703359,0.25790433254036405,0.2435681374071133,0.01433619513325074,5.512959359761275,4.908181762695312,4.303404165629349,82.64460046653772,87.92267500159743,NICK
2003-12-16,5.381817817687988,5.381817817687988,5.157576084136963,5.157576084136963,4.711769104003906,6270,5.244848442077637,5.186060523986816,4.946363615989685,4.430545401573181,4.3066665959358215,3.495787798166275,66.8021888444271,0.24326211343878956,0.24350693261344855,-0.00024481917465898895,5.511584733517458,4.946363615989685,4.381142498461911,75.76961756707233,82.0607688385178,NICK
2003-12-17,4.848484992980957,5.303030014038086,4.775757789611816,5.21212100982666,4.761599063873291,28545,5.216969680786133,5.213333225250244,4.9793939113616945,4.450060544013977,4.320605986118316,3.510181738138199,68.68397715053767,0.23336923370267382,0.2414793928312936,-0.008110159128619787,5.52533826638953,4.9793939113616945,4.433449556333859,75.7349498121056,78.04972261523875,NICK
2003-12-18,5.2909088134765625,5.2909088134765625,5.0363640785217285,5.199999809265137,4.750526428222656,5775,5.196363639831543,5.230302906036377,5.015151500701904,4.470787816047668,4.335757503509521,3.524515072107315,67.76471182848638,0.2219919901757077,0.23758191230017642,-0.01558992212446872,5.518896558441725,5.015151500701904,4.511406442962084,72.24482686897933,74.58313141605261,NICK
2003-12-19,5.230302810668945,5.230302810668945,5.090909004211426,5.21212100982666,4.761599063873291,8580,5.20121202468872,5.2424241065979,5.046363592147827,4.491999936103821,4.349878714084626,3.5388181018829346,68.22273415961459,0.2115153055178851,0.23236859094371815,-0.020853285425833035,5.516586278797644,5.046363592147827,4.5761409054980104,72.72099717127081,73.56692461745212,NICK
2003-12-22,5.3333330154418945,5.3333330154418945,5.151515007019043,5.21212100982666,4.761599063873291,13860,5.198787784576416,5.239393806457519,5.07909083366394,4.514787812232971,4.363636283874512,3.5531211316585543,68.22273415961459,0.2008966459652557,0.22607420194802566,-0.025177555982769967,5.496867763427343,5.07909083366394,4.661313903900538,70.60938329495104,71.85840244506727,NICK
2003-12-23,5.3333330154418945,5.3333330154418945,5.103030204772949,5.199999809265137,4.750526428222656,21120,5.207272529602051,5.226060485839843,5.11060597896576,4.5389090299606325,4.376848402023316,3.5675756752491,67.11673378001264,0.18932082950782902,0.21872352745998633,-0.029402697952157303,5.459306575914334,5.11060597896576,4.7619053820171855,70.21475256769382,71.18171101130544,NICK
2003-12-24,5.157576084136963,5.206060886383057,5.157576084136963,5.206060886383057,4.7560625076293945,3960,5.20606050491333,5.211515092849732,5.134545373916626,4.569696907997131,4.390121130943299,3.5820908296108245,67.40132075282055,0.17857746003625685,0.21069431397524044,-0.032116853938983586,5.437420297226649,5.134545373916626,4.831670450606603,69.60786884908704,70.14400157057752,NICK
2003-12-26,5.103030204772949,5.175757884979248,5.103030204772949,5.175757884979248,4.728379726409912,6930,5.2012121200561525,5.198787879943848,5.150909018516541,4.597939343452453,4.404302949905396,3.5965453791618347,64.40043548662486,0.16570788600738506,0.20169702838166936,-0.0359891423742843,5.424104424072841,5.150909018516541,4.877713612960241,67.64711024719362,69.15657722132504,NICK
2003-12-29,5.090909004211426,5.181818008422852,5.030303001403809,5.030303001403809,4.595496654510498,19140,5.164848518371582,5.183030271530152,5.1606059789657595,4.621575703620911,4.416424160003662,3.6102726542949677,52.35175305012165,0.14213323887894713,0.18978427048112492,-0.04765103160217779,5.400149352637257,5.1606059789657595,4.921062605294262,58.496783449808014,65.2505875153631,NICK
2003-12-30,5.0,5.1454548835754395,5.0,5.090909004211426,4.650864124298096,19635,5.140606117248535,5.169696950912476,5.166969633102417,4.643393883705139,4.428727190494538,3.6243635642528536,56.04204128432466,0.12687798863044897,0.17720301411098974,-0.05032502548054077,5.3915384119714425,5.166969633102417,4.942400854233391,52.287607411178556,59.47716703606026,NICK
2003-12-31,5.0363640785217285,5.0363640785217285,4.878787994384766,5.00606107711792,4.5733513832092285,15675,5.101818370819092,5.154545450210572,5.170302987098694,4.663636326789856,4.439393861293793,3.6380302345752717,50.18235121857513,0.10671147087695321,0.16310470546418243,-0.056393234587229224,5.3829220598863365,5.170302987098694,4.957683914311051,43.13728061379294,51.3072238249267,NICK
2004-01-02,5.030303001403809,5.030303001403809,4.99393892288208,4.99393892288208,4.562276840209961,3630,5.059393978118896,5.132727241516113,5.173030233383178,4.684606003761291,4.449030220508575,3.6510302340984344,49.38783288669561,0.08872839798714516,0.14822944396877497,-0.05950104598162981,5.37485734486575,5.173030233383178,4.971203121900607,41.17647058823538,45.533786204402496,NICK
2004-01-05,4.884848117828369,4.9636359214782715,4.793939113616943,4.945455074310303,4.517982482910156,8250,5.013333415985107,5.10727276802063,5.168787837028503,4.70472722530365,4.457757499217987,3.6637878143787384,46.234831513793864,0.06976028859496441,0.13253561289401286,-0.06277532429904845,5.385458253278083,5.168787837028503,4.952117420778924,33.516366095349845,39.27670576579292,NICK
2004-01-06,4.775757789611816,4.921212196350098,4.775757789611816,4.921212196350098,4.495835781097412,16005,4.991515254974365,5.078181886672974,5.160302996635437,4.723878750801086,4.465515072345734,3.6767272102832793,44.69821278914475,0.05217034038950796,0.11646255839311188,-0.06429221800360392,5.400519183148871,5.160302996635437,4.920086810122003,29.098039729923006,34.59695880450294,NICK
2004-01-07,5.00606107711792,5.054544925689697,4.733333110809326,4.793939113616943,4.379563808441162,20295,4.932121276855469,5.036363697052002,5.13787875175476,4.740969653129578,4.471030223369598,3.6890302407741546,37.627827814254836,0.027641669635698918,0.0986983806416293,-0.07105671100593038,5.422814105787314,5.13787875175476,4.852943397722207,20.700360250551217,27.771588691941556,NICK
2004-01-08,4.733333110809326,4.78787899017334,4.727272987365723,4.751514911651611,4.34080696105957,6765,4.881212043762207,4.991515207290649,5.108787846565247,4.759393892288208,4.474605982303619,3.701424180269241,35.606027643659665,0.004724778493620185,0.07990366021202747,-0.07517888171840728,5.425044012462162,5.108787846565247,4.792531680668332,12.700307798413794,20.83290259296287,NICK
2004-01-09,4.751514911651611,4.806060791015625,4.739394187927246,4.806060791015625,4.3906378746032715,4950,4.843636417388916,4.951515197753906,5.081515145301819,4.776121168136597,4.479333260059357,3.713545393943787,40.06507415647811,-0.008932656138441963,0.06213639694193358,-0.07106905308037555,5.403366382984015,5.081515145301819,4.759663907619623,9.033641131747126,14.144769726904245,NICK
2004-01-12,4.757575988769531,4.890909194946289,4.7090911865234375,4.890909194946289,4.468152046203613,7590,4.832727241516113,4.9230303287506105,5.060909104347229,4.793333292007446,4.484302961826325,3.7260908496379854,46.29493627729102,-0.012762595139025557,0.04715659852574176,-0.05991919366476731,5.376094988787188,5.060909104347229,4.74572321990727,15.375378304675715,12.369775744945747,NICK
2004-01-13,5.042424201965332,5.042424201965332,4.8606061935424805,4.927272796630859,4.50137186050415,4455,4.8339393615722654,4.912727308273316,5.047878789901733,4.809696931838989,4.489696900844574,3.738818123340607,48.75344112648228,-0.012717016784143276,0.03518187546376475,-0.047898892247908026,5.362538038447186,5.047878789901733,4.733219541356281,25.6925566343043,16.70052535690925,NICK
2004-01-14,4.78181791305542,4.939393997192383,4.78181791305542,4.806060791015625,4.3906378746032715,5610,4.836363697052002,4.8842424869537355,5.026969718933105,4.822909049987793,4.495090839862823,3.751272667646408,41.87249576962769,-0.02220571775991953,0.023704356819027893,-0.04591007457894743,5.34749438787454,5.026969718933105,4.706445049991671,27.863282101039925,22.977072346673513,NICK
2004-01-15,4.975758075714111,4.975758075714111,4.806060791015625,4.939393997192383,4.512446403503418,11550,4.873939514160156,4.877575778961182,5.016060614585877,4.839393892288208,4.500787808895111,3.764545397758484,50.1989270581385,-0.01875056141903464,0.015213373171415386,-0.03396393459045002,5.3328923144687606,5.016060614585877,4.699228914702993,34.39386047627849,29.316566403874436,NICK
2004-01-16,4.975758075714111,4.975758075714111,4.8545451164245605,4.872726917266846,4.451541900634766,4125,4.887272739410401,4.865454578399659,4.999090909957886,4.854060554504395,4.505575687885284,3.7773332726955413,46.60424490183472,-0.021148020104207355,0.007941094516290837,-0.029089114620498194,5.308366542025943,4.999090909957886,4.689815277889829,34.28180295468181,32.179648510666944,NICK
2004-01-20,4.848484992980957,5.048484802246094,4.848484992980957,4.99393892288208,4.562276840209961,9735,4.907878684997558,4.870302963256836,4.9887878656387326,4.871393871307373,4.51157568693161,3.790727207660675,53.170323888815076,-0.013116034066540827,0.003729668799724504,-0.01684570286626533,5.284015298530947,4.9887878656387326,4.693560432746518,49.536943211349616,39.4042022141035,NICK
2004-01-21,4.939393997192383,5.0,4.848484992980957,4.884848117828369,4.462615013122559,11055,4.899393749237061,4.866666555404663,4.9724242210388185,4.885454473495483,4.517090837955475,3.8036362981796263,47.50801627158644,-0.015376097442265646,-9.148444867352647e-05,-0.01528461299359212,5.252197910384576,4.9724242210388185,4.692650531693061,50.256668697766294,44.691804954599434,NICK
2004-01-22,4.763636112213135,5.048484802246094,4.763636112213135,5.048484802246094,4.61210823059082,16500,4.9478785514831545,4.892121124267578,4.96424241065979,4.902181749343872,4.524545385837555,3.8175756919384,55.212721609984186,-0.003917937541578986,-0.0008567750672546185,-0.003061162474324368,5.224380223092953,4.96424241065979,4.704104598226627,71.4668239976706,57.086811968929034,NICK
2004-01-23,5.048484802246094,5.048484802246094,4.890909194946289,4.933332920074463,4.506908416748047,1980,4.94666633605957,4.910302925109863,4.950909066200256,4.915999927520752,4.531454474925995,3.831090841293335,49.685947921522164,-0.004082003005826174,-0.0015018206549689296,-0.0025801823508572437,5.187626911496784,4.950909066200256,4.714191220903729,71.34503569740973,64.35617613094907,NICK
2004-01-26,4.933332920074463,4.933332920074463,4.848484992980957,4.909090995788574,4.484762191772461,9075,4.953939151763916,4.920605945587158,4.936060571670533,4.929090843200684,4.5375150847435,3.84448478102684,48.5833908434342,-0.006097854489157228,-0.0024210274218065893,-0.003676827067350639,5.142173858618974,4.936060571670533,4.729947284722091,73.6842662234916,72.16537530619085,NICK
2004-01-27,4.612121105194092,5.048484802246094,4.612121105194092,4.939393997192383,4.512446403503418,12210,4.943030166625976,4.925454425811767,4.924242377281189,4.942424182891846,4.543878724575043,3.8573938715457916,50.074779155791184,-0.005190400644863757,-0.0029749020664180227,-0.0022154985784457347,5.098699449725569,4.924242377281189,4.749785304836809,65.59325318098763,70.20751836729653,NICK
2004-01-28,4.969696998596191,5.030303001403809,4.915152072906494,4.969696998596191,4.540130138397217,29205,4.959999942779541,4.929696846008301,4.921212077140808,4.954545402526856,4.550302965641022,3.870454477071762,51.58706335130411,-0.002002949223021133,-0.002780511497738645,0.0007775622747175116,5.090215013718912,4.921212077140808,4.752209140562704,71.27066381607271,70.18272774018419,NICK
2004-01-29,5.048484802246094,5.393939018249512,4.9636359214782715,5.278788089752197,4.822504043579102,48510,5.006060600280762,4.976969575881958,4.930606031417847,4.969454507827759,4.559999935626983,3.8850605380535126,63.674005778680254,0.025174006589705478,0.0028103921197501804,0.022363614469955297,5.149744614537607,4.930606031417847,4.711467448298087,80.39618749873183,72.42003483193093,NICK
2004-01-30,5.454545021057129,5.606060981750488,5.42424201965332,5.599999904632568,5.115951061248779,57255,5.139393997192383,5.043030166625977,4.9603029727935795,4.99357572555542,4.573212053775787,3.901272658109665,71.60726952827319,0.07180334459196036,0.01660898261419222,0.05519436197776814,5.3249576368507,4.9603029727935795,4.595648308736459,88.86868292789279,80.17851141423266,NICK
2004-02-02,5.636363983154297,5.757575988769531,5.3333330154418945,5.496970176696777,5.02182674407959,36135,5.256969833374024,5.1054544925689695,4.985454535484314,5.012484827041626,4.584787814617157,3.9169696295261383,66.58428490502163,0.09929913430720294,0.03314701295279436,0.06615212135440858,5.418835063100492,4.985454535484314,4.552074007868136,87.30343009028786,85.52276683897104,NICK
2004-02-03,5.3333330154418945,5.57575798034668,5.3333330154418945,5.509090900421143,5.032899856567383,6600,5.370909214019775,5.156969690322876,5.013636326789856,5.03296968460083,4.596848423480988,3.933272658586502,66.87863463972421,0.12067670097029382,0.05065295055629425,0.07002375041399957,5.502677066841372,5.013636326789856,4.524595586738339,84.98192207911293,87.05134503243141,NICK
2004-02-04,5.3333330154418945,5.527273178100586,5.3333330154418945,5.5151519775390625,5.0384368896484375,11055,5.48000020980835,5.220000076293945,5.0433333158493046,5.051515140533447,4.609090855121613,3.9494544780254364,67.03501123827066,0.1365337784283298,0.06782911613070136,0.06870466229762845,5.5764640187778385,5.0433333158493046,4.510202612920771,78.1305248995398,83.47195902298041,NICK
2004-02-05,5.43030309677124,5.527273178100586,5.43030309677124,5.527273178100586,5.049511432647705,3795,5.529697227478027,5.267878913879395,5.080000019073486,5.070909080505371,4.621636316776276,3.9656969034671783,67.36683179016059,0.14836840749661828,0.08393697440388474,0.06443143309273354,5.639687987800276,5.080000019073486,4.520312050346696,79.0123580134209,80.70826833069144,NICK
2004-02-06,5.636363983154297,5.636363983154297,5.527273178100586,5.527273178100586,5.049511432647705,2310,5.515151882171631,5.327272939682007,5.118787932395935,5.090060606002807,4.634484808444977,3.98193932890892,67.36683179016059,0.1559497447154019,0.09833952846618818,0.057610216249213725,5.6894566419424715,5.118787932395935,4.548119222849398,79.54147175795903,78.89478489030681,NICK
2004-02-09,5.751514911651611,5.751514911651611,5.412120819091797,5.57575798034668,5.093804836273193,23430,5.530909442901612,5.393939638137818,5.157272791862487,5.107030305862427,4.647818148136139,3.998424178361893,68.82268765799789,0.16398006727720915,0.11146763622839237,0.05251243104881678,5.742031810926328,5.157272791862487,4.572513772798647,81.3051379857212,79.95298925236727,NICK
2004-02-10,5.721211910247803,5.721211910247803,5.472726821899414,5.545454978942871,5.066120624542236,14025,5.538182258605957,5.454545736312866,5.190000081062317,5.120969705581665,4.659999969005585,4.014727213382721,66.81633849462777,0.16598557837715688,0.12237122465814528,0.04361435371901161,5.784647857030471,5.190000081062317,4.595352305094163,81.83423785404985,80.89361586591025,NICK
2004-02-11,5.721211910247803,5.721211910247803,5.496970176696777,5.5151519775390625,5.0384368896484375,8910,5.538182258605957,5.509091234207153,5.219394040107727,5.134545469284058,4.6721211886405944,4.030818123817443,64.78249631934293,0.16324794076937987,0.1305465678803922,0.03270137288898767,5.817298366994538,5.219394040107727,4.6214897132209165,81.48150460849742,81.54029348275638,NICK
2004-02-12,5.521212100982666,5.539393901824951,5.521212100982666,5.521212100982666,5.043973445892334,4290,5.536970043182373,5.5333336353302,5.255151605606079,5.145696992874146,4.684909069538117,4.046939334869385,65.01186592419856,0.15972612125714214,0.1363824785557422,0.023343642701399936,5.835173263444446,5.255151605606079,4.6751299477677115,79.89419112730197,81.06997786328328,NICK
2004-02-13,5.521212100982666,5.521212100982666,5.454545021057129,5.460606098175049,4.988605499267578,3300,5.5236366271972654,5.519394254684448,5.281212210655212,5.156121234893799,4.697212102413178,4.06245448589325,60.75052585717762,0.15031195336680891,0.13916837351795555,0.011143579848853363,5.848847867805617,5.281212210655212,4.713576553504808,77.42504453222544,79.6002467560085,NICK
2004-02-17,5.393939018249512,5.721211910247803,5.393939018249512,5.545454978942871,5.066120624542236,13695,5.517576026916504,5.524242734909057,5.314848613739014,5.168242454528809,4.710121200084687,4.078181760311127,64.2805190034738,0.14799179575481425,0.1409330579653273,0.007058737789486957,5.860996405050534,5.314848613739014,4.768700822427494,76.08642882242225,77.80188816065011,NICK
2004-02-18,5.606060981750488,5.606060981750488,5.581818103790283,5.593938827514648,5.110413551330566,7920,5.527272796630859,5.532727527618408,5.344848608970642,5.179515171051025,4.723818166255951,4.094333274364471,66.15372913026445,0.14835514969695662,0.14241747631165316,0.00593767338530346,5.883048455353729,5.344848608970642,4.806648762587555,76.09448431823752,76.53531922429529,NICK
2004-02-19,5.606060981750488,5.606060981750488,5.545454978942871,5.606060981750488,5.121488571166992,15180,5.545454597473144,5.541818428039551,5.380909252166748,5.189818210601807,4.737212107181549,4.110242369174958,66.62499939877257,0.1479161811895633,0.14351721728723518,0.004398963902328107,5.88666006537847,5.380909252166748,4.875158438955026,72.83172756695414,75.00421356920486,NICK
2004-02-20,5.587879180908203,5.599999904632568,5.57575798034668,5.599999904632568,5.115951061248779,8415,5.561212158203125,5.549091100692749,5.408485007286072,5.196969728469849,4.750606048107147,4.126424188613892,66.12919866646013,0.1454031007804657,0.14389439398588127,0.0015087067945844246,5.898629002252127,5.408485007286072,4.918341012320017,68.8440461728092,72.59008601933385,NICK
2004-02-23,5.6606059074401855,5.6606059074401855,5.490909099578857,5.539393901824951,5.060583114624023,36465,5.576969718933105,5.550303173065186,5.438788056373596,5.2010909461975094,4.763575747013092,4.141818127632141,61.22310523939171,0.1369424808538655,0.14250401135947813,-0.005561530505612616,5.880196668889094,5.438788056373596,4.997379443858098,58.80610956089106,66.8272944335517,NICK
2004-02-24,5.478787899017334,5.56969690322876,5.454545021057129,5.545454978942871,5.066120624542236,16335,5.576969718933105,5.547272872924805,5.470606255531311,5.204969749450684,4.7767878746986385,4.157302978038788,61.53048700024091,0.12923669668312776,0.13985054842420805,-0.010613851741080288,5.840676172287449,5.470606255531311,5.100536338775172,54.28578066917377,60.64531213429158,NICK
2004-02-25,5.545454978942871,5.56969690322876,5.545454978942871,5.56969690322876,5.0882673263549805,1485,5.572121334075928,5.549697065353394,5.50212140083313,5.210303087234497,4.7906060528755186,4.173030252456665,62.8006017086412,0.1236604472424423,0.1366125281878549,-0.012952080945412614,5.782309595382118,5.50212140083313,5.221933206284142,49.71761274395257,54.26983432467271,NICK
2004-02-26,5.599999904632568,5.599999904632568,5.490909099578857,5.496970176696777,5.02182674407959,2805,5.550303173065186,5.547878885269165,5.528485059738159,5.216484909057617,4.80345454454422,4.188090863227845,56.747416219070345,0.11208079274656235,0.1317061810995964,-0.01962538835303404,5.666453942185328,5.528485059738159,5.390516177290991,42.897068559136834,48.9668206574213,NICK
2004-02-27,5.503029823303223,5.581818103790283,5.503029823303223,5.533332824707031,5.055046558380127,6270,5.536969757080078,5.549090957641601,5.5412122964859005,5.222666721343995,4.817151510715485,4.203636317253113,58.881463192715856,0.10463186393440882,0.12629131766655888,-0.021659453732150058,5.618169863390105,5.5412122964859005,5.464254729581696,38.98313221521537,43.86593783943517,NICK
2004-03-01,5.454545021057129,5.57575798034668,5.454545021057129,5.56969690322876,5.0882673263549805,7590,5.5430303573608395,5.560000038146972,5.53969714641571,5.23090913772583,4.830727269649506,4.219454497098923,60.956121772795335,0.10050426085614195,0.12113390630447549,-0.02062964544833354,5.613075360994781,5.53969714641571,5.466318931836639,40.50018587459531,40.79346221631608,NICK
2004-03-02,5.56969690322876,5.56969690322876,5.363636016845703,5.509090900421143,5.032899856567383,21450,5.535757541656494,5.5563636302948,5.540303182601929,5.23684853553772,4.843454539775848,4.234696921110153,55.894327844797964,0.09129036920781886,0.11516519888514416,-0.023874829677325307,5.612449720466597,5.540303182601929,5.4681566447372605,44.45493840974152,41.31275216651764,NICK
2004-03-03,5.35151481628418,5.606060981750488,5.35151481628418,5.56969690322876,5.0882673263549805,7260,5.535757541656494,5.553939437866211,5.54333348274231,5.244242477416992,4.8575151467323305,4.250181770324707,59.51482213971085,0.08786582903258644,0.10970532491463261,-0.021839495882046173,5.61507154029035,5.54333348274231,5.47159542519427,51.1327542234022,45.36262616924659,NICK
2004-03-04,5.4848480224609375,5.57575798034668,5.4848480224609375,5.56969690322876,5.116102695465088,7260,5.550302886962891,5.550303030014038,5.546060729026794,5.251393995285034,4.871696965694428,4.2659090447425845,59.51482213971085,0.08418146474677624,0.10460055288106133,-0.0204190881342851,5.617452352852263,5.546060729026794,5.474669105201325,52.90364593873471,49.497112857293054,NICK
2004-03-05,5.454545021057129,5.57575798034668,5.454545021057129,5.56969690322876,5.116102695465088,3630,5.557575702667236,5.547272729873657,5.5481819152832035,5.258545513153076,4.886666662693024,4.281363589763641,59.51482213971085,0.08033552161975344,0.09974754662879975,-0.01941202500904632,5.619735430641243,5.5481819152832035,5.476628399925164,59.016446303483484,54.350948821873715,NICK
2004-03-08,5.181818008422852,5.4848480224609375,5.181818008422852,5.460606098175049,5.015895843505859,4785,5.535757541656494,5.539393949508667,5.544848561286926,5.263757638931274,4.901333334445954,4.296242380142212,50.24281167700191,0.06770441339207789,0.09333891998145538,-0.025634506589377493,5.625607029913915,5.544848561286926,5.464090092659937,58.75359410339706,56.891228781872,NICK
2004-03-09,5.454545021057129,5.5151519775390625,5.454545021057129,5.4848480224609375,5.038163185119629,8085,5.5309089660644535,5.533333253860474,5.540303063392639,5.269333381652832,4.919515144824982,4.3110605597496034,52.03123743162199,0.058970514428619225,0.08646523887088815,-0.027494724442268928,5.623778919453522,5.540303063392639,5.456827207331757,60.178470737981336,59.31617038162088,NICK
2004-03-10,5.4848480224609375,5.5151519775390625,5.4848480224609375,5.4848480224609375,5.038163185119629,3960,5.5139391899108885,5.524848365783692,5.537272715568543,5.275515184402466,4.93672726392746,4.325333285331726,52.03123743162199,0.05145568744096796,0.07946332858490411,-0.028007641143936154,5.624112973395949,5.537272715568543,5.450432457741137,61.6033473725656,60.17847073798158,NICK
2004-03-11,5.490909099578857,5.490909099578857,5.4848480224609375,5.4848480224609375,5.038163185119629,11055,5.496969413757324,5.523636150360107,5.535757517814636,5.284606084823609,4.953090894222259,4.339151465892792,52.03123743162199,0.04498161287866509,0.0725669854436563,-0.027585372564991217,5.625109917681196,5.535757517814636,5.446405117948076,63.2910762072363,61.69096477259466,NICK
2004-03-12,5.454545021057129,5.5151519775390625,5.454545021057129,5.5151519775390625,5.065999507904053,16830,5.486060428619385,5.521818065643311,5.535454511642456,5.293090944290161,4.96824241399765,4.352454500198364,54.58010617692298,0.04181413078761054,0.06641641451244715,-0.02460228372483661,5.625042948054684,5.535454511642456,5.445866075230228,68.3845430520411,64.42632221061457,NICK
2004-03-15,5.539393901824951,5.599999904632568,5.418181896209717,5.42424201965332,4.9824934005737305,15510,5.478787612915039,5.507272577285766,5.533636307716369,5.301454563140869,4.982545444965362,4.364939345121384,46.58330841992557,0.03160389455116874,0.059453910520191465,-0.027850015969022722,5.630414668685724,5.533636307716369,5.436857946747015,66.33509387927296,66.0035710461837,NICK
2004-03-16,5.393939018249512,5.42424201965332,5.21212100982666,5.3333330154418945,4.898988246917725,6600,5.448484611511231,5.489696788787842,5.523030209541321,5.308242444992065,4.996424224376678,4.376606010198593,40.234900868717496,0.015992263037931664,0.050761581023739503,-0.03476931798580784,5.653078044814309,5.523030209541321,5.392982374268332,57.14280362038836,63.95414685056772,NICK
2004-03-17,5.272727012634277,5.393939018249512,5.21212100982666,5.387878894805908,4.94909143447876,9900,5.429090785980224,5.4715149879455565,5.512727212905884,5.317090921401977,5.010909073352813,4.388454494476318,45.071825969086085,0.007929918034798256,0.04219524842595125,-0.034265330391152996,5.651057981915711,5.512727212905884,5.374396443896057,47.142788634097066,56.87356204458637,NICK
2004-03-18,5.393939018249512,5.393939018249512,5.224242210388184,5.363636016845703,4.926822185516357,4125,5.404848384857178,5.450908899307251,5.500605964660645,5.32593939781189,5.024909074306488,4.400878734588623,43.3909793624561,-0.0004110082640238488,0.03367399708795623,-0.03408500535198008,5.646383540048441,5.500605964660645,5.354828389272849,42.38089457668608,48.88882894372407,NICK
2004-03-19,5.393939018249512,5.454545021057129,5.363636016845703,5.454545021057129,5.010327339172363,4785,5.392726993560791,5.439393711090088,5.493333220481873,5.339151515960693,5.040060584545135,4.413484795093536,50.80051356682086,0.0003107621599074406,0.027001350102346472,-0.02669058794243903,5.632932723700536,5.493333220481873,5.353733717263209,51.90468269150805,47.14278863409731,NICK
2004-03-22,5.3333330154418945,5.448484897613525,5.3333330154418945,5.448484897613525,5.004761695861816,10725,5.397575569152832,5.438181591033936,5.488787770271301,5.353090915679932,5.056242403984069,4.425878734588623,50.327611902611956,0.0003892817083999134,0.02167893642355716,-0.021289654715157248,5.628011812620651,5.488787770271301,5.349563727921952,56.666576748919034,50.3173846723713,NICK
2004-03-23,5.42424201965332,5.454545021057129,5.42424201965332,5.448484897613525,5.004761695861816,14685,5.420605945587158,5.434545278549194,5.483939266204834,5.365939397811889,5.0710302829742435,4.437969644069671,50.327611902611956,0.00044636361438765704,0.01743242186172326,-0.0169860582473356,5.621677902042982,5.483939266204834,5.346200630366686,63.636946995316,57.40273547858127,NICK
2004-03-24,5.3333330154418945,5.43030309677124,5.3333330154418945,5.42424201965332,4.9824934005737305,2475,5.427878570556641,5.428484678268433,5.476666522026062,5.376606054306031,5.084969673156738,4.449939339160919,48.2439940676399,-0.0014479056539791202,0.013656356358582783,-0.015104262012561903,5.610838942286517,5.476666522026062,5.342494101765608,61.53207320049205,60.611865648242606,NICK
2004-03-25,5.448484897613525,5.630302906036377,5.448484897613525,5.448484897613525,5.004761695861816,14685,5.444848346710205,5.424848365783691,5.474242258071899,5.387030296325683,5.098363614082336,4.461424188613892,50.45308233161639,-0.0009816146092473943,0.010728762165016748,-0.011710376774264142,5.608611611899341,5.474242258071899,5.339872904244458,60.399536069784396,61.8561854218644,NICK
2004-03-26,5.151515007019043,5.56363582611084,5.151515007019043,5.448484897613525,5.004761695861816,1815,5.443636322021485,5.418181657791138,5.469999861717224,5.399878778457642,5.111393914222718,4.473212068080902,50.45308233161639,-0.0006051003763749563,0.008461989656738406,-0.009067090033113363,5.601975165661429,5.469999861717224,5.33802455777302,59.818601743040574,60.58340367110592,NICK
2004-03-29,5.56363582611084,5.624241828918457,5.5151519775390625,5.599999904632568,5.143938064575195,2805,5.473939323425293,5.435757446289062,5.471515011787415,5.4130908966064455,5.126242394447327,4.485696917772293,62.16003540732582,0.011783452364590552,0.009126282198308836,0.002657170166281716,5.608629563701469,5.471515011787415,5.33440045987336,71.71858307260723,63.978906961810985,NICK
2004-03-30,5.636363983154297,5.751514911651611,5.624241828918457,5.721211910247803,5.25527811050415,20955,5.528484725952149,5.474545335769653,5.482121062278748,5.430060596466064,5.142060575485229,4.498696917295456,68.56008414151775,0.03102463285328927,0.013505952329304922,0.017518680523984347,5.656871644129905,5.482121062278748,5.307370480427591,83.54858187273713,71.69525556279523,NICK
2004-03-31,5.533332824707031,5.64848518371582,5.533332824707031,5.624241828918457,5.166205406188965,11880,5.568484687805176,5.498181629180908,5.484848308563232,5.442666654586792,5.1570302629470826,4.511060551404953,59.8403456749816,0.03801056967880889,0.018406875799205715,0.019603693879603177,5.666545229964194,5.484848308563232,5.303151387162271,89.13606917181386,81.46774470571965,NICK
2004-04-01,5.636363983154297,5.636363983154297,5.454545021057129,5.630302906036377,5.171772480010986,9240,5.6048482894897464,5.524848318099975,5.487878608703613,5.457575750350952,5.171515111923218,4.52345449090004,60.18123751781589,0.04353421784862288,0.02343234420908915,0.02010187363953373,5.677004470374342,5.487878608703613,5.298752747032884,84.51177032975691,85.73214045810288,NICK
2004-04-02,5.630302906036377,5.636363983154297,5.599999904632568,5.636363983154297,5.177340507507324,7095,5.6424241065979,5.543030214309693,5.49121196269989,5.469333333969116,5.1857575416564945,4.536181765794754,60.541938291822184,0.047849250710747526,0.028315725509420825,0.0195335252013267,5.688176124867937,5.49121196269989,5.294247800531844,79.79799585310565,84.48194511822571,NICK
2004-04-05,5.636363983154297,6.109090805053711,5.636363983154297,5.939393997192383,5.455691337585449,31350,5.710302925109863,5.592121124267578,5.5151513576507565,5.489454555511474,5.202727241516113,4.550454496145249,73.47768021168444,0.07485801830991523,0.03762418406951971,0.03723383424039552,5.791717057034899,5.5151513576507565,5.238585658266614,80.96155668280078,81.75710762188801,NICK
2004-04-06,6.090909004211426,6.199999809265137,5.939393997192383,6.169696807861328,5.667238712310791,13200,5.7999999046325685,5.664242315292358,5.549393796920777,5.51466667175293,5.221878757476807,4.565848435163498,79.0886297402046,0.11353738502006294,0.052806824259628356,0.060730560760434586,5.946005317606581,5.549393796920777,5.152782276234973,86.73216780457274,82.49724011349328,NICK
2004-04-07,6.21212100982666,6.3575758934021,6.024241924285889,6.3575758934021,5.839816093444824,8745,5.946666717529297,5.7575757026672365,5.593030190467834,5.543030309677124,5.242727246284485,4.582181769609451,82.3660895117594,0.15753536422334502,0.07375253225237169,0.08378283197097333,6.121691318023132,5.593030190467834,5.064369062912537,93.12944262679855,86.94105570472425,NICK
2004-04-08,6.42424201965332,6.654544830322266,6.0,6.636363983154297,6.095900535583496,21780,6.147878932952881,5.876363611221313,5.650605988502503,5.576363649368286,5.265454525947571,4.6000302541255955,85.89804137446953,0.2124509463802413,0.10149221507794562,0.1109587313022957,6.344573640492171,5.650605988502503,4.956638336512834,98.6334053389116,92.83167192342785,NICK
2004-04-12,6.6666669845581055,7.115151882171631,6.406061172485352,6.7090911865234375,6.162705421447754,32670,6.362424373626709,6.002424240112305,5.710302948951721,5.604969711303711,5.2872121095657345,4.618363590240478,86.64928045389182,0.2588564819983654,0.13296506846202957,0.12589141353633584,6.539606764648504,5.710302948951721,4.880999133254939,92.70379175902322,94.82221324157801,NICK
2004-04-13,6.915152072906494,7.393939018249512,6.848484992980957,7.296969890594482,6.702706336975098,33495,6.633939552307129,6.172121238708496,5.803939342498779,5.638909111022949,5.3162424182891845,4.639393894672394,90.8790342206402,0.33916047083306644,0.17420414893623695,0.1649563218968295,6.871558163815372,5.803939342498779,4.736320521182186,91.26235863175573,94.19985190989706,NICK
2004-04-14,7.115151882171631,7.418181896209717,7.115151882171631,7.266666889190674,6.674871921539307,27885,6.853333568572998,6.326666736602784,5.900606036186218,5.674303045272827,5.343393936157226,4.66027268409729,89.30836350900613,0.3957942913655561,0.21852217742210078,0.17727211394345532,7.119643550421383,5.900606036186218,4.681568521951053,89.43740138313485,91.13451725797148,NICK
2004-04-15,7.266666889190674,7.266666889190674,6.381817817687988,6.6606059074401855,6.118168354034424,31185,6.913939571380615,6.430303144454956,5.964242386817932,5.697333345413208,5.365151515007019,4.678181773424148,65.08161519539415,0.3873082970406516,0.25227940134581095,0.13502889569484067,7.2023038784997215,5.964242386817932,4.726180895136142,85.18958295301239,88.62978098930121,NICK
2004-04-16,6.369697093963623,6.818181991577148,6.369697093963623,6.793939113616943,6.24064302444458,8415,6.9454545974731445,6.546666765213013,6.035757541656494,5.722909088134766,5.3872121143341065,4.695787833929062,67.1903012219214,0.3868822233809315,0.27919996575283507,0.10768225762809641,7.291891418701843,6.035757541656494,4.779623664611146,76.03430493862568,83.5537630915912,NICK
2004-04-19,6.6666669845581055,6.806060791015625,6.587879180908203,6.587879180908203,6.051363945007324,3630,6.921212196350098,6.641818284988403,6.0924242496490475,5.744121208190918,5.407515144348144,4.712212079763413,61.05393400589825,0.36570166137012894,0.29650030487629386,0.06920135649383508,7.340796756542659,6.0924242496490475,4.844051742755436,64.16782540087029,75.13057109750302,NICK
2004-04-20,7.272727012634277,7.272727012634277,6.6666669845581055,6.842423915863037,6.2851786613464355,26400,6.830303001403808,6.732121276855469,6.162121200561524,5.770424222946167,5.430242414474487,4.730060564279556,65.27309484951267,0.3652452265561239,0.31024928921225986,0.05499593734386404,7.414547477092821,6.162121200561524,4.909694924030227,65.5349807979273,68.57903704580798,NICK
2004-04-21,6.969696998596191,6.969696998596191,6.6666669845581055,6.933332920074463,6.368683815002441,7095,6.763636207580566,6.808484888076782,6.2363636016845705,5.797575721740722,5.452303013801575,4.748090864419937,66.6621747212076,0.36797728250439743,0.3217948878706874,0.046182394633710044,7.486812317279799,6.2363636016845705,4.985914886089342,67.90123306892808,65.86801308924213,NICK
2004-04-22,7.272727012634277,7.272727012634277,6.757575988769531,6.969696998596191,6.4020867347717285,14520,6.825454425811768,6.869696998596192,6.313636350631714,5.826060562133789,5.4735151338577275,4.766575714349747,67.22688952010817,0.36882514704675096,0.3312009397059001,0.03762420734085087,7.544646082851327,6.313636350631714,5.0826266184121005,73.7736519170843,69.06995526131345,NICK
2004-04-23,6.684847831726074,6.909090995788574,6.672727108001709,6.8121209144592285,6.257343292236328,6435,6.829090785980225,6.887272691726684,6.381818151473999,5.851999940872193,5.493272705078125,4.7847272288799285,62.30200211050116,0.35271612085052606,0.3355039759348253,0.017212144915700778,7.563676812100537,6.381818151473999,5.19995949084746,72.20944157146378,71.29477551915896,NICK
2004-04-26,6.8121209144592285,6.8121209144592285,6.381817817687988,6.775757789611816,6.223941326141357,16665,6.866666507720947,6.893939352035522,6.448181796073913,5.877090854644775,5.51139392375946,4.80315147280693,61.18802743467546,0.3331747699015475,0.33503813472816973,-0.0018633648266222491,7.5599321527397025,6.448181796073913,5.336431439408124,65.95902938493141,70.64737429116006,NICK
2004-04-27,6.369697093963623,6.654544830322266,6.363636016845703,6.42424201965332,5.9010539054870605,17655,6.7830301284790036,6.806666564941406,6.489393901824951,5.896363573074341,5.52624240398407,4.81954540848732,51.58580379547644,0.28602658713968676,0.3252358252104731,-0.039209238070786356,7.531232288183396,6.489393901824951,5.447555515466506,50.81941830368885,62.99596308669491,NICK
2004-04-28,6.363636016845703,6.454545021057129,6.157576084136963,6.157576084136963,5.656105041503906,16335,6.6278787612915036,6.695757484436035,6.511212110519409,5.908605995178223,5.538424224853515,4.834302984476089,45.72369236579342,0.224555069183765,0.3050996740051315,-0.0805446048213665,7.50495402105644,6.511212110519409,5.5174701999823785,32.52767336496665,49.76870701786253,NICK
2004-04-29,5.915152072906494,6.151515007019043,5.157576084136963,5.878787994384766,5.400021076202393,117315,6.409696960449219,6.617575693130493,6.523939418792724,5.914302978515625,5.546909074783326,4.847939349412918,40.53725050210929,0.15159508562913526,0.27439875632993227,-0.12280367070079701,7.4776290138388966,6.523939418792724,5.570249823746552,24.30970423214929,35.88559863360182,NICK
2004-04-30,5.6424241065979,6.0,5.6424241065979,5.757575988769531,5.288680076599121,11055,6.198787975311279,6.513939380645752,6.5303030729293825,5.917333278656006,5.5535757446289065,4.8609696543216705,38.49285709413582,0.08303579224661028,0.23612616351326787,-0.1530903712666576,7.461488982032688,6.5303030729293825,5.599117163826077,23.1853888718823,26.674255489666304,NICK
2004-05-03,5.6424241065979,5.903029918670654,5.6424241065979,5.745454788208008,5.277546405792236,17820,5.992727375030517,6.429696941375733,6.535757613182068,5.920242376327515,5.558606052398682,4.874212077856064,38.28492445724591,0.027408035936344,0.1943825379978831,-0.1669745020615391,7.446998599988261,6.535757613182068,5.6245166263758755,28.150131390384175,25.21507483147214,NICK
2004-05-04,6.0,6.0,5.830303192138672,5.830303192138672,5.355484485626221,16665,5.8739396095275875,6.3284848690032955,6.5303030729293825,5.926060562133789,5.563575754165649,4.887454503774643,40.699728631380154,-0.009718772664824016,0.15356227586534169,-0.1632810485301657,7.456933745601464,6.5303030729293825,5.603672400257301,28.117357789271875,26.484292683846338,NICK
2004-05-05,6.024241924285889,6.060606002807617,5.751514911651611,5.903029918670654,5.42228889465332,5115,5.8230303764343265,6.225454568862915,6.5169697284698485,5.933212060928344,5.5690909051895146,4.900757533311844,42.76688386598488,-0.032894410647064554,0.11627093856286044,-0.149165349209925,7.471233967330506,6.5169697284698485,5.562705489609191,31.018016293830346,29.095168491162354,NICK
2004-05-06,5.836363792419434,5.9636359214782715,5.7090911865234375,5.878787994384766,5.400021076202393,6765,5.8230303764343265,6.116363668441773,6.493030333518982,5.939393882751465,5.574848484992981,4.913787838220596,42.23834006109947,-0.05261092541211543,0.08249456576786526,-0.1351054911799807,7.485351735715998,6.493030333518982,5.500708931321967,33.715369495375576,30.950247859492823,NICK
2004-05-07,5.878787994384766,5.99393892288208,5.8545451164245605,5.945455074310303,5.461259365081787,13530,5.8606061935424805,6.02969708442688,6.458484888076782,5.948363580703735,5.582424244880676,4.926848448514939,44.277870134781175,-0.062140610941533225,0.05356753042598557,-0.1157081413675188,7.47622112106204,6.458484888076782,5.440748655091524,35.53008447418546,33.421156754464015,NICK
2004-05-10,5.624241828918457,5.78787899017334,5.4848480224609375,5.56969690322876,5.116102695465088,18150,5.825454616546631,5.909090995788574,6.401515173912048,5.94909086227417,5.585878791809082,4.937757538557053,36.46295904433054,-0.09887374446605346,0.023079275447577763,-0.12195301991363122,7.482363433216189,6.401515173912048,5.320666914607908,30.276983919974143,33.17414596317862,NICK
2004-05-11,5.727272987365723,5.951515197753906,5.496970176696777,5.533332824707031,5.082699775695801,7590,5.766060543060303,5.820000076293946,6.313333320617676,5.948363580703735,5.589636359214783,4.948151477575302,35.80435854791288,-0.12942733688767039,-0.00742204701947187,-0.12200528986819852,7.375175630477072,6.313333320617676,5.251491010758279,24.8328464981723,30.213304964110858,NICK
2004-05-12,5.454545021057129,5.533332824707031,5.266666889190674,5.448484897613525,5.004761695861816,38940,5.675151538848877,5.749090957641601,6.2224242210388185,5.947151460647583,5.591999998092652,4.956302992105484,34.24988753838223,-0.1586588768506676,-0.03766941298571102,-0.12098946386495657,7.253091390314869,6.2224242210388185,5.191757051762768,17.952739635397176,24.354190017848097,NICK
2004-05-13,5.42424201965332,5.454545021057129,5.0,5.0,4.592801094055176,40755,5.499393939971924,5.661212158203125,6.139393925666809,5.935757522583008,5.59,4.962878751754761,27.462807985170596,-0.21552957518571159,-0.07324144542571114,-0.14228812976000044,7.277445880193585,6.139393925666809,5.001341971140033,11.457997132008643,18.081194421859596,NICK
2004-05-14,4.903029918670654,4.957575798034668,4.842423915863037,4.878787994384766,4.481461524963379,1363560,5.286060523986817,5.573333358764648,6.0436363697052,5.921939344406128,5.586666669845581,4.968272691965103,25.965200611070845,-0.2672995464068535,-0.1120530656219396,-0.15524648078491388,7.264547421047688,6.0436363697052,4.822725318362712,6.205232222541187,11.871989663315892,NICK
2004-05-17,4.848484992980957,5.048484802246094,4.848484992980957,4.896969795227051,4.498161315917969,275550,5.151515102386474,5.488484859466553,5.959090900421143,5.908484802246094,5.583515157699585,4.973575720787048,26.61168182171384,-0.30336351642566406,-0.1503151557826845,-0.15304836064297955,7.249734479756744,5.959090900421143,4.668447321085542,1.7967329718085567,6.486654108786351,NICK
2004-05-18,4.9636359214782715,5.181818008422852,4.9636359214782715,5.018181800842285,4.609503269195557,586740,5.048484897613525,5.407272720336914,5.867878794670105,5.899636316299438,5.581696977615357,4.979272689819336,30.941133278899567,-0.3184922957198051,-0.18395058377010862,-0.13454171194969647,7.153759348780092,5.867878794670105,4.581998240560118,6.272048865068087,4.758004686472833,NICK
2004-05-19,5.1878790855407715,5.1878790855407715,5.054544925689697,5.066667079925537,4.65403938293457,191070,4.972121334075927,5.323636436462403,5.774545502662659,5.891272697448731,5.580303039550781,4.985212085247039,32.652627903378665,-0.3228480145479491,-0.21173006992567672,-0.11111794462227237,7.0074258413618224,5.774545502662659,4.541665163963495,11.73914992385096,6.602643920242756,NICK
2004-05-20,5.1454548835754395,5.1454548835754395,5.072727203369141,5.078787803649902,4.665172576904297,71445,4.987878894805908,5.243636417388916,5.680000042915344,5.88315149307251,5.579333338737488,4.991818144321441,33.098994894106696,-0.32161453977662635,-0.23370696389586665,-0.0879075758807597,6.818146294157405,5.680000042915344,4.541853791673283,17.078988660676842,11.696729149865519,NICK
2004-05-21,5.151515007019043,5.151515007019043,5.00606107711792,5.00606107711792,4.598369121551514,46695,5.013333511352539,5.149697017669678,5.589697051048279,5.87357575416565,5.579090919494629,4.997757539749146,31.739667825702732,-0.3227845814338206,-0.25152248740345745,-0.07126209403036315,6.63719768599927,5.589697051048279,4.542196416097287,17.08130554521531,15.299814709914594,NICK
2004-05-24,5.00606107711792,5.090909004211426,5.00606107711792,5.060606002807617,4.648471832275391,49170,5.0460607528686525,5.098787927627564,5.503939461708069,5.86448483467102,5.578787889480591,5.003757539987564,33.931213307830426,-0.3156716618061326,-0.26435232228399247,-0.05131933952214013,6.421806323544917,5.503939461708069,4.586072599871221,16.915455212907926,17.025249806266917,NICK
2004-05-25,5.1878790855407715,5.1878790855407715,5.0363640785217285,5.084847927093506,4.670739650726318,124905,5.059393978118896,5.053939437866211,5.436969757080078,5.857696952819825,5.579575757980347,5.00948480963707,34.93110495899977,-0.3045676349547266,-0.2723953848181393,-0.03217225013658731,6.267798255599118,5.436969757080078,4.606141258561038,17.465326116344784,17.154028958156232,NICK
2004-05-26,5.1454548835754395,5.151515007019043,5.060606002807617,5.066667079925537,4.65403938293457,79200,5.059393978118896,5.015757656097412,5.382424306869507,5.852363634109497,5.580303039550781,5.014666630029678,34.50928772912216,-0.29384736656939214,-0.2766857811683899,-0.017161585401002266,6.158275638130444,5.382424306869507,4.60657297560857,19.478943639111083,17.953241656121488,NICK
2004-05-27,5.181818008422852,5.181818008422852,5.030303001403809,5.030303001403809,4.620635986328125,30195,5.049697017669677,5.018787956237793,5.340000057220459,5.845212116241455,5.5811515188217165,5.019454509019852,33.63442649561199,-0.28500044613168285,-0.27834871416104845,-0.0066517319706344,6.095161312239582,5.340000057220459,4.584838802201337,19.15542563325607,18.6998984629042,NICK
2004-05-28,5.060606002807617,5.1393938064575195,5.0363640785217285,5.090909004211426,4.676306247711182,27225,5.066666603088379,5.040000057220459,5.306666707992553,5.839757575988769,5.582848486900329,5.0241817796230315,36.52277025732433,-0.26998656298777846,-0.27667628392639443,0.006689720938615973,6.0437958766021715,5.306666707992553,4.569537539382935,19.60601614578295,19.413461806050254,NICK
2004-06-01,5.00606107711792,5.109090805053711,5.00606107711792,5.042424201965332,4.631770610809326,59730,5.063030242919922,5.054545497894287,5.27151517868042,5.8315151596069335,5.585333337783814,5.0281817805767055,35.20281827466894,-0.2590145126925245,-0.2731439296796204,0.01412941698709591,5.988365731929593,5.27151517868042,4.554664625431246,22.76390499811261,20.50844892571743,NICK
2004-06-02,5.042424201965332,5.084847927093506,5.030303001403809,5.060606002807617,4.648471832275391,30030,5.058181858062744,5.05878791809082,5.233030319213867,5.823757581710815,5.5884242486953735,5.031515115499497,36.13494225615862,-0.2460160445855477,-0.2677183526608059,0.021702308075258192,5.907120895737187,5.233030319213867,4.558939742690548,28.99847254305509,23.789464562317104,NICK
2004-06-03,5.090909004211426,5.121212005615234,5.0363640785217285,5.078787803649902,4.665172576904297,112530,5.060606002807617,5.059999990463257,5.191818213462829,5.816363639831543,5.591151518821716,5.035242389440537,37.1092342425853,-0.23157805788655939,-0.2604902937059566,0.028912235819397225,5.7939665446760555,5.191818213462829,4.589669882249603,44.33734457536095,32.03324070550977,NICK
2004-06-04,5.121212005615234,5.121212005615234,5.030303001403809,5.030303001403809,4.620635986328125,82995,5.060606002807617,5.055151510238647,5.149393963813782,5.808484859466553,5.592545456886292,5.038424209356308,35.55169310767629,-0.22149491227152396,-0.2526912174190701,0.03119630514754612,5.665354506602685,5.149393963813782,4.633433421024878,52.54532319093139,41.96038010311603,NICK
2004-06-07,4.939393997192383,5.1393938064575195,4.939393997192383,5.042424201965332,4.631770610809326,114510,5.050909042358398,5.058787822723389,5.104242420196533,5.800363645553589,5.593696970939636,5.041696935892105,36.27182772416392,-0.2101039199383523,-0.24417375792292653,0.03406983798457422,5.469764624463166,5.104242420196533,4.7387202159299,54.48523005001642,50.455965938769815,NICK
2004-06-08,5.1878790855407715,5.1878790855407715,5.030303001403809,5.030303001403809,4.620635986328125,147675,5.048484802246094,5.055757522583008,5.077272725105286,5.792000007629395,5.595939393043518,5.045515116453171,35.84054558725534,-0.19975194000771612,-0.23528939433988444,0.03553745433216832,5.374696423512095,5.077272725105286,4.779849026698477,43.87332800646245,50.30129374913698,NICK
2004-06-09,5.1878790855407715,5.1878790855407715,4.969696998596191,5.084847927093506,4.670739650726318,426030,5.053333187103272,5.055757522583008,5.054848480224609,5.781696968078613,5.59739393234253,5.04909087061882,39.33609765084808,-0.18501387687305115,-0.22523429084651778,0.04022041397346662,5.266656844524506,5.054848480224609,4.843040115924713,45.52830395059797,47.96228733569251,NICK
2004-06-10,5.090909004211426,5.248485088348389,5.060606002807617,5.248485088348389,4.82105016708374,39765,5.087272644042969,5.073939323425293,5.044848489761352,5.772242431640625,5.6011515140533445,5.053363600969314,48.41602162654344,-0.15830486438113844,-0.21184840555344192,0.05354354117230348,5.189665219915463,5.044848489761352,4.900031759607241,65.04052559499492,51.480719184018675,NICK
2004-06-14,5.303030014038086,5.43030309677124,5.090909004211426,5.296969890594482,4.865586280822754,18810,5.140606021881103,5.10060601234436,5.059696984291077,5.765696992874146,5.604181823730468,5.057878755331039,50.76735088761506,-0.13170722234213184,-0.1958201689111799,0.06411294656904806,5.239699031274295,5.059696984291077,4.879694937307859,77.12527123085873,62.564700258817425,NICK
2004-06-15,5.454545021057129,5.490909099578857,5.157576084136963,5.375758171081543,4.937957286834717,37455,5.2072728157043455,5.129090929031372,5.0845454931259155,5.760606098175049,5.6090909242630005,5.063090881109238,54.40450130441853,-0.10308257190414594,-0.17727264950977312,0.07419007760562718,5.292786376686737,5.0845454931259155,4.876304609565094,83.98683872904327,75.38421185163253,NICK
2004-06-16,5.454545021057129,5.4848480224609375,5.181818008422852,5.21818208694458,4.793215274810791,19470,5.2448486328125,5.146666717529297,5.100606107711792,5.752242460250854,5.610787897109986,5.06766664147377,46.93608848390388,-0.09205129326532013,-0.16022837826088251,0.06817708499556238,5.297754051083551,5.100606107711792,4.903458164340034,67.50333649709148,76.20514881899805,NICK
2004-06-17,5.284848213195801,5.363636016845703,5.21818208694458,5.254545211791992,4.8266167640686035,39765,5.278788089752197,5.1660606384277346,5.112424278259278,5.738545484542847,5.61400002002716,5.072727247476577,48.68665799233233,-0.07945877390786737,-0.1440744573902795,0.06461568348241212,5.3166039325732495,5.112424278259278,4.908244623945306,62.27109489131045,71.25375670581529,NICK
2004-06-18,5.266666889190674,5.478787899017334,5.266666889190674,5.381817817687988,4.94352388381958,50820,5.3054546356201175,5.196363639831543,5.1281818151474,5.72278790473938,5.618727288246155,5.078121186494827,54.36168722059941,-0.05853452637505008,-0.12696647118723361,0.06843194481218354,5.3622586464186375,5.1281818151474,4.894104983876162,62.63733730124776,64.13725622988345,NICK
2004-06-21,5.448484897613525,5.448484897613525,5.303030014038086,5.381817817687988,4.94352388381958,79695,5.322424221038818,5.231515121459961,5.143333315849304,5.703272743225098,5.623151526451111,5.083515125513077,54.3616872205994,-0.041473825016005605,-0.10986794195298802,0.06839411693698241,5.400727918991047,5.143333315849304,4.885938712707562,72.52740982058803,65.81194733771564,NICK
2004-06-22,5.369697093963623,5.369697093963623,5.3393940925598145,5.35151481628418,4.915688514709473,8085,5.317575550079345,5.262424182891846,5.160606002807617,5.677575759887695,5.6269697046279905,5.088636335134506,52.75072156159201,-0.030051875914881343,-0.09390472874536668,0.06385285283048533,5.4251013199436,5.160606002807617,4.896110685671633,78.38821061417089,71.18431924533577,NICK
2004-06-23,5.3333330154418945,5.363636016845703,5.3333330154418945,5.345455169677734,4.910123348236084,11055,5.343030166625977,5.293939399719238,5.174848461151123,5.650303039550781,5.6276363754272465,5.0938181555271145,52.4162144598314,-0.021243974486139905,-0.07937257789352133,0.05812860340738142,5.446841522104333,5.174848461151123,4.902855400197914,76.19046795623893,75.70202946366616,NICK
2004-06-24,5.369697093963623,5.393939018249512,5.284848213195801,5.3393940925598145,4.904555320739746,158235,5.359999942779541,5.3193940162658695,5.187575769424439,5.611151523590088,5.625030317306519,5.099121185541153,52.06060496814563,-0.014584605165493869,-0.06641498334791583,0.05183037818242196,5.465293830486684,5.187575769424439,4.9098577083621935,73.62639642887724,76.0683583330959,NICK
2004-06-25,5.303030014038086,5.393939018249512,5.303030014038086,5.309091091156006,4.876720905303955,41910,5.345454597473145,5.325454616546631,5.199696969985962,5.572000007629395,5.623151526451111,5.103969670534134,50.225941971391386,-0.011618277688191903,-0.055455642215971046,0.043837364527779143,5.476408082650053,5.199696969985962,4.922985857321871,71.06232490151554,73.62639642887746,NICK
2004-06-28,5.393939018249512,5.393939018249512,5.242424011230469,5.242424011230469,4.8154826164245605,51810,5.317575836181641,5.320000028610229,5.210303020477295,5.5436363697052,5.620484857559204,5.108666640520096,46.35551422113245,-0.014480001536921527,-0.047260514080161145,0.03278051254323962,5.476282988399694,5.210303020477295,4.944323052554896,63.962008446946186,69.5502432591132,NICK
2004-06-29,5.272727012634277,5.303030014038086,5.242424011230469,5.242424011230469,4.8154826164245605,71115,5.295757675170899,5.306666612625122,5.217878770828247,5.512606067657471,5.617757577896118,5.113424216508865,46.35551422113244,-0.01655707860886757,-0.04111982698590243,0.024562748377034857,5.4783996735363685,5.217878770828247,4.957357868120126,57.22802086180656,64.08411807008964,NICK
2004-06-30,5.242424011230469,5.393939018249512,5.242424011230469,5.321211814880371,4.88785457611084,34320,5.290909004211426,5.316969585418701,5.231818151473999,5.4872727203369145,5.615696964263916,5.118666640520096,51.48019532754189,-0.011710666580811768,-0.035237994904884294,0.023527328324072526,5.48296073621092,5.231818151473999,4.980675566737078,55.07146007271885,58.75382979382408,NICK
2004-07-01,5.393939018249512,5.393939018249512,5.327272891998291,5.393939018249512,4.954658508300781,49830,5.301817989349365,5.330908966064453,5.248484802246094,5.458303022384643,5.6143636226654055,5.124424215555191,55.68826649868441,-0.0019785649615107204,-0.02858610891620958,0.02660754395469886,5.496185032353218,5.248484802246094,5.000784572138969,62.88211071367484,58.39386388273363,NICK
2004-07-02,5.3575758934021,5.393939018249512,5.3333330154418945,5.393939018249512,4.954658508300781,24090,5.318787574768066,5.332121086120606,5.264242362976074,5.427515144348145,5.612545433044434,5.130181790590286,55.68826649868441,0.005668848728386244,-0.021735117387290413,0.027403966115676658,5.506799928594242,5.264242362976074,5.021684797357906,69.0765821580567,62.34338431481702,NICK
2004-07-06,5.4848480224609375,5.606060981750488,5.454545021057129,5.599999904632568,5.143938064575195,74580,5.390302753448486,5.3539392948150635,5.292727208137512,5.400121202468872,5.61309088230133,5.136545425653457,65.51593555556548,0.02803371536238508,-0.011781350837355313,0.039815066199740394,5.5519370216099535,5.292727208137512,5.03351739466507,81.74591756364293,71.23487014512504,NICK
2004-07-07,5.57575798034668,5.6666669845581055,5.56969690322876,5.606060981750488,5.149505615234375,36300,5.46303014755249,5.379393911361694,5.32090904712677,5.376000003814697,5.613999972343445,5.14306058049202,65.75650958272709,0.0457200789584018,-0.0002810648782038891,0.04600114383660569,5.58758892068808,5.32090904712677,5.054229173565461,85.32225603256497,78.71491858475508,NICK
2004-07-08,5.551515102386475,5.636363983154297,5.400000095367432,5.606060981750488,5.149505615234375,14025,5.519999980926514,5.405454492568969,5.349696946144104,5.3526060676574705,5.614848461151123,5.14987876534462,65.75650958272709,0.05905588999279221,0.01158632609599533,0.04746956389679688,5.6088786060761615,5.349696946144104,5.090515286212047,90.25737935588499,85.77518431736452,NICK
2004-07-09,5.43030309677124,5.672727108001709,5.43030309677124,5.630302906036377,5.171772480010986,16830,5.567272758483886,5.434545373916626,5.376969695091248,5.336727285385132,5.6165454292297365,5.156878765821457,66.82991437591672,0.07076500211384928,0.023422061299566123,0.04734294081428316,5.633716383232708,5.376969695091248,5.120223006949787,87.44722489261142,87.67562009368736,NICK
2004-07-12,5.545454978942871,5.969696998596191,5.545454978942871,5.848484992980957,5.372186183929443,28875,5.658181953430176,5.4884847640991214,5.406969690322876,5.330545463562012,5.619575729370117,5.1648484647274016,74.55938559778751,0.09653720798075405,0.03804509063580371,0.058492117344950335,5.728656711215575,5.406969690322876,5.085282669430177,86.39617633730022,88.03359352859911,NICK
2004-07-13,5.957575798034668,5.957575798034668,5.800000190734863,5.800000190734863,5.327650547027588,97350,5.698182010650635,5.5442423820495605,5.432121205329895,5.328969707489014,5.6216363430023195,5.172727254629135,70.62108554374335,0.11176123452942921,0.052788319414528814,0.058972915114900396,5.7918804974197915,5.432121205329895,5.072361913239998,83.38030281594676,85.74123468195303,NICK
2004-07-14,5.818181991577148,5.969696998596191,5.521212100982666,5.896969795227051,5.416722774505615,80850,5.756363773345948,5.609696960449218,5.45818178653717,5.331757583618164,5.624545431137085,5.180878769159317,73.62205836901671,0.1301507253799974,0.06826080060762253,0.06188992477237486,5.869632411343506,5.45818178653717,5.046731161730834,83.33335518836205,84.36994478053658,NICK
2004-07-15,5.757575988769531,5.969696998596191,5.757575988769531,5.8121209144592285,5.3387837409973145,8580,5.797575759887695,5.658787870407105,5.487878727912903,5.333090906143188,5.626666641235351,5.18863634467125,67.15781018878837,0.13630667529705498,0.08186997554550902,0.054436699751545956,5.911315374223961,5.487878727912903,5.064442081601844,81.66666885216965,82.79344228549307,NICK
2004-07-16,5.915152072906494,5.939393997192383,5.836363792419434,5.878787994384766,5.400021076202393,7260,5.847272777557373,5.70727276802063,5.519090867042541,5.33406060218811,5.63006058216095,5.196818164587021,69.42907924482655,0.14489453217431336,0.0944748868712699,0.050419645303043464,5.960763718706106,5.519090867042541,5.077418015378976,85.27777522802455,83.42593308951899,NICK
2004-07-19,5.939393997192383,5.939393997192383,5.636363983154297,5.848484992980957,5.372186183929443,18315,5.847272777557373,5.752727365493774,5.54242422580719,5.332969703674316,5.633090882301331,5.204939378499985,67.15566778140986,0.14755435688440421,0.10509078087389676,0.04246357601050746,6.001584813615361,5.54242422580719,5.0832636379990195,83.05555591980614,83.3333333333337,NICK
2004-07-20,5.909090995788574,5.927272796630859,5.769697189331055,5.8606061935424805,5.383319854736328,25410,5.859393978118897,5.778787994384766,5.566363644599915,5.332606067657471,5.635999975204467,5.213303014039993,67.61250209015809,0.1489236673785923,0.11385735817483586,0.035066309203756446,6.039253834348456,5.566363644599915,5.093473454851374,85.27779708305314,84.53704274362819,NICK
2004-07-21,5.878787994384766,5.878787994384766,5.78787899017334,5.78787899017334,5.316516399383545,39600,5.837575817108155,5.796969795227051,5.588181853294373,5.329454545974731,5.638909063339233,5.221181803941727,62.036988045905716,0.14249775291150257,0.11958543712216921,0.022912315789333365,6.059671832506085,5.588181853294373,5.11669187408266,80.01050302413886,82.78128534233296,NICK
2004-07-22,5.927272796630859,5.939393997192383,5.793939113616943,5.878787994384766,5.400021076202393,19635,5.850909233093262,5.824242496490479,5.614848494529724,5.335636367797852,5.642363615036011,5.229757562875748,65.83010510422052,0.14309129885972016,0.1242866094696794,0.018804689390040763,6.088731917681395,5.614848494529724,5.140965071378053,80.80415366911465,82.03081792543581,NICK
2004-07-23,5.78787899017334,5.878787994384766,5.727272987365723,5.824242115020752,5.349917411804199,14520,5.840000057220459,5.843636417388916,5.639090895652771,5.341454553604126,5.644909067153931,5.237818168401718,61.83775146577295,0.13757441942418858,0.12694417146058123,0.010630247963607342,6.103643190703232,5.639090895652771,5.17453860060231,77.29348803810095,79.3693815771184,NICK
2004-07-26,5.6424241065979,5.78787899017334,5.6424241065979,5.78181791305542,5.310948371887207,48180,5.826666641235351,5.836969709396362,5.662727236747742,5.348121213912964,5.647636337280273,5.245545438528061,58.84840947929534,0.12830001151109105,0.1272153394706832,0.0010846720404078525,6.105297405716426,5.662727236747742,5.220157067779057,75.73451679953679,77.94405283558439,NICK
2004-07-27,5.636363983154297,5.721211910247803,5.618182182312012,5.654544830322266,5.194040298461914,53130,5.785454368591308,5.8224241733551025,5.6833332777023315,5.361212110519409,5.648484816551209,5.25299998164177,50.89893890003327,0.10941879060318627,0.12365602969718381,-0.014237239093997545,6.081896132023477,5.6833332777023315,5.284770423381186,62.05665774702087,71.69488752821978,NICK
2004-07-28,5.6606059074401855,5.739394187927246,5.545454978942871,5.739394187927246,5.271980285644531,45870,5.7757574081420895,5.806666612625122,5.70818178653717,5.378424234390259,5.650181789398193,5.26093937754631,55.23994837887201,0.10014748319820832,0.11895432039738871,-0.018806837199180387,6.051883581932925,5.70818178653717,5.364479991141415,56.33511966531336,64.7087647372906,NICK
2004-07-29,5.745454788208008,5.848484992980957,5.624241828918457,5.8121209144592285,5.3387837409973145,26400,5.762423992156982,5.806666612625122,5.7327272415161135,5.396727256774902,5.652606029510498,5.269636346101761,58.6171027597742,0.09754391873591217,0.1146722400650934,-0.017128321329181226,6.029261427382757,5.7327272415161135,5.43619305564947,55.61631146549508,58.00269629261002,NICK
2004-07-30,5.8121209144592285,5.818181991577148,5.757575988769531,5.818181991577148,5.344350814819336,8580,5.761211967468261,5.80060601234436,5.753939390182495,5.4127272605896,5.656181788444519,5.278757561445236,58.89545239792754,0.09487598214681459,0.11071298848143764,-0.015837006334623052,6.008178870201178,5.753939390182495,5.499699910163812,62.794818855494206,58.24874999543447,NICK
2004-08-02,5.5151519775390625,5.842423915863037,5.5151519775390625,5.78787899017334,5.316516399383545,46530,5.762424182891846,5.794545412063599,5.773636388778686,5.427151498794555,5.659212098121643,5.289363621473313,56.83708870644894,0.08928717721833568,0.10642782622881725,-0.017140649010481568,5.967017235597959,5.773636388778686,5.5802555419594135,63.69368267837351,60.70160433312119,NICK
2004-08-03,5.78181791305542,5.78181791305542,5.454545021057129,5.684847831726074,5.2218756675720215,13695,5.768484783172608,5.776969575881958,5.777878785133362,5.439272699356079,5.661212096214294,5.298969680070877,50.38883273843234,0.07567195641853974,0.10027665226676175,-0.024604695848222002,5.959182166393994,5.777878785133362,5.5965754038727304,56.974017242327854,61.154172925398775,NICK
2004-08-04,5.690908908843994,5.751514911651611,5.606060981750488,5.715151786804199,5.249711513519287,24420,5.763636302947998,5.769696855545044,5.783333325386048,5.453454513549804,5.663515133857727,5.308303014039994,52.10979961860572,0.06655981167942215,0.09353328414929382,-0.026973472469871668,5.949569818885828,5.783333325386048,5.6170968318862675,52.81863018758053,57.828776702760884,NICK
2004-08-05,5.5151519775390625,5.6424241065979,5.5151519775390625,5.606060981750488,5.149505615234375,19635,5.72242431640625,5.742424154281617,5.783333325386048,5.464363613128662,5.664424223899841,5.316333318948746,45.932650438774964,0.049959750165236905,0.08481857735248244,-0.034858827187245534,5.949569818885828,5.783333325386048,5.6170968318862675,43.23534193021413,51.00932978670776,NICK
2004-08-06,5.727272987365723,5.727272987365723,5.454545021057129,5.56969690322876,5.116102695465088,16500,5.672727298736572,5.716969633102417,5.780303025245667,5.474060592651367,5.665878772735596,5.324212108850479,44.05782489203775,0.033483823909765675,0.07455162666393908,-0.041067802754173405,5.959306609624599,5.780303025245667,5.601299440866735,36.25009261062309,44.10135490947284,NICK
2004-08-09,5.696969985961914,5.696969985961914,5.393939018249512,5.496970176696777,5.0492987632751465,68310,5.61454553604126,5.688484859466553,5.762727284431458,5.482666654586792,5.667515144348145,5.331969684362411,40.497619988015096,0.014392190408941907,0.06251973941293965,-0.04812754900399774,5.977045741472199,5.762727284431458,5.548408827390717,24.62973918801718,34.70505790961839,NICK
2004-08-10,5.4424238204956055,5.56969690322876,5.400000095367432,5.472726821899414,5.027029514312744,15510,5.572121334075928,5.670303058624268,5.746363615989685,5.491515130996704,5.668363623619079,5.339636348485946,39.35593692579361,-0.0026635985047009925,0.049483071829411515,-0.05214667033411251,5.994160956963686,5.746363615989685,5.498566275015683,19.027833841968828,26.635888546869953,NICK
2004-08-11,5.412120819091797,5.4848480224609375,5.412120819091797,5.4848480224609375,5.038163185119629,4620,5.526060581207275,5.644848442077636,5.725757527351379,5.499393911361694,5.669575743675232,5.34724240899086,40.262711155041075,-0.015029108309573047,0.0365806358016146,-0.05160974411118765,5.988144103846306,5.725757527351379,5.4633709508564525,17.361137671032896,20.339570233673225,NICK
2004-08-12,5.412120819091797,5.775757789611816,5.0363640785217285,5.309091091156006,4.876720905303955,62205,5.466666603088379,5.594545459747314,5.700606036186218,5.504727249145508,5.668121204376221,5.354090894460678,32.64137908583108,-0.03856640984700821,0.021551226671890036,-0.060117636518898246,6.016116388436691,5.700606036186218,5.385095683935745,22.258817381306482,19.549262964769657,NICK
2004-08-13,5.248485088348389,5.4848480224609375,5.242424011230469,5.254545211791992,4.8266167640686035,12210,5.403636264801025,5.538181781768799,5.66939389705658,5.508606033325195,5.666181807518005,5.361212105751037,30.699200740012117,-0.060919050603700065,0.005057171216772016,-0.06597622182047208,6.028690823883646,5.66939389705658,5.310096970229513,26.39921003557296,22.006388362637704,NICK
2004-08-16,5.509090900421143,5.509090900421143,5.369697093963623,5.393939018249512,4.954658508300781,7590,5.383030033111572,5.498787784576416,5.6466665983200075,5.514909057617188,5.665636348724365,5.368333315849304,40.450547391648705,-0.06661783528992515,-0.009277830084567418,-0.05734000520535774,6.015161530605048,5.6466665983200075,5.278171666034967,34.825811055377606,27.827946157419273,NICK
2004-08-17,5.6666669845581055,5.6666669845581055,5.393939018249512,5.460606098175049,5.015895843505859,24255,5.380605888366699,5.476363611221314,5.626666593551636,5.523515119552612,5.665999989509583,5.375484831333161,44.47466079632106,-0.06500534585869211,-0.020423333239392355,-0.044582012619299755,5.98992708716317,5.626666593551636,5.263406099940101,41.044712876581286,34.08991132251087,NICK
2004-08-18,5.21212100982666,5.636363983154297,5.21212100982666,5.454545021057129,5.010327339172363,11715,5.374545288085938,5.450302934646606,5.609999895095825,5.531757535934449,5.666060590744019,5.3822121024131775,44.182336992397,-0.06348470250335758,-0.029035607092185403,-0.03444909541117218,5.972731683953528,5.609999895095825,5.247268106238122,49.38272718958766,41.75108370718244,NICK
2004-08-19,5.454545021057129,5.454545021057129,5.272727012634277,5.43636417388916,4.993628025054932,17985,5.399999904632568,5.433333253860473,5.587878704071045,5.539878759384155,5.665939383506775,5.388666648864746,43.26374089594279,-0.06302016685655687,-0.0358325190450597,-0.02718764781149717,5.9360129117416065,5.587878704071045,5.239744496400483,51.24751156553585,47.22498387723519,NICK
2004-08-20,5.448484897613525,5.454545021057129,5.3333330154418945,5.454545021057129,5.010327339172363,16005,5.4399998664855955,5.42181806564331,5.569393849372863,5.547272701263427,5.66448483467102,5.395363614559174,44.50626424042648,-0.060487711896444196,-0.0407635576153366,-0.019724154281107596,5.904375503998351,5.569393849372863,5.234412194747375,52.53375213602836,51.05466363038422,NICK
2004-08-23,5.472726821899414,5.478787899017334,5.393939018249512,5.478787899017334,5.032596588134766,29205,5.4569696426391605,5.419999837875366,5.554242348670959,5.551878757476807,5.6620605945587155,5.402060585021973,46.19824358209745,-0.0558803713138154,-0.04378692035503236,-0.012093450958783045,5.876595459596283,5.554242348670959,5.231889237745635,55.18588110060941,52.98904826739147,NICK
2004-08-24,5.472726821899414,5.472726821899414,5.448484897613525,5.448484897613525,5.004761695861816,5610,5.454545402526856,5.417575645446777,5.5439393520355225,5.554909057617188,5.660303025245667,5.408666644096375,44.37689061589446,-0.054051151638113026,-0.04583976661164849,-0.008211385026464534,5.865982410166403,5.5439393520355225,5.221896293904642,57.22373098917694,54.98112140860516,NICK
2004-08-25,5.636363983154297,5.636363983154297,5.393939018249512,5.4424238204956055,5.027153968811035,24420,5.452121162414551,5.413333225250244,5.529090833663941,5.556242370605469,5.658424234390258,5.4149696731567385,44.00320890006412,-0.05248553950686308,-0.04716892119069141,-0.005316618316171667,5.840940764484885,5.529090833663941,5.217240902842996,56.830542945912306,56.413385011899805,NICK
2004-08-26,5.387878894805908,5.490909099578857,5.375758171081543,5.448484897613525,5.03275203704834,42075,5.454545307159424,5.427272605895996,5.5109090328216555,5.560848426818848,5.656545443534851,5.421151492595673,44.50644548478466,-0.050177289782011414,-0.04777059490895541,-0.0024066948730560034,5.795876269331169,5.5109090328216555,5.225941796312142,55.46442360834798,56.50623251447933,NICK
2004-08-27,5.43030309677124,5.454545021057129,5.363636016845703,5.42424201965332,5.010360240936279,11880,5.448484706878662,5.444242286682129,5.491212034225464,5.564242362976074,5.651393923759461,5.427060582637787,42.8477887044768,-0.04973091584874556,-0.04816265909691344,-0.0015682567518321214,5.740758300210155,5.491212034225464,5.2416657682407735,54.371506641532754,55.5554910652646,NICK
2004-08-30,5.254545211791992,5.509090900421143,5.254545211791992,5.412120819091797,4.9991631507873535,17490,5.435151290893555,5.446060466766357,5.472424125671386,5.56484842300415,5.6438181638717655,5.432848460674286,42.00488195447167,-0.0497813919760377,-0.04848640567273829,-0.0012949863032994113,5.68339858940474,5.472424125671386,5.261449661938033,53.005387303968426,54.28043918461665,NICK
2004-08-31,5.254545211791992,5.496970176696777,5.254545211791992,5.4848480224609375,5.066341876983643,10725,5.442423915863037,5.448484659194946,5.4624241352081295,5.5669090270996096,5.635090885162353,5.438909065723419,48.545388107070224,-0.043452029220382826,-0.047479530382267196,0.00402750116188437,5.649817650501469,5.4624241352081295,5.27503061991479,54.64470901228185,54.00720098592794,NICK
2004-09-01,5.599999904632568,5.599999904632568,5.454545021057129,5.4848480224609375,5.066341876983643,21780,5.450908756256103,5.451514959335327,5.450908946990967,5.569575691223145,5.62357572555542,5.444515125751495,48.54538810707023,-0.03799794695631853,-0.04558321369707746,0.007585266740758934,5.598936796745461,5.450908946990967,5.302881097236472,57.158361026600346,54.93615244761713,NICK
2004-09-02,5.454545021057129,5.503029823303223,5.454545021057129,5.466667175292969,5.04954719543457,22440,5.454545211791992,5.454545259475708,5.443939256668091,5.57199993133545,5.6111514854431155,5.449181797504425,47.00836065932521,-0.03474210453540749,-0.04341499186474347,0.00867288732933598,5.574143602002657,5.443939256668091,5.313734911333524,58.8852001760892,56.89609007165739,NICK
2004-09-03,5.56969690322876,5.56969690322876,5.393939018249512,5.448484897613525,5.03275203704834,30195,5.459393787384033,5.4539392471313475,5.437878656387329,5.574181747436524,5.5926666355133055,5.454454526901245,45.4582413402574,-0.0332457475300858,-0.04138114299781194,0.00813539546772614,5.554700672623891,5.437878656387329,5.321056640150767,55.99998741151354,57.34784953806795,NICK
2004-09-07,5.460606098175049,5.5151519775390625,5.4424238204956055,5.448484897613525,5.03275203704834,30525,5.466666603088379,5.450908946990967,5.435454392433167,5.576969623565674,5.574484815597534,5.458939375877381,45.458241340257395,-0.03169451913526,-0.039443818225301554,0.007749299090041552,5.549243724845098,5.435454392433167,5.321665060021235,54.571453662766494,56.48554708345666,NICK
2004-09-08,5.599999904632568,5.599999904632568,5.42424201965332,5.4848480224609375,5.066341876983643,35310,5.466666603088379,5.454545259475708,5.436060452461243,5.581818103790283,5.562727236747742,5.463939375877381,49.33343791267911,-0.027217216055928084,-0.03699849779142686,0.009781281735498776,5.55076285990559,5.436060452461243,5.321358045016896,56.01052611146363,55.52732239524814,NICK
2004-09-09,5.43030309677124,5.478787899017334,5.42424201965332,5.42424201965332,5.010360240936279,5445,5.454545402526856,5.4527270793914795,5.433030152320862,5.58545446395874,5.549030265808105,5.4681211900711055,43.75364630128134,-0.028233856704285465,-0.03524556957399858,0.007011712869713117,5.545599246975113,5.433030152320862,5.320461057666611,53.49197198848672,54.6913172542392,NICK
2004-09-10,5.448484897613525,5.448484897613525,5.418181896209717,5.42424201965332,5.010360240936279,10725,5.446060371398926,5.450302791595459,5.4387876987457275,5.587515068054199,5.5373938941955565,5.47245451927185,43.75364630128134,-0.028708616680014565,-0.03393817899520178,0.005229562315187217,5.536165682841856,5.4387876987457275,5.341409714649599,49.73532551049135,53.079274536814154,NICK
2004-09-13,5.393939018249512,5.472726821899414,5.393939018249512,5.43030309677124,5.015958786010742,9240,5.442424011230469,5.450908899307251,5.44757559299469,5.588242349624633,5.523272686004638,5.476757550239563,44.4819530148581,-0.028269911173756768,-0.03280452543091278,0.004534614257156011,5.496554183619936,5.44757559299469,5.398597002369445,44.973474271042114,49.40025725667365,NICK
2004-09-14,5.393939018249512,5.448484897613525,5.393939018249512,5.43636417388916,5.021557331085205,2145,5.4399998664855955,5.453333234786987,5.4496968507766725,5.589090852737427,5.508302998542786,5.48030300617218,45.245480361428825,-0.027120527076270662,-0.031667725759984354,0.004547198683713692,5.492483135435782,5.4496968507766725,5.406910566117563,46.031755943311985,46.91351857494874,NICK
2004-09-15,5.43636417388916,5.472726821899414,5.42424201965332,5.454545021057129,5.038350582122803,2640,5.433939266204834,5.450302934646606,5.449393796920776,5.586181755065918,5.493151478767395,5.483333306312561,47.5745453731359,-0.024460622643744934,-0.03022630513673647,0.005765682492991538,5.4919519618675885,5.449393796920776,5.406835631973964,50.515197108005225,47.17347577412003,NICK
2004-09-16,5.472726821899414,5.472726821899414,5.42424201965332,5.472726821899414,5.055144786834717,78210,5.443636226654053,5.449090814590454,5.4503028869628904,5.583515071868897,5.479757537841797,5.486515121459961,49.87100138401476,-0.020647498332907688,-0.028310543775970715,0.0076630454430630275,5.4940232553709265,5.4503028869628904,5.406582518554854,56.22388097986616,50.92361134372805,NICK
2004-09-17,5.472726821899414,5.472726821899414,5.363636016845703,5.363636016845703,4.954378128051758,20130,5.431515026092529,5.4387876987457275,5.446666479110718,5.578666572570801,5.465636320114136,5.488515121936798,38.86932515578132,-0.02612710905282878,-0.027873856831342327,0.0017467477785135486,5.504302826116817,5.446666479110718,5.389030132104619,50.877122755776384,52.53873361454951,NICK
2004-09-20,5.472726821899414,5.472726821899414,5.3333330154418945,5.381817817687988,4.97117280960083,8250,5.421817970275879,5.432120990753174,5.443030118942261,5.573696870803833,5.455212078094482,5.490727241039276,41.197625837309815,-0.028672106455059243,-0.02803350675608571,-0.0006385996989735319,5.5070434888592725,5.443030118942261,5.379016749025249,43.85958858256586,50.32019743940305,NICK
2004-09-21,5.454545021057129,5.454545021057129,5.369697093963623,5.393939018249512,4.982368469238281,40095,5.413332939147949,5.426666402816773,5.438787674903869,5.564605951309204,5.4475757074356075,5.492999966144562,42.76276144586056,-0.029372369258679143,-0.028301279256604396,-0.0010710900020747469,5.50399489589008,5.438787674903869,5.373580453917659,30.382730092193004,41.706480476845336,NICK
2004-09-22,5.472726821899414,5.5151519775390625,5.454545021057129,5.454545021057129,5.038350582122803,16005,5.413332939147949,5.423636102676392,5.43909068107605,5.55769684791565,5.443333277702331,5.4951211762428285,49.93776373915163,-0.024751613461948097,-0.027591346097673136,0.0028397326357250396,5.504531234127272,5.43909068107605,5.373650128024828,35.00791689089463,36.416745188551424,NICK
2004-09-23,5.509090900421143,5.509090900421143,5.387878894805908,5.393939018249512,4.982368469238281,81675,5.397575378417969,5.420605802536011,5.436666440963745,5.547636232376099,5.439696907997131,5.496636326313019,43.99809857577482,-0.025683960415407547,-0.02720986896122002,0.001525908545812471,5.5049633720125595,5.436666440963745,5.368369509914931,30.30297611703492,31.89787436670777,NICK
2004-09-24,5.448484897613525,5.448484897613525,5.35151481628418,5.35151481628418,4.943181991577148,20460,5.395151138305664,5.413333082199097,5.431817936897278,5.538424110412597,5.435757508277893,5.497181780338288,40.37769397268926,-0.02950600379309698,-0.02766909592759541,-0.0018369078655015685,5.50923023228742,5.431817936897278,5.354405641507135,24.999955296553825,30.103616101494712,NICK
2004-09-27,5.3333330154418945,5.5151519775390625,5.3333330154418945,5.412120819091797,4.9991631507873535,33495,5.401211738586426,5.411514854431152,5.4312118768692015,5.529090766906738,5.431575684547425,5.497575719356536,47.07733521264686,-0.027329564576797694,-0.027601189657435868,0.00027162508063817425,5.509040603108901,5.4312118768692015,5.353383150629502,19.69693447607273,24.99995529655408,NICK
2004-09-28,5.448484897613525,5.4848480224609375,5.448484897613525,5.4848480224609375,5.066341876983643,15510,5.419393539428711,5.41636323928833,5.4348482370376585,5.521818027496338,5.427393865585327,5.498242385387421,53.78797202448348,-0.01951132885849205,-0.025983217497647104,0.006471888639155054,5.515513543659328,5.4348482370376585,5.354182930415989,39.89882252497429,28.198570765867206,NICK
2004-09-29,5.3393940925598145,5.4848480224609375,5.3393940925598145,5.454545021057129,5.038350582122803,31020,5.419393539428711,5.41636323928833,5.433333086967468,5.5136968040466305,5.423151435852051,5.498999960422516,50.89231147588015,-0.015580912622989551,-0.023902756522715594,0.008321843899726043,5.511277335793755,5.433333086967468,5.355388838141181,59.8482049787249,39.814653993257565,NICK
2004-09-30,5.43030309677124,5.4848480224609375,5.400000095367432,5.412120819091797,4.9991631507873535,148995,5.423029899597168,5.410302639007568,5.429696726799011,5.506181640625,5.417818093299866,5.500121169090271,47.07168205591643,-0.015708233249125847,-0.022263851867997644,0.006555618618871797,5.504407153179167,5.429696726799011,5.354986300418855,64.44410642133192,54.73037797501063,NICK
2004-10-01,5.448484897613525,5.478787899017334,5.448484897613525,5.454545021057129,5.038350582122803,51315,5.443635940551758,5.419393539428711,5.429090619087219,5.497696781158448,5.41666657447815,5.501272683143616,51.030732456154716,-0.012244707847878011,-0.020260023063973717,0.008015315216095706,5.502781209238151,5.429090619087219,5.3554000289362875,58.88858000569987,61.06029713525249,NICK
2004-10-04,5.5151519775390625,5.636363983154297,5.4848480224609375,5.630302906036377,5.200697898864746,31350,5.4872723579406735,5.44424204826355,5.438181519508362,5.49381799697876,5.417636275291443,5.503636317253113,63.28383505251461,0.004628993280764604,-0.015282219795026052,0.019911213075790656,5.552731833654046,5.438181519508362,5.323631205362678,69.33309065594486,64.2219256943258,NICK
2004-10-05,5.460606098175049,5.696969985961914,5.460606098175049,5.6606059074401855,5.228687763214111,17655,5.522423934936524,5.470908737182617,5.448787569999695,5.491393756866455,5.4197574853897095,5.5058787417411805,64.91392927377026,0.020213710877802882,-0.008183033660460266,0.028396744538263147,5.598937864678293,5.448787569999695,5.298637275321097,84.88868700730161,71.03678588964904,NICK
2004-10-06,5.678788185119629,5.684847831726074,5.618182182312012,5.636363983154297,5.206295967102051,7920,5.558787727355957,5.489090633392334,5.456363368034363,5.491030139923096,5.426121125221252,5.508060562610626,62.52249831607125,0.030259775309909642,-0.0004944718663862846,0.030754247176295928,5.626928461288156,5.456363368034363,5.28579827478057,90.44437369255114,81.55538378526613,NICK
2004-10-07,5.636363983154297,5.6606059074401855,5.606060981750488,5.64848518371582,5.217491626739502,14025,5.606060600280761,5.514545249938965,5.467575526237487,5.489211959838867,5.433818097114563,5.5102423834800724,63.25149055966545,0.038752716145556754,0.007354965736002324,0.03139775040955443,5.6566929587448875,5.467575526237487,5.278458093730087,86.66665792466678,87.33323954150677,NICK
2004-10-08,5.606060981750488,5.684847831726074,5.581818103790283,5.64848518371582,5.217491626739502,31515,5.6448486328125,5.544242286682129,5.478787684440613,5.4859392452239994,5.441333250999451,5.512424204349518,63.25149055966545,0.044965103225957925,0.014876993233993444,0.03008810999196448,5.682337814843635,5.478787684440613,5.2752375540375915,85.55559343755556,87.55554168492476,NICK
2004-10-11,5.6424241065979,5.684847831726074,5.636363983154297,5.672727108001709,5.239884376525879,14025,5.653333473205566,5.57030291557312,5.490908885002137,5.4830301475524905,5.447878704071045,5.5147878408432005,64.83790913712572,0.05125376395020709,0.022152347377236176,0.029101416572970912,5.709763426944552,5.490908885002137,5.272054343059721,88.88887431888902,87.03704189370404,NICK
2004-10-12,5.727272987365723,5.727272987365723,5.545454978942871,5.654544830322266,5.223089218139648,10725,5.652121257781983,5.587272596359253,5.501817917823791,5.480363464355468,5.453757481575012,5.517030260562897,62.65323125629673,0.054146250754604,0.02855112805270974,0.025595122701894256,5.7302508444313816,5.501817917823791,5.273384991216201,87.17939515569908,87.20795430404814,NICK
2004-10-13,5.636363983154297,5.715151786804199,5.636363983154297,5.636363983154297,5.206295967102051,3630,5.652121257781983,5.6054544925689695,5.51090886592865,5.4793937873840335,5.4593332433700565,5.519333291053772,60.45954849153705,0.05434506883861445,0.03370991620989068,0.02063515262872377,5.74548210394642,5.51090886592865,5.27633562791088,83.93153887385141,86.66660278281343,NICK
2004-10-14,5.6606059074401855,5.739394187927246,5.6606059074401855,5.727272987365723,5.290269374847412,16335,5.667878818511963,5.636969709396363,5.5236361742019655,5.479636211395263,5.466545362472534,5.522818140983581,66.73196594263115,0.06113352130490579,0.0391946372288937,0.02193888407601209,5.775524600697554,5.5236361742019655,5.271747747706377,85.15877643936473,85.423236822972,NICK
2004-10-15,5.6666669845581055,5.78787899017334,5.636363983154297,5.757575988769531,5.318259239196777,82830,5.689696979522705,5.6672728061676025,5.543333172798157,5.482666511535644,5.473515062332154,5.526151475906372,68.524351538465,0.06817276455937105,0.044990262694989167,0.02318250186438188,5.803566625076677,5.543333172798157,5.283099720519637,89.06043853338174,86.05025128219955,NICK
2004-10-18,5.78787899017334,5.818181991577148,5.763636112213135,5.818181991577148,5.374241352081299,57255,5.718787956237793,5.6860607147216795,5.565151381492615,5.487636213302612,5.4808484029769895,5.530212080478668,71.79710085678745,0.07774561047205886,0.0515413322504031,0.026204278221655754,5.840302695158081,5.565151381492615,5.290000067827148,96.7527276036739,90.32398085880705,NICK
2004-10-19,5.909090995788574,6.315152168273926,5.878787994384766,6.1878790855407715,5.715729236602783,68640,5.825454807281494,5.738788032531739,5.604848384857178,5.501454391479492,5.4920605230331425,5.536181781291962,83.24299198730183,0.11385121963183842,0.06400330972669016,0.04984790990514826,5.980481265632659,5.604848384857178,5.229215504081696,93.11197843109619,92.97504818938421,NICK
2004-10-20,6.21212100982666,6.230302810668945,6.096970081329346,6.230302810668945,5.754915714263916,52800,5.9442425727844235,5.7981819152832035,5.643636274337768,5.516605911254882,5.504060521125793,5.542606019973755,84.04328108059805,0.14422586904494583,0.0800478215903413,0.06417804745460454,6.100585382180046,5.643636274337768,5.18668716649549,92.10079373209207,93.98849992228766,NICK
2004-10-21,6.242424011230469,6.272727012634277,6.206060886383057,6.266666889190674,5.7885050773620605,86625,6.052121353149414,5.860000085830689,5.687272667884827,5.532242288589478,5.515818099975586,5.549333293437957,84.71704273365415,0.16928090981711996,0.09789443923569703,0.07138647058142293,6.2033633898125355,5.687272667884827,5.171181945957118,90.20952534295218,91.80743250204709,NICK
2004-10-22,6.3333330154418945,6.3333330154418945,6.230302810668945,6.2909088134765625,5.810898303985596,39435,6.1587879180908205,5.924242448806763,5.734242367744446,5.551878643035889,5.528302946090698,5.5568181419372555,85.16669803648357,0.1889156290566767,0.11609867719989296,0.07281695185678373,6.289087999169,5.734242367744446,5.179396736319891,93.22492756920002,91.84508221474836,NICK
2004-10-25,6.3333330154418945,6.363636016845703,6.1878790855407715,6.3333330154418945,5.85008430480957,33165,6.26181812286377,5.990303039550781,5.78030297756195,5.573454399108886,5.541030216217041,5.564727232456208,85.94599621540743,0.205530338258046,0.13398500941152358,0.07154532884652243,6.372246233300482,5.78030297756195,5.188359721823419,95.253794224587,92.89608237891333,NICK
2004-10-26,6.3333330154418945,6.3333330154418945,6.199999809265137,6.272727012634277,5.794103145599365,23100,6.27878770828247,6.052121257781982,5.819696927070618,5.591030158996582,5.552969608306885,5.572060563564301,79.51879006107634,0.21137066759916046,0.14946214104905095,0.061908526550109505,6.432254552888286,5.819696927070618,5.20713930125295,93.4413589100232,93.97336023460367,NICK
2004-10-27,6.363636016845703,6.606060981750488,6.21818208694458,6.4848480224609375,5.99003791809082,33495,6.329696750640869,6.136969661712646,5.871212077140808,5.6115149974823,5.567515058517456,5.580030257701874,84.02240067555954,0.23045897578593078,0.16566150799642693,0.06479746778950385,6.524227861978424,5.871212077140808,5.218196292303192,91.25217803835768,93.31577705765623,NICK
2004-10-28,6.6666669845581055,6.6666669845581055,6.309091091156006,6.454545021057129,5.962048053741455,34815,6.36727237701416,6.209696865081787,5.923333287239075,5.6315149974823,5.581636266708374,5.587666618824005,81.27299924003142,0.24037055643809957,0.18060331768476146,0.059767238753338114,6.587762095409583,5.923333287239075,5.258904479068566,86.18041664478653,90.2913178643894,NICK
2004-10-29,6.636363983154297,6.636363983154297,6.4848480224609375,6.593938827514648,6.090806007385254,47355,6.427878379821777,6.2933331489562985,5.9803029775619505,5.65466649055481,5.597272624969483,5.5966060090065,83.8852204578459,0.25651650810307025,0.19578595576842323,0.060730552334647026,6.669123221960032,5.9803029775619505,5.291482733163869,87.72193167292544,88.38484211869014,NICK
2004-11-01,6.606060981750488,6.757575988769531,6.363636016845703,6.715151786804199,6.202770233154297,66000,6.5042421340942385,6.383030128479004,6.034545421600342,5.679878625869751,5.613575663566589,5.605484797954559,85.74703797675102,0.27591261504199327,0.21181128762313722,0.06410132741885605,6.773602187097387,6.034545421600342,5.295488656103297,90.270221841165,88.05752338629259,NICK
2004-11-02,6.727272987365723,6.727272987365723,6.6666669845581055,6.684847831726074,6.174777984619141,39435,6.586666297912598,6.4327270030975345,6.085757517814637,5.703999824523926,5.6279392910003665,5.614545402526855,83.16023475416752,0.2855472822951226,0.2265584865575343,0.058988795737588307,6.855385142257322,6.085757517814637,5.316129893371951,94.41436246040591,90.80217199149905,NICK
2004-11-03,6.672727108001709,6.939393997192383,6.672727108001709,6.690908908843994,6.180377006530762,61050,6.627878475189209,6.478787612915039,6.138484764099121,5.728848304748535,5.641878681182861,5.623030252456665,83.26895303205205,0.29032521541401657,0.23931183232883074,0.051013383085185826,6.922102503635688,6.138484764099121,5.354867024562554,90.2199544428438,91.6348462481385,NICK
2004-11-04,6.878787994384766,6.878787994384766,6.6666669845581055,6.818181991577148,6.297937870025635,20625,6.700605869293213,6.5339391231536865,6.196969604492187,5.756363468170166,5.656302919387818,5.632696921825409,85.4004188187274,0.30091289935295773,0.25163204573365616,0.04928085361930157,6.999934486629815,6.196969604492187,5.394004722354559,88.04479269547272,90.89303653290774,NICK
2004-11-05,6.878787994384766,6.878787994384766,6.678788185119629,6.872726917266846,6.348321437835693,47685,6.756363487243652,6.592120933532715,6.258181691169739,5.784848308563232,5.67284836769104,5.6418181324005126,86.2111656786412,0.3101300486552603,0.263331646317977,0.046798402337283274,7.0711561562739,6.258181691169739,5.445207226065578,88.11173017348138,88.79215910393289,NICK
2004-11-08,6.878787994384766,7.206060886383057,6.866666793823242,7.084847927093506,6.544257640838623,61710,6.830302715301514,6.667272424697876,6.328787732124328,5.818060426712036,5.691151394844055,5.6525757074356076,88.81296545500851,0.33073855047480105,0.2768130271493418,0.053925523325459246,7.170874798980886,6.328787732124328,5.486700665267771,90.82531408721492,88.9939456520566,NICK
2004-11-09,7.21212100982666,7.21212100982666,7.012121200561523,7.090909004211426,6.549855709075928,33165,6.911514949798584,6.749090623855591,6.400605940818787,5.851636190414428,5.708242306709289,5.6634847974777225,88.87754541430606,0.3435992170211719,0.2901702651237078,0.053428951897464105,7.245427979069546,6.400605940818787,5.555783902568028,90.31696468400249,89.75133631489985,NICK
2004-11-10,7.121212005615234,7.121212005615234,7.096970081329346,7.109090805053711,6.566650867462158,50160,6.995151329040527,6.811514902114868,6.4742422819137575,5.8841210460662845,5.725515036582947,5.674333281517029,89.08117020637538,0.3512099772939683,0.3023782075577599,0.0488317697362084,7.296198509454969,6.4742422819137575,5.652286054372546,89.05916024336773,90.0671463381953,NICK
2004-11-11,6.969696998596191,7.181818008422852,6.884848117828369,6.921212196350098,6.3931074142456055,36630,7.015757369995117,6.858181619644165,6.533939242362976,5.912848329544067,5.741212010383606,5.684090857505798,74.00427421375817,0.3381829633969362,0.3095391587255952,0.028643804671341033,7.301872134697331,6.533939242362976,5.766006350028621,83.2347218090456,87.53694891213887,NICK
2004-11-12,6.878787994384766,6.939393997192383,6.545454978942871,6.727272987365723,6.213966369628906,46200,6.986666584014893,6.8715150356292725,6.5824240922927855,5.938060445785522,5.755030188560486,5.691333281993866,62.28541457113438,0.3086517425227653,0.3093616754850292,-0.0007099329622639039,7.265977609966028,6.5824240922927855,5.898870574619543,71.21144432179557,81.16844212473656,NICK
2004-11-15,7.242424011230469,7.242424011230469,6.757575988769531,7.21818208694458,6.667417526245117,77715,7.013333415985107,6.92181806564331,6.652424097061157,5.973454389572144,5.773818068504333,5.699424192905426,73.6568703000932,0.32115818718863487,0.3117209778257503,0.009437209362884558,7.294039134840559,6.652424097061157,6.010809059281756,73.77556121055348,76.07390911379848,NICK
2004-11-16,7.21818208694458,7.545454978942871,7.1878790855407715,7.503029823303223,6.930531024932861,97680,7.095757579803466,7.003636264801026,6.71818163394928,6.014545288085937,5.795757455825806,5.709454491138458,77.83329165287051,0.35001965770829724,0.3193807138022597,0.030638943906037552,7.422396976605019,6.71818163394928,6.013966291293541,82.09919718619506,75.69540090618163,NICK
2004-11-17,7.496970176696777,7.496970176696777,7.00606107711792,7.381817817687988,6.818567752838135,29865,7.150302982330322,7.072727155685425,6.775757384300232,6.052484683990478,5.817151393890381,5.718818125724792,72.5614717162337,0.35897375914660845,0.32729932287112945,0.031674436275479,7.499039368280342,6.775757384300232,6.052475400320122,93.45184194743221,83.10886678139384,NICK
2004-11-18,7.121212005615234,7.496970176696777,7.121212005615234,7.478787899017334,6.908138751983643,26730,7.26181812286377,7.138787746429443,6.836363434791565,6.093575601577759,5.83951503276825,5.728636305332184,74.07434223624304,0.36963371679951695,0.33576620165680693,0.033867515142710025,7.581655464406867,6.836363434791565,6.091071405176263,92.3604284019803,89.30382251186946,NICK
2004-11-19,7.503029823303223,7.636363983154297,7.272727012634277,7.56969690322876,6.992110729217529,31185,7.430302906036377,7.208484745025634,6.900302839279175,6.136484699249268,5.861999883651733,5.738848423957824,75.44143432329408,0.38102518576040456,0.3448179984775265,0.036207187282878084,7.666565631033021,6.900302839279175,6.134040047525329,91.46719381377265,92.42648805439534,NICK
2004-11-22,7.696969985961914,7.696969985961914,7.345455169677734,7.393939018249512,6.829764366149902,30855,7.4654542922973635,7.239393854141236,6.953333139419556,6.175757417678833,5.8819998836517335,5.748181753158569,67.97815092020045,0.3715873864492467,0.3501718760718705,0.021415510377376212,7.70190123538931,6.953333139419556,6.204765043449801,87.31064771273994,90.3794233094979,NICK
2004-11-23,7.393939018249512,7.496970176696777,6.909090995788574,7.236363887786865,6.684212684631348,68805,7.412121105194092,7.2539393424987795,7.001514983177185,6.211757411956787,5.900424132347107,5.75648478269577,62.05124495499459,0.3473883892716989,0.34961517871183617,-0.0022267894401372668,7.690314355253663,7.001514983177185,6.312715611100708,75.85766391365499,84.87850181338946,NICK
2004-11-24,6.909090995788574,7.545454978942871,6.909090995788574,7.490909099578857,6.91933536529541,44880,7.433939361572266,7.292121171951294,7.051818037033081,6.252484693527221,5.91933322429657,5.7662120532989505,67.04914251747195,0.3447758198963804,0.348647306948745,-0.0038714870523646194,7.729191904729951,7.051818037033081,6.374444169336212,71.92979259613861,78.36603474084478,NICK
2004-11-26,7.727272987365723,7.727272987365723,6.969696998596191,7.527273178100586,6.9529242515563965,14190,7.443636417388916,7.352727270126342,7.105454444885254,6.293575620651245,5.938545346260071,5.776272659301758,67.7035332921142,0.3417007040582334,0.3472579863706427,-0.005557282312409317,7.754447824481982,7.105454444885254,6.456461065288526,75.06072167326226,74.28272606101889,NICK
2004-11-29,6.5151519775390625,7.818181991577148,6.5151519775390625,7.818181991577148,7.221636772155762,49335,7.493333435058593,7.4618181705474855,7.1666666030883786,6.342666540145874,5.960666556358337,5.78775750875473,72.42201201450553,0.35860380122524305,0.34952714934156276,0.009076651883680287,7.841552637402867,7.1666666030883786,6.4917805687738905,88.39405776723213,78.46152401221127,NICK
2004-11-30,7.848484992980957,8.084848403930664,7.727272987365723,7.878787994384766,7.277617931365967,145530,7.590303230285644,7.527878761291504,7.224848413467408,6.3926059436798095,5.983151407241821,5.799848418235779,73.29728954800079,0.37259498240655287,0.35414071595456076,0.018454266451992107,7.933777829136075,7.224848413467408,6.51591899779874,89.98317719376031,84.47931887808517,NICK
2004-12-01,8.060606002807617,8.303030014038086,7.57575798034668,8.048484802246094,7.434365749359131,60060,7.752727413177491,7.582424259185791,7.293030261993408,6.4456968593597415,6.005151405334472,5.812363567352295,75.62961086515648,0.3928477046725112,0.3618821136981508,0.030965590974360357,8.042257272354446,7.293030261993408,6.5438032516323705,90.87843810230935,89.75189102110086,NICK
2004-12-02,8.0,8.303030014038086,8.0,8.224242210388184,7.596714019775391,89100,7.8993940353393555,7.666666698455811,7.369696927070618,6.501090803146362,6.029393825531006,5.825515084266662,77.79305870786715,0.4182588591808498,0.37315746279469064,0.045101396386159176,8.168915993848469,7.369696927070618,6.570477860292768,89.40951233217902,90.09037587608316,NICK
2004-12-03,8.242424011230469,8.484848022460938,8.030303001403809,8.375758171081543,7.736667156219482,94710,8.069091033935546,7.756363725662231,7.447575736045837,6.560727186203003,6.0541817092895505,5.839363570213318,79.48391926272846,0.4454881439457612,0.38762359902490473,0.057864544920856464,8.317109393633245,7.447575736045837,6.57804207845843,91.93917723626483,90.74237589025132,NICK
2004-12-06,8.4909086227417,8.727272987365723,8.339393615722656,8.678788185119629,8.016576766967773,162525,8.241212272644043,7.867272853851318,7.537878799438476,6.627272653579712,6.082848381996155,5.8547575116157535,82.3744275848727,0.4859181756484219,0.40728251434960816,0.07863566129881372,8.51795879347238,7.537878799438476,6.557798805404573,95.95434443931686,92.43434466925383,NICK
2004-12-07,8.678788185119629,8.939393997192383,8.0,8.709091186523438,8.044567108154297,169290,8.407272911071777,7.998788070678711,7.619090962409973,6.693212060928345,6.111151413917542,5.870605998039245,82.63785913263516,0.5144739307907145,0.42872079763782944,0.08575313315288502,8.699588731921871,7.619090962409973,6.538593192898074,94.25660603425507,94.05004256994584,NICK
2004-12-08,8.939393997192383,8.939393997192383,8.187878608703613,8.545454978942871,7.8934173583984375,69960,8.506666946411134,8.129697179794311,7.691818261146546,6.754424200057984,6.138121113777161,5.885605998039246,76.02961907680759,0.5179301220406058,0.4465626625183847,0.07136745952222112,8.815274184637179,7.691818261146546,6.568362337655913,90.6860804425052,93.63234363869265,NICK
2004-12-09,8.769697189331055,8.769697189331055,8.187878608703613,8.654544830322266,7.9941816329956055,33000,8.59272747039795,8.246060752868653,7.769090962409973,6.818424196243286,6.166060500144958,5.901030237674713,77.3310688857399,0.5234379509414051,0.4619377202029888,0.06150023073841632,8.933446218492284,7.769090962409973,6.604735706327663,87.49999672174414,90.81422773283508,NICK
2004-12-10,8.666666984558105,8.666666984558105,7.939393997192383,8.442423820495605,7.798245906829834,32835,8.606060600280761,8.337575817108155,7.8451515436172485,6.8790302562713626,6.192605948448181,5.9157575058937075,69.43656674527496,0.5048667625334495,0.4705235286690809,0.034343233864368605,8.976291703580044,7.8451515436172485,6.714011383654452,83.83331982691872,87.33979899705629,NICK
2004-12-13,8.181818008422852,8.515151977539062,7.818181991577148,8.218181610107422,7.5911149978637695,156090,8.51393928527832,8.377575778961182,7.919696974754333,6.9343029880523686,6.215999884605408,5.929181749820709,62.20676014727739,0.4666749512707993,0.4697538131894246,-0.0030788619186253308,8.937120077039092,7.919696974754333,6.902273872469575,79.33331025441119,83.55554226769162,NICK
2004-12-14,7.842423915863037,8.478788375854492,7.818181991577148,8.175758361816406,7.551928997039795,95370,8.407272720336914,8.407272815704346,7.967575788497925,6.9852120971679685,6.239515047073365,5.942212057113648,60.91455707943313,0.4280501682096576,0.4614130841934712,-0.033362915983813635,8.937456763188049,7.967575788497925,6.997694813807801,72.74999521374637,78.63887509835904,NICK
2004-12-15,8.121212005615234,8.35151481628418,8.018181800842285,8.042424201965332,7.428768157958984,45540,8.306666564941406,8.40666675567627,7.99454550743103,7.032848463058472,6.262121109962464,5.954878723621368,56.91301858899928,0.3822741782082826,0.4455853029964335,-0.06331112478815093,8.940970099436399,7.99454550743103,7.048120915425661,67.24999954104432,73.11110166973423,NICK
2004-12-16,8.387879371643066,8.387879371643066,8.0,8.254545211791992,7.624703407287598,77550,8.22666664123535,8.40969705581665,8.03818187713623,7.085212087631225,6.28812111377716,5.968302965164185,61.271755533975416,0.35897473180353945,0.4282631887578547,-0.06928845695431524,8.94732207655892,8.03818187713623,7.129041677713539,67.74999914765358,69.24999796748169,NICK
2004-12-17,8.448485374450684,8.484848022460938,8.254545211791992,8.472726821899414,7.826237201690674,39105,8.232727241516113,8.419393920898438,8.087878823280334,7.141696920394898,6.315454440116882,5.982818114757538,65.1741846486077,0.3540341004488088,0.4134173710960455,-0.0593832706472367,8.977731785086295,8.087878823280334,7.198025861474374,66.84256814489602,67.28085561119822,NICK
2004-12-20,8.53939437866211,8.636363983154297,8.442423820495605,8.515151977539062,7.865426063537598,52470,8.292121315002442,8.403030300140381,8.135151576995849,7.199030256271362,6.342484750747681,5.99754539012909,65.89384886586383,0.3495130016840333,0.40063649721364303,-0.05112349552960971,9.010199809881245,8.135151576995849,7.260103344110453,68.80554176988139,67.79936968747725,NICK
2004-12-21,8.690909385681152,8.866666793823242,8.57575798034668,8.781818389892578,8.111743927001953,31515,8.413333320617676,8.410303020477295,8.204545545578004,7.261212081909179,6.3721211147308345,6.014151451587677,70.07919556516478,0.36326031045568286,0.39316125986205097,-0.029900949406368116,9.053193706069234,8.204545545578004,7.355897385086774,73.53753344070205,69.72854778516007,NICK
2004-12-22,8.903030395507812,8.903030395507812,8.793938636779785,8.866666793823242,8.190120697021484,48510,8.578181838989257,8.442424201965332,8.286060690879822,7.325454521179199,6.402908992767334,6.031060545444489,71.286574985277,0.3766598089754538,0.38986096968473155,-0.013201160709277737,9.056664732933728,8.286060690879822,7.515456648825916,82.78279585917225,75.04195702325215,NICK
2004-12-23,8.969696998596191,8.969696998596191,8.484848022460938,8.527273178100586,7.876621723175049,37950,8.632727432250977,8.429697036743164,8.337878894805907,7.383272705078125,6.4313332462310795,6.046272671222686,60.7300947931303,0.3557914375133464,0.3830470632504545,-0.027255625737108102,9.022184065593004,8.337878894805907,7.65357372401881,80.34615203970294,78.88882711319268,NICK
2004-12-27,8.818181991577148,9.090909004211426,8.484848022460938,8.957575798034668,8.274092674255371,38610,8.729697227478027,8.48121223449707,8.409394025802612,7.447878761291504,6.4637574863433835,6.063636310100556,67.33477819672406,0.36971310547922087,0.3803802716962078,-0.010667166216986934,9.036454178980266,8.409394025802612,7.7823338726249585,81.53877186430886,81.55590658772827,NICK
2004-12-28,9.060606002807617,9.121212005615234,8.909090995788574,9.096969604492188,8.402852058410645,45705,8.846060752868652,8.569091033935546,8.473333406448365,7.514666633605957,6.498666572570801,6.081545398235321,69.14515781536065,0.38752687428124233,0.3818095922132147,0.005717282068027629,9.106971441538667,8.473333406448365,7.839695371358063,83.0807776025165,81.65523383550969,NICK
2004-12-29,9.109090805053711,9.121212005615234,8.78787899017334,8.987878799438477,8.302082061767578,20460,8.887272834777832,8.650303077697753,8.52878794670105,7.578060569763184,6.532848391532898,6.099363582134247,66.05949381188894,0.38836486967134753,0.3831206477048413,0.005244221966506257,9.13825564745555,8.52878794670105,7.919320245946549,92.47693432290988,85.698827929912,NICK
2004-12-30,8.78787899017334,9.090909004211426,8.666666984558105,8.939393997192383,8.257295608520508,25575,8.90181827545166,8.74000005722046,8.573333406448365,7.6330908679962155,6.567272629737854,6.117393887042999,64.67801038573162,0.38072787477306314,0.3826420931184856,-0.0019142183454224915,9.165866046858866,8.573333406448365,7.980800766037863,91.31783581175614,88.95851591239443,NICK
2004-12-31,8.557576179504395,8.800000190734863,8.545454978942871,8.678788185119629,8.016576766967773,16170,8.932121276855469,8.782424354553223,8.596060705184936,7.682060575485229,6.599333243370056,6.133848433494568,57.69400913631818,0.3496166273823018,0.37603699997124884,-0.026420372588947028,9.167794925742095,8.596060705184936,8.024326484627776,80.62016922266979,88.1383131191122,NICK
2005-01-03,8.727272987365723,8.89696979522705,8.660606384277344,8.696969985961914,8.033370018005371,56760,8.880000114440918,8.804848670959473,8.612121295928954,7.730666637420654,6.631454463005066,6.150515103340149,58.034478285757466,0.32270788345522305,0.3653711766680437,-0.04266329321282064,9.176194113869013,8.612121295928954,8.048048477988896,73.17831420417492,81.70543974620055,NICK
2005-01-04,8.57575798034668,8.781818389892578,8.484848022460938,8.781818389892578,8.111743927001953,29205,8.816969871520996,8.831515312194824,8.617272806167602,7.780484828948975,6.666181735992431,6.167151470184326,59.665804293435585,0.30471648515405825,0.3532402383652466,-0.04852375321118835,9.185553122230843,8.617272806167602,8.04899249010436,67.73939208301722,73.84595850328758,NICK
2005-01-05,8.781818389892578,8.78787899017334,8.53939437866211,8.721212387084961,8.055764198303223,18975,8.763636589050293,8.825454711914062,8.617878866195678,7.828242416381836,6.700848407745362,6.183515107631683,57.933459851721494,0.2823134408462238,0.33905487886144203,-0.05674143801521825,9.18657528142257,8.617878866195678,8.049182450968786,67.165331480026,69.36101258907297,NICK
2005-01-06,8.545454978942871,8.848484992980957,8.545454978942871,8.739394187927246,8.07255744934082,20460,8.723636627197266,8.812727451324463,8.627575826644897,7.877575759887695,6.734302959442139,6.199969654083252,58.324387758765326,0.26299435103296176,0.32384277329574596,-0.060848422262784196,9.19761410546329,8.627575826644897,8.057537547826504,63.332738189637915,66.07915391756065,NICK
2005-01-07,8.830303192138672,9.03636360168457,8.75151538848877,8.769697189331055,8.100549697875977,24090,8.74181842803955,8.83696985244751,8.633333444595337,7.923272743225097,6.767393870353699,6.216696929931641,59.00812788298704,0.24727855882933625,0.308529930402464,-0.061251371573127766,9.206661683542984,8.633333444595337,8.06000520564769,56.16093918783929,62.219669619167995,NICK
2005-01-10,9.084848403930664,9.090909004211426,8.951515197753906,9.090909004211426,8.397252082824707,50490,8.820606231689453,8.850303173065186,8.665757703781129,7.976000022888184,6.803757510185242,6.23490905046463,65.47423552574668,0.25777136146562185,0.29837821661509556,-0.04060685514947371,9.264995320154283,8.665757703781129,8.066520087407975,66.46552175626805,61.98639971124868,NICK
2005-01-11,9.090909004211426,9.109090805053711,8.939393997192383,8.945454597473145,8.262894630432129,34155,8.853333473205566,8.835151672363281,8.702121353149414,8.023030338287354,6.838848414421082,6.252393898963928,60.797418573973616,0.2514514523215876,0.288992863756394,-0.03754141143480638,9.276035684245686,8.702121353149414,8.128207022053141,71.94448487252534,64.85698193887782,NICK
2005-01-12,8.684847831726074,9.012121200561523,8.545454978942871,8.975757598876953,8.290885925292969,64350,8.904242515563965,8.833939552307129,8.742121315002441,8.068242454528809,6.87406054019928,6.2692726874351505,61.415766991183474,0.2460517463825873,0.28040464028163264,-0.034352893899045334,9.273667579132757,8.742121315002441,8.210575050872125,81.58732918112857,73.33244526997424,NICK
2005-01-13,8.993939399719238,9.024242401123047,8.872727394104004,8.921212196350098,8.24050235748291,7920,8.940606117248535,8.8321213722229,8.78606071472168,8.112969741821288,6.908484783172607,6.285272688865661,59.593652017509044,0.2346659988341333,0.27125691199213275,-0.03659091315799945,9.214217515763032,8.78606071472168,8.357903913680328,72.69845361339748,75.41008922235072,NICK
2005-01-14,9.030303001403809,9.030303001403809,8.551514625549316,8.67272663116455,8.010977745056152,28710,8.921212005615235,8.831515216827393,8.806969785690308,8.1526060962677,6.9407272005081175,6.300515112876892,52.02169571362253,0.2032490746279887,0.25765534451930394,-0.05440626989131525,9.164232526836257,8.806969785690308,8.44970704454436,58.412710782345066,70.8994978589573,NICK
2005-01-18,8.624241828918457,8.709091186523438,8.533332824707031,8.533332824707031,7.882220268249512,20295,8.809696769714355,8.815151500701905,8.810000085830689,8.186909112930298,6.971636290550232,6.315030262470246,48.31317528398341,0.16519871270202735,0.23916401815584862,-0.07396530545382127,9.156744517436797,8.810000085830689,8.46325565422458,35.23809238356155,55.449752259768296,NICK
2005-01-19,8.781818389892578,8.800000190734863,8.636363983154297,8.7151517868042,8.050165176391602,40425,8.763636207580566,8.808484840393067,8.820000076293946,8.223757610321044,7.004302959442139,6.330424201488495,53.017848395505176,0.148008645916482,0.22093294370797528,-0.07292429779149329,9.142868254016312,8.820000076293946,8.49713189857158,24.678700591025944,39.443167918977785,NICK
2005-01-20,8.727272987365723,8.806060791015625,8.67272663116455,8.781818389892578,8.111743927001953,27390,8.724848365783691,8.814545440673829,8.820000076293946,8.257697019577027,7.037878723144531,6.344636323451996,54.64789813132934,0.1381720702378022,0.20438076901394067,-0.06620869877613847,9.142868254016312,8.820000076293946,8.49713189857158,30.69507737436543,30.203956782984573,NICK
2005-01-21,8.939393997192383,8.939393997192383,8.727272987365723,8.757575988769531,8.089351654052734,9570,8.692121124267578,8.816363620758057,8.81454553604126,8.291030359268188,7.071333274841309,6.357575719356537,53.9153563115046,0.12695687415793522,0.18889599004273958,-0.06193911588480436,9.137761638647522,8.81454553604126,8.491329433434998,42.71853411267937,32.697437359357174,NICK
2005-01-24,9.054545402526855,9.054545402526855,8.848484992980957,8.878787994384766,8.201316833496094,17820,8.733333396911622,8.827272701263428,8.832121276855469,8.326424303054809,7.105272674560547,6.370181779861451,57.017789213810424,0.12639257141899307,0.17639530631799027,-0.0500027348989972,9.128015446258516,8.832121276855469,8.536227107452422,51.45638484125373,41.62333210943311,NICK
2005-01-25,8.878787994384766,8.939393997192383,8.878787994384766,8.909090995788574,8.229307174682617,21615,8.80848503112793,8.809090900421143,8.829697036743164,8.366181879043578,7.139515104293824,6.381545414924622,57.782960441370335,0.12692741614953817,0.16650172828429985,-0.039574312134761674,9.12221532997614,8.829697036743164,8.53717874351019,57.353158109124514,50.50935902101947,NICK
2005-01-26,8.909090995788574,8.909090995788574,8.86060619354248,8.86060619354248,8.184520721435547,6435,8.837575912475586,8.800606060028077,8.817878866195679,8.408848543167114,7.173454494476318,6.392302989959717,56.06325964462477,0.12203225425042596,0.15760783347752508,-0.03557557922709911,9.084172736489649,8.817878866195679,8.55158499590171,61.73741488685814,56.84898594574573,NICK
2005-01-27,9.012121200561523,9.624241828918457,8.793938636779785,9.569697380065918,8.839508056640625,81345,8.995151710510253,8.860000038146973,8.84696979522705,8.45587884902954,7.214666619300842,6.403666627407074,70.08546894411086,0.17337201118318646,0.16076066901865735,0.01261134216452911,9.265052941081642,8.84696979522705,8.428886649372458,72.36849465746064,63.8196892178147,NICK
2005-01-28,9.818181991577148,10.121212005615234,9.399999618530273,9.909090995788574,9.15300464630127,320925,9.225454711914063,8.95878791809082,8.89545464515686,8.504000072479249,7.259272680282593,6.416878747940063,74.3113407144861,0.23869385264190512,0.1763473057433069,0.062346546898598226,9.519395536965893,8.89545464515686,8.271513753347827,79.49450198690893,71.20013717707617,NICK
2005-01-31,11.0,11.0,9.545454978942871,10.042424201965332,9.276164054870605,261195,9.458181953430175,9.095757675170898,8.963636445999146,8.557212200164795,7.3048484420776365,6.433787839412689,75.76006236608566,0.2977880428513906,0.20063545316492365,0.09715258968646695,9.753842853512445,8.963636445999146,8.173430038485847,80.94023225187183,77.6010762987474,NICK
2005-02-01,9.987878799438477,10.042424201965332,9.545454978942871,9.727272987365723,8.985058784484863,108735,9.621818351745606,9.215151691436768,9.015151596069336,8.602181901931763,7.34787875175476,6.448454508781433,66.24978215985277,0.3155530460633962,0.22361897174461814,0.09193407431877804,9.861447570896367,9.015151596069336,8.168855621242304,65.40785818367144,75.28086414081767,NICK
2005-02-02,9.696969985961914,9.969696998596191,9.636363983154297,9.969696998596191,9.208985328674316,53295,9.843636512756348,9.340606212615967,9.074545526504517,8.650181903839112,7.39333330154419,6.465363597869873,69.42889177800797,0.3452141173269325,0.24793800086108103,0.09727611646585149,10.009130369734029,9.074545526504517,8.139960683275005,55.93776838193992,67.42861960582799,NICK
2005-02-03,9.933333396911621,9.993939399719238,9.7151517868042,9.993939399719238,9.231378555297852,20790,9.928484916687012,9.461818313598632,9.13818187713623,8.702181911468506,7.438969664573669,6.481121175289154,69.73589395566806,0.3664526511149937,0.2716409309118636,0.09481172020313011,10.138850976312408,9.13818187713623,8.137512777960051,55.28256848668942,58.87606501743386,NICK
2005-02-04,9.969696998596191,10.757575988769531,9.484848022460938,9.848484992980957,9.097023010253906,44715,9.916363716125488,9.570909214019775,9.193636417388916,8.754424333572388,7.4830908727645875,6.495696935653687,65.48658277504099,0.3673132288887402,0.2907753905072389,0.0765378383815013,10.222294572934416,9.193636417388916,8.164978261843416,56.92056822481566,56.046968364481934,NICK
2005-02-07,10.006060600280762,10.03636360168457,9.848484992980957,9.909090995788574,9.15300464630127,132330,9.889697074890137,9.673939514160157,9.250606107711793,8.802787971496581,7.527636332511902,6.510393905639648,66.40514457707025,0.36863623188258465,0.306347558782308,0.06228867310027664,10.30492369527337,9.250606107711793,8.196288520150215,55.45896246720334,55.88736639290308,NICK
2005-02-08,10.0,10.0,9.848484992980957,9.848484992980957,9.097023010253906,31515,9.913939476013184,9.767878913879395,9.288484907150268,8.849212207794189,7.571393914222718,6.525575726032257,64.55487856259579,0.36063712309957197,0.3172054716457608,0.04343165145381117,10.371184108669752,9.288484907150268,8.205785705630785,52.56132424185267,54.980284977957496,NICK
2005-02-09,9.854544639587402,9.939393997192383,9.696969985961914,9.781818389892578,9.035444259643555,19965,9.876363754272461,9.860000133514404,9.33030309677124,8.888484935760498,7.615575737953186,6.540606029033661,62.492181274320245,0.3449420567343271,0.32275278866347407,0.02218926807085303,10.421350365868987,9.33030309677124,8.239255827673494,50.25566898195359,52.75865189700347,NICK
2005-02-10,9.642423629760742,9.921212196350098,9.57575798034668,9.612120628356934,8.878692626953125,45705,9.8,9.864242458343506,9.36212124824524,8.923151588439941,7.657878766059875,6.556545422077179,57.45927288478884,0.31517724533724056,0.3212376799982274,-0.006060434660986824,10.447053636258037,9.36212124824524,8.277188860232442,44.66958780733693,49.162193677048,NICK
2005-02-11,9.57575798034668,9.921212196350098,9.57575798034668,9.727272987365723,8.985058784484863,37290,9.775757598876954,9.846060657501221,9.40242428779602,8.956727352142334,7.701212105751037,6.574393906593323,59.82379644795734,0.29745141609706494,0.3164804272179949,-0.019029011120929973,10.478699320805264,9.40242428779602,8.326149254786776,41.931878046172535,45.61904494515462,NICK
2005-02-14,9.993939399719238,9.993939399719238,9.757575988769531,9.89696979522705,9.141806602478027,43065,9.77333335876465,9.831515216827393,9.463636445999146,8.990181903839112,7.745636353492737,6.594484815597534,63.080512661905416,0.29371096571154,0.3119265349167039,-0.01821556920516393,10.505655424327642,9.463636445999146,8.42161746767065,43.13188424404692,43.24445003251906,NICK
2005-02-15,9.769697189331055,9.909090995788574,9.709091186523438,9.769697189331055,9.024246215820312,38775,9.757575798034669,9.835757637023926,9.525454664230347,9.018060684204102,7.789393935203552,6.614545421600342,59.20427803463302,0.2772804794324699,0.3049973238198571,-0.027716844387387196,10.482616747129354,9.525454664230347,8.56829258133134,45.5128479470708,43.52553674576368,NICK
2005-02-16,9.709091186523438,9.812121391296387,9.709091186523438,9.812121391296387,9.063434600830078,18315,9.76363639831543,9.820000076293946,9.580303144454955,9.040727348327637,7.834000000953674,6.634878754615784,60.084753159176216,0.26463196664202826,0.2969242523842913,-0.03229228574226306,10.468696774360195,9.580303144454955,8.691909514549716,39.996141533118646,42.88029124141239,NICK
2005-02-17,9.993939399719238,9.993939399719238,9.769697189331055,9.909090995788574,9.15300464630127,70125,9.823030471801758,9.81151523590088,9.636666774749756,9.064727344512939,7.878969702720642,6.655272693634033,62.09832661826135,0.2594418812911492,0.2894277781656629,-0.029985896874513696,10.455593215866019,9.636666774749756,8.817740333633493,32.662810226395294,39.390599902195184,NICK
2005-02-18,9.909090995788574,9.921212196350098,9.066666603088379,9.448485374450684,8.727543830871582,104445,9.76727294921875,9.771515274047852,9.671212244033814,9.082787952423097,7.91860607624054,6.672999970912933,49.36070588442872,0.21567550409993252,0.2746773233525168,-0.0590018192525843,10.391204802364589,9.671212244033814,8.95121968570304,25.44610281395113,32.70168485782195,NICK
2005-02-22,9.696969985961914,9.878787994384766,9.46060562133789,9.696969985961914,8.957066535949707,72270,9.727272987365723,9.750303173065186,9.71212134361267,9.103636455535888,7.961030325889587,6.692090880870819,54.75277347888119,0.198749901189192,0.25949183891985184,-0.060741937730659834,10.333603861714247,9.71212134361267,9.090638825511094,29.285567933618278,29.1314936579885,NICK
2005-02-23,9.636363983154297,9.903030395507812,9.636363983154297,9.903030395507812,9.147404670715332,32670,9.753939628601074,9.755757713317871,9.761818313598633,9.132848587036133,8.005939421653748,6.711878757476807,58.68183190114572,0.19966201247715354,0.24752587363131218,-0.04786386115415864,10.266475692734673,9.761818313598633,9.257160934462593,36.43968076800383,30.390450505191343,NICK
2005-02-24,9.96363639831543,9.96363639831543,9.824241638183594,9.824241638183594,9.074628829956055,16005,9.756363677978516,9.760000038146973,9.810000085830689,9.164969787597656,8.049636387825013,6.733151481151581,56.65602971550272,0.19181613597915614,0.23638392610088096,-0.04456779012172482,10.099371499135374,9.810000085830689,9.520628672526003,43.847061019815165,36.524103240479356,NICK
2005-02-25,9.848484992980957,9.909090995788574,9.636363983154297,9.769697189331055,9.024246215820312,22275,9.728484916687012,9.775757694244385,9.820000076293946,9.196848564147949,8.09103033065796,6.754333302974701,55.23443985607096,0.17913201874628726,0.22493354462996223,-0.045801525883674976,10.088536111519371,9.820000076293946,9.55146404106852,55.58840336308674,45.29171505030217,NICK
2005-02-28,9.0,9.56363582611084,8.42424201965332,9.521211624145508,8.794719696044922,129855,9.743030166625976,9.755151557922364,9.800606107711792,9.226424312591552,8.129636387825013,6.774696936607361,49.18027275884457,0.14733071920435137,0.20941297954484006,-0.06208226034048869,10.095351027236159,9.800606107711792,9.505861188187424,62.306068254565304,53.91384421248933,NICK
2005-03-01,9.478788375854492,9.696969985961914,9.478788375854492,9.666666984558105,8.9290771484375,41085,9.736969566345214,9.73212127685547,9.78181824684143,9.254666748046875,8.16993941783905,6.798030271530151,52.46480110164005,0.13233946518926132,0.19399827667372432,-0.061658811484463005,10.059946584702963,9.78181824684143,9.503689908979897,73.75533080090925,63.88326747285404,NICK
2005-03-02,9.42424201965332,9.818181991577148,9.42424201965332,9.757575988769531,9.01305103302002,46530,9.707878684997558,9.730909156799317,9.78333339691162,9.280363731384277,8.211030325889588,6.822424211502075,54.44644149265802,0.12633803898701856,0.18046622913638316,-0.0541281901493646,10.060585430180467,9.78333339691162,9.506081363642775,77.90268953205606,71.32136286251047,NICK
2005-03-03,9.399999618530273,9.690909385681152,8.800000190734863,9.503029823303223,8.777926445007324,58410,9.643636322021484,9.7,9.760000038146973,9.300121288299561,8.24957577228546,6.845454511642456,48.36651077943952,0.09989064014194327,0.1643511113374952,-0.06446047119555193,10.048892142046745,9.760000038146973,9.471107934247202,77.60618456527875,76.4214016327483,NICK
2005-03-04,9.600000381469727,9.878787994384766,9.587879180908203,9.696969985961914,8.985721588134766,61875,9.629090881347656,9.678787899017333,9.745151567459107,9.318424320220947,8.289818201065064,6.868848452568054,52.700351288954295,0.09350239886410883,0.1501813688428179,-0.05667896997870908,10.014271934368901,9.745151567459107,9.476031200549313,78.24968442685793,77.91951950806452,NICK
2005-03-07,9.781818389892578,9.842424392700195,9.67272663116455,9.75151538848877,9.036266326904297,15510,9.67515163421631,9.709090900421142,9.740303087234498,9.336121292114258,8.330787906646728,6.89227269411087,53.873010029386656,0.09178301232248742,0.1385016975387518,-0.04671868521626438,10.005263992126775,9.740303087234498,9.47534218234222,78.1209844545421,77.99228448222654,NICK
2005-03-08,9.624241828918457,9.842424392700195,9.624241828918457,9.842424392700195,9.120508193969727,6600,9.710303115844727,9.72363634109497,9.736969757080079,9.36242431640625,8.372848510742188,6.916090877056122,55.83815403622532,0.09664195468626069,0.13012974896825358,-0.03348779428199289,9.994938199632301,9.736969757080079,9.479001314527856,85.32820315599481,80.5662906791319,NICK
2005-03-09,9.872727394104004,9.872727394104004,9.684847831726074,9.848484992980957,9.12612247467041,19800,9.728484916687012,9.718181800842284,9.736969757080079,9.380242500305176,8.414060630798339,6.940302996635437,55.97281867555897,0.09983095223370597,0.12406998962134405,-0.02423903738763808,9.994938199632301,9.736969757080079,9.479001314527856,88.54570246389072,83.99829669147617,NICK
2005-03-10,9.606060981750488,9.848484992980957,9.606060981750488,9.763635635375977,9.047496795654297,33165,9.780606079101563,9.712121200561523,9.736060619354248,9.393575820922852,8.454121227264404,6.963818144798279,53.51256590380219,0.09442317019288993,0.11814062573565323,-0.023717455542763305,9.99351808199087,9.736060619354248,9.478603156717625,89.36297741054234,87.74562767680958,NICK
2005-03-11,9.696969985961914,9.830303192138672,9.696969985961914,9.793938636779785,9.075577735900879,20295,9.799999809265136,9.714545345306396,9.74515151977539,9.409697017669679,8.49387879371643,6.98736359834671,54.28538770278555,0.09152758984334675,0.11281801855719194,-0.02129042871384519,9.997245779709962,9.74515151977539,9.49305725984082,88.90591993845032,88.93819993762808,NICK
2005-03-14,9.878787994384766,9.96363639831543,9.824241638183594,9.878787994384766,9.154204368591309,102465,9.825454330444336,9.750302982330322,9.752727270126343,9.428484897613526,8.530787882804871,7.011424202919006,56.46763347693637,0.09498453302694188,0.10925132145114193,-0.014266788424200053,10.011241797771152,9.752727270126343,9.494212742481533,90.15745120924754,89.47544951941369,NICK
2005-03-15,9.939393997192383,9.939393997192383,9.769697189331055,9.800000190734863,9.081194877624512,30030,9.81696949005127,9.763636302947997,9.747878789901733,9.45090913772583,8.56648485660553,7.035272688865661,53.89491915746449,0.09032545251749369,0.10546614766441229,-0.015140695146918598,9.998919612391923,9.747878789901733,9.496837967411544,90.9448724588624,90.0027478688537,NICK
2005-03-16,9.727272987365723,9.909090995788574,9.727272987365723,9.793938636779785,9.075577735900879,12705,9.806060218811036,9.767272567749023,9.74909086227417,9.472848510742187,8.601757574081422,7.058787837028503,53.692238105919174,0.08516228311319018,0.10140537475416786,-0.016243091640977675,10.000774615160568,9.74909086227417,9.49740710938777,90.9448724588624,90.68239870899106,NICK
2005-03-17,9.727272987365723,10.0,9.727272987365723,9.909090995788574,9.182284355163574,16335,9.835151290893554,9.807878684997558,9.753939342498779,9.495393962860108,8.63793939590454,7.08312117099762,57.00051693714702,0.08933249773885876,0.09899079935110604,-0.009658301612247275,10.013893414311882,9.753939342498779,9.493985270685675,90.85906592832309,90.91627028201624,NICK
2005-03-18,10.0,10.57575798034668,9.884847640991211,10.454545021057129,9.68773078918457,159720,9.967272567749024,9.88363618850708,9.781212043762206,9.53006061553955,8.679151515960694,7.110090866088867,68.48546843844296,0.13509372776342587,0.10621138503357,0.028882342729855875,10.178649051069435,9.781212043762206,9.383775036454978,92.12704031136097,91.3103262328491,NICK
2005-03-21,10.242424011230469,10.727272987365723,10.193939208984375,10.618182182312012,9.839365005493164,84150,10.115151405334473,9.970302867889405,9.839696884155273,9.567636375427247,8.722606067657471,7.137787837982177,70.98891524568658,0.1824606903299184,0.12146124609283968,0.06099944423707873,10.351787368176055,9.839696884155273,9.327606400134492,93.91480650580547,92.3003042484968,NICK
2005-03-22,10.812121391296387,10.909090995788574,10.454545021057129,10.581817626953125,9.805668830871582,39105,10.271514892578125,10.044242191314698,9.883939266204834,9.603878784179688,8.763575763702393,7.165545411109925,69.6645122902801,0.21459135812028052,0.14008726849832784,0.07450408962195268,10.48434042895483,9.883939266204834,9.283538103454838,90.66545691323823,92.23576791013518,NICK
2005-03-23,10.600000381469727,10.606060981750488,9.551514625549316,10.266667366027832,9.513632774353027,71445,10.366060638427735,10.086060428619385,9.902121114730836,9.627393951416016,8.8016969871521,7.191666626930237,59.3332819297723,0.21217928092358562,0.1545056709833794,0.05767360994020623,10.525324535134997,9.902121114730836,9.278917694326674,77.16699786442369,87.24908709448943,NICK
2005-03-24,10.060606002807617,10.303030014038086,10.060606002807617,10.236364364624023,9.485552787780762,19965,10.431515312194824,10.133333301544189,9.922727251052857,9.653212146759033,8.838121242523194,7.217696933746338,58.43590911752249,0.2054541459033814,0.1646953659673798,0.040758779936001605,10.561330977344355,9.922727251052857,9.284123524761359,62.53595451413752,76.78946976393344,NICK
2005-03-28,10.369696617126465,10.848484992980957,10.236364364624023,10.806060791015625,10.01346492767334,83655,10.501818466186524,10.234545516967774,9.974545431137084,9.689818210601807,8.879030332565307,7.246302998065948,68.17958636136242,0.24328967645835142,0.1804142280655741,0.06287544839277731,10.715116975750416,9.974545431137084,9.233973886523753,65.17862035149447,68.29385757668553,NICK
2005-03-29,10.830303192138672,10.909090995788574,10.612120628356934,10.64848518371582,9.86744499206543,92070,10.507879066467286,10.31151523590088,10.030909109115601,9.72436367034912,8.918666706085205,7.2733029985427855,63.7294343570757,0.2575902325620252,0.19584942896486432,0.06174080359716086,10.79607275554604,10.030909109115601,9.265745462685162,74.5536071799383,67.42272734852372,NICK
2005-03-30,10.484848022460938,10.709091186523438,10.448485374450684,10.666666984558105,9.884293556213379,18315,10.524848937988281,10.398181915283203,10.0809091091156,9.764242477416992,8.958424286842346,7.300151484012604,64.02124371837822,0.2673092708009026,0.210141397332072,0.05716787346883062,10.874494993564005,10.0809091091156,9.287323224667196,85.11906852627975,74.9504320192378,NICK
2005-03-31,10.763635635375977,10.909090995788574,10.684847831726074,10.909090995788574,10.10893726348877,29865,10.65333366394043,10.509697151184081,10.138484859466553,9.811757640838623,8.99933337688446,7.327818148136139,67.74718446625417,0.29121630996597503,0.2263563798588526,0.06485993010712243,10.994514575085049,10.138484859466553,9.282455143848058,87.64882687681221,82.44050086101038,NICK
2005-04-01,10.969696998596191,11.21212100982666,10.569697380065918,10.86060619354248,10.064006805419922,30855,10.778182029724121,10.604848670959473,10.206363677978516,9.854666728973388,9.039212169647216,7.356030268669128,66.26904574586162,0.30276045830683174,0.24163719554844842,0.06112326275838331,11.06536773014595,10.206363677978516,9.347359625811082,86.99167444432784,86.58652328247355,NICK
2005-04-04,10.878787994384766,11.193939208984375,10.666666984558105,10.993939399719238,10.187562942504883,75075,10.815757751464844,10.658788108825684,10.271212148666383,9.898909149169922,9.078303084373474,7.384727239608765,68.31632404433525,0.3189910244990184,0.2571079613385624,0.061883063160456,11.161844161250475,10.271212148666383,9.38058013608229,88.5644900203224,87.73499711382111,NICK
2005-04-05,11.187878608703613,11.333333015441895,11.054545402526855,11.333333015441895,10.502060890197754,69630,10.952727317810059,10.730303192138672,10.350303030014038,9.950424289703369,9.12072732448578,7.414484815597534,72.83586356045898,0.35514618929984465,0.27671560693081887,0.07843058236902578,11.319739523246309,10.350303030014038,9.380866536781767,88.5644900203224,88.04021816165783,NICK
2005-04-06,11.369696617126465,11.369696617126465,10.666666984558105,10.800000190734863,10.007848739624023,57420,10.97939395904541,10.752121448516846,10.398181819915772,9.988848533630371,9.157636418342591,7.4415757274627685,58.67233859285953,0.33688056671075906,0.28874859888680693,0.048131967823952126,11.35708482102941,10.398181819915772,9.439278818802133,85.17600949871927,87.43499651312165,NICK
2005-04-07,11.012121200561523,11.169696807861328,10.86060619354248,11.10303020477295,10.288651466369629,30690,11.018181800842285,10.835757732391357,10.46090908050537,10.032727317810059,9.199454598426819,7.470333304405212,63.06688479729502,0.34290413341795123,0.2995797057930358,0.04332442762491545,11.431828777225574,10.46090908050537,9.489989383785167,84.666682751972,86.13572742367153,NICK
2005-04-08,11.181818008422852,11.206061363220215,10.975757598876953,11.030303001403809,10.221260070800781,8745,11.05212116241455,10.915151596069336,10.524242448806763,10.076121253967285,9.2424848985672,7.498757543563843,61.379959969053985,0.3379141123822542,0.3072465871108795,0.03066752527137473,11.469887430442174,10.524242448806763,9.578597467171353,78.44446705712004,82.7623864359374,NICK
2005-04-11,11.066666603088379,11.454545021057129,11.060606002807617,11.218181610107422,10.395354270935059,43560,11.096969604492188,10.956363677978516,10.595454597473145,10.109090938568116,9.282484893798829,7.528151481151581,64.05481474519274,0.3451411460271405,0.3148254988941317,0.030315647133008827,11.524756126131411,10.595454597473145,9.666153068814879,84.74877730589414,82.61997570499568,NICK
2005-04-12,11.303030014038086,11.466667175292969,10.666666984558105,11.060606002807617,10.24933910369873,135135,11.042424201965332,10.997575759887695,10.654545497894286,10.132121238708496,9.318060655593872,7.556909055709839,60.283585761094905,0.33429998552526285,0.3187203962203579,0.01557958930490494,11.543469203898837,10.654545497894286,9.765621791889735,82.57014447692639,81.9211296133138,NICK
2005-04-13,11.066666603088379,11.454545021057129,10.903030395507812,10.909090995788574,10.10893726348877,36960,11.064242362976074,11.021818161010742,10.710000038146973,10.149454574584961,9.353333387374878,7.585242390632629,56.81956585802629,0.30990984513594455,0.31695828600347525,-0.007048440867530703,11.512990496782841,10.710000038146973,9.907009579511104,75.57396468952909,80.96429549078347,NICK
2005-04-14,10.921212196350098,10.921212196350098,8.969696998596191,10.07272720336914,9.333918571472168,240405,10.858181762695313,10.9381817817688,10.723939466476441,10.156363658905029,9.379272780418397,7.609393906593323,42.35239693812115,0.22055054549107034,0.29767673790099425,-0.07712619240992391,11.470535797157083,10.723939466476441,9.977343135795799,61.10566954836676,73.08325957160768,NICK
2005-04-15,9.42424201965332,10.060606002807617,9.24848461151123,9.42424201965332,8.732998847961426,214005,10.536969566345215,10.794545364379882,10.699697017669678,10.145454559326172,9.397818231582642,7.629909057617187,34.92676355464816,0.09629528985475311,0.257400448291746,-0.1611051584369929,11.57153552353442,10.699697017669678,9.827858511804935,40.907807016633974,59.19581375151021,NICK
2005-04-18,9.393939018249512,9.939393997192383,9.242424011230469,9.545454978942871,8.845320701599121,83655,10.202424240112304,10.649696922302246,10.654242515563965,10.136484870910644,9.419333391189575,7.650666637420654,37.145104510844426,0.0075163337313934875,0.2074236253796755,-0.19990729164828203,11.657374097045663,10.654242515563965,9.651110934082267,28.47895723233312,43.49747793244489,NICK
2005-04-19,9.781818389892578,9.957575798034668,9.363636016845703,9.666666984558105,8.957642555236816,26400,9.923636436462402,10.483030319213867,10.606666755676269,10.132848510742187,9.443636422157288,7.6720302772521975,39.37091493133479,-0.05245615091710398,0.15544767012031963,-0.2079038210374236,11.698463519919475,10.606666755676269,9.514869991433063,23.058251469262974,30.815005239410286,NICK
2005-04-20,9.696969985961914,10.048484802246094,9.696969985961914,9.909090995788574,9.182284355163574,44055,9.723636436462403,10.393939399719239,10.573030424118041,10.132848510742187,9.467818241119385,7.693575732707977,43.667494045592605,-0.07950668185788956,0.10845679972467778,-0.18796348158256734,11.706473609957566,10.573030424118041,9.439587238278516,29.53074869356779,27.022652465054893,NICK
2005-04-21,9.957575798034668,9.957575798034668,9.70302963256836,9.909090995788574,9.182284355163574,24255,9.69090919494629,10.274545478820801,10.55515160560608,10.13406063079834,9.491636419296265,7.715090882778168,43.667494045592605,-0.09979405872764424,0.06680662803421338,-0.16660068676185763,11.718253619681406,10.55515160560608,9.392049591530753,34.38511206348136,28.99137074210431,NICK
2005-04-22,9.957575798034668,9.957575798034668,9.551514625549316,9.70302963256836,8.991336822509766,41745,9.746666717529298,10.141818141937256,10.528484869003297,10.132484855651855,9.510484895706178,7.735575726032257,40.8160609210896,-0.13098941648957663,0.027247419129455372,-0.158236835619032,11.742922659162188,10.528484869003297,9.314047078844405,34.87053566938599,32.92879880881198,NICK
2005-04-25,9.969696998596191,10.084848403930664,9.642423629760742,9.909090995788574,9.182284355163574,14025,9.819393920898438,10.010909080505371,10.483636379241943,10.138424263000488,9.530787925720215,7.756969666481018,44.70453425043594,-0.1374995234650953,-0.005701969389454768,-0.13179755407564053,11.719813418977589,10.483636379241943,9.247459339506298,34.87053566938599,34.70872780075138,NICK
2005-04-26,10.145455360412598,10.345455169677734,10.121212005615234,10.157575607299805,9.412543296813965,39435,9.917575645446778,9.92060604095459,10.459090900421142,10.14703031539917,9.551878833770752,7.778515119552612,49.051574283240484,-0.12121095424028816,-0.028803766359621445,-0.09240718788066671,11.70068336624078,10.459090900421142,9.217498434601504,38.18768397216026,35.976251770311016,NICK
2005-04-27,10.333333015441895,10.357576370239258,10.169696807861328,10.260605812072754,9.508016586303711,22440,9.987878608703614,9.855757522583009,10.438787841796875,10.154303035736085,9.572242469787598,7.800818147659302,50.779403217265084,-0.09884899957525839,-0.042812813002748834,-0.056036186572509555,11.679418606504962,10.438787841796875,9.198157077088789,45.63105387044779,39.563091170664954,NICK
2005-04-28,10.333333015441895,10.333333015441895,10.272727012634277,10.29697036743164,9.541712760925293,18975,10.065454483032227,9.878181838989258,10.408181810379029,10.164848499298095,9.591454591751098,7.822818150520325,51.405804690200775,-0.0773015890874138,-0.049710568219681825,-0.027591020867731977,11.630966830560313,10.408181810379029,9.185396790197744,50.809054196108995,44.875930679572626,NICK
2005-04-29,10.363636016845703,10.363636016845703,10.030303001403809,10.030303001403809,9.294605255126953,22935,10.130909156799316,9.938787937164307,10.366666650772094,10.169212131500244,9.60496973991394,7.843909060955047,46.71115909709664,-0.08081139537878812,-0.055930733651503084,-0.024880661727285036,11.581545280936192,10.366666650772094,9.151788020607997,49.11002701663924,48.51671169439896,NICK
2005-05-02,10.0,10.163636207580566,9.842424392700195,9.969696998596191,9.238444328308105,65175,10.14303035736084,9.981212139129639,10.315454530715943,10.170424251556396,9.617575798034668,7.864363605976105,45.68988764026407,-0.0874749829207424,-0.06223958350535095,-0.025235399415391456,11.506362638716778,10.315454530715943,9.124546422715108,45.29166096493389,48.40358072589432,NICK
2005-05-03,10.121212005615234,10.612120628356934,9.945454597473145,10.363636016845703,9.603489875793457,93555,10.184242439270019,10.050909042358398,10.266969680786133,10.188727264404298,9.635757608413696,7.886939361095428,52.89852383701555,-0.06027354169956922,-0.0618463751441946,0.0015728334446253808,11.36337652507289,10.266969680786133,9.170562836499375,51.382726030899256,48.5948046708244,NICK
2005-05-04,10.533332824707031,10.533332824707031,9.57575798034668,9.666666984558105,8.957642555236816,86460,10.06545467376709,10.026666641235352,10.210303020477294,10.188121204376221,9.645878829956054,7.905969665050507,42.22100903248215,-0.09387366250137141,-0.06825183261562996,-0.02562182988574145,11.307805588651593,10.210303020477294,9.112800452302995,47.54865326700783,48.074346754280604,NICK
2005-05-05,9.57575798034668,9.642423629760742,9.10303020477295,9.393939018249512,8.704917907714844,79200,9.884848403930665,9.975151443481446,10.124848461151123,10.177939376831056,9.655393981933594,7.9239999651908875,38.91120567292953,-0.14088483522823836,-0.08277843313815164,-0.05810640209008672,11.196855752180984,10.124848461151123,9.052841170121262,40.559715374935706,46.49703155761454,NICK
2005-05-06,9.181818008422852,9.393939018249512,8.939393997192383,9.387879371643066,8.699301719665527,95700,9.756363677978516,9.943636417388916,10.042727279663087,10.169212131500244,9.66709095954895,7.941545422077179,38.83835447257506,-0.17659481603723037,-0.10154170971796739,-0.07505310631926299,11.07562571664047,10.042727279663087,9.009828842685703,25.687410523252932,37.9319263883991,NICK
2005-05-09,9.43636417388916,9.478788375854492,9.030303001403809,9.357576370239258,8.671220779418945,116325,9.63393955230713,9.888484954833984,9.949697017669678,10.160969715118409,9.678909139633179,7.959212093353272,38.45066066647771,-0.20497757813873996,-0.1222288834021219,-0.08274869473661806,10.871547569369326,9.949697017669678,9.027846465970029,23.69625831376649,29.981128070651987,NICK
2005-05-10,9.181818008422852,9.272727012634277,9.0,9.242424011230469,8.564515113830566,37455,9.409697151184082,9.796969795227051,9.85878791809082,10.155393962860108,9.69090913772583,7.9765151238441465,36.94157022032237,-0.2340648012658253,-0.14459606697486257,-0.08946873429096272,10.677307220611814,9.85878791809082,9.040268615569827,23.309203463435562,24.230957433485273,NICK
2005-05-11,9.199999809265137,9.242424011230469,9.084848403930664,9.133333206176758,8.46342658996582,21450,9.303030395507813,9.684242534637452,9.77000002861023,10.144727287292481,9.699697017669678,7.993909065723419,35.519319725474986,-0.2628889314549667,-0.1682546398708834,-0.09463429158408332,10.493236012317578,9.77000002861023,9.046764044902883,18.236723582904737,21.747395120035872,NICK
2005-05-12,9.206061363220215,10.03636360168457,9.206061363220215,9.739394187927246,9.025033950805664,56925,9.372121429443359,9.628484916687011,9.753333377838135,10.144363651275635,9.712363691329957,8.01390906572342,47.5912655191786,-0.23412930919622,-0.18142957373595073,-0.052699735460269265,10.463134599425263,9.753333377838135,9.043532156251008,25.8454148971208,22.46378064782064,NICK
2005-05-13,10.006060600280762,10.078787803649902,9.757575988769531,9.757575988769531,9.041881561279297,28875,9.446060752868652,9.601212215423583,9.770000076293945,10.149454574584961,9.724787931442261,8.03363634109497,47.9063577131954,-0.20747830127165123,-0.18663931924309082,-0.02083898202856041,10.463577782365963,9.770000076293945,9.076422370221927,36.111128531799096,26.73108900394182,NICK
2005-05-16,10.07272720336914,10.242424011230469,9.818181991577148,9.903030395507812,9.176668167114258,32835,9.555151557922363,9.594545555114745,9.787878847122192,10.15357578277588,9.736000051498413,8.054060583114625,50.47179403235086,-0.17263025633428697,-0.18383750666133006,0.011207250327043089,10.475793627885002,9.787878847122192,9.099964066359382,51.44930304262143,37.80194882384738,NICK
2005-05-17,10.0,10.090909004211426,9.945454597473145,10.060606002807617,9.322685241699219,21780,9.718787956237794,9.564242553710937,9.807575798034668,10.159757595062256,9.747939443588256,8.075424218177796,53.16279747110728,-0.13079022674025076,-0.1732280506771142,0.042437823936863434,10.502998276284654,9.807575798034668,9.112153319784682,57.85026557680319,48.47023238374151,NICK
2005-05-18,10.07272720336914,10.266667366027832,10.07272720336914,10.266667366027832,9.513632774353027,31020,9.945454788208007,9.62424259185791,9.825454616546631,10.168242454528809,9.76533338546753,8.098333315849304,56.491877680117284,-0.08008114635424768,-0.1545986698125409,0.07451752345829321,10.548244877365946,9.825454616546631,9.102664355727317,67.99520633347805,59.098258317634496,NICK
2005-05-19,10.266667366027832,10.406061172485352,10.24848461151123,10.381817817687988,9.620339393615723,81840,10.073939514160156,9.723030471801758,9.849090957641602,10.17890911102295,9.779575805664063,8.121666646003723,58.27658466226352,-0.03025341319740349,-0.12972961848951342,0.09947620529210993,10.611127733777831,9.849090957641602,9.087054181505373,77.53626369574899,67.79391186867701,NICK
2005-05-20,10.42424201965332,10.42424201965332,10.0,10.375758171081543,9.614723205566406,13860,10.197575950622559,9.821818351745605,9.88272738456726,10.19115156173706,9.792363691329957,8.14551513195038,58.141424537187966,0.008646786705563514,-0.10205433745049804,0.11070112415606155,10.674802696595687,9.88272738456726,9.090652072538834,83.8164723563141,76.44931412851399,NICK
2005-05-23,10.842424392700195,11.0,10.545454978942871,10.836363792419434,10.041543960571289,156915,10.384242630004882,9.969697093963623,9.929091024398804,10.212000064849853,9.810848541259766,8.171848466396332,64.82042795020317,0.07576908079090394,-0.06648965380221764,0.14225873459312158,10.823814681852905,9.929091024398804,9.034367366944704,88.05345102477747,83.13539569228045,NICK
2005-05-24,10.903030395507812,10.909090995788574,10.678788185119629,10.909090995788574,10.10893726348877,25080,10.553939628601075,10.136363792419434,9.966666793823242,10.232606124877929,9.830545511245727,8.19890907049179,65.74970221498792,0.13329590769871302,-0.0265325415020315,0.15982844920074452,10.954857877205876,9.966666793823242,8.978475710440607,91.17223351482706,87.68071896530648,NICK
2005-05-25,10.793938636779785,10.872727394104004,10.64848518371582,10.769697189331055,9.979767799377441,21120,10.65454559326172,10.300000190734863,9.992121362686158,10.252000064849854,9.851454601287841,8.22539392232895,62.350146898242485,0.16572800794954645,0.01191956838828409,0.15380843956126236,11.034052939568669,9.992121362686158,8.950189785803646,92.15687000490283,90.46085151483607,NICK
2005-05-26,10.606060981750488,10.7151517868042,10.412120819091797,10.636363983154297,9.856213569641113,32010,10.70545482635498,10.389697170257568,10.00909104347229,10.268848571777344,9.870848541259766,8.251151502132416,59.19725266682957,0.17861286767670137,0.04525822824596755,0.13335463943073383,11.08095514787527,10.00909104347229,8.93722693906931,88.74332609748645,90.69080987240572,NICK
2005-05-27,10.636363983154297,10.666666984558105,10.587879180908203,10.636363983154297,9.856213569641113,27720,10.757575988769531,10.477575969696044,10.039394092559814,10.283394031524658,9.889393997192382,8.277787866592407,59.19725266682957,0.18667236897089268,0.07354105639095258,0.1131313125799401,11.145659810148159,10.039394092559814,8.933128374971469,84.15331269080546,88.35116959773187,NICK
2005-05-31,10.757575988769531,11.193939208984375,10.757575988769531,11.169696807861328,10.350428581237793,150810,10.82424259185791,10.604242610931397,10.099394083023071,10.297697067260742,9.913878841400146,8.307363624572753,66.95024744163489,0.23340454125526655,0.10551375336381538,0.12789078789145117,11.309340012042648,10.099394083023071,8.889448154003494,87.49565802251743,86.79743227027006,NICK
2005-06-01,11.21212100982666,11.660606384277344,11.175758361816406,11.418182373046875,10.58068561553955,115335,10.92606086730957,10.740000247955322,10.15212140083313,10.31369707107544,9.940666723251343,8.337484841346742,69.82690085306147,0.28718039606545886,0.14184708190414408,0.14533331416131479,11.48880544047751,10.15212140083313,8.81543736118875,90.26407979156919,87.30435016829766,NICK
2005-06-02,11.806060791015625,11.878787994384766,11.418182373046875,11.503029823303223,10.659313201904297,86625,11.072727394104003,10.863636493682861,10.243939542770386,10.332121315002441,9.968000049591064,8.367696959972381,70.76269219267596,0.332808222548989,0.18003931003311308,0.15276891251587593,11.682987649057543,10.243939542770386,8.80489143648323,90.41990849069357,89.39321543492701,NICK
2005-06-03,11.57575798034668,11.57575798034668,10.939393997192383,11.381817817687988,10.546991348266602,42900,11.221818161010741,10.963636493682861,10.34333348274231,10.354424324035644,9.99090913772583,8.397333323955536,67.54005059817571,0.35509449957334205,0.21505034794115888,0.14004415163218317,11.808187074868453,10.34333348274231,8.878479890616166,82.76382623459315,87.81593817228558,NICK
2005-06-06,11.363636016845703,11.521211624145508,11.363636016845703,11.521211624145508,10.676159858703613,53790,11.398787689208984,11.078181838989257,10.450000095367432,10.380121269226073,10.016666707992554,8.427757561206818,69.2730924026243,0.37962833081042113,0.24796594451501133,0.1316623862954098,11.931616055353334,10.450000095367432,8.96838413538153,79.89089511733339,84.35820994754032,NICK
2005-06-07,11.515151977539062,11.515151977539062,11.399999618530273,11.5090913772583,10.664928436279297,26895,11.46666660308838,11.145454597473144,10.557575845718384,10.394181880950928,10.042000045776367,8.458030292987823,68.92849447181833,0.39355688737484407,0.2770841330869779,0.11647275428786619,12.01858667191425,10.557575845718384,9.096565019522519,79.23653357287388,80.6304183082671,NICK
2005-06-08,11.515151977539062,11.515151977539062,11.363636016845703,11.375758171081543,10.541376113891602,25245,11.458181762695313,11.192121315002442,10.664242553710938,10.408727340698242,10.066545505523681,8.487515144348144,65.0923948288638,0.38934832820894094,0.2995369721113705,0.08981135609757046,12.034279444397326,10.664242553710938,9.29420566302455,78.35103512253949,79.15948793758254,NICK
2005-06-09,11.515151977539062,11.515151977539062,11.07272720336914,11.357576370239258,10.52452564239502,26895,11.42909107208252,11.250909233093262,10.775454711914062,10.422545528411865,10.09339400291443,8.517060601711274,64.56471609772959,0.38016360596665244,0.31566229888242686,0.06450130708422558,11.981661234640486,10.775454711914062,9.569248189187638,75.26884231143826,77.61880366895083,NICK
2005-06-10,11.5090913772583,11.5090913772583,11.339393615722656,11.503029823303223,10.659313201904297,18150,11.453333473205566,11.337575817108155,10.863636493682861,10.434424304962159,10.12309097290039,8.547363631725311,66.87799392408473,0.3802383741868667,0.3285775139433148,0.051660860243551876,12.010379226641689,10.863636493682861,9.716893760724034,73.28801996544047,75.63596579980636,NICK
2005-06-13,11.430302619934082,11.454545021057129,11.333333015441895,11.454545021057129,10.61438274383545,38610,11.44000015258789,11.419393920898438,10.948484945297242,10.44630308151245,10.15048490524292,8.57739393234253,65.34661987692651,0.37209601891883537,0.3372812149384189,0.034814803980416476,12.002706205786355,10.948484945297242,9.894263684808129,72.57085967410302,73.70924065032754,NICK
2005-06-14,11.5090913772583,11.515151977539062,11.381817817687988,11.418182373046875,10.58068561553955,31515,11.421818351745605,11.444242477416992,11.024242544174195,10.454787940979005,10.176848545074463,8.607363634109497,64.1600393319281,0.3585755462160698,0.3415400811939491,0.01703546502212072,11.980251802763652,11.024242544174195,10.068233285584737,71.34985616862356,72.40291193605596,NICK
2005-06-15,11.454545021057129,11.454545021057129,11.418182373046875,11.442423820495605,10.603150367736816,23265,11.435151481628418,11.446666622161866,11.093333435058593,10.456969757080078,10.203697023391724,8.637515149116517,64.62125520451238,0.34583004294096753,0.3423980735433528,0.0034319693976147536,11.955954752264367,11.093333435058593,10.23071211785282,69.97244749157746,71.29772111143495,NICK
2005-06-16,11.442423820495605,11.503029823303223,11.393939018249512,11.503029823303223,10.659313201904297,14850,11.46424217224121,11.446666622161866,11.155151557922363,10.471030349731445,10.229939441680909,8.667606058120727,65.80600948011468,0.3367378335569118,0.34126602554606456,-0.004528191989152774,11.946179044050995,11.155151557922363,10.36412407179373,69.91165204098114,70.411318567061,NICK
2005-06-17,11.533332824707031,11.545454978942871,11.369696617126465,11.545454978942871,10.698624610900879,38775,11.472727203369141,11.463030338287354,11.213333415985108,10.479878845214843,10.256303081512451,8.697909092903137,66.64798682080396,0.3291611823975593,0.3388450569163635,-0.009683874518804203,11.9365500548392,11.213333415985108,10.490116777131016,70.47005650573809,70.11805201276584,NICK
2005-06-20,11.32727336883545,11.636363983154297,11.32727336883545,11.590909004211426,10.74074649810791,87670,11.5,11.470000076293946,11.2740909576416,10.491090965270995,10.283606109619141,8.72853030204773,67.56936857872321,0.3230998972383201,0.33569602498075485,-0.012596127742434737,11.903759599097432,11.2740909576416,10.64442231618577,70.17236034175004,70.18468962949004,NICK
2005-06-21,11.636363983154297,11.763635635375977,11.5,11.518181800842285,10.673352241516113,59180,11.519999885559082,11.470909118652344,11.308181858062744,10.497090969085694,10.303090953826905,8.758878786563873,64.4990725715831,0.308867376719574,0.33033029532851865,-0.02146291860894467,11.912689007548114,11.308181858062744,10.703674708577374,67.07933535153393,69.24058406634096,NICK
2005-06-22,11.454545021057129,11.627272605895996,10.590909004211426,11.227272987365723,10.40378189086914,141900,11.476969718933105,11.456060600280761,11.324090957641602,10.500424308776855,10.316272773742675,8.787772727012634,53.940808627697876,0.2709902843353085,0.3184622931298766,-0.047472008794568143,11.901906708363725,11.324090957641602,10.746275206919478,61.74377854856605,66.33182474728362,NICK
2005-06-23,11.454545021057129,11.53636360168457,10.590909004211426,10.818181991577148,10.024694442749023,57970,11.34000015258789,11.40212116241455,11.326515197753906,10.498606128692627,10.324030351638793,8.814439396858216,43.22506282355758,0.20559225178518226,0.29588828486093777,-0.09029603307575551,11.895343660774746,11.326515197753906,10.757686734733067,45.08546477564247,57.969526225247755,NICK
2005-06-24,11.018181800842285,11.018181800842285,10.699999809265137,10.709091186523438,9.92360782623291,17050,11.172727394104005,11.322727298736572,11.330151557922363,10.511333408355712,10.333848533630372,8.840863642692566,40.89215358551132,0.1433091449477768,0.2653724568783056,-0.12206331193052877,11.881961008736386,11.330151557922363,10.77834210710834,27.907019611128003,44.91208764511244,NICK
2005-06-27,10.663636207580566,10.690909385681152,9.5,10.227272987365723,9.477128982543945,267080,10.900000190734863,11.200000095367432,11.309697008132934,10.527394027709962,10.336424293518066,8.864878797531128,32.53906609067016,0.05444304655320842,0.22318657481328613,-0.1687435282600777,11.980383301475435,11.309697008132934,10.639010714790434,20.52865652246143,31.173713636410906,NICK
2005-06-28,10.0,10.481818199157715,9.772727012634277,9.9909086227417,9.258101463317871,96800,10.594545555114745,11.057272720336915,11.250757598876953,10.536303100585938,10.336393985748291,8.88768182516098,29.36958383940925,-0.034657100039931166,0.17161783984264267,-0.20627493988257384,12.133846064488935,11.250757598876953,10.367669133264972,21.29760836949567,23.244428167695304,NICK
2005-06-29,9.909090995788574,10.5,9.909090995788574,10.381817817687988,9.620339393615723,51590,10.4254545211792,10.951212120056152,11.19893937110901,10.550606117248535,10.341727313995362,8.912409093379974,39.81140015354333,-0.07288631500989595,0.12271700887213494,-0.1956033238820309,12.155239418607822,11.19893937110901,10.242639323610197,30.923696301895063,24.249987064617656,NICK
2005-06-30,10.17272663116455,10.53636360168457,10.090909004211426,10.145455360412598,9.401312828063965,38060,10.29090919494629,10.81545467376709,11.131060647964478,10.555333404541015,10.344090957641601,8.935863645076752,36.31546633023046,-0.12086249068058308,0.07400110896159133,-0.19486359964217442,12.179655521191885,11.131060647964478,10.082465774737072,29.718884807876567,27.313396493089368,NICK
2005-07-01,10.181818008422852,10.445454597473145,10.181818008422852,10.445454597473145,9.679306983947754,33770,10.238181877136231,10.705454635620118,11.084242486953736,10.566060676574708,10.350060653686523,8.96072728395462,43.14022396662752,-0.13314174911084464,0.03257253734710413,-0.16571428645794878,12.166932999989482,11.084242486953736,10.001551973917989,36.41233504971799,32.35163871983014,NICK
2005-07-05,10.236364364624023,10.681818008422852,9.56363582611084,9.836363792419434,9.114891052246094,122210,10.160000038146972,10.530000114440918,11.000000095367431,10.568727359771728,10.350606107711792,8.983090922832488,34.95074496585499,-0.18983340612902744,-0.01190865134812219,-0.17792475478090525,12.19041324496711,11.000000095367431,9.809586945767753,28.38021161158998,31.503810489728448,NICK
2005-07-06,9.82727336883545,10.163636207580566,9.554545402526855,9.836363792419434,9.114891052246094,50160,10.12909107208252,10.361818313598633,10.916363716125488,10.567272815704346,10.352848539352417,9.005363652706146,34.95074496585499,-0.23208660286829996,-0.05594424165215775,-0.1761423612161422,12.184464025035346,10.916363716125488,9.64826340721563,23.828660953249365,29.540402538186047,NICK
2005-07-07,9.545454978942871,9.836363792419434,9.181818008422852,9.699999809265137,8.988530158996582,78430,9.992727470397949,10.209090995788575,10.832575798034668,10.558121299743652,10.35257580757141,9.026893956661224,33.30893954153055,-0.27342413625903106,-0.09944022057353241,-0.17398391568549865,12.186716230308567,10.832575798034668,9.478435365760769,16.59644167609126,22.935104746977135,NICK
2005-07-08,9.699999809265137,9.981818199157715,9.627272605895996,9.92727279663086,9.199132919311523,28160,9.949090957641602,10.120000076293945,10.761060619354248,10.551454639434814,10.352878837585449,9.049257595539093,38.49467978105337,-0.2845651091683621,-0.13646519829249834,-0.14809991087586374,12.147432940161059,10.761060619354248,9.374688298547438,21.267710215633823,20.564270948325085,NICK
2005-07-11,9.772727012634277,9.772727012634277,9.372727394104004,9.645455360412598,8.937986373901367,41690,9.789091110229492,10.013636493682862,10.668181896209717,10.538424339294433,10.351636419296264,9.07051517724991,34.87355055185173,-0.3125320474233586,-0.17167856811867038,-0.14085347930468822,12.091675395275074,10.668181896209717,9.24468839714436,22.300489946927467,20.05488061288445,NICK
2005-07-12,9.545454978942871,9.909090995788574,9.545454978942871,9.699999809265137,8.988530158996582,54780,9.761818313598633,9.960909175872803,10.580454635620118,10.531818275451661,10.350515203475952,9.092257602214813,36.125928167132884,-0.3265307233850656,-0.20264899917194942,-0.12388172421311619,12.015498666565227,10.580454635620118,9.145410604675009,22.67354452735563,22.08058156330591,NICK
2005-07-13,9.881817817687988,10.127272605895996,9.690909385681152,10.127272605895996,9.3844633102417,23100,9.820000076293946,9.974545574188232,10.515909147262573,10.534969787597657,10.352697019577027,9.115833361148834,45.04155176792372,-0.299692759539667,-0.22205775124549293,-0.07763500829417408,11.909969450292607,10.515909147262573,9.121848844232538,26.433939511952037,23.802657995411977,NICK
2005-07-14,10.0,10.363636016845703,9.863636016845703,10.081817626953125,9.342341423034668,32780,9.896363639831543,9.944545555114747,10.44787883758545,10.529333419799805,10.35903034210205,9.138818209171296,44.332608778567476,-0.27887660089225186,-0.23342152117484471,-0.04545507971740714,11.786121281241597,10.44787883758545,9.109636393929302,36.784635322809656,28.63070645403937,NICK
2005-07-15,10.0,10.318181991577148,10.0,10.272727012634277,9.51924991607666,19580,9.965454483032227,9.957272720336913,10.386363697052001,10.541454620361328,10.364787912368774,9.16290911912918,48.03227206592645,-0.2441603250213671,-0.2355692819441492,-0.008591043077217891,11.635052329084804,10.386363697052001,9.137675065019199,53.81781483509038,39.012129889950955,NICK
2005-07-18,10.545454978942871,10.545454978942871,10.118182182312012,10.209091186523438,9.460280418395996,32890,10.078181648254395,9.933636379241943,10.31954550743103,10.557757663726807,10.367848520278931,9.18689397096634,46.91305547289131,-0.21925487193454174,-0.2323063999422277,0.01305152800768597,11.450452756748026,10.31954550743103,9.188638258114034,63.261294349084785,51.28791483566187,NICK
2005-07-19,10.100000381469727,10.272727012634277,9.781818389892578,10.018181800842285,9.28337287902832,40480,10.141818046569824,9.951818180084228,10.240909147262574,10.57036371231079,10.369787921905518,9.209712154865265,43.62860572970321,-0.21247266028912115,-0.2283396520116064,0.015866991722485235,11.215130624410401,10.240909147262574,9.266687670114747,65.51053105215242,60.86321341210945,NICK
2005-07-20,9.727272987365723,10.181818008422852,9.554545402526855,10.07272720336914,9.333918571472168,42460,10.130908966064453,9.975454521179199,10.168636417388916,10.584666728973389,10.372818222045899,9.23192427635193,44.81734617187991,-0.200386420646959,-0.2227490057386769,0.0223625850917179,10.948114475794961,10.168636417388916,9.38915835898287,61.21213701036255,63.32798747053351,NICK
2005-07-21,10.045454978942871,10.236364364624023,9.899999618530273,10.181818008422852,9.43500804901123,31130,10.150909042358398,10.02363634109497,10.116363668441773,10.603454608917236,10.379424285888671,9.254530336856842,47.21482566306954,-0.17993113823759543,-0.2141854322384606,0.03425429400086516,10.72673139024271,10.116363668441773,9.505995946640835,60.60606638590508,62.44291148280694,NICK
2005-07-22,9.727272987365723,10.227272987365723,9.727272987365723,9.945454597473145,9.215981483459473,62260,10.085454559326172,10.0254545211792,10.072727298736572,10.619697036743164,10.382212162017822,9.276075789928436,42.86899858132714,-0.18070962339733043,-0.20749027047023455,0.026780647072904118,10.594516926021843,10.072727298736572,9.550937671451301,58.98990631103529,60.26936990243456,NICK
2005-07-25,10.199999809265137,10.272727012634277,10.045454978942871,10.136363983154297,9.392888069152832,73920,10.070909118652343,10.07454538345337,10.044090938568115,10.627636432647705,10.38600004196167,9.298515183925629,47.1039552018022,-0.1640309399963762,-0.19879840437546287,0.03476746437908668,10.478604893042037,10.044090938568115,9.609576984094192,62.525259865653936,60.70707752086503,NICK
2005-07-26,10.136363983154297,10.181818008422852,9.954545021057129,10.07272720336914,9.333918571472168,89870,10.081818199157714,10.11181812286377,10.036363649368287,10.633939456939697,10.391697015762329,9.320636394023895,45.883014228915016,-0.15417073526343295,-0.18987287055305688,0.03570213528962393,10.462997458590005,10.036363649368287,9.609729840146569,62.080808272187426,61.19865814962581,NICK
2005-07-27,10.018181800842285,10.181818008422852,9.93636417388916,9.93636417388916,9.207557678222656,40260,10.054545593261718,10.092727279663086,10.033636426925659,10.634606132507324,10.394090957641602,9.341954579353333,43.29341663233359,-0.15556653464470394,-0.18301160337138628,0.027445068726682342,10.46209109586068,10.033636426925659,9.605181757990637,61.13178569266563,61.91261794350259,NICK
2005-07-28,10.0,10.0,9.872727394104004,9.93636417388916,9.207557678222656,110990,10.005454826354981,10.078181934356689,10.011363744735718,10.632121295928956,10.395939445495605,9.363363676071167,43.29341663233358,-0.15488727165687166,-0.17738673702848334,0.022499465371611682,10.410406895174251,10.011363744735718,9.612320594297184,53.819129427503064,59.01057446411897,NICK
2005-07-29,9.92727279663086,9.972726821899414,9.809090614318848,9.92727279663086,9.199132919311523,41140,10.001818466186524,10.043636512756347,10.00045461654663,10.625333404541015,10.396787929534913,9.38481822013855,43.10530594080465,-0.1533152265142821,-0.1725724349256431,0.019257208411361,10.396153422246444,10.00045461654663,9.604755810846816,44.76861938834696,53.239844836172146,NICK
2005-08-01,10.027273178100586,10.181818008422852,9.809090614318848,10.018181800842285,9.28337287902832,89540,9.97818202972412,10.024545574188233,9.979090976715089,10.618060684204101,10.398484897613525,9.406272764205932,45.648419206541845,-0.14308438481003805,-0.16667482490252208,0.02359044009248404,10.318516636340885,9.979090976715089,9.639665317089293,44.34426378918457,47.644004201678456,NICK
2005-08-02,10.0,10.181818008422852,10.0,10.027273178100586,9.291797637939453,18370,9.96909122467041,10.025454711914062,9.988636445999145,10.611090984344482,10.401121273040772,9.427621250152589,45.90881137857699,-0.13271293873841472,-0.1598824476697006,0.02716950893128589,10.322156174884606,9.988636445999145,9.655116717113684,44.22573418648303,44.44620578800511,NICK
2005-08-03,10.018181800842285,10.181818008422852,9.92727279663086,9.93636417388916,9.207557678222656,24970,9.96909122467041,10.011818408966064,9.993636465072631,10.593090991973877,10.402545528411865,9.448212161064149,43.65650920955599,-0.1303267640753667,-0.15397131095083383,0.023644546875467132,10.32081301477251,9.993636465072631,9.666459915372753,44.34252383280542,44.30417393615793,NICK
2005-08-04,9.92727279663086,10.045454978942871,9.918182373046875,9.93636417388916,9.207557678222656,14850,9.96909122467041,9.987273025512696,10.005454683303833,10.573636455535889,10.40312129020691,9.46695458650589,43.65650920955599,-0.12697204872311652,-0.14857145850529035,0.02159940978217384,10.30528353362608,10.005454683303833,9.705625832981587,41.59025026851619,43.38616942926848,NICK
2005-08-05,10.209091186523438,10.209091186523438,9.863636016845703,9.872727394104004,9.148589134216309,19800,9.95818214416504,9.980000305175782,10.00272741317749,10.555697059631347,10.4038485622406,9.485166709423066,41.984308986543624,-0.12797317384341156,-0.1444518015729146,0.016478627729503037,10.306319924045427,10.00272741317749,9.699134902309554,40.45604528780585,42.12960646304275,NICK
2005-08-08,9.845455169677734,9.954545021057129,9.363636016845703,9.636363983154297,8.929560661315918,114840,9.881818580627442,9.930000305175781,10.002272844314575,10.535697059631348,10.402272815704345,9.502015194892884,36.40637415704659,-0.14615434825736884,-0.14479231090980543,-0.0013620373475634051,10.308023322250435,10.002272844314575,9.696522366378716,37.61201952952231,39.88610502861505,NICK
2005-08-09,9.636363983154297,9.945454597473145,9.590909004211426,9.718181610107422,9.005377769470215,17710,9.820000267028808,9.894545745849609,10.00318193435669,10.51733341217041,10.400363721847533,9.519151558876038,39.407318312712285,-0.15220651924346917,-0.14627515257653817,-0.005931366666931004,10.30541994868688,10.00318193435669,9.700943920026498,37.76797314008636,38.61201265247177,NICK
2005-08-10,9.581817626953125,9.981818199157715,9.581817626953125,9.790908813476562,9.072771072387695,32230,9.79090919494629,9.88000020980835,9.986363744735717,10.489757652282714,10.393727359771729,9.53643943786621,42.02617061873396,-0.14941210115192582,-0.1469025422916157,-0.0025095588603101238,10.296442263686675,9.986363744735717,9.67628522578476,38.66669603983295,38.01556290314747,NICK
2005-08-11,9.781818389892578,9.945454597473145,9.681818008422852,9.909090995788574,9.182284355163574,19030,9.785454559326173,9.877272891998292,9.97772741317749,10.459575824737549,10.386636447906493,9.554621257781982,46.102761666163886,-0.1360924017658327,-0.1447405141864591,0.008648112420626408,10.286308471966802,9.97772741317749,9.669146354388179,48.666685549416464,41.700451576445516,NICK
2005-08-12,9.718181610107422,9.909090995788574,9.681818008422852,9.899999618530273,9.173858642578125,9570,9.790909004211425,9.874545574188232,9.95909104347229,10.42751522064209,10.379818267822266,9.571697015762329,45.835749008892456,-0.12483106736410399,-0.1407586248219881,0.0159275574578841,10.237724103277897,9.95909104347229,9.680457983666683,56.81361812728742,48.04899990551254,NICK
2005-08-15,9.736364364624023,9.9909086227417,9.67272663116455,9.681818008422852,8.971680641174316,22990,9.799999809265136,9.840909194946288,9.932727384567261,10.393515224456786,10.373969774246216,9.587833380699157,39.86809617064174,-0.13199030911076015,-0.1390049616797425,0.007014652568982344,10.211532450627912,9.932727384567261,9.653922318506611,53.69175085315391,53.05735150995286,NICK
2005-08-16,9.681818008422852,9.790908813476562,9.627272605895996,9.763635635375977,9.047496795654297,21560,9.809090614318848,9.814545440673829,9.920000076293945,10.358363704681397,10.369242486953736,9.603681864738464,42.87183988671952,-0.1295684763164573,-0.13711766460708547,0.007549188290628173,10.205205686046503,9.920000076293945,9.634794466541388,49.46231950103263,53.322562827158244,NICK
2005-08-17,9.781818389892578,9.781818389892578,9.545454978942871,9.600000381469727,8.895865440368652,17050,9.77090892791748,9.780909061431885,9.896363735198975,10.320181884765624,10.357181882858276,9.618106107711792,38.70731339718526,-0.13924798966596086,-0.13754372961886055,-0.0017042600471003089,10.204458492086342,9.896363735198975,9.588268978311607,37.634401324724564,46.929490559637294,NICK
2005-08-18,9.881817817687988,9.881817817687988,9.618182182312012,9.618182182312012,8.912712097167969,24200,9.712727165222168,9.74909086227417,9.868181943893433,10.285030364990234,10.346878852844238,9.632772779464721,39.411565164366415,-0.14379438222683127,-0.1387938601404547,-0.00500052208637658,10.16972081805346,9.868181943893433,9.566643069733406,35.125463796430545,40.74072820739618,NICK
2005-08-19,9.527273178100586,9.772727012634277,9.527273178100586,9.727272987365723,9.013802528381348,9680,9.678181838989257,9.734545421600341,9.857272863388062,10.252424297332764,10.337484912872315,9.64795459985733,43.59894582200762,-0.13701528787876427,-0.1384381456881166,0.0014228578093523347,10.162603036622711,9.857272863388062,9.551942690153412,33.69181206600174,35.48389239571922,NICK
2005-08-22,9.545454978942871,9.727272987365723,9.545454978942871,9.663636207580566,8.954833984375,21120,9.6745454788208,9.737272644042969,9.833636474609374,10.21563642501831,10.325030364990234,9.662181870937347,41.78478568617797,-0.13521904211452096,-0.13779432497339747,0.0025752828588765098,10.121581711516555,9.833636474609374,9.545691237702194,36.200749594295765,35.00600848557628,NICK
2005-08-23,9.527273178100586,9.718181610107422,9.527273178100586,9.600000381469727,8.895865440368652,21560,9.641818428039551,9.725454521179199,9.810000133514404,10.178545532226563,10.312424306869508,9.675818238258362,39.99270094714086,-0.13734713150904732,-0.13770488628052743,0.0003577547714801177,10.09312915439337,9.810000133514404,9.526871112635437,35.48390492906391,35.12548886312074,NICK
2005-08-24,9.545454978942871,9.545454978942871,9.136363983154297,9.254545211791992,8.5757474899292,77440,9.572727394104003,9.671818161010743,9.775909185409546,10.135272789001466,10.295030364990234,9.686666724681855,31.975357852360055,-0.1650069058920547,-0.1431652902028329,-0.0218416156892218,10.142004434444889,9.775909185409546,9.409813936374203,24.819272326840863,32.16797561673378,NICK
2005-08-25,9.136363983154297,9.272727012634277,9.136363983154297,9.190909385681152,8.516778945922852,29700,9.487272834777832,9.6,9.738636445999145,10.090242500305175,10.273606128692627,9.697166726589202,30.75236768401237,-0.18987361091445365,-0.15250695434515704,-0.03736665656929661,10.176545677946287,9.738636445999145,9.300727214052003,15.11897612496599,25.140717793623853,NICK
2005-08-26,9.136363983154297,9.272727012634277,9.136363983154297,9.136363983154297,8.466235160827637,16940,9.369091033935547,9.523636436462402,9.699091005325318,10.042909183502196,10.256969766616821,9.707303092479705,29.70365016859159,-0.21154347048212863,-0.16431425757255136,-0.04722921290957727,10.200028942854836,9.699091005325318,9.1981530677958,5.799957876917055,15.24606877624157,NICK
2005-08-29,9.136363983154297,9.263635635375977,9.045454978942871,9.163636207580566,8.491506576538086,30360,9.269091033935547,9.471818256378175,9.656363725662231,9.99527280807495,10.237575826644898,9.718515212535857,30.971178044270626,-0.2239349668218633,-0.17623839942241376,-0.04769656739944955,10.186094710668447,9.656363725662231,9.126632740656015,6.294309429552384,9.071081143812076,NICK
2005-08-30,9.154544830322266,9.199999809265137,9.136363983154297,9.181818008422852,8.508355140686035,12540,9.185454559326171,9.413636493682862,9.614090967178345,9.94709098815918,10.219090976715087,9.730787937641145,31.853384143248416,-0.2296410386240133,-0.18691892726273368,-0.042722111361279624,10.153526723505882,9.614090967178345,9.074655210850809,8.974325351194098,7.0228642192214465,NICK
2005-08-31,9.181818008422852,9.181818008422852,9.045454978942871,9.090909004211426,8.424113273620605,61160,9.152727317810058,9.36272735595703,9.571818208694458,9.898545532226562,10.197818250656129,9.740151572227479,29.802474147750214,-0.23874661614257597,-0.19728446503870214,-0.04146215110387383,10.135568916088625,9.571818208694458,9.00806750130029,10.576872642175694,8.615169140974325,NICK
2005-09-01,9.045454978942871,9.309090614318848,9.045454978942871,9.109090805053711,8.440961837768555,32560,9.13636360168457,9.3118182182312,9.530454540252686,9.856181888580322,10.178303098678589,9.748181877136231,30.762639880411303,-0.24170945639742136,-0.206169463310446,-0.03553999308697536,10.102482184416534,9.530454540252686,8.958426896088838,8.65379571909877,9.40166457082312,NICK
2005-09-02,9.318181991577148,9.445454597473145,9.136363983154297,9.309090614318848,8.626294136047363,20020,9.17090892791748,9.269999980926514,9.502272701263427,9.826000061035156,10.162303094863892,9.757818241119384,40.417012187192604,-0.2253218455286703,-0.20999993975409087,-0.015321905774579425,10.059416325239036,9.502272701263427,8.945129077287818,14.353347595402946,11.194671985559403,NICK
2005-09-06,9.109090805053711,9.272727012634277,9.109090805053711,9.190909385681152,8.516778945922852,31240,9.176363563537597,9.222727298736572,9.47999997138977,9.79563642501831,10.153484916687011,9.766378848552703,37.122965109251304,-0.21934234134301533,-0.21186842007187576,-0.0074739212711395775,10.0494014538561,9.47999997138977,8.910598488923439,18.547901753696713,13.851681689399742,NICK
2005-09-07,9.090909004211426,9.254545211791992,9.090909004211426,9.190909385681152,8.516778945922852,22220,9.178181838989257,9.181818199157714,9.453636360168456,9.77490915298462,10.15115159034729,9.774484910964965,37.12296510925131,-0.21215791679478713,-0.21192631941645804,-0.00023159737832909033,10.025306250046327,9.453636360168456,8.881966470290585,22.10143027096484,18.334226540021763,NICK
2005-09-08,9.100000381469727,9.245454788208008,9.100000381469727,9.218181610107422,8.542052268981934,12210,9.203636360168456,9.178181838989257,9.425,9.759454612731934,10.147878856658936,9.783606123924255,38.46519786483827,-0.20193577804299956,-0.20992821114176635,0.007992433098766794,9.983447441404486,9.425,8.866552558595515,19.51084771016027,20.053393244940874,NICK
2005-09-09,9.272727012634277,9.381817817687988,9.136363983154297,9.345455169677734,8.659991264343262,34650,9.250909233093262,9.193636417388916,9.396818208694459,9.738727359771728,10.144666738510132,9.79415158033371,44.42730220041173,-0.1814728409008861,-0.20423713709359032,0.022764296192704203,9.909734721327808,9.396818208694459,8.883901696061109,28.380425982296646,23.330901321140853,NICK
2005-09-12,9.336363792419434,10.272727012634277,9.336363792419434,10.236364364624023,9.485552787780762,51810,9.436363983154298,9.303636455535889,9.413636445999146,9.740545539855956,10.147939472198486,9.807878856658936,67.88441432682058,-0.09230287925934455,-0.18185028552674115,0.0895474062673966,10.007169241937357,9.413636445999146,8.820103650060934,54.92902983138447,34.27343450794739,NICK
2005-09-13,10.045454978942871,10.309090614318848,10.045454978942871,10.127272605895996,9.3844633102417,24090,9.623636627197266,9.400000095367432,9.435909175872803,9.734181900024414,10.15012128829956,9.820878853797913,64.30508572775727,-0.03009096551553725,-0.15149842152450038,0.12140745600896313,10.097549505302425,9.435909175872803,8.774268846443182,75.5495570934123,52.95300430236474,NICK
2005-09-14,10.409090995788574,10.454545021057129,10.054545402526855,10.181818008422852,9.43500804901123,26180,9.821818351745605,9.500000095367431,9.456818294525146,9.741090984344483,10.154909172058105,9.832697033882141,65.29052624635422,0.02334467953392405,-0.11652980131281548,0.13987448084673954,10.18194878719532,9.456818294525146,8.73168780185497,87.76459998533888,72.74772897004549,NICK
2005-09-15,10.17272663116455,10.17272663116455,10.054545402526855,10.081817626953125,9.342341423034668,19360,9.994545555114746,9.599090957641602,9.480909156799317,9.746000061035156,10.156636438369752,9.843712182044984,61.91568798569095,0.056966938762739616,-0.08183045329770447,0.13879739206044409,10.253901630192322,9.480909156799317,8.707916683406312,79.93501542295677,81.08305750056958,NICK
2005-09-16,10.07272720336914,10.136363983154297,9.845455169677734,10.0,9.26652717590332,10120,10.125454521179199,9.68818187713623,9.500000047683717,9.752000064849854,10.155060682296753,9.853469758033752,59.218625409043035,0.07613320650685829,-0.05023772133679192,0.1263709278436502,10.3038543873843,9.500000047683717,8.696145707983133,73.97849214932783,80.55936918587476,NICK
2005-09-19,9.881817817687988,9.9909086227417,9.836363792419434,9.872727394104004,9.148589134216309,12100,10.052727127075196,9.744545555114746,9.50727276802063,9.750909156799317,10.151181898117066,9.861712183952331,55.191153399446556,0.08012909778468469,-0.024164357512496598,0.10429345529718129,10.32178167941611,9.50727276802063,8.69276385662515,66.66666666666681,73.52672474631741,NICK
2005-09-20,9.863636016845703,10.0,9.454545021057129,9.818181991577148,9.098043441772461,17050,9.990909004211426,9.807272815704346,9.515000057220458,9.754363689422608,10.14639401435852,9.86892430305481,53.511464157210945,0.07799542952118621,-0.0037324001057600364,0.08172782962694625,10.338182252582822,9.515000057220458,8.691817861858095,60.43012091736403,67.02509324445316,NICK
2005-09-21,9.772727012634277,9.772727012634277,9.46363639831543,9.5090913772583,8.811623573303223,23210,9.856363677978516,9.83909101486206,9.510454607009887,9.75054552078247,10.141181898117065,9.873075819015503,45.12971903569446,0.050778114160859644,0.0071697027475639,0.043608411413295745,10.332712628415829,9.510454607009887,8.688196585603945,48.817221621372994,58.63800306846821,NICK
2005-09-22,9.46363639831543,9.4909086227417,9.281818389892578,9.399999618530273,8.71053409576416,15400,9.720000076293946,9.857272815704345,9.517727327346801,9.736000061035156,10.135484924316406,9.876530361175536,42.59385825774353,0.02017286223744641,0.009770334645540401,0.010402527591906009,10.33334906633237,9.517727327346801,8.702105588361231,36.80287476218777,48.68340576697519,NICK
2005-09-23,9.318181991577148,9.336363792419434,9.136363983154297,9.209091186523438,8.5336275100708,59290,9.561818313598632,9.843636417388916,9.518636417388915,9.718545532226562,10.123939476013184,9.87984854221344,38.51523849749897,-0.019264664326883008,0.003963334851055719,-0.023227999177938725,10.332838342842663,9.518636417388915,8.704434491935167,21.412198300043542,35.67743156120169,NICK
2005-09-26,9.199999809265137,9.199999809265137,9.090909004211426,9.090909004211426,8.424113273620605,64020,9.405454635620117,9.729090881347656,9.516363668441773,9.694909172058106,10.118181896209716,9.882030363082885,36.20405197978817,-0.05937110949104074,-0.008703554017363575,-0.05066755547367717,10.335062525814207,9.516363668441773,8.69766481106934,10.444448796026272,22.88650728608612,NICK
2005-09-27,9.090909004211426,9.545454978942871,9.054545402526855,9.090909004211426,8.424113273620605,37400,9.260000038146973,9.625454521179199,9.512727308273316,9.672545528411865,10.115151596069335,9.885272789001466,36.204051979788176,-0.09011694419810468,-0.024986232053511796,-0.06513071214459287,10.338277990264295,9.512727308273316,8.687176626282337,3.7546988005548685,11.870448632208486,NICK
2005-09-28,9.354544639587402,9.527273178100586,9.0090913772583,9.090909004211426,8.424113273620605,20790,9.176363563537597,9.516363620758057,9.508181858062745,9.654000072479247,10.11218189239502,9.889636425971984,36.20405197978817,-0.11317858741078268,-0.04262470312496597,-0.07055388428581671,10.341930757581137,9.508181858062745,8.674432958544353,2.7525811101700612,5.650576235583993,NICK
2005-09-29,9.027273178100586,9.545454978942871,9.0,9.154544830322266,8.483083724975586,21230,9.127272605895996,9.423636341094971,9.511363649368286,9.63563642501831,10.11015157699585,9.894530358314514,38.678722195009435,-0.12488067972628158,-0.05907589844522909,-0.0658047812810525,10.339183215958782,9.511363649368286,8.683544082777791,6.29423452721695,4.267171479314219,NICK
2005-09-30,9.090909004211426,9.263635635375977,9.090909004211426,9.227272987365723,8.550475120544434,17160,9.130908966064453,9.346363639831543,9.517272758483887,9.616545524597168,10.110000066757202,9.900454602241517,41.4729784916886,-0.1268241676768227,-0.07262555229154781,-0.05419861538527489,10.335149507842093,9.517272758483887,8.699396009125682,10.636775097200621,6.56119691152947,NICK
2005-10-03,9.181818008422852,9.318181991577148,9.109090805053711,9.236364364624023,8.55889892578125,51480,9.160000038146972,9.282727336883545,9.513636445999145,9.602363719940186,10.111030378341674,9.905363698005676,41.829813355858896,-0.12617631568952703,-0.08333570497114365,-0.04284061071838338,10.335818560974392,9.513636445999145,8.691454331023898,14.166679233316486,10.365896285911612,NICK
2005-10-04,9.245454788208008,9.545454978942871,9.199999809265137,9.390909194946289,8.702109336853027,90640,9.220000076293946,9.24000005722046,9.523636436462402,9.587454624176026,10.107545528411865,9.90995460987091,47.67053655043389,-0.11190247008186915,-0.08904905799328874,-0.02285341208858041,10.334663732850164,9.523636436462402,8.71260914007464,21.736145963059624,15.513200097859169,NICK
2005-10-05,9.354544639587402,9.354544639587402,9.181818008422852,9.254545211791992,8.5757474899292,25080,9.25272731781006,9.214545440673827,9.526818227767944,9.571090984344483,10.10251522064209,9.913651576042176,43.518423225189316,-0.11032205442912613,-0.09330365728045623,-0.0170183971486699,10.333084523527008,9.526818227767944,8.72055193200888,23.994462384310754,19.965762526895883,NICK
2005-10-06,9.245454788208008,9.245454788208008,9.06363582611084,9.118182182312012,8.449385643005371,13200,9.245454788208008,9.186363697052002,9.521818256378173,9.554727344512939,10.094666738510131,9.915333395004273,39.78646983358746,-0.11870456811350927,-0.09838383944706683,-0.02032072866644244,10.33687083873,9.521818256378173,8.706765674026347,22.51718349111269,22.749263946161282,NICK
2005-10-07,9.090909004211426,9.245454788208008,9.06363582611084,9.081817626953125,8.415690422058105,15510,9.216363716125489,9.173636341094971,9.508636379241944,9.53763641357422,10.084878854751587,9.916409149169922,38.83016012422452,-0.12682018218986357,-0.10407110799562617,-0.022749074194237398,10.34297143637894,9.508636379241944,8.674301322104947,14.133317576093498,20.214987817172574,NICK
2005-10-10,9.06363582611084,9.118182182312012,9.06363582611084,9.07272720336914,8.407266616821289,24970,9.183636283874511,9.171818161010743,9.4504545211792,9.520545501708984,10.072939453125,9.919136419296265,38.580515792350326,-0.13245848704054453,-0.10974858380460985,-0.022709903235934678,10.234457219463838,9.4504545211792,8.666451822894562,9.803913274850295,15.484804780685751,NICK
2005-10-11,9.06363582611084,9.100000381469727,9.06363582611084,9.081817626953125,8.415690422058105,25300,9.12181797027588,9.170909023284912,9.398181772232055,9.5018182182312,10.059939451217652,9.919757628440857,39.00284082171292,-0.13464130192779145,-0.11472712742924616,-0.01991417449854528,10.132547183852683,9.398181772232055,8.663816360611428,10.86446931575022,11.600566722231596,NICK
2005-10-12,9.06363582611084,9.07272720336914,9.0,9.07272720336914,8.407266616821289,2750,9.085454368591309,9.169090843200683,9.34272723197937,9.482727298736572,10.046909141540528,9.919636416435242,38.716147566479194,-0.1355422727159219,-0.11889015648658131,-0.016652116229340583,9.994922539222962,9.34272723197937,8.69053192473578,12.581651757750393,11.083344782783895,NICK
2005-10-13,9.045454978942871,9.045454978942871,8.96363639831543,8.981818199157715,8.32302474975586,14960,9.05818157196045,9.151818180084229,9.2877272605896,9.463636379241944,10.02836368560791,9.919606113433838,35.876049637659044,-0.1419555205614813,-0.12350322930156131,-0.018452291259919998,9.862234767054932,9.2877272605896,8.713219754124268,10.48606375098124,11.310728274827541,NICK
2005-10-14,8.954545021057129,9.054545402526855,8.854544639587402,8.945454597473145,8.289328575134277,26840,9.030908966064453,9.12363634109497,9.234999990463256,9.443818187713623,10.008727321624756,9.919636416435242,34.777096498954435,-0.14826321834624245,-0.12845522711049753,-0.01980799123574492,9.725817511592165,9.234999990463256,8.744182469334348,9.872100447783266,10.97993865217189,NICK
2005-10-17,9.109090805053711,9.145455360412598,9.03636360168457,9.136363983154297,8.466235160827637,3630,9.043636322021484,9.113636302947999,9.19818181991577,9.429090919494628,9.992393989562988,9.921924295425415,44.405446625997754,-0.13628629874040676,-0.13002144143647937,-0.006264857303927396,9.593259144542168,9.19818181991577,8.803104495289373,19.024186482964435,13.127450227243239,NICK
2005-10-18,8.9909086227417,9.17272663116455,8.945454597473145,9.081817626953125,8.415690422058105,7480,9.043636322021484,9.082727146148681,9.16136360168457,9.417999992370605,9.976848526000976,9.923848533630371,42.47606061324537,-0.1297008283331884,-0.12995731881582118,0.0002564904826327652,9.437935202120745,9.16136360168457,8.884792001248396,28.94742653960415,19.281237823450876,NICK
2005-10-19,8.92727279663086,9.090909004211426,8.92727279663086,9.0,8.339871406555176,4180,9.029090881347656,9.057272624969482,9.135909032821655,9.403636360168457,9.960484886169434,9.924939441680909,39.6903641974149,-0.1295899618926466,-0.12988384743118625,0.00029388553853965105,9.37026950532614,9.135909032821655,8.901548560317169,31.578998222153647,26.51687041490767,NICK
2005-10-20,8.96363639831543,9.4909086227417,8.96363639831543,9.445454597473145,8.752654075622559,51590,9.121818161010742,9.089999866485595,9.138181781768798,9.396727275848388,9.943242464065552,9.928560652732848,56.44037066343262,-0.09249145235427747,-0.12240536841580449,0.02991391606152702,9.383373733815391,9.138181781768798,8.892989829722206,46.49123775660081,35.67255417278646,NICK
2005-10-21,9.4909086227417,10.03636360168457,9.4909086227417,9.82727336883545,9.106468200683594,51920,9.298181915283203,9.164545440673828,9.1690908908844,9.395090923309326,9.927333374023437,9.93400004863739,65.3289732613084,-0.03191315739526601,-0.1043069262116968,0.07239376881643078,9.556726564655264,9.1690908908844,8.781455217113535,62.96225314378645,47.01082970751389,NICK
2005-10-24,9.863636016845703,9.96363639831543,9.590909004211426,9.96363639831543,9.232828140258789,11220,9.46363639831543,9.253636360168457,9.212727260589599,9.39636365890503,9.91193943977356,9.939969744682312,67.85202946176464,0.026790114880371974,-0.07808751799328303,0.10487763287365501,9.73010808332145,9.212727260589599,8.695346437857747,87.22673723910243,65.56007604649682,NICK
2005-10-25,9.600000381469727,9.981818199157715,9.218181610107422,9.654544830322266,8.946407318115234,7700,9.578181838989257,9.310909080505372,9.240909051895141,9.395818195343018,9.894666709899901,9.942787923812865,57.6170607153805,0.047820529445813165,-0.0529059085054638,0.10072643795127696,9.789159613001498,9.240909051895141,8.692658490788784,81.28206804187893,77.15701947492285,NICK
2005-10-26,9.554545402526855,9.872727394104004,9.554545402526855,9.872727394104004,9.148589134216309,6600,9.75272731781006,9.390909099578858,9.27999997138977,9.398000030517577,9.878181867599487,9.94742428779602,61.97706469631743,0.08115726355863906,-0.026093274092643226,0.10725053765128229,9.88811604456572,9.27999997138977,8.67188389821382,82.5641038055714,83.69096969551784,NICK
2005-10-27,9.818181991577148,9.82727336883545,9.618182182312012,9.727272987365723,9.013802528381348,2090,9.809090995788575,9.465454578399658,9.308636379241943,9.400545482635499,9.860363683700562,9.951181864738464,57.71448817586824,0.09474771779829894,-0.0019250757144547923,0.09667279351275374,9.943764566867298,9.308636379241943,8.673508191616587,75.89744789830019,79.91453991525043,NICK
2005-10-28,9.57272720336914,9.57272720336914,9.145455360412598,9.281818389892578,8.601020812988281,14630,9.7,9.499090957641602,9.311363649368285,9.39381820678711,9.839424285888672,9.952984895706177,47.04355173043063,0.06878092382526546,0.012216124193489261,0.0565647996317762,9.945538627832402,9.311363649368285,8.677188670904169,65.38465780146294,74.6154031684451,NICK
2005-10-31,9.136363983154297,9.409090995788574,9.136363983154297,9.363636016845703,8.676836967468262,26620,9.579999923706055,9.521818161010742,9.31772723197937,9.38654546737671,9.819484882354736,9.956439442634583,48.91193203475211,0.05417950364521573,0.020608800083834554,0.03357070356138118,9.951318128467925,9.31772723197937,8.684136335490816,51.025679718082465,64.10259513928213,NICK
2005-11-01,9.545454978942871,9.545454978942871,9.263635635375977,9.409090995788574,8.71895694732666,9570,9.530909156799316,9.554545497894287,9.318636322021485,9.381454563140869,9.79854549407959,9.96081823348999,49.96805165650212,0.0457482524950894,0.025636690566085522,0.02011156192900388,9.952696623460639,9.318636322021485,8.68457602058233,42.051321778280744,52.82055309927565,NICK
2005-11-02,9.445454597473145,9.5,9.281818389892578,9.454545021057129,8.761077880859375,15620,9.447272682189942,9.6,9.328636312484742,9.378545455932617,9.778545494079589,9.964515199661255,51.057619538655096,0.04224718591746779,0.028958789636361976,0.013288396281105813,9.964643519548183,9.328636312484742,8.6926291054213,46.92309533819619,46.6666989448534,NICK
2005-11-03,9.363636016845703,9.56363582611084,9.363636016845703,9.409090995788574,8.71895694732666,12210,9.383636283874512,9.596363639831543,9.34318175315857,9.381636371612549,9.758454580307006,9.967651562690735,49.88762353880244,0.03539677349571413,0.030246386408232406,0.005150387087481723,9.97254277124821,9.34318175315857,8.713820735068929,47.044993451253674,45.339803522577135,NICK
2005-11-04,9.409090995788574,9.645455360412598,9.363636016845703,9.390909194946289,8.702109336853027,13970,9.405454444885255,9.552727222442627,9.358636331558227,9.38563636779785,9.737939434051514,9.970818228721619,49.39998295354455,0.028175859155117777,0.02983228095760948,-0.0016564218024917032,9.976643819832725,9.358636331558227,8.740628843283728,45.33838128457291,46.43549002467452,NICK
2005-11-07,9.418182373046875,9.418182373046875,9.227272987365723,9.254545211791992,8.5757474899292,15290,9.383636283874512,9.481818103790284,9.36772723197937,9.387999992370606,9.715454587936401,9.972697014808654,45.78522018811985,0.01131931668046171,0.026129688102179926,-0.014810371421718215,9.973879740848181,9.36772723197937,8.761574723110558,38.251361891348076,43.54491220905848,NICK
2005-11-08,9.090909004211426,9.390909194946289,9.090909004211426,9.309090614318848,8.626294136047363,13310,9.363636207580566,9.447272682189942,9.379090881347656,9.390909080505372,9.69309094429016,9.974697012901306,47.44188977101386,0.002334828998122873,0.021370716281368517,-0.019035887283245644,9.971748559975847,9.379090881347656,8.786433202719465,34.504939428609966,39.36489420151057,NICK
2005-11-09,9.318181991577148,9.354544639587402,9.181818008422852,9.354544639587402,8.668412208557129,8470,9.34363613128662,9.395454406738281,9.393181753158569,9.394363613128663,9.670727300643922,9.97716670513153,48.84472764601944,-0.0011049451361095919,0.016875583997872895,-0.017980529133982487,9.969200569104235,9.393181753158569,8.817162937212903,29.865356457354647,34.20721925910449,NICK
2005-11-10,9.300000190734863,9.309090614318848,9.227272987365723,9.254545211791992,8.5757474899292,16610,9.312726974487305,9.348181629180909,9.406818103790282,9.397636337280273,9.648090934753418,9.975590944290161,45.93960263700329,-0.011764495234801942,0.011147568151337928,-0.02291206338613987,9.955501892048709,9.406818103790282,8.858134315531856,26.151741767137878,30.174012551034423,NICK
2005-11-11,9.418182373046875,9.57272720336914,9.245454788208008,9.345455169677734,8.659991264343262,18700,9.303636169433593,9.354545307159423,9.426818132400513,9.402363624572754,9.629272756576539,9.972772765159608,48.91431500282618,-0.012729849865573684,0.0063720845479556055,-0.019101934413529288,9.93439642179457,9.426818132400513,8.919239843006455,24.94112304416751,26.986073756220275,NICK
2005-11-14,9.345455169677734,9.354544639587402,9.300000190734863,9.300000190734863,8.61786937713623,2420,9.312727165222167,9.34818172454834,9.434999942779541,9.402181816101074,9.614090938568115,9.969060645103454,47.50672704140847,-0.016967150533380604,0.0017042375316883634,-0.018671388065068968,9.928671683192821,9.434999942779541,8.941328202366261,24.561015574647957,25.217960128651374,NICK
2005-11-15,9.309090614318848,9.390909194946289,9.272727012634277,9.272727012634277,8.592596054077148,3740,9.305454444885253,9.33454532623291,9.444545412063599,9.403818168640136,9.599727296829224,9.966787915229798,46.639500757986426,-0.022269253292153124,-0.0030904606330799346,-0.01917879265907319,9.917479101365101,9.444545412063599,8.971611722762097,26.669009834695768,25.390382817837338,NICK
2005-11-16,9.272727012634277,9.290908813476562,9.218181610107422,9.263635635375977,8.584172248840332,5720,9.287272644042968,9.315454387664795,9.457727193832397,9.405272693634034,9.590090923309326,9.963257608413697,46.33585090292027,-0.02689477981274102,-0.007851324469012152,-0.01904345534372887,9.893608808237987,9.457727193832397,9.021845579426808,27.527633040070825,26.252552816471777,NICK
2005-11-17,9.399999618530273,9.418182373046875,9.163636207580566,9.272727012634277,8.592596054077148,29920,9.290909004211425,9.301817989349365,9.449090814590454,9.40636360168457,9.582909107208252,9.959651546478272,46.70949122273972,-0.02948703653832041,-0.012178466882873804,-0.017308569655446606,9.892384536264501,9.449090814590454,9.005797092916406,29.54182845817627,27.912823777647883,NICK
2005-11-18,9.345455169677734,9.418182373046875,9.190909385681152,9.363636016845703,8.676836967468262,25300,9.29454517364502,9.299090671539307,9.425908946990967,9.40672721862793,9.572727289199829,9.957227301597595,50.426399582900096,-0.023929971966985875,-0.014528767899696218,-0.009401204067289656,9.834829261182364,9.425908946990967,9.01698863279957,37.704792106633064,31.591417868293647,NICK
2005-11-21,9.418182373046875,9.681818008422852,9.399999618530273,9.43636417388916,8.744231224060059,17050,9.321817970275879,9.317272567749024,9.399545335769654,9.390727214813232,9.565636377334595,9.954863667488098,53.236484871155795,-0.013501763869545158,-0.014323367093666006,0.0008216032241208475,9.726083791918722,9.399545335769654,9.073006879620586,46.80955144944568,38.01872400475193,NICK
2005-11-22,9.454545021057129,9.663636207580566,9.363636016845703,9.663636207580566,8.954833984375,13750,9.399999809265136,9.352727127075195,9.399999904632569,9.381454486846923,9.557818193435669,9.953939423561096,60.72815205931228,0.012952313696363404,-0.008868230935660124,0.021820544632023528,9.727979151054019,9.399999904632569,9.07202065821112,68.1883110285731,50.90088486155088,NICK
2005-11-23,9.727272987365723,9.745454788208008,9.636363983154297,9.636363983154297,8.929560661315918,6930,9.4745454788208,9.380909061431884,9.388181734085084,9.370545406341552,9.555818195343017,9.953212151527405,59.49640565280264,0.031355276066459936,-0.0008235295352361106,0.032178805601696045,9.659274059917989,9.388181734085084,9.117089408252179,79.57269656648772,64.85685301483576,NICK
2005-11-25,9.57272720336914,9.745454788208008,9.272727012634277,9.636363983154297,8.929560661315918,3740,9.547272872924804,9.419090938568115,9.383636283874512,9.361636333465576,9.553818197250367,9.953333368301392,59.49640565280265,0.04541622634426723,0.008424421640664558,0.03699180470360267,9.634097288414841,9.383636283874512,9.133175279334184,87.8632648798022,78.54142415828794,NICK
2005-11-28,9.5090913772583,9.681818008422852,9.272727012634277,9.445454597473145,8.752654075622559,51810,9.563636589050294,9.429090881347657,9.39181809425354,9.350545425415039,9.551272745132446,9.951924276351928,51.08446546099067,0.04068583780280832,0.01487670487309331,0.025809132929715012,9.63911118106209,9.39181809425354,9.144525007444992,73.61112527640552,80.34902890756541,NICK
2005-11-29,9.399999618530273,9.636363983154297,9.399999618530273,9.481818199157715,8.78635025024414,8470,9.572727394104003,9.447272682189942,9.39772720336914,9.342727241516114,9.546818199157714,9.949848518371581,52.46313530492145,0.03941683679726893,0.019784731257928435,0.019632105539340493,9.647677915271244,9.39772720336914,9.147776491467036,64.06250350970522,75.17896455530457,NICK
2005-11-30,9.409090995788574,9.472726821899414,9.372727394104004,9.472726821899414,8.777926445007324,1980,9.534545516967773,9.467272663116455,9.400908994674683,9.335818138122558,9.545090913772583,9.948363666534425,52.068012637370295,0.037248172446997074,0.023277419495742163,0.013970752951254911,9.652968560247878,9.400908994674683,9.148849429101489,53.99302194460657,63.88888357690603,NICK
2005-12-01,9.609090805053711,9.681818008422852,9.227272987365723,9.5090913772583,8.811623573303223,67870,9.509090995788574,9.491818237304688,9.40363631248474,9.335818138122558,9.543181829452514,9.946848516464234,53.57417106410741,0.038025472059352694,0.02622703000846427,0.011798442050888425,9.659115455395385,9.40363631248474,9.148157169574096,55.72915727583729,57.928227576716615,NICK
2005-12-02,9.636363983154297,9.681818008422852,9.300000190734863,9.5,8.80319881439209,25960,9.481818199157715,9.51454553604126,9.408181762695312,9.337818145751953,9.536909103393555,9.94480306148529,53.124724574523604,0.03747589069732271,0.028476802146235956,0.008999088551086755,9.667099103428235,9.408181762695312,9.149264421962389,56.77082223508041,55.49766715184168,NICK
2005-12-05,9.5,9.627272605895996,9.481818199157715,9.545454978942871,8.845320701599121,5720,9.50181827545166,9.532727432250976,9.415909051895142,9.344545421600342,9.531545476913452,9.945287909507751,55.15061293523471,0.040244269537929256,0.030830295624574615,0.009413973913354641,9.68144335137286,9.415909051895142,9.150374752417424,60.93753670960647,57.812505406841645,NICK
2005-12-06,9.545454978942871,9.772727012634277,9.545454978942871,9.690909385681152,8.98010540008545,29150,9.543636512756347,9.558181953430175,9.4377272605896,9.356545429229737,9.52572730064392,9.945257606506347,60.964441017470605,0.05355780370227947,0.03537579724011559,0.018182006462163884,9.717944508835446,9.4377272605896,9.157510012343755,70.00159884041393,62.5699859283672,NICK
2005-12-07,9.727272987365723,9.781818389892578,9.663636207580566,9.745454788208008,9.03065013885498,37290,9.598182106018067,9.56636381149292,9.459545469284057,9.369636344909669,9.521090936660766,9.944469728469848,62.906317383057456,0.06772949017276098,0.04184653582664467,0.02588295434611631,9.763267938308033,9.459545469284057,9.155823000260082,82.10332182016407,71.01415245672843,NICK
2005-12-08,9.754545211791992,9.763635635375977,9.56363582611084,9.681818008422852,8.971680641174316,20680,9.632727432250977,9.570909214019775,9.47590913772583,9.381454524993897,9.517727298736572,9.943757610321045,59.20581839996976,0.07298437901808086,0.048074104464931905,0.024910274553148953,9.790316900184337,9.47590913772583,9.161501375267324,87.920588384358,80.00850301497894,NICK
2005-12-09,9.545454978942871,9.763635635375977,9.545454978942871,9.636363983154297,8.929560661315918,20020,9.660000228881836,9.570909214019775,9.495000076293945,9.391090908050536,9.513363666534424,9.94309094429016,56.64275565275213,0.07264376422853935,0.05298803641765339,0.01965572781088596,9.799537659025402,9.495000076293945,9.190462493562487,83.65500884279622,84.55963968243971,NICK
2005-12-12,9.545454978942871,9.699999809265137,9.545454978942871,9.681818008422852,8.971680641174316,39490,9.687272834777833,9.594545555114745,9.511818218231202,9.400181808471679,9.508363666534423,9.943893976211548,58.574065042709556,0.0751750137541265,0.05742543188494802,0.01774958186917848,9.818606731440166,9.511818218231202,9.205029705022238,79.60483767613049,83.72681163442853,NICK
2005-12-13,9.545454978942871,9.681818008422852,9.545454978942871,9.67272663116455,8.9632568359375,11880,9.683636283874511,9.61363639831543,9.530454540252686,9.40890905380249,9.505636386871338,9.94392427444458,58.01740443464014,0.07557625307403626,0.06105559612276566,0.014520656951270597,9.82867403988186,9.530454540252686,9.232235040623511,78.68845692823366,80.6494344823871,NICK
2005-12-14,9.681818008422852,9.681818008422852,9.481818199157715,9.5090913772583,8.811623573303223,44000,9.63636360168457,9.617272853851318,9.542272758483886,9.41127269744873,9.499363660812378,9.942681851387023,48.99242994217873,0.061975821995130076,0.061239641297238544,0.0007361806978915322,9.816467525171177,9.542272758483886,9.268077991796595,71.03819028243318,76.4438282955994,NICK
2005-12-15,9.418182373046875,9.554545402526855,9.118182182312012,9.518181800842285,8.820046424865723,23760,9.603636360168457,9.618181896209716,9.555000066757202,9.416545429229735,9.49381820678711,9.94275761127472,49.462747555811696,0.05133909842154516,0.05925953272209987,-0.00792043430055471,9.79815264878811,9.555000066757202,9.311847484726295,63.807119169430855,71.17792212669951,NICK
2005-12-16,9.590909004211426,9.609090805053711,9.181818008422852,9.372727394104004,8.685261726379395,8910,9.550909042358398,9.605454635620116,9.560000085830689,9.421636333465576,9.488181838989258,9.941136398315429,42.681309613756184,0.03081722159791589,0.053571070497263076,-0.022753848899347187,9.783007322053614,9.560000085830689,9.336992849607764,49.81659351274704,61.55396765487063,NICK
2005-12-19,9.554545402526855,9.554545402526855,9.336363792419434,9.42727279663086,8.735806465148926,15730,9.5,9.593636417388916,9.563181924819947,9.428545436859132,9.483090925216676,9.93951518535614,45.68843687849801,0.018738834868178955,0.046604623371446253,-0.0278657885032673,9.776496875426794,9.563181924819947,9.3498669742131,48.401791706245426,54.00850146280805,NICK
2005-12-20,9.527273178100586,9.527273178100586,8.945454597473145,9.254545211791992,8.5757474899292,84700,9.416363716125488,9.55,9.554090976715088,9.432181797027589,9.476363649368286,9.936575789451599,38.754689106510284,-0.0047166752903358145,0.03634036363908984,-0.04105703892942565,9.801087864424543,9.554090976715088,9.307094089005632,40.62930847438639,46.282564564459896,NICK
2005-12-21,9.272727012634277,9.409090995788574,9.272727012634277,9.399999618530273,8.71053409576416,10780,9.394545364379884,9.515454483032226,9.540909147262573,9.438545436859131,9.470181827545167,9.934333362579345,46.16409855671892,-0.011436547665715224,0.026784981378128826,-0.03822152904384405,9.791231375280105,9.540909147262573,9.29058691924504,45.95985090516919,44.99698369526728,NICK
2005-12-22,9.399999618530273,9.399999618530273,9.363636016845703,9.399999618530273,8.71053409576416,8910,9.37090892791748,9.487272644042969,9.529090929031373,9.445090885162353,9.463909091949462,9.932515182495116,46.164098556718926,-0.01657107391234547,0.018113770320033966,-0.034684844232379435,9.782569351445199,9.529090929031373,9.275612506617547,48.550669277107914,45.04660955222144,NICK
2005-12-23,9.42727279663086,9.43636417388916,9.418182373046875,9.418182373046875,8.727383613586426,1210,9.379999923706055,9.465454483032227,9.518181848526002,9.453818168640137,9.45872727394104,9.930636401176452,47.09206804440419,-0.018954530595275187,0.010700110136972134,-0.02965464073224732,9.771033422397858,9.518181848526002,9.265330274654145,55.07243897979965,49.86098638735919,NICK
2005-12-27,9.527273178100586,9.67272663116455,9.5090913772583,9.518181800842285,8.820046424865723,11000,9.39818172454834,9.44909086227417,9.521818208694459,9.46527271270752,9.45454545021057,9.928833370208741,51.99310367157221,-0.01262874280938675,0.006034339547700357,-0.018663082357087107,9.772463725987802,9.521818208694459,9.271172691401116,59.78259754090993,54.46856859927277,NICK
2005-12-28,9.418182373046875,9.636363983154297,9.418182373046875,9.472726821899414,8.777926445007324,7040,9.441818046569825,9.429090881347657,9.521363639831543,9.471999969482422,9.450545444488526,9.927197003364563,49.73771431782452,-0.01115476217703204,0.0025965192027538773,-0.013751281379785919,9.772330453388275,9.521363639831543,9.270396826274812,63.14815765033628,59.33439805701556,NICK
2005-12-29,9.609090805053711,9.618182182312012,9.481818199157715,9.618182182312012,8.912712097167969,5830,9.485454559326172,9.439999961853028,9.528636407852172,9.4827272605896,9.450363626480103,9.926318221092224,56.27422862438023,0.0017304623647280692,0.002423307835148716,-0.0006928454704206465,9.78196312754452,9.528636407852172,9.275309688159824,71.71500767548959,64.88192095557888,NICK
2005-12-30,9.681818008422852,9.727272987365723,9.46363639831543,9.554545402526855,8.853744506835938,21780,9.516363716125488,9.443636322021485,9.530909109115601,9.493818168640138,9.448727264404297,9.924545493125915,53.02522885249253,0.0067295651155578895,0.003284559291230551,0.0034450058243273387,9.784309227076527,9.530909109115601,9.277508991154676,74.85790864326377,69.90702465636349,NICK
2006-01-03,9.5,9.581817626953125,9.5,9.527273178100586,8.828472137451172,52690,9.53818187713623,9.459090900421142,9.53227276802063,9.495454540252686,9.446090908050538,9.919909133911133,51.64897394982236,0.008393988796697727,0.004306445192323986,0.004087543604373741,9.785286109396017,9.53227276802063,9.279259426645242,78.18263911369877,74.91851847748431,NICK
2006-01-04,9.5,9.518181800842285,9.454545021057129,9.518181800842285,8.820046424865723,78320,9.53818187713623,9.468181800842284,9.530909109115601,9.489272708892821,9.442181816101074,9.914409132003785,51.17216552052963,0.0088771283804423,0.005220581829947649,0.0036565465504946517,9.783917546891077,9.530909109115601,9.277900671340126,75.19378804808366,76.07811193501567,NICK
2006-01-05,9.454545021057129,9.518181800842285,9.409090995788574,9.5090913772583,8.811623573303223,41910,9.545454788208009,9.493636417388917,9.521818208694459,9.480181808471679,9.438272733688354,9.90904550075531,50.66848027563344,0.008429330692854009,0.005862331602528921,0.002566999090325088,9.764012091127908,9.521818208694459,9.27962432626101,73.25582624620449,75.54408446932923,NICK
2006-01-06,9.527273178100586,9.845455169677734,9.454545021057129,9.790908813476562,9.072771072387695,42240,9.580000114440917,9.532727336883545,9.524090909957886,9.482909088134766,9.439363641738892,9.906666707992553,62.87010315675475,0.030463594303261843,0.010782584142675505,0.019681010160586338,9.77532088981928,9.524090909957886,9.272860930096492,79.76271349719339,76.07077593049411,NICK
2006-01-09,9.845455169677734,10.081817626953125,9.809090614318848,10.045454978942871,9.308645248413086,34430,9.678182029724121,9.597272872924805,9.542272758483886,9.486363639831543,9.44218183517456,9.905712161064148,70.07076080767351,0.06768541979814913,0.022163151273770228,0.0455222685243789,9.875713480780487,9.542272758483886,9.208832036187285,87.61081339068556,80.20978437802808,NICK
2006-01-10,10.0,10.136363983154297,9.981818199157715,10.136363983154297,9.392888069152832,23870,9.800000190734863,9.669091033935548,9.567272758483886,9.494545459747314,9.447545471191406,9.90236367702484,72.14819284564675,0.10332847521074484,0.03839621606116515,0.06493225914957969,9.988581386712328,9.567272758483886,9.145964130255445,96.91312762495848,88.0955515042794,NICK
2006-01-11,10.109090805053711,10.227272987365723,9.96363639831543,9.96363639831543,9.232828140258789,23540,9.889091110229492,9.713636493682861,9.581363677978516,9.508181819915771,9.45100001335144,9.898939433097839,63.175562997093785,0.11629757481796155,0.05397648781252443,0.06232108700543711,10.034688559614471,9.581363677978516,9.12803879634256,89.72700969450341,91.41698357004941,NICK
2006-01-12,9.9909086227417,10.199999809265137,9.9909086227417,10.045454978942871,9.308645248413086,18370,9.996363830566406,9.770909309387207,9.600000095367431,9.521818199157714,9.454181833267212,9.895833373069763,65.3723703929799,0.13166006014639642,0.06951320227929883,0.06214685786709759,10.095500744591149,9.600000095367431,9.104499446143713,83.77611570319112,90.13875100755126,NICK
2006-01-13,10.0,10.209091186523438,10.0,10.127272605895996,9.3844633102417,6270,10.063636589050294,9.821818351745605,9.630909156799316,9.536181831359864,9.458818197250366,9.8919242811203,67.46271007279815,0.1487225580934659,0.08535507344213225,0.06336748465133366,10.174646036303443,9.630909156799316,9.087172277295188,79.70202695116977,84.4017174496217,NICK
2006-01-17,10.227272987365723,10.227272987365723,10.018181800842285,10.154544830322266,9.409734725952148,17710,10.085454559326172,9.881818294525146,9.662727308273315,9.550181827545167,9.464363641738892,9.888393974304199,68.15282804947154,0.1625713301362186,0.10079832478094952,0.061773005355269084,10.249155127737014,9.662727308273315,9.076299488809616,85.94538064933465,83.14117443456546,NICK
2006-01-18,10.218181610107422,10.218181610107422,10.118182182312012,10.136363983154297,9.392888069152832,15510,10.085454559326172,9.942727375030518,9.70090913772583,9.564727287292481,9.473181829452514,9.884106097221375,67.13061637807509,0.17011851894108787,0.11466236361297719,0.055456155328110684,10.305981471380555,9.70090913772583,9.095836804071105,89.25921349860027,84.96887369970183,NICK
2006-01-19,10.227272987365723,10.272727012634277,10.163636207580566,10.263635635375977,9.510826110839844,17270,10.145454406738281,10.017272758483887,9.742727279663086,9.582181816101075,9.483909091949464,9.878757610321045,70.46969838680079,0.18424561041624976,0.1285790129736317,0.055666597442618065,10.38106445841111,9.742727279663086,9.104390100915062,92.98240684711952,89.39566699835176,NICK
2006-01-20,10.272727012634277,10.272727012634277,10.090909004211426,10.163636207580566,9.418157577514648,12210,10.16909065246582,10.082727241516114,9.788181829452515,9.600363636016846,9.494181814193725,9.875575790405273,64.89173773944864,0.1852370170707598,0.1399106137930573,0.04532640327770249,10.410257715681569,9.788181829452515,9.166105943223462,91.7348812187954,91.32550052150533,NICK
2006-01-23,10.090909004211426,10.263635635375977,10.090909004211426,10.190909385681152,9.443432807922363,10230,10.181818008422852,10.122727298736573,9.827727317810059,9.618000011444092,9.504454545974731,9.871015186309814,65.68940936625395,0.1860784351577216,0.14914417806599017,0.036934257091731426,10.446616513679409,9.827727317810059,9.208838121940708,92.28070601642264,92.3326646941128,NICK
2006-01-24,10.272727012634277,10.272727012634277,10.190909385681152,10.209091186523438,9.460280418395996,20570,10.192727279663085,10.13909091949463,9.868181896209716,9.635090942382812,9.514727277755737,9.866909127235413,66.24009264294179,0.18606751395221544,0.15652884524323524,0.029538668708980198,10.475615043342547,9.868181896209716,9.260748749076885,90.17548082939867,91.39702268820584,NICK
2006-01-25,10.272727012634277,10.363636016845703,10.109090805053711,10.136363983154297,9.392888069152832,66000,10.192727279663085,10.13909091949463,9.904090976715088,9.652727317810058,9.525181827545167,9.861500039100648,61.95652693526517,0.1781369296739861,0.16085046212938542,0.01728646754460067,10.485211955657444,9.904090976715088,9.32296999777273,86.44951750003115,89.6352347819511,NICK
2006-01-26,10.236364364624023,10.42727279663086,10.181818008422852,10.272727012634277,9.51924991607666,56210,10.194545555114747,10.169999980926514,9.941818237304688,9.67127275466919,9.536818189620972,9.85756064414978,66.35041197723122,0.18077142092820253,0.16483465388914884,0.015936767039053695,10.515753368126624,9.941818237304688,9.36788310648275,84.31143338141767,86.97881057028276,NICK
2006-01-27,10.445454597473145,10.445454597473145,10.145455360412598,10.418182373046875,9.654035568237305,57310,10.245454788208008,10.207272720336913,9.98909101486206,9.69363639831543,9.547909107208252,9.855106101036071,70.29190778437436,0.19237868446879958,0.170343460005079,0.022035224463720582,10.556398585023572,9.98909101486206,9.421783444700548,85.33900966144354,85.36665351429771,NICK
2006-01-30,10.527273178100586,11.263635635375977,10.5090913772583,11.17272663116455,10.353235244750977,204820,10.441818237304688,10.31181812286377,10.066818237304688,9.731636390686035,9.567727279663085,9.86060609817505,82.04261626141698,0.25947190943485055,0.1881691498910333,0.07130275954381723,10.808677911873396,10.066818237304688,9.32495856273598,90.94449550585807,86.86497951624001,NICK
2006-01-31,11.17272663116455,11.645455360412598,11.109090805053711,11.209091186523438,10.386931419372559,171930,10.641818237304687,10.417272758483886,10.149545526504516,9.770545501708984,9.587909097671508,9.8695303440094,82.40384746098988,0.31198175780514426,0.2129316714738555,0.09905008633128876,11.004795996186292,10.149545526504516,9.29429505682274,87.59179892373773,87.95843469701337,NICK
2006-02-01,11.5,12.018181800842285,11.5,11.790908813476562,10.926076889038086,71280,10.972727203369141,10.582727241516114,10.262727308273316,9.82090913772583,9.6136363697052,9.880757613182068,86.9329567063075,0.39597940688006794,0.24954121855509798,0.14643818832496996,11.331176191392986,10.262727308273316,9.194278425153646,85.28341901141462,87.93990448033708,NICK
2006-02-02,11.918182373046875,12.045454978942871,11.618182182312012,11.909090995788574,11.035588264465332,25740,11.3,10.747272777557374,10.38227276802063,9.871818237304687,9.639272727966308,9.89196973323822,87.62947575303876,0.46670458344080856,0.29297389153224007,0.1737306919085685,11.613390806163808,10.38227276802063,9.151154729877453,85.3921930847357,86.08913700662963,NICK
2006-02-03,11.954545021057129,11.954545021057129,11.545454978942871,11.636363983154297,10.782866477966309,39380,11.543636322021484,10.894545555114746,10.48863639831543,9.91581823348999,9.653272724151611,9.900606098175048,77.37909189785238,0.4950414747988727,0.3333874081855666,0.1616540666133061,11.766313408902988,10.48863639831543,9.210959387727872,87.3143910457167,85.99666771395596,NICK
2006-02-06,11.636363983154297,11.636363983154297,10.681818008422852,11.0,10.193178176879883,114070,11.509090995788574,10.975454616546632,10.549090957641601,9.942545509338379,9.661999998092652,9.906060643196106,59.80135187517337,0.46083716624033144,0.3588773597965196,0.10195980644381186,11.80319355253057,10.549090957641601,9.294988362752633,73.22185525653703,81.97614646233009,NICK
2006-02-07,11.136363983154297,11.136363983154297,11.018181800842285,11.081817626953125,10.268993377685547,14850,11.483636283874512,11.0627272605896,10.600909090042114,9.971454582214356,9.670999994277954,9.91295458316803,61.02717351290402,0.4353139754600672,0.3741646829292291,0.06114929253083812,11.853132130940393,10.600909090042114,9.348686049143835,59.00996165024477,73.1820693174998,NICK
2006-02-08,11.090909004211426,11.527273178100586,10.872727394104004,10.918182373046875,10.117362022399902,15400,11.309090995788575,11.140909099578858,10.640000009536744,9.997090950012208,9.679363641738892,9.918000040054322,57.26596754239856,0.39730280601337675,0.37879230754605864,0.018510498467318115,11.880533032137839,10.640000009536744,9.399466986935648,46.511619963991166,59.58114562359128,NICK
2006-02-09,10.772727012634277,11.0,10.681818008422852,10.981818199157715,10.176329612731934,24310,11.123636436462402,11.211818218231201,10.690909099578857,10.027818222045898,9.689181823730468,9.92212125301361,58.341242831016324,0.3680706701421812,0.37664798006528316,-0.008577309923101961,11.899391464531906,10.690909099578857,9.482426734625808,46.20154282284873,50.574374812361846,NICK
2006-02-10,10.881817817687988,10.881817817687988,10.527273178100586,10.772727012634277,9.982575416564941,27500,10.950909042358399,11.24727268218994,10.727272701263427,10.05363639831543,9.69818181991577,9.924681859016419,53.57146614955415,0.3242938232253625,0.366177148697299,-0.04188332547193652,11.899090524179076,10.727272701263427,9.555454878347778,40.7264247972945,44.47986252804509,NICK
2006-02-13,10.454545021057129,10.67272663116455,10.409090995788574,10.627272605895996,9.847789764404297,42350,10.876363563537598,11.192727279663085,10.752272701263427,10.076727313995361,9.70627272605896,9.92633337020874,50.47964407756636,0.2746968671464476,0.3478810923871287,-0.07318422524068113,11.892736199596126,10.752272701263427,9.61180920293073,35.53807549773649,40.82201437262686,NICK
2006-02-14,10.53636360168457,10.699999809265137,10.454545021057129,10.5,9.729849815368652,22220,10.760000038146973,11.121818161010742,10.769545459747315,10.096545486450195,9.716181812286377,9.928681855201722,47.87594347948617,0.22255560402572172,0.32281599471484734,-0.10026039068912562,11.883428837802295,10.769545459747315,9.655662081692334,26.564361962646814,34.27628741922623,NICK
2006-02-15,10.5,10.772727012634277,10.381817817687988,10.5,9.729849815368652,26510,10.676363563537597,10.992727279663086,10.7877272605896,10.116545486450196,9.727181816101075,9.93133337020874,47.875943479486175,0.17916794085107135,0.29408638394209213,-0.11491844309102078,11.871129800227418,10.7877272605896,9.704324720951782,21.360350308932397,27.82092925643886,NICK
2006-02-16,10.645455360412598,10.772727012634277,10.390909194946289,10.772727012634277,9.982575416564941,12870,10.63454532623291,10.879090881347656,10.813181829452514,10.141090927124024,9.742818174362183,9.933378825187683,53.798309093675,0.16488895856425145,0.268246898866524,-0.10335794030227252,11.869723318346221,10.813181829452514,9.756640340558807,20.272586206053536,22.732432825877876,NICK
2006-02-17,10.909090995788574,11.190909385681152,10.781818389892578,11.118182182312012,10.302691459655762,19470,10.703636360168456,10.827272701263428,10.860909128189087,10.169636383056641,9.763090906143189,9.940636401176453,59.99820887989431,0.17938032263218417,0.250473583619656,-0.07109326098747182,11.881395030906594,10.860909128189087,9.84042322547158,28.806609439599004,23.479848651528602,NICK
2006-02-21,11.363636016845703,11.890909194946289,11.318181991577148,11.445454597473145,10.605961799621582,46970,10.867272758483887,10.871818161010742,10.923636388778686,10.203636379241944,9.786636362075805,9.950893979072571,64.81528223309446,0.21479693645743936,0.24333825418721267,-0.028541317729773308,11.925739871908487,10.923636388778686,9.921532905648885,43.89800032483985,30.992398656831085,NICK
2006-02-22,11.545454978942871,11.545454978942871,10.93636417388916,11.054545402526855,10.24372386932373,30580,10.978181838989258,10.869090938568116,10.965909099578857,10.231090927124024,9.80627272605896,9.95922730922699,56.1219246073695,0.2089135279036487,0.23645330893049987,-0.027539781026851173,11.913736049686433,10.965909099578857,10.018082149471281,49.54463202346502,40.74974726263491,NICK
2006-02-23,11.17272663116455,11.381817817687988,11.027273178100586,11.381817817687988,10.546991348266602,15290,11.154545402526855,10.915454483032226,11.028181791305542,10.266000003814698,9.828545455932618,9.969348516464233,60.8555950954608,0.22803044004212225,0.23476873515282434,-0.006738295110702092,11.911262403216867,11.028181791305542,10.145101179394217,55.98513208914893,49.80925481248489,NICK
2006-02-24,11.409090995788574,11.409090995788574,11.145455360412598,11.272727012634277,10.445900917053223,18150,11.254545402526855,10.944545364379882,11.078181791305543,10.297818183898926,9.848999996185302,9.979500031471252,58.58670753479556,0.23170703986094843,0.23415639609444916,-0.0024493562335007324,11.89527998348634,11.078181791305543,10.261083599124746,54.35236961130385,53.294044574639564,NICK
2006-02-27,10.600000381469727,11.290908813476562,10.600000381469727,11.0090913772583,10.2016019821167,26510,11.232727241516113,10.968181800842284,11.107727241516113,10.3245454788208,9.866727266311646,9.98887882232666,53.40475927987317,0.21091626778176398,0.22950837043191213,-0.018592102650148157,11.867985468564617,11.107727241516113,10.347469014467608,54.72875276926063,55.022084823238096,NICK
2006-02-28,10.918182373046875,10.954545021057129,10.736364364624023,10.781818389892578,9.990999221801758,18040,11.1,10.983636379241943,11.088181829452514,10.350000019073486,9.880636358261109,9.994090943336486,49.35220421199833,0.17409355826853457,0.21842540799923663,-0.04433184973070206,11.86075079792483,11.088181829452514,10.315612860980199,42.36949808844864,50.483540156338,NICK
2006-03-01,10.918182373046875,11.0090913772583,10.727272987365723,10.809090614318848,10.016271591186523,38610,11.050909042358398,11.014545440673828,11.068181800842286,10.375818195343017,9.896181812286377,9.999348516464233,49.8440498791193,0.14543544697145094,0.2038274157936795,-0.05839196882222855,11.847872363319532,11.068181800842286,10.28849123836504,32.128536644091334,43.075595833933825,NICK
2006-03-02,10.800000190734863,11.0,10.681818008422852,10.854544639587402,10.058390617370605,36520,10.945454406738282,11.049999904632568,11.021363592147827,10.405454540252686,9.913545436859131,10.004106087684631,50.70330586632147,0.12495108888864692,0.18805215041267298,-0.06310106152402606,11.731159967829138,11.021363592147827,10.311567216466516,28.714854742520487,34.40429649168711,NICK
2006-03-03,11.136363983154297,11.218181610107422,10.56363582611084,10.67272663116455,9.889908790588379,21670,10.825454330444336,11.039999866485596,10.959545373916626,10.43036361694336,9.929454526901246,10.007166690826416,47.218627530349025,0.09297414568589524,0.16903654946731744,-0.0760624037814222,11.55555081347817,10.959545373916626,10.363539934355082,26.30519816876982,29.049529851794173,NICK
2006-03-06,10.636363983154297,10.681818008422852,10.100000381469727,10.181818008422852,9.43500804901123,135630,10.659999656677247,10.94636344909668,10.886818075180054,10.448909072875976,9.940545434951781,10.006742444038391,39.354217505092606,0.027700648819035223,0.140769369337661,-0.11306872051862576,11.489661943114692,10.886818075180054,10.283974207245416,18.39028110869381,24.470111339994997,NICK
2006-03-07,10.199999809265137,10.727272987365723,10.199999809265137,10.46363639831543,9.696155548095703,30250,10.596363258361816,10.848181629180909,10.859999895095825,10.47018180847168,9.954363622665404,10.007151536941528,45.01587341656851,-0.0012739931087999423,0.1123606968483688,-0.11363468995716874,11.487533469241354,10.859999895095825,10.232466320950296,14.716711340953495,19.804063539472665,NICK
2006-03-08,10.454545021057129,10.699999809265137,10.290908813476562,10.4909086227417,9.721426963806152,27500,10.532726860046386,10.791817951202393,10.830454444885254,10.491999988555909,9.96854543685913,10.00772728919983,45.545672475785956,-0.021784842891660716,0.0855315889003629,-0.10731643179202362,11.468977509777678,10.830454444885254,10.191931379992829,15.566805686907792,16.224599378851988,NICK
2006-03-09,10.399999618530273,10.518181800842285,10.300000190734863,10.418182373046875,9.654035568237305,4180,10.445454406738282,10.695454406738282,10.805454444885253,10.511999988555909,9.982909078598022,10.005636382102967,44.31930092457578,-0.0434078608693671,0.0597436989464169,-0.103151559815784,11.467017834718282,10.805454444885253,10.143891055052224,19.96614310422696,16.749886710696373,NICK
2006-03-10,10.336363792419434,10.445454597473145,10.336363792419434,10.363636016845703,9.603489875793457,8910,10.383636283874512,10.604545307159423,10.774545335769654,10.528909072875976,9.997090892791748,10.002909107208252,43.375928945370134,-0.06420557162157436,0.034953844832818645,-0.09915941645439301,11.45767379848282,10.774545335769654,10.091416873056488,18.104883600723763,17.87927746395313,NICK
2006-03-13,10.290908813476562,10.481818199157715,10.290908813476562,10.481818199157715,9.713003158569336,7260,10.443636322021485,10.551817989349365,10.759999895095826,10.549090900421142,10.010545434951782,10.001469712257386,46.055164444840756,-0.07034074844674443,0.01389492617690603,-0.08423567462365046,11.454949815042038,10.759999895095826,10.065049975149613,19.634117297540435,19.235048000830677,NICK
2006-03-14,10.272727012634277,10.5090913772583,10.236364364624023,10.409090995788574,9.645611763000488,9350,10.432727241516114,10.514545249938966,10.749090814590454,10.564909076690673,10.023818168640137,10.000333347320556,44.65490492654747,-0.08014750721446617,-0.004913560501368413,-0.07523394671309776,11.458726963293651,10.749090814590454,10.039454665887257,21.582311968955306,19.77377095574013,NICK
2006-03-15,10.454545021057129,10.5090913772583,10.454545021057129,10.454545021057129,9.68773078918457,6490,10.4254545211792,10.479090690612793,10.74681806564331,10.58290906906128,10.038363618850708,9.999424252510071,45.76477411315113,-0.08329154118810145,-0.02058915663871502,-0.06270238454938643,11.459913431011909,10.74681806564331,10.033722700274712,25.70314642867035,22.306525231722322,NICK
2006-03-16,10.245454788208008,10.863636016845703,10.245454788208008,10.709091186523438,9.92360782623291,32450,10.483636283874512,10.464545345306396,10.757272624969483,10.606545429229737,10.05099998474121,9.997121224403381,51.61631797997234,-0.06449994729904418,-0.02937131477078085,-0.03512863252826333,11.461665016214159,10.757272624969483,10.052880233724807,33.94647627258772,27.077311556738085,NICK
2006-03-17,10.5,10.663636207580566,10.5,10.663636207580566,9.881487846374512,9570,10.543636322021484,10.463636302947998,10.751818084716797,10.629454517364502,10.059363613128662,9.99334849357605,50.56712148933278,-0.052668184625863645,-0.03403068874179741,-0.018637495884066234,11.457335923554783,10.751818084716797,10.046300245878811,42.87827249235736,34.175965064538765,NICK
2006-03-20,10.454545021057129,10.600000381469727,10.363636016845703,10.600000381469727,9.822517395019531,29150,10.567272758483886,10.505454540252686,10.725908994674683,10.65127269744873,10.065727252960205,9.988833346366881,49.06351774028943,-0.047874440060265755,-0.03679943900549108,-0.011075001054774672,11.413539338488771,10.725908994674683,10.038278650860594,48.755670343022445,41.860139702656134,NICK
2006-03-21,10.600000381469727,10.600000381469727,10.5,10.600000381469727,9.822517395019531,5610,10.605454635620116,10.519090938568116,10.683636283874511,10.667454528808594,10.07518180847168,9.98492425918579,49.06351774028943,-0.043573079616447075,-0.038154167127682284,-0.0054189124887647905,11.28804424402629,10.683636283874511,10.079228323722733,46.61247467657383,46.08213917065151,NICK
2006-03-22,10.663636207580566,10.872727394104004,10.409090995788574,10.445454597473145,9.679306983947754,19800,10.603636550903321,10.51454553604126,10.653181743621825,10.6754545211792,10.080909080505371,9.97954547405243,45.271946844702505,-0.05203494717025947,-0.040930323136197724,-0.011104624034061747,11.240915062818859,10.653181743621825,10.065448424424792,40.10841240951666,45.15885247637127,NICK
2006-03-23,10.554545402526855,10.890909194946289,10.554545402526855,10.890909194946289,10.092087745666504,13090,10.640000152587891,10.5618182182312,10.62863631248474,10.690545425415038,10.092545442581176,9.97645456314087,55.86015103123025,-0.022536784946240118,-0.0372516154982062,0.014714830551966082,11.126774149104339,10.62863631248474,10.130498475865142,58.536588832845304,48.41915863964556,NICK
2006-03-24,10.899999618530273,10.909090995788574,10.545454978942871,10.881817817687988,10.083662986755371,9790,10.683636474609376,10.61363639831543,10.609090852737427,10.70890905380249,10.108545436859131,9.973984861373902,55.623623063961006,0.00010590219950934454,-0.02978011195866309,0.029886014158172436,11.029165623696862,10.609090852737427,10.189016081777993,75.68269328297204,58.109231508444964,NICK
2006-03-27,10.772727012634277,10.772727012634277,10.554545402526855,10.609090805053711,9.830940246582031,9130,10.685454559326171,10.62636365890503,10.589090824127197,10.720181770324707,10.12099998474121,9.970242433547973,48.93030482692093,-0.0039113086195143865,-0.02460635129083335,0.020695042671318963,10.967062681142567,10.589090824127197,10.211118967111828,83.8530395348444,72.6907738835542,NICK
2006-03-28,10.545454978942871,10.899999618530273,10.545454978942871,10.736364364624023,9.94887924194336,6490,10.712727355957032,10.659090995788574,10.58681812286377,10.732363605499268,10.134272718429566,9.966409106254577,51.84262883804568,0.0031387538511840063,-0.019057330262429877,0.022196084113613884,10.960651214278148,10.58681812286377,10.212985031449392,75.29450460337476,78.27674580706402,NICK
2006-03-29,10.645455360412598,10.881817817687988,10.581817626953125,10.863636016845703,10.066817283630371,11110,10.796363639831544,10.700000095367432,10.589545392990113,10.746545429229736,10.14836362838745,9.96345456123352,54.62896364101636,0.018779262188063583,-0.011490011772331183,0.030269273960394767,10.970552014220251,10.589545392990113,10.208538771759974,74.32430069723551,77.82394827848519,NICK
2006-03-30,10.663636207580566,10.909090995788574,10.645455360412598,10.909090995788574,10.10893726348877,14850,10.8,10.720000076293946,10.59227271080017,10.761999969482423,10.16336362838745,9.960909104347229,55.61666337903836,0.034445251231623786,-0.0023029591715401903,0.03674821040316398,10.981519741213628,10.59227271080017,10.203025680386713,89.18918918918932,79.60266482993349,NICK
2006-03-31,10.854544639587402,10.890909194946289,10.727272987365723,10.82727336883545,10.033120155334473,2200,10.789091110229492,10.736363792419434,10.600000047683716,10.773272724151612,10.177727270126343,9.957833352088928,53.36475428547225,0.03979987353180903,0.0061176073691296545,0.03368226616267937,11.00127912630523,10.600000047683716,10.198720969062203,93.69369369369383,85.73572786003984,NICK
2006-04-03,10.763635635375977,10.909090995788574,10.581817626953125,10.709091186523438,9.92360782623291,20020,10.809091186523437,10.747272872924805,10.626363706588744,10.784181823730469,10.192272729873658,9.953863658905028,50.202744609536666,0.03411389214630489,0.011716864324564702,0.02239702782174019,10.980834665368997,10.626363706588744,10.271892747808492,85.90031469060675,89.59439919116359,NICK
2006-04-04,10.890909194946289,11.209091186523438,10.736364364624023,11.17272663116455,10.353235244750977,9130,10.896363639831543,10.804545497894287,10.6618182182312,10.803818168640136,10.210909090042115,9.952000017166137,60.17280353532561,0.06625546479688005,0.022624584419027774,0.043630880377852274,11.080181726121157,10.6618182182312,10.243454710341243,84.64242131151144,88.07880989860429,NICK
2006-04-05,11.227272987365723,11.363636016845703,11.227272987365723,11.236364364624023,10.412206649780273,14960,10.970909309387206,10.883636474609375,10.699091005325318,10.824363632202148,10.22972728729248,9.9502272939682,61.31760052895261,0.09575907492960312,0.03725148252114284,0.05850759240846028,11.178308720986726,10.699091005325318,10.21987328966391,84.45406333108724,84.99893311106877,NICK
2006-04-06,11.227272987365723,11.454545021057129,11.0,11.199999809265137,10.378509521484375,12650,11.029091072082519,10.91454553604126,10.738181877136231,10.845636348724366,10.249181833267212,9.948636384010316,60.251821461667554,0.11488229127356675,0.05277764427162762,0.06210464700193913,11.246057086221228,10.738181877136231,10.230306668051234,86.72194723508294,85.27281062589417,NICK
2006-04-07,11.181818008422852,11.199999809265137,11.045454978942871,11.045454978942871,10.235300064086914,7040,11.072727394104003,10.930909252166748,10.772272825241089,10.861090908050537,10.266181831359864,9.947727293968201,55.81195267513185,0.11622730574784867,0.06546757656687183,0.05075972918097685,11.266352665508903,10.772272825241089,10.278192984973275,74.93638350601985,82.0374646907303,NICK
2006-04-10,11.045454978942871,11.045454978942871,10.772727012634277,10.872727394104004,10.075240135192871,9350,11.105454635620116,10.957272911071778,10.791818284988404,10.87018180847168,10.281909103393554,9.948000020980835,51.265073237298786,0.10217772563943761,0.07280960638138498,0.029368119258052633,11.26903127170457,10.791818284988404,10.314605298272237,60.628055736812485,74.09546215930538,NICK
2006-04-11,10.790908813476562,10.96363639831543,10.781818389892578,10.96363639831543,10.1594820022583,4950,11.063636589050294,10.980000114440918,10.819545555114747,10.866000003814698,10.298818197250366,9.949272747039794,53.41612905014406,0.09725780166664322,0.07769924543843662,0.019558556228206597,11.268171552900977,10.819545555114747,10.370919557328516,50.40582671524506,61.990088652692755,NICK
2006-04-12,10.96363639831543,10.96363639831543,10.46363639831543,10.890909194946289,10.092087745666504,10450,10.994545555114746,10.982727432250977,10.841363763809204,10.859636363983155,10.315090932846068,9.952590928077697,51.45931294044347,0.08649320909250946,0.07945803816925119,0.007035170923258269,11.258178620565493,10.841363763809204,10.424548907052914,44.489048298983384,51.84097691701393,NICK
2006-04-13,10.763635635375977,11.045454978942871,10.67272663116455,10.96363639831543,10.1594820022583,7260,10.947272872924804,10.988181972503662,10.854091024398803,10.843090915679932,10.33200002670288,9.957454566955567,53.301628507241674,0.08287533416396009,0.08014149736819297,0.0027338367957671222,11.269515632064,10.854091024398803,10.438666416733607,46.526010954310976,47.14029532284676,NICK
2006-04-17,10.872727394104004,11.018181800842285,10.600000381469727,10.909090995788574,10.10893726348877,9680,10.920000076293945,10.996363735198974,10.866363763809204,10.823090915679932,10.347454576492309,9.96009093284607,51.71625669669698,0.07474516831564415,0.0790622315576832,-0.0043170632420390515,11.272966169168464,10.866363763809204,10.459761358449944,46.17739593067865,45.73081839465795,NICK
2006-04-18,10.727272987365723,11.17272663116455,10.727272987365723,11.136363983154297,10.319540023803711,13530,10.972727394104004,11.039091014862061,10.893181943893433,10.81309091567993,10.364454574584961,9.965045475959778,57.401618474150574,0.08565362234610241,0.08038050971536705,0.005273112630735363,11.296714830175068,10.893181943893433,10.489649057611798,54.434288731714474,49.045898538901646,NICK
2006-04-19,10.863636016845703,11.181818008422852,10.745454788208008,11.17272663116455,10.353235244750977,12650,11.014545440673828,11.039091014862061,10.921818256378174,10.816545448303224,10.3795454788208,9.968681836128235,58.248689161215275,0.09612474631555656,0.08352935703540496,0.012595389280151609,11.319306114641996,10.921818256378174,10.524330398114351,61.46790845037225,54.02653103758874,NICK
2006-04-20,10.93636417388916,11.190909385681152,10.93636417388916,11.109090805053711,10.294268608093262,550,11.058181762695312,11.02636365890503,10.955000066757203,10.817090911865234,10.394272747039794,9.975045471191406,56.14459404613144,0.09815681747007154,0.08645484912233828,0.011701968347733266,11.294444026343248,10.955000066757203,10.615556107171157,68.19573395903744,61.36597704704167,NICK
2006-04-21,11.181818008422852,11.309090614318848,11.100000381469727,11.209091186523438,10.386931419372559,5060,11.107272720336914,11.027272796630859,10.97090916633606,10.822909088134766,10.410000019073486,9.981909108161926,58.6710856675921,0.10660753820728885,0.0904853869393284,0.01612215126796046,11.326297313804009,10.97090916633606,10.615521018868112,70.64221596218842,66.76861945719965,NICK
2006-04-24,11.136363983154297,11.17272663116455,10.800000190734863,10.909090995788574,10.10893726348877,10230,11.107272720336914,11.01363639831543,10.972272825241088,10.821454544067382,10.42463638305664,9.987954564094544,49.46460170784472,0.0880819333905638,0.09000469622957548,-0.001922762839011674,11.326490471130672,10.972272825241088,10.618055179351504,61.7737347411674,66.87056155413137,NICK
2006-04-25,11.07272720336914,11.227272987365723,10.909090995788574,11.218181610107422,10.395354270935059,6600,11.123636245727539,11.048181819915772,11.002727365493774,10.830363636016846,10.442000017166137,9.994409108161927,56.95847428221864,0.09722058906795894,0.09144787479725217,0.005772714270706775,11.330559967150279,11.002727365493774,10.674894763837269,65.44345774589387,65.95313614975016,NICK
2006-04-26,11.227272987365723,11.5,11.118182182312012,11.46363639831543,10.622807502746582,40700,11.181818199157714,11.098181819915771,11.039090967178344,10.847090911865234,10.461909112930298,10.00350001335144,61.80259388502287,0.12285301648914526,0.09772890313563079,0.02512411335351447,11.400314646163855,11.039090967178344,10.677867288192834,72.53072889912374,66.58264046206195,NICK
2006-04-27,11.681818008422852,12.06363582611084,11.618182182312012,11.854544639587402,10.9850435256958,31570,11.330908966064452,11.194545364379882,11.08863639831543,10.874181804656983,10.485363645553589,10.014272737503052,67.98274740565651,0.17271893167571228,0.11272690884364708,0.0599920228320652,11.586129712565427,11.08863639831543,10.591143084065433,86.52327597899983,74.83248754133943,NICK
2006-04-28,11.636363983154297,12.263635635375977,11.636363983154297,12.07272720336914,11.187225341796875,25850,11.503636169433594,11.305454444885253,11.146818208694459,10.905636348724364,10.51109091758728,10.024000010490418,70.82049169509492,0.22722423861443453,0.13562637479780457,0.09159786381662996,11.795816465773745,11.146818208694459,10.497819951615172,90.93899965730695,83.33100151181047,NICK
2006-05-01,12.118182182312012,12.118182182312012,11.818181991577148,11.82727336883545,10.9597749710083,13530,11.687272644042968,11.397272682189941,11.196818208694458,10.926727275848389,10.533909101486206,10.03272728919983,63.95319364564334,0.247758013790353,0.15805270259631427,0.08970531119403874,11.892074134054656,11.196818208694458,10.501562283334259,84.02780308551323,87.16335957394028,NICK
2006-05-02,11.727272987365723,11.763635635375977,11.727272987365723,11.754545211791992,10.892377853393555,15290,11.794545364379882,11.45909080505371,11.249090909957886,10.939454536437989,10.554545459747315,10.040136380195618,62.033762546161405,0.25522059989006785,0.17748628205506498,0.07773431783500287,11.947007389864048,11.249090909957886,10.551174430051724,78.95626659658937,84.6410231131368,NICK
2006-05-03,11.818181991577148,12.272727012634277,11.790908813476562,12.127272605895996,11.237768173217773,22990,11.927272605895997,11.554545402526855,11.296818208694457,10.953090896606446,10.578363637924195,10.04972728729248,67.42904511599352,0.287892097932156,0.19956744523048317,0.0883246527016728,12.091204859102769,11.296818208694457,10.502431558286146,79.59306035644062,80.85904334618135,NICK
2006-05-04,12.154544830322266,12.272727012634277,12.154544830322266,12.17272663116455,11.279887199401855,4070,11.990909004211426,11.66090898513794,11.343636322021485,10.975454521179199,10.603272724151612,10.060500011444091,68.02578119659337,0.31383456595883885,0.2224208693761543,0.09141369658268456,12.223974090643873,11.343636322021485,10.463298553399097,85.68108450598776,81.41013715300619,NICK
2006-05-05,12.272727012634277,12.345455169677734,12.081817626953125,12.290908813476562,11.38940143585205,19580,12.03454532623291,11.769090747833252,11.398181772232055,10.993636341094971,10.629818172454835,10.071590919494628,69.58601428438197,0.3400110376062422,0.24593890302217186,0.09407213458407032,12.366909033829806,11.398181772232055,10.429454510634304,93.98507511245789,86.41973999162902,NICK
2006-05-08,12.154544830322266,12.363636016845703,12.06363582611084,12.363636016845703,11.456795692443848,6710,12.141817855834962,11.914545249938964,11.464090824127197,11.0154545211792,10.656636352539062,10.082500009536743,70.5387453891972,0.3624464998482573,0.26924042238738893,0.09320607746086834,12.504568424281725,11.464090824127197,10.42361322397267,96.88362418454021,92.18326126766222,NICK
2006-05-09,12.363636016845703,12.390909194946289,12.290908813476562,12.290908813476562,11.38940143585205,25850,12.249090576171875,12.02181797027588,11.534999895095826,11.041090869903565,10.682818174362183,10.09422728061676,68.23677269149019,0.3700920964944814,0.28941075720880743,0.08068133928567395,12.597668567481243,11.534999895095826,10.472331222710409,96.78113997167121,95.88327975622337,NICK
2006-05-10,12.145455360412598,12.5,12.145455360412598,12.5,11.583157539367676,17380,12.323636054992676,12.125454330444336,11.611818075180054,11.075454502105712,10.712727260589599,10.106045460700988,71.15162963586606,0.3885443013787828,0.3092374660428025,0.07930683533598032,12.719344313020965,11.611818075180054,10.504291837339142,97.90475379788116,97.18983931803113,NICK
2006-05-11,12.5,12.5,12.0090913772583,12.445454597473145,11.532610893249512,11880,12.378181648254394,12.18454532623291,11.689545345306396,11.1081817817688,10.741999988555909,10.11790909767151,69.36337264449413,0.39422210156942583,0.3262343931481272,0.06798770842129864,12.801973455775151,11.689545345306396,10.57711723483764,96.83523598127948,97.17370991694422,NICK
2006-05-12,12.5,12.5,12.272727012634277,12.300000190734863,11.397825241088867,5170,12.379999923706055,12.207272624969482,11.756363534927369,11.137090892791749,10.771272716522217,10.129727277755737,64.69396023616476,0.38257476042263683,0.3375024666030291,0.0450722938196077,12.846675363213729,11.756363534927369,10.666051706641008,94.74000976090917,96.49333318002353,NICK
2006-05-15,12.418182373046875,12.4909086227417,12.136363983154297,12.136363983154297,11.24619197845459,39490,12.334545516967774,12.238181686401367,11.817727184295654,11.166363639831543,10.79836362838745,10.140727276802062,59.81549786900686,0.35603592375792736,0.34120915803400875,0.014826765723918611,12.846816009451636,11.817727184295654,10.788638359139672,85.96808599037608,92.51444391085518,NICK
2006-05-16,12.136363983154297,12.245454788208008,12.045454978942871,12.145455360412598,11.254616737365723,49390,12.30545482635498,12.277272701263428,11.86818175315857,11.205636386871339,10.827272729873657,10.151818189620972,59.99598976579128,0.33191123653686105,0.3393495737345792,-0.007438337197718137,12.85685315716223,11.86818175315857,10.87951034915491,73.63556722316379,84.78122099148328,NICK
2006-05-17,12.081817626953125,12.163636207580566,11.82727336883545,12.154544830322266,11.263040542602539,11440,12.236363792419434,12.279999923706054,11.917272663116455,11.239454555511475,10.854818181991577,10.162500004768372,60.188520909109336,0.3099527499999102,0.3334702089876454,-0.023517458987735218,12.85934520405143,11.917272663116455,10.97520012218148,64.49267686552203,74.69877669302089,NICK
2006-05-18,12.281818389892578,12.281818389892578,12.163636207580566,12.227272987365723,11.330432891845703,24640,12.19272747039795,12.285454559326173,11.973181772232056,11.274181842803955,10.883090915679931,10.173500003814697,61.77380548850473,0.2950182588305523,0.32577981895622676,-0.030761560125674436,12.847015747035995,11.973181772232056,11.099347797428118,61.49990201350911,66.54271536739857,NICK
2006-05-19,12.272727012634277,12.409090995788574,12.163636207580566,12.318181991577148,11.414673805236816,15730,12.196363830566407,12.28818187713623,12.02863631248474,11.312181835174561,10.912090911865235,10.185409092903138,63.718592521366446,0.28720741555711804,0.31806533827640504,-0.030857922719287,12.840007458766909,12.02863631248474,11.217265166202573,67.0588061822924,64.35046168710811,NICK
2006-05-22,12.409090995788574,12.409090995788574,11.836363792419434,12.027273178100586,11.145103454589844,11110,12.174545669555664,12.254545593261719,12.084545421600343,11.345454578399659,10.937181825637817,10.195863637924194,54.21356063263191,0.2546083889480961,0.3053739484107433,-0.05076555946264716,12.713150107782765,12.084545421600343,11.45594073541792,58.16997662741884,62.24289494107371,NICK
2006-05-23,11.82727336883545,12.136363983154297,11.82727336883545,12.045454978942871,11.161952018737793,2860,12.15454559326172,12.230000209808349,12.125909090042114,11.376727313995362,10.962909107208253,10.206727275848388,54.668706098047224,0.22761672100026153,0.2898225029286469,-0.062205781928385384,12.614261832423248,12.125909090042114,11.637556347660981,47.41215272744233,57.54697851238478,NICK
2006-05-24,11.818181991577148,11.972726821899414,11.818181991577148,11.918182373046875,11.044014930725098,4400,12.10727310180664,12.171818447113036,12.148636388778687,11.406909141540527,10.985909109115601,10.218136367797852,50.85759269726234,0.19372267959073675,0.2706025382610649,-0.07687985867032815,12.545286530224592,12.148636388778687,11.751986247332782,26.810860590973437,44.13099664861179,NICK
2006-05-25,12.045454978942871,12.07272720336914,11.818181991577148,12.03636360168457,11.153526306152344,7260,12.06909122467041,12.13090934753418,12.157727336883545,11.438545513153077,11.010727291107179,10.229727277755737,54.060177489871485,0.17438741547641534,0.251359513704135,-0.07697209822771967,12.534853042339114,12.157727336883545,11.780601631427976,26.366378799457067,33.529797372624536,NICK
2006-05-26,11.909090995788574,12.118182182312012,11.899999618530273,12.0,11.119830131530762,2310,12.005454826354981,12.100909328460693,12.154090976715088,11.464363689422607,11.035454559326173,10.240772733688354,52.91744093974192,0.1543505831672647,0.23195772759676095,-0.07760714442949626,12.535799613341009,12.154090976715088,11.772382340089166,24.444450660989872,25.87389668380705,NICK
2006-05-30,11.818181991577148,11.93636417388916,11.818181991577148,11.818181991577148,10.951348304748535,12320,11.963636589050292,12.06909112930298,12.153636407852172,11.487454605102538,11.058454561233521,10.250318188667297,47.509814602681054,0.1223892285988164,0.21004402779717204,-0.08765479919835564,12.536919170624762,12.153636407852172,11.770353645079583,19.55554187915611,23.455457113201277,NICK
2006-05-31,11.818181991577148,11.972726821899414,11.754545211791992,11.881817817687988,11.010316848754883,23320,11.930909156799316,12.042727375030518,12.160000038146972,11.513090953826904,11.082181825637818,10.260227279663086,49.45661591614115,0.10102989444036758,0.18824120112581116,-0.08721130668544358,12.520091701079782,12.160000038146972,11.799908375214162,14.579932302236847,19.526641614127872,NICK
2006-06-01,12.0090913772583,12.0090913772583,11.818181991577148,11.872727394104004,11.001893043518066,7590,11.921818161010743,12.01454563140869,12.147272777557372,11.53854549407959,11.103000011444092,10.271181826591492,49.17603113179445,0.0824188735523741,0.16707673561112374,-0.08465786205874964,12.528466915109435,12.147272777557372,11.76607864000531,10.975617036773748,15.037030406055829,NICK
2006-06-02,12.03636360168457,12.03636360168457,11.854544639587402,11.9909086227417,11.111405372619629,4730,11.912727165222169,11.990909194946289,12.13818187713623,11.569454574584961,11.12245454788208,10.28231819152832,52.915953309793466,0.07632590535706818,0.14892656956031264,-0.07260066420324446,12.525142808848651,12.13818187713623,11.751220945423809,21.675198585548376,15.743582641519916,NICK
2006-06-05,11.836363792419434,11.899999618530273,11.818181991577148,11.818181991577148,10.951348304748535,20680,11.876363563537598,11.94090919494629,12.114545536041259,11.588000030517579,11.139272727966308,10.293409099578858,47.4233106748769,0.05690363883927674,0.13052198341610546,-0.07361834457682873,12.518672914630029,12.114545536041259,11.710418157452489,19.224909257992866,17.291908293438592,NICK
2006-06-06,11.945454597473145,11.945454597473145,11.654544830322266,11.754545211791992,10.892377853393555,9020,11.863636207580566,11.913636398315429,12.084090995788575,11.605454578399659,11.157181816101074,10.304090914726258,45.547484086136926,0.035961850572228116,0.11160995684733,-0.07564810627510188,12.500167737752564,12.084090995788575,11.668014253824586,18.35802522364779,19.752711022396607,NICK
2006-06-07,11.918182373046875,11.918182373046875,11.663636207580566,11.809090614318848,10.942923545837402,11880,11.849090766906738,11.889999961853027,12.060000085830689,11.629454574584962,11.174818172454835,10.314500002861022,47.46561868752846,0.02349584514494829,0.09398713450685366,-0.07049128936190537,12.481151706333366,12.060000085830689,11.638848465328012,14.485761033295844,17.35623183831243,NICK
2006-06-08,11.745454788208008,11.890909194946289,11.681818008422852,11.872727394104004,11.001893043518066,16500,11.849090766906738,11.885454463958741,12.028636455535889,11.652181835174561,11.192272720336915,10.32554545879364,49.6921637784685,0.018537711130425905,0.07889724983156811,-0.060359538701142204,12.40510452264188,12.028636455535889,11.652168388429898,20.88357880465824,17.90912168720089,NICK
2006-06-09,11.681818008422852,11.863636016845703,11.681818008422852,11.818181991577148,10.951348304748535,550,11.814545440673829,11.863636302947999,11.997272825241089,11.67127275466919,11.208909091949463,10.336636366844177,47.82129285515508,0.01009067702994848,0.06513593527124419,-0.055045258241295705,12.33179373627642,11.997272825241089,11.662751914205757,23.694839519935513,19.688059785963464,NICK
2006-06-12,11.727272987365723,11.836363792419434,11.727272987365723,11.818181991577148,10.951348304748535,4070,11.814545440673829,11.845454502105714,11.973181915283202,11.68945457458496,11.22572727203369,10.349454550743102,47.821292855155086,0.0033576368996026673,0.05278027559691588,-0.04942263869731321,12.285701812131949,11.973181915283202,11.660662018434456,28.188309244734004,24.25557585644285,NICK
2006-06-13,11.818181991577148,12.045454978942871,11.736364364624023,11.909090995788574,11.035588264465332,42570,11.845454597473145,11.854545402526856,11.961818265914918,11.711090927124024,11.242181825637818,10.363045458793641,51.36093419589266,0.005296199675889568,0.04328346041271062,-0.03798726073682105,12.26619961809616,11.961818265914918,11.657436913733676,36.85039686545364,29.577848543374653,NICK
2006-06-14,11.790908813476562,12.17272663116455,11.727272987365723,12.06363582611084,11.178797721862793,16280,11.896363639831543,11.872727203369141,11.957727289199829,11.738181819915772,11.26118182182312,10.377681818008423,56.73425087877077,0.019083023646826902,0.038443373059533874,-0.01936034941270697,12.254223342818616,11.957727289199829,11.661231235581042,55.93724870895384,40.32531827304743,NICK
2006-06-15,11.9909086227417,12.045454978942871,11.96363639831543,12.045454978942871,11.161952018737793,1650,11.930909156799316,11.889999961853027,11.95227279663086,11.755636386871338,11.279727277755738,10.392090911865234,55.95116274056452,0.028216872013542726,0.036398072850335646,-0.00818120083679292,12.237899658927864,11.95227279663086,11.666645934333856,69.76272933751488,54.18345830397439,NICK
2006-06-16,11.845455169677734,12.363636016845703,11.845455169677734,12.363636016845703,11.456795692443848,11220,12.039999961853027,11.927272701263428,11.959090948104858,11.77818181991577,11.30127272605896,10.408000001907348,65.04453991253511,0.060433424361324484,0.041205143152533416,0.019228281208791068,12.275501558729394,11.959090948104858,11.642680337480323,84.79539697642862,70.16512500763271,NICK
2006-06-19,12.154544830322266,12.363636016845703,11.972726821899414,12.236364364624023,11.338858604431152,15070,12.123636436462402,11.969090938568115,11.955000066757203,11.79890911102295,11.322272729873657,10.423727278709412,59.73270005248394,0.07483288856641934,0.0479306922353106,0.02690219633110874,12.254392062769295,11.955000066757203,11.65560807074511,85.83008127292804,80.12940252895744,NICK
2006-06-20,12.227272987365723,12.272727012634277,12.190909385681152,12.272727012634277,11.372552871704102,2750,12.196363639831542,12.020909118652344,11.967272758483887,11.823454551696777,11.342272729873658,10.439545459747315,60.719700658875354,0.08816244767303516,0.05597704332285551,0.03218540435017965,12.296177749826374,11.967272758483887,11.6383677671414,89.74364836851673,86.78970887262473,NICK
2006-06-21,12.100000381469727,12.272727012634277,12.100000381469727,12.218181610107422,11.322010040283203,5500,12.22727279663086,12.0618182182312,11.975909090042114,11.850363636016846,11.360272722244263,10.454090914726258,58.40701168978316,0.09324993397752301,0.06343162145378901,0.029818312523734,12.321233150721737,11.975909090042114,11.630585029362491,82.90605072697684,86.15992678947414,NICK
2006-06-22,12.118182182312012,12.272727012634277,12.027273178100586,12.209091186523438,11.313586235046387,24970,12.260000038146973,12.095454597473145,11.990454530715942,11.875272731781006,11.370636367797852,10.46918182373047,58.01045567934276,0.0954480169902645,0.06983490056108412,0.02561311642918039,12.34907791361161,11.990454530715942,11.631831147820273,81.62397875377492,84.75789261642309,NICK
2006-06-23,12.272727012634277,12.454545021057129,11.93636417388916,12.32727336883545,11.42309856414795,23870,12.252727508544922,12.146363735198975,12.005000019073487,11.90400001525879,11.381818189620972,10.484863643646241,61.65544162729577,0.10551007358650288,0.07696993516616787,0.02854013842033501,12.39234005472204,12.005000019073487,11.617659983424934,80.59449303483068,81.70817417186107,NICK
2006-06-26,12.281818389892578,12.545454978942871,12.281818389892578,12.4909086227417,11.574732780456543,10450,12.303636360168458,12.21363639831543,12.029545450210572,11.934545459747314,11.388818187713623,10.501227278709411,66.04989957456078,0.12524458178876507,0.08662486449068732,0.038619717298077755,12.470950960646334,12.029545450210572,11.588139939774809,85.37020230154782,82.5295580300514,NICK
2006-06-27,12.545454978942871,12.899999618530273,12.363636016845703,12.899999618530273,11.953817367553711,20570,12.429090881347657,12.3127272605896,12.083636331558228,11.974363632202149,11.39872727394104,10.519000000953675,74.05522809243855,0.1719128419327749,0.10368245997910483,0.06823038195367007,12.654371576976907,12.083636331558228,11.51290108613955,92.63512738027076,86.19994090555002,NICK
2006-06-28,12.309090614318848,12.9909086227417,12.309090614318848,12.945454597473145,11.995938301086426,105600,12.5745454788208,12.40090913772583,12.136818170547485,12.010545444488525,11.411818180084229,10.53254545211792,74.76717912462033,0.2101432111130368,0.12497461020589122,0.08516860090714558,12.811225681296637,12.136818170547485,11.462410659798334,96.78071720263256,91.59534896148398,NICK
2006-06-29,13.0,13.181818008422852,12.318181991577148,13.100000381469727,12.139147758483887,14410,12.75272731781006,12.506363677978516,12.19818181991577,12.04909091949463,11.432818183898926,10.547409090995789,77.07098581179402,0.25002942373988546,0.14998557291269007,0.10004385082719539,12.980076126933447,12.19818181991577,11.416287512898094,96.96761773432291,95.46115410574235,NICK
2006-06-30,13.181818008422852,13.181818008422852,12.863636016845703,13.0,12.046483993530273,13750,12.88727264404297,12.570000076293946,12.248636388778687,12.086909103393555,11.452000007629394,10.561500000953675,72.46085885772527,0.2704527288574692,0.1740790041016459,0.09637372475582329,13.097851377105739,12.248636388778687,11.399421400451635,92.80095379953661,95.51642957883097,NICK
2006-07-03,13.0,13.0,12.800000190734863,12.9909086227417,12.038058280944824,5170,12.987272644042969,12.645454502105713,12.307272720336915,12.12254545211792,11.472727270126343,10.576045455932617,72.03896602420528,0.28264657338360344,0.1957925179580374,0.08685405542556604,13.190759355851737,12.307272720336915,11.423786084822092,89.5833401630344,93.1173038989649,NICK
2006-07-05,13.0090913772583,13.154544830322266,12.93636417388916,13.0,12.046483993530273,10560,13.007272720336914,12.718181800842284,12.369545459747314,12.164363632202148,11.492909088134766,10.591045455932617,72.21319563153548,0.2897043497778622,0.21457488432200236,0.07512946545585983,13.263922190155764,12.369545459747314,11.475168729338865,86.92318223209482,89.76915873155554,NICK
2006-07-06,13.145455360412598,13.154544830322266,12.818181991577148,12.954545021057129,12.004362106323242,2750,13.009090805053711,12.791818141937256,12.42681818008423,12.199090900421142,11.514727268218994,10.606454544067383,69.86902156709058,0.28830643439014025,0.22932119433562995,0.05898524005451031,13.31699347097391,12.42681818008423,11.536642889194548,85.4209020553867,87.30914148350557,NICK
2006-07-07,12.954545021057129,13.081817626953125,12.727272987365723,12.772727012634277,11.8358793258667,13420,12.94363613128662,12.84818172454834,12.471818161010741,12.22527271270752,11.536181812286378,10.62122726917267,61.297530277380034,0.2694216574527495,0.23734128695905385,0.03208037049369564,13.336016818521115,12.471818161010741,11.607619503500368,78.84699643479397,83.73036024075876,NICK
2006-07-10,12.727272987365723,12.96363639831543,12.690909385681152,12.800000190734863,11.861153602600098,15730,12.903636169433593,12.895454406738281,12.520909070968628,12.244181823730468,11.559181814193726,10.637681813240052,62.04962294968944,0.2537311979063759,0.24061926914851825,0.013111928757857633,13.341452970104505,12.520909070968628,11.70036517183275,73.16316801913628,79.14368883643924,NICK
2006-07-11,12.736364364624023,13.136363983154297,12.56363582611084,12.709091186523438,11.776910781860352,9130,12.847272682189942,12.917272663116455,12.565454530715943,12.256909103393555,11.58127272605896,10.654227271080018,58.00346831719415,0.23129457886136606,0.23875433109108782,-0.0074597522297217556,13.322866261925267,12.565454530715943,11.80804279950662,66.18004884810826,72.73007110067975,NICK
2006-07-12,12.600000381469727,12.972726821899414,12.590909004211426,12.627272605895996,11.701094627380371,10560,12.77272720336914,12.889999961853027,12.601363611221313,12.272909088134766,11.599818181991576,10.67131817817688,54.555437817543506,0.20455335717934098,0.23191413630873844,-0.027360779129397467,13.296429334164229,12.601363611221313,11.906297888278397,62.287106299639824,67.21010772229504,NICK
2006-07-13,12.636363983154297,12.727272987365723,12.57272720336914,12.636363983154297,11.709519386291504,8910,12.709090995788575,12.859090900421142,12.630000019073487,12.290545463562012,11.615,10.689045453071595,54.876421600078196,0.18199640325329547,0.22193058969764984,-0.03993418644435437,13.279808417620542,12.630000019073487,11.980191620526432,57.907545932612834,62.124900360120556,NICK
2006-07-14,12.590909004211426,12.67272663116455,12.281818389892578,12.46363639831543,11.549459457397461,21780,12.647272872924805,12.795454502105713,12.650909090042115,12.2972727394104,11.625181818008423,10.705909090042114,47.94724640802383,0.14847070434114684,0.20723861262634924,-0.0587679082852024,13.248988506090985,12.650909090042115,12.052829673993244,43.960279048001986,54.7183104267518,NICK
2006-07-17,12.290908813476562,12.454545021057129,12.127272605895996,12.154544830322266,11.263040542602539,15510,12.518181800842285,12.710908985137939,12.640454530715942,12.296909103393554,11.636181812286377,10.721227269172669,38.5633943566589,0.09585528006190458,0.1849619461134603,-0.08910666605155573,13.264980053498915,12.640454530715942,12.01592900793297,26.330855056245557,42.732893345620376,NICK
2006-07-18,12.272727012634277,12.272727012634277,12.090909004211426,12.136363983154297,11.24619197845459,10120,12.403636360168457,12.625454521179199,12.635454511642456,12.29381820678711,11.64372727394104,10.73613636493683,38.09116457424808,0.05208967744725257,0.15838749238021876,-0.1062978149329662,13.27427828343414,12.635454511642456,11.99663073985077,8.9849585244144,26.425364209554232,NICK
2006-07-19,12.127272605895996,12.381817817687988,12.090909004211426,12.245454788208008,11.347282409667969,11880,12.32727279663086,12.55,12.634090900421143,12.291454582214355,11.653454551696777,10.75122727394104,42.63074819074332,0.025909173494790494,0.13189182860313312,-0.10598265510834262,13.276114328975222,12.634090900421143,11.992067471867063,6.973188022288114,14.096333867649607,NICK
2006-07-20,12.245454788208008,12.318181991577148,12.227272987365723,12.227272987365723,11.330432891845703,3960,12.245454597473145,12.47727279663086,12.634545469284058,12.290181865692139,11.665636367797852,10.766181817054749,42.076963167644735,0.0036517213452462727,0.10624380715155575,-0.10259208580630948,13.275402170585906,12.634545469284058,11.99368876798221,10.277812503005217,8.745319683236161,NICK
2006-07-21,12.06363582611084,12.154544830322266,11.645455360412598,11.863636016845703,10.99346923828125,40480,12.125454521179199,12.386363697052001,12.61727271080017,12.277454586029053,11.676454544067383,10.778545451164245,32.87799039021693,-0.04283614589425966,0.07642781654239267,-0.11926396243665233,13.31881524428548,12.61727271080017,11.915730177314861,13.708166301577982,10.319722275624022,NICK
2006-07-24,11.809090614318848,12.272727012634277,11.809090614318848,12.263635635375977,11.364128112792969,18370,12.147272682189941,12.332727241516114,12.614090824127198,12.273818206787109,11.690999994277954,10.793590903282166,46.68552933968381,-0.046861301416877055,0.05176999295053872,-0.09863129436741577,13.321419136322207,12.614090824127198,11.906762511932188,22.640531046284348,15.542169950289434,NICK
2006-07-25,12.163636207580566,12.263635635375977,11.918182373046875,12.027273178100586,11.145103454589844,13970,12.125454521179199,12.264545440673828,12.590909051895142,12.268363666534423,11.702727279663087,10.808136358261109,41.28158031984407,-0.06833600616549163,0.02774879312733265,-0.09608479929282428,13.341908374110082,12.590909051895142,11.839909729680203,26.90758839185764,21.085428579906907,NICK
2006-07-26,11.836363792419434,12.263635635375977,11.836363792419434,12.127272605895996,11.237768173217773,8690,12.101818084716797,12.214545440673827,12.552272701263428,12.268181838989257,11.7172727394104,10.823363633155823,44.223198262648104,-0.07640499705704507,0.006918035090457103,-0.08332303214750217,13.315105098806908,12.552272701263428,11.789440303719948,32.860672520475624,27.469597319539456,NICK
2006-07-27,12.181818008422852,12.272727012634277,12.045454978942871,12.263635635375977,11.364128112792969,15070,12.109090614318848,12.177272605895997,12.518181753158569,12.270545444488526,11.738090915679932,10.839318175315857,48.045450144127315,-0.07097818133484957,-0.008661208194604232,-0.062316973140245334,13.268520587439953,12.518181753158569,11.767842918877184,33.0271831602576,30.93181469086387,NICK
2006-07-28,12.409090995788574,12.56363582611084,12.318181991577148,12.4909086227417,11.574732780456543,12650,12.234545135498047,12.179999828338623,12.487727165222168,12.277272720336914,11.758363637924194,10.8563636302948,53.73588921000317,-0.04778749559358708,-0.016486465674400805,-0.03130102991918628,13.188972215118218,12.487727165222168,11.786482115326118,43.495864492761655,36.46124005783187,NICK
2006-07-31,12.663636207580566,12.909090995788574,12.418182373046875,12.890909194946289,11.945393562316895,15510,12.359999847412109,12.253636264801026,12.482272624969482,12.290545444488526,11.78236364364624,10.875454540252685,61.68909283908255,0.0028353094860431582,-0.012622110642312011,0.01545742012835517,13.169041924177353,12.482272624969482,11.795503325761612,64.00207510898458,46.84170758733486,NICK
2006-08-01,12.981818199157715,13.17272663116455,12.954545021057129,13.163636207580566,12.198116302490234,15510,12.587272453308106,12.356363487243652,12.490909004211426,12.307454528808593,11.809818181991577,10.8963636302948,65.98294266167457,0.06422074114619747,0.002746459715389886,0.06147428143080758,13.20677412617547,12.490909004211426,11.775043882247383,83.31589810251323,63.604612568086736,NICK
2006-08-02,13.181818008422852,13.181818008422852,12.82727336883545,12.881817817687988,11.936968803405762,8580,12.738181495666504,12.41999979019165,12.484999895095825,12.324545421600341,11.835,10.916045446395874,58.66589366440077,0.08910164093242301,0.02001749595879651,0.0690841449736265,13.185749789319559,12.484999895095825,11.784250000872092,91.2379310984965,79.51863476999836,NICK
2006-08-03,12.818181991577148,12.945454597473145,12.67272663116455,12.809090614318848,11.869575500488281,5390,12.847272491455078,12.478181552886962,12.477727174758911,12.339818134307862,11.858272724151611,10.934409079551697,56.91193295242846,0.10177821980178514,0.03636964072739424,0.0654085790743909,13.161650619454788,12.477727174758911,11.793803730063035,85.20592079809855,86.58658333303634,NICK
2006-08-04,12.954545021057129,12.954545021057129,12.781818389892578,12.863636016845703,11.920120239257812,8250,12.921817970275878,12.578181552886964,12.482272624969482,12.358727207183838,11.882818174362182,10.95331817150116,57.92788786004317,0.11490134681209696,0.052075981944334784,0.06282536486776218,13.175128150851366,12.482272624969482,11.789417099087599,78.50096182913286,84.98160457524288,NICK
2006-08-07,13.0,13.136363983154297,12.790908813476562,12.909090995788574,11.962242126464844,15400,12.925454330444335,12.642727088928222,12.487727165222168,12.376181755065918,11.907363634109497,10.972863626480102,58.79970566163817,0.1274996201767351,0.06716070959081485,0.06033891058592025,13.192123640818037,12.487727165222168,11.783330689626299,79.0926879674008,80.93319019821098,NICK
2006-08-08,13.07272720336914,13.136363983154297,12.945454597473145,13.136363983154297,12.172844886779785,14080,12.919999885559083,12.753636169433594,12.509090805053711,12.398909034729003,11.931636362075805,10.991318173408509,62.935342982867745,0.1540471140251931,0.0845379904776905,0.0695091235475026,13.263209040302312,12.509090805053711,11.75497256980511,86.19329817075572,81.2623159890967,NICK
2006-08-09,13.181818008422852,13.181818008422852,12.663636207580566,12.681818008422852,11.75163745880127,12100,12.879999923706055,12.809090709686279,12.511818075180054,12.416181755065917,11.951818180084228,11.005590896606446,51.74750387920818,0.13683083214412228,0.09499655881097686,0.04183427333314542,13.268017857295762,12.511818075180054,11.755618293064346,82.24852621954302,82.51150411923344,NICK
2006-08-10,12.527273178100586,12.600000381469727,11.918182373046875,11.945454597473145,11.069284439086914,31020,12.707272720336913,12.777272605895996,12.477272605895996,12.41745449066162,11.965272722244263,11.015499987602233,39.497843215286025,0.0630417257268494,0.08860559219415137,-0.025563866467301966,13.269810134229601,12.477272605895996,11.68473507756239,58.14361721935708,75.52848053655218,NICK
2006-08-11,11.881817817687988,12.127272605895996,11.636363983154297,11.854544639587402,10.9850435256958,24970,12.505454444885254,12.713636207580567,12.446818017959595,12.417090835571289,11.97781816482544,11.02649998664856,38.292657167916126,-0.0027407528727447783,0.07033632318077214,-0.07307707605351692,13.284628641480639,12.446818017959595,11.609007394438551,30.50232540780634,56.964822948902395,NICK
2006-08-14,11.954545021057129,12.154544830322266,11.681818008422852,11.863636016845703,10.99346923828125,18370,12.29636344909668,12.610908889770508,12.432272577285767,12.414545383453369,11.991999979019164,11.036454529762269,38.494770825378005,-0.053523260109683335,0.04556440652268104,-0.09908766663236437,13.299461073259636,12.432272577285767,11.565084081311898,12.919072760561642,33.85500512924194,NICK
2006-08-15,11.863636016845703,12.354544639587402,11.863636016845703,12.245454788208008,11.347282409667969,4070,12.118181610107422,12.519090747833252,12.437727117538453,12.423090839385987,12.005545434951783,11.049045438766479,46.430529436619175,-0.0622416955842553,0.02400318610129377,-0.08624488168554907,13.298752481600962,12.437727117538453,11.576701753475943,22.745063434136167,22.055487200834964,NICK
2006-08-16,12.32727336883545,12.57272720336914,12.290908813476562,12.57272720336914,11.650548934936523,3520,12.09636344909668,12.488181686401367,12.45409073829651,12.43945447921753,12.022454528808593,11.065499982833863,52.13166700324633,-0.042255870366757264,0.010751374807683563,-0.05300724517444083,13.312312667712966,12.45409073829651,11.595868808880052,38.23528080800119,24.633139000899916,NICK
2006-08-17,12.581817626953125,12.67272663116455,12.136363983154297,12.336363792419434,11.431522369384766,11990,12.174545288085938,12.440909004211425,12.459545278549195,12.449999942779542,12.039727258682252,11.080363621711731,48.146348360743055,-0.04497111278930177,-0.00039312271171350506,-0.04457799007758827,13.313306685748831,12.459545278549195,11.605783871349558,48.431373516994036,36.47057258637738,NICK
2006-08-18,12.272727012634277,12.345455169677734,12.045454978942871,12.227272987365723,11.330432891845703,10780,12.249090957641602,12.377272701263427,12.477727127075195,12.457090854644775,12.054636344909667,11.094454531669617,46.38388091986508,-0.055288348562939404,-0.011372167881958686,-0.043916180680980715,13.29464495389363,12.477727127075195,11.660809300256759,48.0392168962425,44.90195707374616,NICK
2006-08-21,12.290908813476562,12.472726821899414,12.290908813476562,12.454545021057129,11.541035652160645,4290,12.367272758483887,12.331818103790283,12.487272596359253,12.469818115234375,12.070545434951782,11.109454531669616,50.45314934321139,-0.04461162349211101,-0.01802005900398915,-0.026591564488121857,13.298401883515549,12.487272596359253,11.676143309202956,45.490188576631056,47.32025966328945,NICK
2006-08-22,12.645455360412598,12.645455360412598,12.32727336883545,12.445454597473145,11.532610893249512,10230,12.407272720336914,12.262727165222168,12.50818166732788,12.482363567352294,12.085909070968627,11.12463634967804,50.28874451701591,-0.03646343537788077,-0.021708734278767475,-0.014754701099113296,13.291898337773286,12.50818166732788,11.724464996882475,47.84312830114025,47.12417792467152,NICK
2006-08-23,12.53636360168457,12.53636360168457,12.32727336883545,12.4909086227417,11.574732780456543,4620,12.390909004211426,12.243636226654052,12.526363468170166,12.493999919891358,12.10254542350769,11.140136346817016,51.14597875938565,-0.026038027456385393,-0.022574592914291057,-0.003463434542094336,13.290517141853824,12.526363468170166,11.762209794486507,53.529389017311,48.95423529836102,NICK
2006-08-24,12.53636360168457,12.554545402526855,12.46363639831543,12.53636360168457,11.616852760314941,10010,12.430908966064454,12.302727127075196,12.539999866485596,12.503454475402831,12.120818147659302,11.156545438766479,52.03671172207925,-0.013947204953147718,-0.02084911532206239,0.00690191036891467,13.294587071040093,12.539999866485596,11.7854126619311,55.294104095419385,52.22220713795713,NICK
2006-08-25,12.56363582611084,12.56363582611084,12.42727279663086,12.4909086227417,11.574732780456543,2310,12.483636093139648,12.366363525390625,12.539999866485596,12.512363548278808,12.133999967575074,11.172454528808593,51.03464421005377,-0.007941434019237192,-0.018267579061497348,0.010326145042260156,13.294587071040093,12.539999866485596,11.7854126619311,56.27448536257174,55.032659491767625,NICK
2006-08-28,12.454545021057129,12.454545021057129,12.236364364624023,12.336363792419434,11.431522369384766,9460,12.45999984741211,12.413636302947998,12.512272596359253,12.511818103790283,12.144999961853028,11.187363624572754,47.67324888822799,-0.015473919791661572,-0.017708847207530194,0.002234927415868622,13.253887524751825,12.512272596359253,11.770657667966681,52.94116437091018,54.83658460963402,NICK
2006-08-29,12.418182373046875,12.445454597473145,12.118182182312012,12.190909385681152,11.296736717224121,18700,12.409090805053712,12.408181762695312,12.463636255264282,12.510909004211426,12.154909057617187,11.2020454454422,44.68979102565414,-0.03280229955497127,-0.02072753767701841,-0.01207476187795286,13.153803393822209,12.463636255264282,11.773469116706355,51.36567400580659,53.52710791309642,NICK
2006-08-30,12.045454978942871,12.181818008422852,11.972726821899414,11.972726821899414,11.094557762145996,11660,12.305454444885253,12.34818172454834,12.418181705474854,12.50490900039673,12.164181776046753,11.215181803703308,40.58673784712136,-0.06340972696972713,-0.029263975535560156,-0.034145751434166975,13.111931995768026,12.418181705474854,11.724431415181682,43.753010943894616,49.35328310687072,NICK
2006-08-31,12.32727336883545,12.32727336883545,11.909090995788574,11.92727279663086,11.052435874938965,21340,12.183636283874511,12.307272624969482,12.374090814590454,12.499090824127197,12.17472723007202,11.228318166732787,39.76758483995236,-0.09029324930220106,-0.041469830288888336,-0.048823419013312726,13.074911615508807,12.374090814590454,11.673270013672102,36.911863561269904,44.01018283699063,NICK
2006-09-01,12.06363582611084,12.136363983154297,11.96363639831543,12.027273178100586,11.145103454589844,19140,12.090909194946288,12.287272644042968,12.332272672653199,12.49545446395874,12.185363597869873,11.24209089756012,42.516359504087795,-0.10234961671835308,-0.053645787574781285,-0.04870382914357179,13.01071232406321,12.332272672653199,11.653833021243187,25.81719926497861,35.49402459004797,NICK
2006-09-05,11.93636417388916,12.018181800842285,11.92727279663086,11.981818199157715,11.102982521057129,9350,12.020000076293945,12.239999961853027,12.285909032821655,12.488545360565185,12.196272687911987,11.255681810379029,41.58731978622951,-0.11425514943336346,-0.06576765994649772,-0.04848748948686574,12.925988562434476,12.285909032821655,11.645829503208834,18.17310432617167,26.96738905080699,NICK
2006-09-06,11.954545021057129,12.0090913772583,11.836363792419434,11.836363792419434,10.9681978225708,24750,11.949090957641602,12.179090881347657,12.220909023284912,12.47545446395874,12.204999961853026,11.268499994277954,38.675002632718645,-0.13388399355748426,-0.07939092666869503,-0.05449306688878923,12.758091729070172,12.220909023284912,11.683726317499653,9.916211525135848,17.96883837209564,NICK
2006-09-07,11.82727336883545,11.82727336883545,11.727272987365723,11.763635635375977,10.900802612304688,13200,11.907272720336914,12.106363582611085,12.174999904632568,12.452727184295654,12.213545408248901,11.280499992370606,37.26962467374283,-0.15353865041537595,-0.09422047141803122,-0.059318178997344734,12.703646329414592,12.174999904632568,11.646353479850543,4.494698509243984,10.861338120184099,NICK
2006-09-08,11.818181991577148,11.818181991577148,11.590909004211426,11.709091186523438,10.850258827209473,19580,11.86363639831543,12.02363634109497,12.163181734085082,12.42799991607666,12.219272680282593,11.291863627433777,36.20698076761748,-0.171538994011188,-0.10968417593666258,-0.06185481807452542,12.721558258420336,12.163181734085082,11.604805209749829,5.055735834370109,6.4888819562502436,NICK
2006-09-11,11.590909004211426,11.709091186523438,11.590909004211426,11.67272663116455,10.81656265258789,10340,11.792727088928222,11.941818141937256,12.15409083366394,12.399454441070556,12.224272680282592,11.301909079551697,35.480646279416284,-0.1865878431931023,-0.1250649093879505,-0.06152293380515178,12.737624581979333,12.15409083366394,11.570557085348547,7.641922980846357,5.730785774820414,NICK
2006-09-12,11.663636207580566,11.981818199157715,11.663636207580566,11.854544639587402,10.9850435256958,30800,11.76727237701416,11.893636226654053,12.153636264801026,12.376545333862305,12.23172721862793,11.312999982833862,41.770371490619354,-0.18174789423701654,-0.1364015063577637,-0.045346387879252825,12.738087796791502,12.153636264801026,11.56918473281055,15.356074790098353,9.351244535105202,NICK
2006-09-13,11.972726821899414,12.0090913772583,11.872727394104004,12.0,11.119830131530762,14520,11.799999618530274,11.874545288085937,12.141363525390625,12.35672716140747,12.239636306762696,11.32481816291809,46.282054473406724,-0.1642814337486289,-0.14197749183593675,-0.022303941912692166,12.727892130694613,12.141363525390625,11.554834920086638,25.63913534731995,16.212377706088482,NICK
2006-09-14,12.081817626953125,12.163636207580566,11.836363792419434,11.836363792419434,10.9681978225708,15180,11.814545249938964,11.86090898513794,12.10454535484314,12.33345443725586,12.248909034729003,11.336772708892822,42.31036164766758,-0.16177833244650586,-0.14593765995805058,-0.015840672488455276,12.670216228228616,12.10454535484314,11.538874481457663,31.46417537110293,24.153128502840673,NICK
2006-09-15,12.0,12.272727012634277,11.909090995788574,12.027273178100586,11.145103454589844,11330,11.878181648254394,11.870909023284913,12.089090824127197,12.314909000396728,12.256999950408936,11.349499983787537,47.9250358466358,-0.1427443467287226,-0.14529899731218499,0.002554650583462381,12.645395063889696,12.089090824127197,11.532786584364699,39.272060999876594,32.125123906100086,NICK
2006-09-18,12.045454978942871,12.218181610107422,12.045454978942871,12.181818008422852,11.288312911987305,18920,11.979999923706055,11.886363506317139,12.086818075180053,12.3030908203125,12.26418176651001,11.363045439720153,51.99789085405434,-0.113876601120948,-0.13901451807393758,0.025137916952989586,12.641213736888083,12.086818075180053,11.532422413472023,48.30299820958165,39.67974486018732,NICK
2006-09-19,12.181818008422852,12.181818008422852,12.07272720336914,12.136363983154297,11.24619197845459,5060,12.036363792419433,11.901818084716798,12.070909023284912,12.28981809616089,12.266999959945679,11.376181802749635,50.740904042661164,-0.09358764459928892,-0.12992914337900785,0.03634149877971893,12.599859395291986,12.070909023284912,11.541958651277838,64.58312426730271,50.71939449225391,NICK
2006-09-20,12.07272720336914,12.309090614318848,12.07272720336914,12.309090614318848,11.406250953674316,21780,12.098181915283202,11.949090766906739,12.064090824127197,12.281818084716797,12.269363594055175,11.390227255821229,55.175295836481666,-0.06284645002817513,-0.11651260470884131,0.053666154680666184,12.576820539786562,12.064090824127197,11.551361108467832,80.2512379889841,64.37912015528974,NICK
2006-09-21,12.56363582611084,12.627272605895996,12.281818389892578,12.627272605895996,11.701094627380371,17270,12.256363677978516,12.03545446395874,12.070909023284912,12.281818084716797,12.277363586425782,11.405636343955994,61.96740371033817,-0.012663230451739338,-0.09574272985742091,0.08307949940568157,12.609152339250388,12.070909023284912,11.532665707319437,90.53493305566148,78.45643177064967,NICK
2006-09-22,12.627272605895996,12.627272605895996,12.145455360412598,12.627272605895996,11.701094627380371,13860,12.376363563537598,12.127272605895996,12.075454473495483,12.28163625717163,12.286090860366821,11.420318160057068,61.96740371033817,0.02679841714178366,-0.07123450045758,0.09803291759936365,12.630613655182655,12.075454473495483,11.520295291808312,99.17691316101453,89.98769473522027,NICK
2006-09-25,12.754545211791992,12.754545211791992,12.609090805053711,12.727272987365723,11.7937593460083,12650,12.485454559326172,12.232727241516113,12.087272691726685,12.286908988952638,12.29209086418152,11.435227251052856,63.95803588974432,0.06538750574806329,-0.04391009921645134,0.10929760496451463,12.685683989132189,12.087272691726685,11.488861394321182,99.21876429968411,96.31020350545361,NICK
2006-09-26,12.727272987365723,12.727272987365723,12.363636016845703,12.5090913772583,11.591580390930176,13200,12.560000038146972,12.298181915283203,12.095909070968627,12.293999919891357,12.295454511642456,11.449363617897033,56.953826456125746,0.07747116461053416,-0.019633846451054236,0.09710501106158839,12.713140517089808,12.095909070968627,11.478677624847446,92.18753372164292,96.8610703941141,NICK
2006-09-27,12.46363639831543,12.718181610107422,12.454545021057129,12.618182182312012,11.692669868469238,12650,12.621818351745606,12.360000133514404,12.11727271080017,12.303636283874512,12.298727245330811,11.464272708892823,59.350838855299536,0.09475795683344401,0.003244514205845414,0.0915134426275986,12.774462079445756,12.11727271080017,11.460083342154585,88.28130058246428,93.22919953459734,NICK
2006-09-28,12.5090913772583,12.618182182312012,12.218181610107422,12.472726821899414,11.557884216308594,9020,12.590909194946288,12.423636436462402,12.142272710800171,12.30818172454834,12.299818153381347,11.478227252960204,54.95661693746887,0.09561860054402338,0.02171933147348101,0.07389926907054237,12.813457252100564,12.142272710800171,11.471088169499778,80.98961257298576,87.1528156256979,NICK
2006-09-29,12.481818199157715,12.600000381469727,12.481818199157715,12.56363582611084,11.642125129699707,6380,12.578181838989257,12.477272701263427,12.17409086227417,12.314908981323242,12.30254542350769,11.492681798934937,57.09471569781077,0.10245522372394689,0.03786650992357418,0.0645887138003727,12.861625219086998,12.17409086227417,11.486556505461342,82.18750034717709,83.81947116754263,NICK
2006-10-02,12.590909004211426,12.727272987365723,12.281818389892578,12.618182182312012,11.692669868469238,8250,12.556363677978515,12.520909118652344,12.203636312484742,12.329999904632569,12.30372724533081,11.508227252960205,58.37153855061775,0.11099524780718362,0.05249225750029607,0.05850299030688755,12.913808186691783,12.203636312484742,11.4934644382777,81.14325831870805,81.44012374629055,NICK
2006-10-03,12.636363983154297,12.67272663116455,12.318181991577148,12.609090805053711,11.684247016906738,15290,12.576363563537598,12.568181800842286,12.234999942779542,12.336909008026122,12.305363607406616,11.523681797981261,58.061399834815674,0.1156960086858998,0.06513300773741681,0.05056300094848298,12.95849658805341,12.234999942779542,11.511503297505673,83.9356567180225,82.4221384613028,NICK
2006-10-04,12.600000381469727,12.600000381469727,12.5090913772583,12.554545402526855,11.63370132446289,3740,12.563636207580567,12.592727279663086,12.270909023284911,12.347454452514649,12.307909059524537,11.539590888023376,56.134333910133215,0.11370926776325341,0.07484825974258413,0.038861008020669274,12.982898666163168,12.270909023284911,11.558919380406655,81.88369930969513,82.3208714488088,NICK
2006-10-05,12.418182373046875,12.654544830322266,12.418182373046875,12.5090913772583,11.591580390930176,5170,12.570909118652343,12.580909156799317,12.308181810379029,12.355090827941895,12.311636333465577,11.554999980926514,54.510694201838106,0.10723091012137154,0.08132478981834161,0.025906120303029925,12.987337990994007,12.308181810379029,11.629025629764051,75.2957353543246,80.37169712734766,NICK
2006-10-06,12.545454978942871,12.67272663116455,12.545454978942871,12.636363983154297,11.709519386291504,2860,12.585454750061036,12.581818294525146,12.354545450210571,12.362545394897461,12.316545419692993,11.571909074783326,58.159921011170645,0.1110860695888487,0.08727704577244302,0.023809023816405678,12.98890620077847,12.354545450210571,11.720184699642672,74.79851023982616,77.32598163461554,NICK
2006-10-09,12.636363983154297,12.636363983154297,12.345455169677734,12.56363582611084,11.642125129699707,8910,12.5745454788208,12.565454578399658,12.399090909957886,12.363999938964843,12.32063632965088,11.587727255821228,55.4237707325319,0.10703887921273747,0.09122941246050191,0.01580946675223556,12.956087091796132,12.399090909957886,11.84209472811964,73.35046033399783,74.48156864271645,NICK
2006-10-10,12.454545021057129,12.554545402526855,12.409090995788574,12.5,11.583157539367676,7260,12.552727317810058,12.564545440673829,12.431363677978515,12.356181755065919,12.323363599777222,11.603227257728577,53.07111626036327,0.09757182507773621,0.09249789498394877,0.00507393009378744,12.930171277294354,12.431363677978515,11.932556078662676,70.95854029268101,73.0358369555019,NICK
2006-10-11,12.363636016845703,12.527273178100586,12.32727336883545,12.481818199157715,11.566308975219727,11550,12.53818187713623,12.550909042358398,12.455454587936401,12.342545394897462,12.324999961853027,11.618545436859131,52.386882456315185,0.08759228772440153,0.09151677353203932,-0.003924485807637795,12.913473954961988,12.455454587936401,11.997435220910814,61.8109058987292,68.70663550846959,NICK
2006-10-12,12.53636360168457,12.53636360168457,12.318181991577148,12.363636016845703,11.456795692443848,13200,12.509090805053711,12.539999961853027,12.481818199157715,12.332181758880616,12.328363590240478,11.632772707939148,48.05034953703226,0.06934772069362971,0.0870829629643574,-0.01773524227072769,12.845181692046951,12.481818199157715,12.118454706268478,46.85046266967499,59.87330295369531,NICK
2006-10-13,12.518181800842285,12.590909004211426,12.4909086227417,12.4909086227417,11.574732780456543,12210,12.47999973297119,12.532727241516113,12.50499997138977,12.325818119049073,12.332818126678466,11.64786361694336,52.60084138045222,0.0644160573000434,0.0825495818314946,-0.0181335245314512,12.802620101145738,12.50499997138977,12.207379841633802,45.30459790626395,51.321988824889615,NICK
2006-10-16,12.390909194946289,12.636363983154297,12.390909194946289,12.418182373046875,11.507340431213379,12430,12.450909042358399,12.5127272605896,12.516818189620972,12.316909046173096,12.337818126678467,11.661863617897033,49.91049306890008,0.05401660814365705,0.07684298709392709,-0.022826378950270038,12.778805218586664,12.516818189620972,12.25483116065528,39.9919253988621,44.04899532493391,NICK
2006-10-17,12.272727012634277,12.363636016845703,12.272727012634277,12.32727336883545,11.42309856414795,10120,12.416363716125488,12.484545516967774,12.52636365890503,12.305272693634032,12.340727224349976,11.675727257728576,46.695422429357556,0.03800131735020784,0.06907465314518324,-0.0310733357949754,12.742023359787249,12.52636365890503,12.310703958022811,38.09529161772722,41.13060497428466,NICK
2006-10-18,12.272727012634277,12.363636016845703,12.272727012634277,12.318181991577148,11.414673805236816,7150,12.383636474609375,12.460909175872803,12.526818227767944,12.28890905380249,12.343909044265747,11.68968180179596,46.37370255263381,0.024295423330743304,0.06011880718229525,-0.03582338385155195,12.740674923231998,12.526818227767944,12.31296153230389,23.571543519887893,33.88625351215931,NICK
2006-10-19,12.363636016845703,12.363636016845703,12.109090805053711,12.281818389892578,11.38097858428955,56760,12.36727294921875,12.43818187713623,12.509545516967773,12.280909061431885,12.348545408248901,11.70349998474121,45.03711909205887,0.0103795162200786,0.05017094898985192,-0.03979143276977332,12.743057974314242,12.509545516967773,12.276033059621303,19.7900043465207,27.152279828045504,NICK
2006-10-20,12.409090995788574,12.409090995788574,12.300000190734863,12.390909194946289,11.482068061828613,6050,12.347273063659667,12.413636398315429,12.497727346420287,12.289818153381347,12.353636322021485,11.71790907382965,49.71913602729293,0.008060855311789794,0.041748930254239494,-0.0336880749424497,12.73013296813092,12.497727346420287,12.265321724709654,29.313793008122573,24.225113624843953,NICK
2006-10-23,12.454545021057129,12.454545021057129,12.290908813476562,12.290908813476562,11.38940143585205,25410,12.321818351745605,12.386363697052001,12.47590913772583,12.298545436859131,12.35781813621521,11.730409073829652,45.86241189241228,-0.0018248593667831159,0.03303417233003497,-0.03485903169681809,12.69979477133917,12.47590913772583,12.252023504112492,36.73311987241765,28.61230574235387,NICK
2006-10-24,12.381817817687988,12.381817817687988,12.181818008422852,12.272727012634277,11.372552871704102,11990,12.310909080505372,12.36363639831543,12.464090919494629,12.306727256774902,12.360636320114136,11.741545433998107,45.17625232112355,-0.01099968136884577,0.024227401590258824,-0.035227082959104594,12.704096083599682,12.464090919494629,12.224085755389575,37.096802393622454,34.38123842472112,NICK
2006-10-25,12.454545021057129,12.454545021057129,12.181818008422852,12.209091186523438,11.313586235046387,16280,12.28909091949463,12.336363697052002,12.4436363697052,12.305999984741211,12.364545412063599,11.751909070014953,42.76466609774585,-0.0231389419278063,0.014754132886645798,-0.0378930748144521,12.69698410242969,12.4436363697052,12.190288636980709,26.344114221579446,33.39134549587341,NICK
2006-10-26,12.209091186523438,12.245454788208008,12.136363983154297,12.245454788208008,11.347282409667969,12980,12.281818199157716,12.324545574188232,12.43227276802063,12.299454536437988,12.36945450782776,11.763318161964417,44.58507614406587,-0.02948526682477315,0.005906252944362008,-0.035391519769135155,12.699395370715822,12.43227276802063,12.165150165325437,24.21213025739604,29.217682290866207,NICK
2006-10-27,12.336363792419434,12.454545021057129,12.109090805053711,12.145455360412598,11.254616737365723,21890,12.232727432250977,12.290000247955323,12.411363744735718,12.29563636779785,12.372818155288696,11.773818163871764,40.74698092332234,-0.04209860659012321,-0.0036947189625350357,-0.038403887627588174,12.698778654416701,12.411363744735718,12.123948835054735,16.833617609063435,22.463287362679868,NICK
2006-10-30,12.181818008422852,12.272727012634277,12.181818008422852,12.254545211791992,11.355706214904785,9130,12.225454711914063,12.273636531829833,12.393181896209716,12.296181812286378,12.376636333465576,11.784454526901245,46.189099619528044,-0.042798772318008105,-0.011515529633629649,-0.03128324268437846,12.671836968071645,12.393181896209716,12.114526824347788,20.114996581573962,20.386914816011373,NICK
2006-10-31,12.372727394104004,12.390909194946289,12.263635635375977,12.336363792419434,11.431522369384766,9240,12.238182067871094,12.274545574188233,12.379545545578003,12.293818187713622,12.381818151473999,11.795363621711731,49.905319575254474,-0.036332761572504424,-0.016478976021404603,-0.01985378555109982,12.640748870289224,12.379545545578003,12.118342220866781,25.862112623579005,20.936908938072364,NICK
2006-11-01,12.336363792419434,12.381817817687988,12.290908813476562,12.354544639587402,11.448371887207031,8030,12.267272758483887,12.278181838989259,12.369545507431031,12.291999988555908,12.387181777954101,11.806454524993896,50.71974432464677,-0.02940242618217148,-0.019063666053557977,-0.010338760128613504,12.618196252175508,12.369545507431031,12.120894762686554,39.08038908563447,28.352499430262707,NICK
2006-11-02,12.345455169677734,12.418182373046875,12.181818008422852,12.254545211791992,11.355706214904785,53790,12.269090843200683,12.2754545211792,12.356818199157715,12.287272720336913,12.390636320114135,11.816409072875977,46.26446460980879,-0.03161476817989595,-0.02157388647882557,-0.010040881701070377,12.601623548365556,12.356818199157715,12.112012849949874,39.08038908563447,34.674296931616205,NICK
2006-11-03,11.909090995788574,11.954545021057129,10.618182182312012,11.254545211791992,10.42905330657959,399630,12.090908813476563,12.16181812286377,12.2877272605896,12.261636352539062,12.382545413970947,11.821863617897034,23.7742948709048,-0.11275988207349918,-0.039811085597760296,-0.07294879647573889,12.805614706370077,12.2877272605896,11.769839814809123,36.26371795244513,38.14149870790491,NICK
2006-11-06,11.03636360168457,11.109090805053711,10.699999809265137,11.045454978942871,10.235300064086914,75790,11.849090766906738,12.037272739410401,12.211818218231201,12.232727279663086,12.372545413970947,11.826136345863342,21.428668631878427,-0.19172966358980226,-0.0701948011961687,-0.12153486239363356,12.945699443426323,12.211818218231201,11.47793699303608,28.50231498911499,34.61547400906509,NICK
2006-11-07,11.109090805053711,11.218181610107422,11.0090913772583,11.190909385681152,10.370084762573242,16940,11.619999885559082,11.929090976715088,12.146363687515258,12.20981819152832,12.360818147659302,11.831045436859132,26.83650370103241,-0.23981242106544975,-0.10411832517002491,-0.13569409589542486,12.990926113470893,12.146363687515258,11.301801261559623,29.70297218237842,31.4896683746464,NICK
2006-11-08,11.254545211791992,11.345455169677734,11.190909385681152,11.199999809265137,10.378509521484375,34980,11.38909091949463,11.828181838989257,12.08227276802063,12.19,12.350454502105713,11.836363615989685,27.17385977902169,-0.27402603007168835,-0.1380998661503576,-0.13592616392133075,13.006107211860249,12.08227276802063,11.158438324181011,28.712873686663396,28.97272028605249,NICK
2006-11-09,11.181818008422852,11.32727336883545,11.181818008422852,11.290908813476562,10.462749481201172,8800,11.196363639831542,11.732727241516113,12.028636407852172,12.176363639831543,12.340636320114136,11.841454524993896,30.619266061043703,-0.29045676009593,-0.1685712449394721,-0.12188551515645793,13.004024007347098,12.028636407852172,11.053248808357246,33.16830826191728,30.528051376986582,NICK
2006-11-10,11.32727336883545,11.363636016845703,11.227272987365723,11.263635635375977,10.43747615814209,13200,11.19818172454834,11.64454526901245,11.967272758483887,12.163090896606445,12.331090860366821,11.845681791305543,30.158295206443377,-0.302195428765728,-0.1952960817047233,-0.10689934706100473,12.972571269195647,11.967272758483887,10.961974247772126,34.48842227860987,32.12320140906373,NICK
2006-11-13,11.209091186523438,11.218181610107422,11.118182182312012,11.136363983154297,10.319540023803711,39820,11.216363525390625,11.532727146148682,11.903181838989259,12.14527271270752,12.32036358833313,11.84549997806549,28.03704659382002,-0.31810129324247605,-0.21985712401227384,-0.09824416923020221,12.94798444918671,11.903181838989259,10.858379228791806,33.33331602240606,33.66334885431129,NICK
2006-11-14,11.136363983154297,11.181818008422852,10.845455169677734,11.045454978942871,10.235300064086914,80300,11.187272644042968,11.403636264801026,11.839090919494629,12.126545448303222,12.307545404434205,11.844681797027588,26.597940867218934,-0.33419006724833267,-0.2427237126594856,-0.09146635458884705,12.928287990083932,11.839090919494629,10.749893848905325,28.877881447152173,32.23320658272292,NICK
2006-11-15,11.03636360168457,11.03636360168457,10.545454978942871,10.681818008422852,9.898333549499512,138930,11.083636283874512,11.23636360168457,11.757272720336914,12.10345453262329,12.289454498291015,11.83913634300232,21.78179240228286,-0.3719948756733409,-0.26857794526225665,-0.10341693041108424,12.93265514950498,11.757272720336914,10.581890291168849,19.542667435818256,27.251288301792382,NICK
2006-11-16,10.881817817687988,10.881817817687988,10.454545021057129,10.481818199157715,9.713003158569336,49720,10.921818161010743,11.059090900421143,11.667272710800171,12.077818183898925,12.26527268409729,11.831999979019166,19.671969833329868,-0.4133291704699431,-0.29752819030379396,-0.11580098016614915,12.939849255908515,11.667272710800171,10.394696165691828,10.599693453940779,19.673414112303956,NICK
2006-11-17,10.372727394104004,10.53636360168457,10.372727394104004,10.53636360168457,9.763547897338867,16940,10.776363754272461,10.9872727394104,11.574545431137086,12.054363632202149,12.241181774139404,11.826499977111816,21.894000091864108,-0.43665208533157873,-0.3253529693093509,-0.1112991160222278,12.892164040585056,11.574545431137086,10.256926821689115,5.510576807104827,11.884312565621507,NICK
2006-11-20,10.42727279663086,10.5,10.090909004211426,10.454545021057129,9.68773078918457,73700,10.639999961853027,10.928181743621826,11.482727241516113,12.03,12.214727220535279,11.823772702217102,20.9575144993924,-0.4564757705258593,-0.3515775295526526,-0.10489824097320671,12.843110042343579,11.482727241516113,10.122344440688646,8.337960871767061,8.149410377604442,NICK
2006-11-21,10.545454978942871,10.581817626953125,10.236364364624023,10.281818389892578,9.52767276763916,14850,10.487272644042969,10.837272644042969,11.383181810379028,11.998545475006104,12.187545404434204,11.819772706031799,19.100120115678163,-0.4805839073319298,-0.377378805108508,-0.10320510222342177,12.788393780031369,11.383181810379028,9.977969840726688,10.609368957093567,8.152635545322038,NICK
2006-11-22,10.300000190734863,10.409090995788574,10.272727012634277,10.409090995788574,9.645611763000488,3740,10.432727241516114,10.758181762695312,11.293181800842286,11.966727294921874,12.161727228164672,11.817227249145509,24.415764219564164,-0.4838425085491771,-0.3986715457966418,-0.08517096275253527,12.705826836327457,11.293181800842286,9.880536765357114,13.633766469655626,10.86036543283897,NICK
2006-11-24,10.318181991577148,10.390909194946289,10.272727012634277,10.272727012634277,9.51924991607666,6160,10.390909004211426,10.656363582611084,11.194545412063599,11.935454559326171,12.134454498291015,11.81368179321289,22.695124241447655,-0.4917597074918181,-0.41728917813567706,-0.07447052935614101,12.60293110993823,11.194545412063599,9.786159714188967,13.18734073289805,12.4768253865493,NICK
2006-11-27,10.290908813476562,10.290908813476562,10.090909004211426,10.190909385681152,9.443432807922363,12870,10.321818161010743,10.549090957641601,11.096818113327027,11.898727283477783,12.106818141937255,11.810772705078126,21.706695674810547,-0.4988853041697272,-0.43360840334248707,-0.06527690082724014,12.498944670746573,11.096818113327027,9.69469155590748,13.072020409841487,13.297709204131941,NICK
2006-11-28,10.136363983154297,10.354544639587402,10.136363983154297,10.32727336883545,9.569792747497559,11110,10.296363830566406,10.468181896209718,11.000454521179199,11.861636390686035,12.082363605499268,11.809272708892822,27.383276866128263,-0.4879046954558408,-0.44446766176515784,-0.04343703369068297,12.334316782173781,11.000454521179199,9.666592260184617,13.5714558679288,13.27693900355633,NICK
2006-11-29,10.345455169677734,10.372727394104004,10.118182182312012,10.154544830322266,9.409734725952148,20570,10.270909118652344,10.379090881347656,10.89136357307434,11.822000007629395,12.055909051895142,11.807545433044433,24.918729184327788,-0.4875204017242929,-0.4530782097569849,-0.03444219196730802,12.123340486937568,10.89136357307434,9.659386659211112,10.476207603406374,12.37322796039244,NICK
2006-11-30,10.227272987365723,10.290908813476562,10.17272663116455,10.190909385681152,9.443432807922363,11440,10.22727279663086,10.330000019073486,10.783181810379029,11.77963638305664,12.030727233886719,11.805999979972839,26.420174189227808,-0.47876265262708095,-0.4582150983310041,-0.020547554296076853,11.85131166588316,10.783181810379029,9.715051954874898,10.476207603406374,11.507957024914068,NICK
2006-12-01,10.136363983154297,10.281818389892578,10.136363983154297,10.272727012634277,9.51924991607666,9350,10.22727279663086,10.309090900421143,10.684090900421143,11.732545471191406,12.007181777954102,11.80349997997284,29.82065557825945,-0.4599184213822678,-0.45855576294125683,-0.0013626584410109666,11.533064470550842,10.684090900421143,9.835117330291444,9.662050611987864,10.204821939600423,NICK
2006-12-04,10.290908813476562,10.290908813476562,10.181818008422852,10.254545211791992,9.502399444580078,11000,10.239999961853027,10.280909061431885,10.634090900421143,11.685090923309327,11.98336359024048,11.799181795120239,29.494446087693703,-0.4413635870396213,-0.4551173277609297,0.013753740721308416,11.460271509144492,10.634090900421143,9.807910291697793,12.995393311767836,11.044550509054245,NICK
2006-12-05,10.209091186523438,10.272727012634277,10.190909385681152,10.227272987365723,9.477128982543945,13640,10.219999885559082,10.258181858062745,10.593181800842284,11.635090923309326,11.960999956130982,11.793090887069702,28.982315362336397,-0.42397210126055995,-0.44888828246085577,0.024916181200295817,11.414848559555361,10.593181800842284,9.771515042129208,15.184039436386689,12.613827786714351,NICK
2006-12-06,10.199999809265137,10.245454788208008,10.181818008422852,10.190909385681152,9.443432807922363,12430,10.22727279663086,10.249090957641602,10.543181800842286,11.588727283477784,11.94136360168457,11.788772706985474,28.277282640597807,-0.40841550255082737,-0.44079372647885007,0.0323782239280227,11.33441200023968,10.543181800842286,9.75195160144489,14.022276841377343,14.067236529844175,NICK
2006-12-07,10.181818008422852,10.290908813476562,10.181818008422852,10.281818389892578,9.52767276763916,57530,10.245454597473145,10.236363697052003,10.497272729873657,11.542000007629394,11.922818145751954,11.783272709846496,32.68594311316097,-0.38432097613116945,-0.42949917640931395,0.04517820027814451,11.235510391151216,10.497272729873657,9.759035068596098,21.985276553210543,17.063864276991747,NICK
2006-12-08,10.254545211791992,10.67272663116455,10.254545211791992,10.545454978942871,9.77197265625,59290,10.300000190734863,10.263636493682862,10.460000038146973,11.503454570770264,11.905818147659302,11.77963634967804,43.52705488671863,-0.3400329329307752,-0.4116059277136062,0.07157299478283102,11.103374337851362,10.460000038146973,9.816625738442584,43.21929358775257,26.408948994113704,NICK
2006-12-11,10.545454978942871,10.545454978942871,10.336363792419434,10.454545021057129,9.68773078918457,17490,10.34000015258789,10.290000057220459,10.41954550743103,11.461272754669189,11.888090867996215,11.776863617897034,41.070702642122306,-0.3087113808195756,-0.3910270183348001,0.08231563751522447,10.94701506116279,10.41954550743103,9.892075953699269,59.83804997846891,41.68087337314423,NICK
2006-12-12,10.627272605895996,10.627272605895996,10.472726821899414,10.5,9.729849815368652,26730,10.394545555114746,10.307272720336915,10.387727308273316,11.418909111022948,11.874454507827759,11.775454525947572,42.80857147471489,-0.2770275866194094,-0.36822713199172197,0.09119954537231256,10.803303268322177,10.387727308273316,9.972151348224456,70.31258195646491,57.78997517422902,NICK
2006-12-13,10.454545021057129,10.554545402526855,10.454545021057129,10.53636360168457,9.763547897338867,33000,10.46363639831543,10.345454597473145,10.3622727394104,11.377454566955567,11.857181787490845,11.7740908908844,44.22563869450876,-0.2461462914664434,-0.34381096388666627,0.09766467242022286,10.658935932370978,10.3622727394104,10.065609546449823,69.79172130431,66.64745107974817,NICK
2006-12-14,10.57272720336914,10.809090614318848,10.445454597473145,10.781818389892578,9.990999221801758,16280,10.56363639831543,10.404545497894286,10.367272758483887,11.34200002670288,11.844727239608766,11.773727259635926,52.73818027975526,-0.19956601966372034,-0.31496197504207707,0.11539595537835673,10.687727004941392,10.367272758483887,10.046818512026382,81.02592149163262,73.7100749174694,NICK
2006-12-15,10.645455360412598,10.754545211791992,10.5,10.5090913772583,9.73827838897705,11220,10.556363677978515,10.42818193435669,10.368636417388917,11.302000026702881,11.828545427322387,11.772909083366393,44.5940789357212,-0.18255324909208426,-0.2884802298520785,0.10592698075999424,10.691253618326154,10.368636417388917,10.046019216451679,76.44806630094149,75.75523636562826,NICK
2006-12-18,10.5,10.581817626953125,10.5,10.518181800842285,9.746700286865234,6160,10.569091033935546,10.454545593261718,10.367727327346802,11.259636383056641,11.81109088897705,11.774590902328491,44.89951065236337,-0.16641861443704187,-0.26406790676907116,0.09764929233202929,10.688546334317811,10.367727327346802,10.046908320375794,70.22545126282166,75.89981301846548,NICK
2006-12-19,10.545454978942871,10.56363582611084,10.5,10.518181800842285,9.746700286865234,42350,10.572727394104003,10.483636474609375,10.370909166336059,11.218727302551269,11.791363620758057,11.774863629341125,44.89951065236336,-0.15188101048295444,-0.24163052751184783,0.08974951702889339,10.69633840006777,10.370909166336059,10.045479932604348,57.076836661084634,67.91678474161615,NICK
2006-12-20,10.5090913772583,10.654544830322266,10.5,10.5,9.729849815368652,21560,10.56545467376709,10.51454553604126,10.38181824684143,11.17872730255127,11.767454528808594,11.774909086227417,44.33261458783092,-0.14021071217605474,-0.2213465644446892,0.08113585226863446,10.709192053666428,10.38181824684143,10.054444440016432,56.235182550972205,61.179156824959726,NICK
2006-12-21,10.609090805053711,10.663636207580566,10.5,10.518181800842285,9.746700286865234,11660,10.512727355957031,10.53818187713623,10.387272787094116,11.139454574584962,11.740999984741212,11.775409083366394,45.079376190584846,-0.1280190731256674,-0.20268106618088483,0.07466199305521742,10.719875920817403,10.387272787094116,10.054669653370828,54.81134482370545,56.04112134525432,NICK
2006-12-22,10.609090805053711,10.718181610107422,10.5090913772583,10.53636360168457,9.763547897338867,9680,10.518181800842285,10.537272739410401,10.40045461654663,11.102909126281737,11.717545442581176,11.776272721290589,45.86149387632996,-0.11555791228537338,-0.18525643540178255,0.06969852311640917,10.734746808141615,10.40045461654663,10.066162424951646,54.73301663196518,55.259848002214504,NICK
2006-12-26,10.454545021057129,10.5090913772583,10.454545021057129,10.454545021057129,9.68773078918457,20570,10.505454444885254,10.537272739410401,10.413636398315429,11.062181854248047,11.69399998664856,11.776136355400086,42.900747332684844,-0.11100483358835511,-0.17040611503909706,0.059401281450741944,10.734353634358856,10.413636398315429,10.092919162272002,51.207741220101845,53.58403422525771,NICK
2006-12-27,10.445454597473145,10.4909086227417,10.43636417388916,10.43636417388916,9.670882225036621,17380,10.489090919494629,10.530909156799316,10.419090938568115,11.022545490264893,11.669727268218994,11.776272721290589,42.24805781066128,-0.10762291833100335,-0.15784947569747831,0.050226557366474966,10.737449436557704,10.419090938568115,10.100732440578525,46.85994377743301,50.93356720983357,NICK
2006-12-28,10.336363792419434,10.636363983154297,10.336363792419434,10.554545402526855,9.780396461486816,38390,10.5,10.532727336883545,10.439090967178345,10.98709093093872,11.646181812286377,11.776772723197936,47.80677968105911,-0.09431923522287988,-0.14514342760255863,0.05082419237967875,10.73813073434677,10.439090967178345,10.14005120000992,46.05215309198673,48.039946029840756,NICK
2006-12-29,10.681818008422852,10.763635635375977,10.654544830322266,10.727272987365723,9.94045352935791,4620,10.541818237304687,10.527272796630859,10.465909147262574,10.955272750854492,11.622090902328491,11.776863632202149,54.67362440605393,-0.06904241992056193,-0.1299232260661593,0.06088080614559738,10.767304036218915,10.465909147262574,10.164514258306232,59.12354667309963,50.678547847506685,NICK
2007-01-03,10.56363582611084,10.681818008422852,10.5,10.518181800842285,9.746700286865234,20130,10.53818187713623,10.528181838989259,10.478181886672974,10.920000019073486,11.600454540252686,11.776136360168458,46.669167083892326,-0.06513147785456752,-0.11696487642384094,0.05183339856927342,10.766832223920295,10.478181886672974,10.189531549425654,58.41744904951296,54.531049604866666,NICK
2007-01-04,10.618182182312012,10.754545211791992,10.53636360168457,10.609090805053711,9.830940246582031,11110,10.569091033935546,10.537272739410401,10.495909166336059,10.884363651275635,11.587090902328491,11.776181812286376,50.090483550270534,-0.05407311005546234,-0.10438652315016522,0.050313413094702886,10.770657683944403,10.495909166336059,10.221160648727714,59.61541823854983,59.05213798705437,NICK
2007-01-05,10.654544830322266,10.654544830322266,10.590909004211426,10.590909004211426,9.814091682434082,6820,10.6,10.544545459747315,10.514090967178344,10.850363655090332,11.574454545974731,11.776136355400086,49.407791258004394,-0.046243328968873953,-0.09275788431390697,0.046514555345033015,10.762156182211449,10.514090967178344,10.26602575214524,50.00000000000019,56.01095576268789,NICK
2007-01-08,10.5,10.57272720336914,10.5,10.5090913772583,9.73827838897705,19800,10.590909194946288,10.545454597473144,10.530000066757202,10.815090942382813,11.560909099578858,11.776454539299012,46.34665384225512,-0.04610865785776497,-0.08342803902267856,0.037319381164913595,10.729097242447587,10.530000066757202,10.330902891066817,50.65471672294493,53.42337832049855,NICK
2007-01-09,10.5090913772583,10.654544830322266,10.5,10.518181800842285,9.746700286865234,9900,10.549090957641601,10.545454597473144,10.541818237304687,10.781272754669189,11.543636369705201,11.774590902328491,46.74147322019047,-0.04475252951777087,-0.07569293712169703,0.030940407603926162,10.705495096032788,10.541818237304687,10.378141378576586,45.60836048514265,48.75435906936281,NICK
2007-01-10,10.581817626953125,10.590909004211426,10.5,10.5090913772583,9.73827838897705,26950,10.547272872924804,10.542727375030518,10.540000057220459,10.746545486450195,11.523000011444092,11.772727270126342,46.3739704544693,-0.043905197463020684,-0.06933538918996177,0.02543019172694108,10.70428169120175,10.540000057220459,10.375718423239167,41.13487207988228,45.79931642932351,NICK
2007-01-11,10.5,10.545454978942871,10.4909086227417,10.5,9.729849815368652,12980,10.525454711914062,10.547272872924804,10.542272806167603,10.713636379241944,11.504636373519897,11.772181816101075,45.98456632473912,-0.04346622725881488,-0.0641615568037324,0.020695329544917512,10.70298149288626,10.542272806167603,10.381564119448946,40.42561423009494,42.38961559837352,NICK
2007-01-12,10.581817626953125,10.627272605895996,10.454545021057129,10.454545021057129,9.68773078918457,5170,10.498181915283203,10.549090957641601,10.540000057220459,10.677636375427246,11.486909093856811,11.77077271938324,43.99540478147428,-0.04625300131923815,-0.06057984570683354,0.014326844387595392,10.70428169120175,10.540000057220459,10.375718423239167,35.46103248241754,39.00717293079848,NICK
2007-01-16,10.472726821899414,10.545454978942871,10.454545021057129,10.5,9.729849815368652,15400,10.496363639831543,10.543636417388916,10.53818187713623,10.640909099578858,11.467363643646241,11.768954539299012,46.48823070995211,-0.04428323337319462,-0.05732052324010576,0.01303728986691114,10.703386563213932,10.53818187713623,10.372977191058528,34.75177463263021,36.87947378171446,NICK
2007-01-17,10.454545021057129,10.545454978942871,10.454545021057129,10.5090913772583,9.73827838897705,28160,10.494545555114746,10.521818256378173,10.524545526504516,10.604000034332275,11.448000011444092,11.76695454120636,46.996397849630576,-0.04151007758434311,-0.05415843410895323,0.012648356524610119,10.64639087698964,10.524545526504516,10.402700176019392,35.461032482417544,35.22461319915533,NICK
2007-01-18,10.545454978942871,10.545454978942871,10.454545021057129,10.518181800842285,9.746700286865234,24090,10.496363639831543,10.521818256378173,10.525000047683715,10.569272766113281,11.428272743225097,11.765409083366395,47.53291465581507,-0.03813916586746835,-0.05095458046065625,0.012815414593187899,10.646679118735097,10.525000047683715,10.403320976632333,40.42561423009495,36.879473781714466,NICK
2007-01-19,10.418182373046875,10.5,10.399999618530273,10.445454597473145,9.679306983947754,9130,10.485454559326172,10.505454635620117,10.521363687515258,10.553090953826905,11.407363653182983,11.764090900421143,43.720012399851036,-0.04086510406896515,-0.04893668518231803,0.008071581113352877,10.647890767236092,10.521363687515258,10.394836607794424,36.170290332204864,37.35231234823936,NICK
2007-01-22,10.56363582611084,10.56363582611084,10.336363792419434,10.345455169677734,9.586642265319824,17050,10.463636589050292,10.480909252166748,10.512727355957031,10.539090957641601,11.385909118652343,11.75995454311371,39.078262055245325,-0.050512273776678995,-0.049251802901190224,-0.0012604708754887714,10.660705372772126,10.512727355957031,10.364749339141936,23.40431863853462,33.333407733611715,NICK
2007-01-23,10.363636016845703,10.445454597473145,10.290908813476562,10.345455169677734,9.586642265319824,10230,10.43272762298584,10.464545631408692,10.505000114440918,10.522181873321534,11.366000032424926,11.755499997138976,39.078262055245325,-0.05749495917415537,-0.050900434155783256,-0.006594525018372113,10.6699917874347,10.505000114440918,10.340008441447136,13.141538804609253,24.23871592511648,NICK
2007-01-24,10.472726821899414,10.5090913772583,10.454545021057129,10.5,9.729849815368652,8470,10.430909347534179,10.462727451324463,10.504091024398804,10.50818187713623,11.349090938568116,11.751999998092652,48.817958854945374,-0.04998214834391668,-0.05071677699340994,0.0007346286494932658,10.668982489417694,10.504091024398804,10.339199559379914,19.663589569105103,18.73648233741656,NICK
2007-01-25,10.545454978942871,10.545454978942871,10.418182373046875,10.418182373046875,9.654035568237305,12650,10.410909461975098,10.45363655090332,10.49818196296692,10.490727348327637,11.33354549407959,11.748863635063172,44.73997096792136,-0.050053208124532844,-0.050584063219634524,0.0005308550951016802,10.666459360838802,10.49818196296692,10.329904565095037,30.621085806213483,21.142071393309518,NICK
2007-01-26,10.381817817687988,10.409090995788574,10.318181991577148,10.32727336883545,9.569792747497559,20900,10.387273216247559,10.436363887786865,10.491818380355834,10.472000102996827,11.317545499801636,11.746136364936829,40.67430954575982,-0.05679047514758473,-0.05182534560522457,-0.004965129542360162,10.675166177914885,10.491818380355834,10.308470582796783,30.032873400734285,26.77251625868453,NICK
2007-01-29,10.290908813476562,10.318181991577148,10.272727012634277,10.272727012634277,9.51924991607666,17160,10.372727584838866,10.41818208694458,10.483636522293091,10.454727363586425,11.300000038146973,11.742681818008423,38.418416534883534,-0.06577305208314499,-0.05461488690080865,-0.011158165182336338,10.689388351794898,10.483636522293091,10.277884692791284,15.00017484045827,25.218044682468918,NICK
2007-01-30,10.227272987365723,10.399999618530273,10.227272987365723,10.318181991577148,9.561369895935059,30470,10.36727294921875,10.400000286102294,10.471818351745606,10.440181903839111,11.283363676071167,11.739818181991577,41.338222091407054,-0.06843509492800415,-0.05737892850624775,-0.0110561664217564,10.686863847421884,10.471818351745606,10.256772856069327,10.909178329320136,18.647408856837803,NICK
2007-01-31,10.245454788208008,10.309090614318848,10.181818008422852,10.272727012634277,9.51924991607666,27060,10.321818351745605,10.376363849639892,10.449091053009033,10.43200008392334,11.267727308273315,11.73636363506317,39.33000013888985,-0.0733668921161108,-0.06057652122822036,-0.012790370887890444,10.646713174415211,10.449091053009033,10.251468931602854,14.378471382216006,13.429274850665044,NICK
2007-02-01,10.218181610107422,10.363636016845703,10.218181610107422,10.227272987365723,9.477128982543945,15290,10.283636474609375,10.347272968292236,10.434545612335205,10.4269091796875,11.252363681793213,11.732954545021057,37.37470097673505,-0.08002070797304484,-0.06446535857718526,-0.015555349395859577,10.651557519965717,10.434545612335205,10.217533704704692,17.77986396713307,14.355837892889975,NICK
2007-02-02,10.272727012634277,10.272727012634277,10.03636360168457,10.03636360168457,9.30022144317627,33220,10.225454521179199,10.30636386871338,10.405909252166747,10.4169091796875,11.235636405944824,11.727454543113708,30.513232158229926,-0.09955113340847888,-0.07148251354344398,-0.028068619865034894,10.669406085961054,10.405909252166747,10.142412418372441,10.204106391375495,14.120813913575097,NICK
2007-02-05,10.045454978942871,10.209091186523438,9.972726821899414,9.9909086227417,9.258101463317871,34430,10.169090843200683,10.270909214019776,10.375909233093262,10.407636451721192,11.218818225860595,11.721545453071593,29.14143721302565,-0.1173443011335813,-0.08065487106147144,-0.036689430072109855,10.681573590968359,10.375909233093262,10.070244875218165,4.427032782911807,10.80366771380703,NICK
2007-02-06,9.981818199157715,10.045454978942871,9.96363639831543,10.027273178100586,9.291797637939453,21120,10.11090908050537,10.23909101486206,10.351818323135376,10.402545547485351,11.200545511245728,11.716136364936828,31.78366860946433,-0.12704668395358,-0.08993323363989315,-0.03711345031368683,10.68628974937103,10.351818323135376,10.017346896899722,4.561020224326775,6.397386466204932,NICK
2007-02-07,9.9909086227417,10.045454978942871,9.9909086227417,10.045454978942871,9.308645248413086,15730,10.06545467376709,10.193636512756347,10.328181982040405,10.395272827148437,11.181000061035157,11.710318183898925,33.126361715995124,-0.1317500404097096,-0.09829659499385644,-0.03345344541585317,10.678714101648147,10.328181982040405,9.977649862432663,9.106501260759819,6.03151808933304,NICK
2007-02-08,10.163636207580566,10.199999809265137,10.07272720336914,10.127272605895996,9.3844633102417,7700,10.045454597473144,10.16454553604126,10.30909104347229,10.392363739013671,11.163909149169921,11.706409091949462,38.94968590392593,-0.12740681906814189,-0.10411863980871353,-0.02328817925942836,10.659722166968255,10.30909104347229,9.958459919976324,17.171770153674355,10.279763879587222,NICK
2007-02-09,10.090909004211426,10.163636207580566,10.06363582611084,10.090909004211426,9.3507661819458,26290,10.056363677978515,10.140909099578858,10.288636493682862,10.390363731384276,11.14454550743103,11.700772728919983,37.391243965859786,-0.1254528808970985,-0.10838548802639052,-0.01706739287070798,10.640062253766336,10.288636493682862,9.937210733599388,20.92804484204414,15.735438752159675,NICK
2007-02-12,10.07272720336914,10.227272987365723,10.045454978942871,10.090909004211426,9.3507661819458,39820,10.07636375427246,10.122727298736573,10.270454692840577,10.385636444091796,11.123636417388916,11.693909091949463,37.391243965859786,-0.12249235519731272,-0.11120686146057496,-0.011285493736737762,10.623288729535181,10.270454692840577,9.917620656145973,23.674218520312916,20.59134450534404,NICK
2007-02-13,10.045454978942871,10.090909004211426,9.663636207580566,10.018181800842285,9.28337287902832,50270,10.0745454788208,10.092727279663086,10.24636378288269,10.382909183502198,11.102454595565796,11.684727277755737,34.21574463726,-0.12457853099818195,-0.11388119536809635,-0.010697335630085597,10.599011599378862,10.24636378288269,9.89371596638652,27.985367568628515,24.195876976995425,NICK
2007-02-14,10.03636360168457,10.045454978942871,9.981818199157715,10.0,9.26652717590332,34760,10.065454483032227,10.065454578399658,10.220909214019775,10.379090995788575,11.079363689422607,11.674363641738891,33.45089761633806,-0.12624370092647297,-0.11635369647977167,-0.009890004446701295,10.567467444494211,10.220909214019775,9.87435098354534,35.73436534062392,29.13131714318868,NICK
2007-02-15,10.0,10.127272605895996,9.954545021057129,10.018181800842285,9.28337287902832,37620,10.043636322021484,10.044545459747315,10.195909214019775,10.374000091552734,11.05327278137207,11.665318183898925,35.015285635315756,-0.12465924651903926,-0.11801480648762519,-0.006644440031414067,10.524767982710987,10.195909214019775,9.867050445328562,44.4921045343118,36.070612481188306,NICK
2007-02-16,10.054545402526855,10.090909004211426,10.0,10.027273178100586,9.291797637939453,17160,10.030909156799316,10.043636417388916,10.175000143051147,10.369454650878906,11.027272787094116,11.65668182373047,35.827607193498785,-0.12127200859495701,-0.11866624690909156,-0.0026057616858654598,10.490646108638403,10.175000143051147,9.85935417746389,47.55098425596514,42.59248471030051,NICK
2007-02-20,10.027273178100586,10.03636360168457,9.918182373046875,9.972726821899414,9.241252899169922,20680,10.007272720336914,10.041818237304687,10.156363725662231,10.36436372756958,10.999727325439453,11.645909094810486,33.150147294511825,-0.12158744879475769,-0.11925048728622478,-0.0023369615085329087,10.473562444840937,10.156363725662231,9.839165006483526,47.22893646161932,46.42400841729898,NICK
2007-02-21,9.945454597473145,9.972726821899414,9.909090995788574,9.918182373046875,9.19070816040039,27060,9.987272834777832,10.030909156799316,10.135000085830688,10.358909187316895,10.973818235397339,11.634636373519898,30.681014836339653,-0.12480010072534853,-0.12036040997404954,-0.004439690751298991,10.455911854901311,10.135000085830688,9.814088316760065,43.30079183059406,46.02690418272639,NICK
2007-02-22,9.909090995788574,10.17272663116455,9.909090995788574,10.154544830322266,9.409734725952148,12430,10.018181800842285,10.041818141937256,10.117727327346802,10.356363716125488,10.949181861877442,11.623954553604126,48.5609056316164,-0.10703978754671617,-0.11769628548858287,0.010656497941866697,10.391994319024738,10.117727327346802,9.843460335668867,53.70550457925637,48.0784109571568,NICK
2007-02-23,10.17272663116455,10.17272663116455,10.0,10.03636360168457,9.30022144317627,11220,10.021818161010742,10.032727241516113,10.098636388778687,10.346181888580322,10.924818229675292,11.61231819152832,42.638845764041065,-0.1013327480240509,-0.11442357799567647,0.01309082997162557,10.337454083382449,10.098636388778687,9.859818694174924,61.029901542810514,52.67873265088719,NICK
2007-02-26,10.03636360168457,10.100000381469727,10.03636360168457,10.090909004211426,9.3507661819458,4180,10.03454532623291,10.032727241516113,10.086818170547485,10.338909168243408,10.900090961456298,11.601318192481994,45.91708355755198,-0.0913554314098608,-0.10980994867851333,0.018454517268652534,10.3013692807563,10.086818170547485,9.87226706033867,74.17745491489494,62.970953678987485,NICK
2007-02-27,10.018181800842285,10.090909004211426,10.0,10.054545402526855,9.317070007324219,30030,10.050909042358398,10.029090881347656,10.075909090042114,10.330000076293945,10.874454593658447,11.589090919494629,44.10730067763469,-0.08539815805551854,-0.10492759055391437,0.019529432498395838,10.273018281963378,10.075909090042114,9.87879989812085,70.4300729591079,68.54580980560466,NICK
2007-02-28,10.0,10.07272720336914,10.0,10.027273178100586,9.291797637939453,32560,10.07272720336914,10.030000019073487,10.061363649368285,10.319818267822265,10.848636417388915,11.577000012397766,42.74651039258293,-0.08193314232694249,-0.10032870090852,0.018395558581577515,10.224886163979429,10.061363649368285,9.897841134757142,69.89246766021019,71.49999851140456,NICK
2007-03-01,10.109090805053711,10.109090805053711,10.0,10.090909004211426,9.3507661819458,9460,10.060000038146972,10.03909091949463,10.052272748947143,10.306000080108642,10.824000053405761,11.56595455646515,46.86578545419192,-0.07320831319369425,-0.09490462336555486,0.021696310171860606,10.185121257539533,10.052272748947143,9.919424240354752,69.89246766021019,70.07166942650963,NICK
2007-03-02,10.154544830322266,10.181818008422852,10.0,10.0,9.26652717590332,12320,10.052727317810058,10.037272739410401,10.040909099578858,10.295818252563476,10.798909139633178,11.555272736549377,42.19519559061639,-0.07279033841734694,-0.09048176637591328,0.017691427958566333,10.148397087253812,10.040909099578858,9.933421111903904,66.66666666666687,68.81720066236261,NICK
2007-03-05,9.636363983154297,10.03636360168457,9.590909004211426,9.772727012634277,9.05592155456543,58850,9.989090919494629,10.011818122863769,10.027727270126343,10.280909156799316,10.770272769927978,11.543409094810485,33.268760420562955,-0.08976338465402911,-0.09033809003153645,0.0005747053775073396,10.186594570175583,10.027727270126343,9.868859970077104,55.4176722896046,63.99226887216076,NICK
2007-03-06,9.590909004211426,9.727272987365723,9.454545021057129,9.718181610107422,9.005377769470215,66990,9.921818161010743,9.98636360168457,10.01409091949463,10.26490915298462,10.741818227767943,11.531227278709412,31.54400733792326,-0.10638961099939515,-0.09354839422510819,-0.012841216774286957,10.22238782143749,10.01409091949463,9.805794017551769,42.23220898362194,54.772182646631336,NICK
2007-03-07,9.627272605895996,10.318181991577148,9.418182373046875,10.318181991577148,9.561369895935059,37620,9.979999923706055,10.026363563537597,10.028636360168457,10.261272792816163,10.720000047683715,11.521681823730468,57.5898412641405,-0.0703401611983292,-0.0889067476197524,0.018566586421423198,10.27561984467117,10.028636360168457,9.781652875665745,55.673074656745285,51.10765197665747,NICK
2007-03-08,10.363636016845703,10.5,10.345455169677734,10.43636417388916,9.670882225036621,10120,10.049090957641601,10.054545497894287,10.048181819915772,10.259636440277099,10.699545507431031,11.512272734642028,60.75702919680188,-0.03186705451792271,-0.07749880899938646,0.045631754481463754,10.35259036522772,10.048181819915772,9.743773274603825,76.78923725313946,58.23150696450242,NICK
2007-03-09,10.372727394104004,10.53636360168457,10.363636016845703,10.42727279663086,9.662458419799805,8140,10.134545516967773,10.093636417388916,10.063181829452514,10.257454624176026,10.680181875228882,11.50427273273468,60.38344868972481,-0.0020863878741863573,-0.06241632477434644,0.060329936900160086,10.408515703485415,10.063181829452514,9.717847955419613,94.78720010947801,75.74983733978779,NICK
2007-03-12,10.318181991577148,10.545454978942871,10.272727012634277,10.545454978942871,9.77197265625,5060,10.289091110229492,10.13909101486206,10.085909128189087,10.25927282333374,10.660727338790894,11.49677273273468,63.52330762199091,0.030697458231969676,-0.04379356817308322,0.0744910264050529,10.490326094973339,10.085909128189087,9.681492161404835,94.78720010947801,88.78787915736535,NICK
2007-03-13,10.581817626953125,10.581817626953125,10.018181800842285,10.163636207580566,9.418157577514648,8910,10.37818202972412,10.150000095367432,10.089545488357544,10.253818264007569,10.63818187713623,11.488000001907348,49.79271626718804,0.0255745016739084,-0.029919954203684894,0.055494455877593295,10.495382266612022,10.089545488357544,9.683708710103065,84.76880219980495,91.44773413958718,NICK
2007-03-14,10.127272605895996,10.263635635375977,9.709091186523438,10.0090913772583,9.274949073791504,31460,10.316363906860351,10.148181915283203,10.089090967178345,10.242909183502197,10.61500005722046,11.477863640785218,45.50526067593427,0.008940979425513973,-0.02214776747784512,0.031088746903359093,10.495266645728032,10.089090967178345,9.682915288628658,71.61459699274432,83.72353310067597,NICK
2007-03-15,9.918182373046875,10.190909385681152,9.818181991577148,9.9909086227417,9.258101463317871,6490,10.22727279663086,10.13818187713623,10.08863639831543,10.228181896209717,10.591727323532105,11.467818183898926,45.01415741435414,-0.005643350097207289,-0.018846884001717554,0.013203533904510265,10.495230015799995,10.08863639831543,9.682042780830864,54.687500000000206,70.35696639751669,NICK
2007-03-16,10.300000190734863,10.318181991577148,10.0,10.03636360168457,9.30022144317627,7370,10.1490909576416,10.141818237304687,10.089545488357544,10.218545532226562,10.569272775650024,11.458909091949463,46.56665190744578,-0.013379469208201655,-0.017753401043014375,0.00437393183481272,10.495585859494293,10.089545488357544,9.683505117220795,51.04166666666688,59.114587886470666,NICK
2007-03-19,10.03636360168457,10.272727012634277,10.03636360168457,10.07272720336914,9.333918571472168,2970,10.054545402526855,10.171818256378174,10.091818189620971,10.207818260192871,10.546090955734252,11.449863638877869,47.835541975061474,-0.01638725847179856,-0.017480172528771213,0.0010929140569726527,10.496946718764233,10.091818189620971,9.68668966047771,52.86456967392275,52.86457878019681,NICK
2007-03-20,10.081817626953125,10.209091186523438,10.045454978942871,10.209091186523438,9.460280418395996,3740,10.06363639831543,10.220909214019775,10.103636407852173,10.20018190383911,10.525272779464721,11.441545457839966,52.40044899635728,-0.00767900059510751,-0.015519938142038472,0.007840937546930962,10.507968553970203,10.103636407852173,9.699304261734143,59.11459699274433,54.34027777777819,NICK
2007-03-21,10.136363983154297,10.281818389892578,10.127272605895996,10.281818389892578,9.52767276763916,16720,10.118181800842285,10.217272853851318,10.121818208694458,10.195636444091797,10.505363693237305,11.43300000667572,54.67839992092094,0.005032818814596496,-0.011409386750711478,0.016442205565307975,10.523854645844867,10.121818208694458,9.71978177154405,66.14586065215512,59.37500910627426,NICK
2007-03-22,10.17272663116455,10.972726821899414,10.17272663116455,10.945454597473145,10.142633438110352,18150,10.309090995788575,10.268181896209716,10.161363697052002,10.204181900024414,10.492727327346802,11.4286363697052,69.17491607087369,0.06787450791621019,0.004447392182672856,0.06342711573353733,10.700658688712776,10.161363697052002,9.622068705391227,80.14440906781476,68.46828890423826,NICK
2007-03-23,10.909090995788574,10.918182373046875,10.836363792419434,10.918182373046875,10.117362022399902,12650,10.485454750061034,10.317272853851318,10.205454635620118,10.212363719940186,10.47945460319519,11.424454555511474,68.20935987299315,0.11416038879183255,0.026389991504504794,0.08777039728732774,10.833541366473089,10.205454635620118,9.577367904767147,89.65190890638995,78.64739287545348,NICK
2007-03-26,10.909090995788574,10.92727279663086,10.654544830322266,10.754545211791992,9.965728759765625,12320,10.621818351745606,10.33818187713623,10.238636445999145,10.217454624176025,10.465545501708984,11.419181828498841,62.56629061140556,0.13606960580178118,0.04832591436396007,0.08774369143782111,10.907788718017091,10.238636445999145,9.569484173981198,93.56728410890923,87.78786736103818,NICK
2007-03-27,10.67272663116455,10.67272663116455,10.281818389892578,10.300000190734863,9.544520378112793,5390,10.640000152587891,10.35181827545166,10.250909185409546,10.21436372756958,10.446000051498412,11.411318192481994,50.153892348006465,0.11542429430585166,0.061745590352338384,0.053678703953513277,10.915090999367504,10.250909185409546,9.586727371451587,76.40627236570737,86.54182179366904,NICK
2007-03-28,10.227272987365723,10.227272987365723,10.027273178100586,10.154544830322266,9.409734725952148,5500,10.614545440673828,10.366363620758056,10.25727276802063,10.207454624176025,10.424181861877441,11.40300000667572,46.94439826007631,0.0863305395190821,0.06666258018568713,0.019667959333394963,10.915171017213527,10.25727276802063,9.599374518827734,55.99309137553136,75.32221595004951,NICK
2007-03-29,10.127272605895996,10.272727012634277,10.081817626953125,10.190909385681152,9.443432807922363,9680,10.46363639831543,10.386363697052001,10.262272787094116,10.201090984344482,10.40254550933838,11.39486364364624,47.84302139680654,0.06545333959204669,0.06642073206695905,-0.0009673924749123569,10.916547610734417,10.262272787094116,9.607997963453814,40.04795909690808,57.48244094604912,NICK
2007-03-30,10.118182182312012,10.254545211791992,10.118182182312012,10.145455360412598,9.401312828063965,7590,10.309090995788575,10.397272872924805,10.269545555114746,10.193636455535888,10.381454610824585,11.38604546546936,46.77654020992985,0.0447246898888487,0.062081523631336975,-0.017356833742488274,10.915173800698911,10.269545555114746,9.623917309530581,35.97123460461188,44.00409502568396,NICK
2007-04-02,10.227272987365723,10.236364364624023,10.06363582611084,10.127272605895996,9.3844633102417,15730,10.183636474609376,10.402727413177491,10.287272834777832,10.187272815704345,10.370181884765625,11.376363649368287,46.33161800892834,0.026524135602810972,0.054970046025631776,-0.028445910422820804,10.895763912201684,10.287272834777832,9.678781757353981,35.251822994102945,37.090338898541155,NICK
2007-04-03,10.07272720336914,10.363636016845703,10.07272720336914,10.363636016845703,9.603489875793457,5500,10.196363639831542,10.418181896209717,10.319545555114747,10.187636432647706,10.363363695144653,11.3679545545578,52.638140927939844,0.030817373595745323,0.050139511539654485,-0.019322137943909162,10.869535173297065,10.319545555114747,9.769555936932429,38.290008069450444,36.50435522272195,NICK
2007-04-04,10.363636016845703,10.545454978942871,10.354544639587402,10.545454978942871,9.77197265625,9570,10.274545669555664,10.444545555114747,10.330909204483032,10.191636428833007,10.35690915107727,11.358863649368287,56.83960360422776,0.048333903203706896,0.04977838987246497,-0.0014444866687580715,10.889638738062855,10.330909204483032,9.772179670903208,45.470808192037886,39.67087975186394,NICK
2007-04-05,10.545454978942871,10.609090805053711,10.081817626953125,10.5090913772583,9.73827838897705,10230,10.338182067871093,10.400909233093262,10.334545564651489,10.191818256378173,10.350000066757202,11.350227284431458,55.773951168774296,0.05860606611597774,0.051543925121167525,0.007062140994810215,10.896907926885762,10.334545564651489,9.772183202417215,51.42683359349886,45.06254995166258,NICK
2007-04-09,10.445454597473145,10.4909086227417,10.045454978942871,10.163636207580566,9.418157577514648,6160,10.341818237304688,10.325454616546631,10.321363735198975,10.186727333068848,10.338727340698242,11.339681830406189,46.79763858038866,0.03842850425111699,0.048920840947157415,-0.010492336696040425,10.886765112720816,10.321363735198975,9.755962357677134,40.48648409762104,45.794708627719444,NICK
2007-04-10,10.227272987365723,10.227272987365723,10.0,10.0,9.26652717590332,12210,10.316363716125489,10.250000095367431,10.294090986251831,10.18018186569214,10.326090984344482,11.328590922355652,43.247087132406115,0.009128340883318486,0.04096234093438963,-0.03183400005107114,10.866205537123177,10.294090986251831,9.721976435380485,21.794871794872023,37.90272982866416,NICK
2007-04-11,10.027273178100586,10.06363582611084,10.0,10.0,9.26652717590332,7040,10.243636512756348,10.220000076293946,10.285909175872803,10.174727325439454,10.314727344512939,11.317545466423034,43.247087132406115,-0.013931654243968694,0.029983541898717964,-0.04391519614268666,10.8698111394058,10.285909175872803,9.702007212339806,4.8076754961100265,22.36301046286788,NICK
2007-04-12,10.0,10.100000381469727,10.0,10.027273178100586,9.291797637939453,2530,10.140000152587891,10.207272911071778,10.286818265914917,10.168909149169922,10.304545526504517,11.30604546546936,44.067368474023404,-0.029664198563660094,0.01805399380624235,-0.04771819236990245,10.869047683225345,10.286818265914917,9.70458884860449,0.9804082897606202,9.19431852691441,NICK
2007-04-13,10.090909004211426,10.090909004211426,10.0090913772583,10.045454978942871,9.308645248413086,4950,10.047272872924804,10.19272747039795,10.289545583724976,10.164363708496094,10.298181896209718,11.293818197250367,44.641805499457725,-0.0402018124385215,0.00640283255728958,-0.04660464499581108,10.866693818762446,10.289545583724976,9.712397348687507,2.6144106785587753,2.8008314881433267,NICK
2007-04-16,10.090909004211426,10.090909004211426,10.0,10.054545402526855,9.317070007324219,15840,10.025454711914062,10.183636474609376,10.29045467376709,10.160909156799317,10.293909168243408,11.27959092617035,44.94624153145755,-0.04727447541710106,-0.004332629037588548,-0.04294184637951251,10.866060070940087,10.29045467376709,9.714849276594094,5.317113381261478,2.9706441165271436,NICK
2007-04-17,10.090909004211426,10.090909004211426,10.045454978942871,10.090909004211426,9.3507661819458,1650,10.043636512756347,10.180000114440919,10.291363763809205,10.162000064849854,10.289454622268677,11.26531819820404,46.22033039675609,-0.04937619499052737,-0.013341342228176312,-0.036034852762351056,10.865646718501715,10.291363763809205,9.717080809116695,9.311825574749294,5.747783211523369,NICK
2007-04-18,10.027273178100586,10.07272720336914,10.018181800842285,10.06363582611084,9.325494766235352,6930,10.056363677978515,10.150000095367432,10.284090995788574,10.163454608917236,10.285545530319213,11.250136375427246,45.37221246787793,-0.05263578783823952,-0.021200231350188954,-0.03143555648805057,10.8659909758184,10.284090995788574,9.702191015758748,11.160381428654558,8.596440128221962,NICK
2007-04-19,10.090909004211426,10.354544639587402,10.090909004211426,10.32727336883545,9.569792747497559,11660,10.116363716125488,10.12818193435669,10.286363744735718,10.169454612731933,10.286000080108643,11.236772742271423,54.13361951653622,-0.03355884677122667,-0.023671954434396496,-0.009886892336830173,10.868565458687572,10.286363744735718,9.704162030783865,26.368164656786067,15.613457220063493,NICK
2007-04-20,10.454545021057129,10.454545021057129,10.372727394104004,10.399999618530273,9.637187004089355,7700,10.187272644042968,10.117272758483887,10.259090995788574,10.176545505523682,10.28590916633606,11.223818197250367,56.21959244239859,-0.0124285642300066,-0.021423276393518518,0.008994712163511918,10.760774258732658,10.259090995788574,9.75740773284449,43.28357429982998,26.93737346175705,NICK
2007-04-23,10.454545021057129,10.481818199157715,10.418182373046875,10.454545021057129,9.68773078918457,5280,10.267272567749023,10.146363639831543,10.235909128189087,10.183090953826904,10.287727346420288,11.211090922355652,57.77083025563958,0.008619336700213864,-0.015414753774772041,0.024034090474985906,10.648579295344405,10.235909128189087,9.82323896103377,64.67661847336761,44.77611914332807,NICK
2007-04-24,10.5,10.56363582611084,10.454545021057129,10.454545021057129,9.68773078918457,4950,10.339999771118164,10.191818141937256,10.220909118652344,10.190363674163818,10.290363702774048,11.198590922355653,57.77083025563958,0.025011631312777283,-0.007329476757262176,0.03234110807003946,10.574689161903377,10.220909118652344,9.86712907540131,71.64173495877445,59.86730924399086,NICK
2007-04-25,10.554545402526855,10.600000381469727,10.481818199157715,10.590909004211426,9.814091682434082,8030,10.445454406738282,10.250909042358398,10.235454559326172,10.200363674163818,10.293000059127808,11.187681832313537,61.70498731852234,0.04844760288407102,0.0038259391710044627,0.044621663713066556,10.623324309566163,10.235454559326172,9.84758480908618,82.08951406916601,72.8026225004362,NICK
2007-04-26,10.609090805053711,10.609090805053711,10.53636360168457,10.590909004211426,9.814091682434082,7040,10.498181533813476,10.307272624969482,10.25727276802063,10.211818218231201,10.297363700866699,11.17663637638092,61.704987318522356,0.06625700963783032,0.016312153264369633,0.04994485637346069,10.672602879927878,10.25727276802063,9.841942656113384,89.55222088960868,81.09448997251656,NICK
2007-04-27,10.781818389892578,11.045454978942871,10.763635635375977,11.018181800842285,10.2100248336792,41030,10.62181797027588,10.404545307159424,10.298636388778686,10.232181854248047,10.30563642501831,11.168181829452514,71.39052893452173,0.1135396225278491,0.03575764711706553,0.07778197541078358,10.82832591756976,10.298636388778686,9.768946859987611,97.14037257565128,89.59403584480883,NICK
2007-04-30,11.045454978942871,11.46363639831543,11.045454978942871,11.300000190734863,10.471173286437988,27390,10.790909004211425,10.529090785980225,10.3563636302948,10.257818222045898,10.315909156799316,11.161545467376708,75.74751956626574,0.17177174495416203,0.06296046668448482,0.10881127826967721,11.036873928925163,10.3563636302948,9.675853331664436,94.40869224013223,93.70042856846423,NICK
2007-05-01,11.363636016845703,11.409090995788574,11.218181610107422,11.272727012634277,10.445900917053223,13860,10.954545402526856,10.64727258682251,10.413636350631714,10.282727298736573,10.32609097480774,11.154727282524108,74.56404920896311,0.21326205179348712,0.09302078370628528,0.12024126808720184,11.193008815355276,10.413636350631714,9.634263885908153,91.05588363960653,94.20164948513018,NICK
2007-05-02,11.17272663116455,11.409090995788574,11.100000381469727,11.100000381469727,10.285843849182129,13970,11.056363677978515,10.750909042358398,10.450454568862915,10.305272769927978,10.33481824874878,11.14790910243988,67.38360297114266,0.22955960307848144,0.1203285475807245,0.10923105549775694,11.284551819718198,10.450454568862915,9.616357318007632,83.64389746583687,89.70282444852536,NICK
2007-05-03,11.136363983154297,11.136363983154297,11.054545402526855,11.136363983154297,10.319540023803711,5610,11.16545467376709,10.831818103790283,10.480000019073486,10.329636402130127,10.34427279472351,11.14281819820404,68.08050265386089,0.24261307612186478,0.14478545328895256,0.09782762283291221,11.36572899495233,10.480000019073486,9.594271043194643,79.91719303366817,84.87232471303736,NICK
2007-05-04,11.045454978942871,11.136363983154297,10.881817817687988,10.899999618530273,10.100513458251953,30470,11.141818237304687,10.881818103790284,10.499545431137085,10.344545497894288,10.350454607009887,11.13663637638092,59.22276605228639,0.2312200578112389,0.16207237419340983,0.06914768361782905,11.40403335115872,10.499545431137085,9.59505751111545,71.26711303794463,78.27606784581673,NICK
2007-05-07,10.82727336883545,10.82727336883545,10.518181800842285,10.527273178100586,9.75512409210205,8690,10.987272834777832,10.88909091949463,10.517727279663086,10.354363689422607,10.350272789001465,11.128045468330383,48.50550270774904,0.18992575411124335,0.16764305017697653,0.022282703934266818,11.408997633314526,10.517727279663086,9.626456926011647,57.95539741196722,69.71323449452684,NICK
2007-05-08,10.445454597473145,10.445454597473145,10.090909004211426,10.209091186523438,9.460280418395996,19580,10.774545669555664,10.864545536041259,10.528181838989259,10.356727333068848,10.347818250656127,11.117954559326172,41.586852909406566,0.13002623189442453,0.16011968652046613,-0.0300934546260416,11.399599415373492,10.528181838989259,9.656764262605025,34.945238705632676,54.722583051848346,NICK
2007-05-09,10.209091186523438,10.345455169677734,10.081817626953125,10.118182182312012,9.3760404586792,13090,10.578182029724122,10.817272853851318,10.534090948104858,10.35800006866455,10.344000072479249,11.109227290153504,39.838422081502905,0.07436262603937216,0.14296827442424734,-0.06860564838487518,11.392609238438158,10.534090948104858,9.675572657771557,15.487032842141202,36.12922298658054,NICK
2007-05-10,10.181818008422852,10.409090995788574,10.181818008422852,10.409090995788574,9.645611763000488,6600,10.432727432250976,10.799091053009032,10.553181838989257,10.36563642501831,10.342727346420288,11.099954566955567,47.451915095705594,0.053110502572270235,0.12499672005385191,-0.07188621748158168,11.382246344076274,10.553181838989257,9.72411733390224,11.641729489758125,20.691333679177507,NICK
2007-05-11,9.090909004211426,10.636363983154297,9.090909004211426,10.318181991577148,9.561369895935059,4730,10.316363906860351,10.72909107208252,10.566818189620971,10.370181884765625,10.338090982437134,11.09140911102295,45.51353043326162,0.028602730259843057,0.10571792209505014,-0.07711519183520708,11.370616563677055,10.566818189620971,9.763019815564887,26.01334580938421,17.714036047094684,NICK
2007-05-14,10.227272987365723,10.318181991577148,10.027273178100586,10.154544830322266,9.409734725952148,10230,10.241818237304688,10.614545536041259,10.571818161010743,10.373272781372071,10.334545516967774,11.08154547214508,42.173962037503195,-0.003978149575182499,0.08377870776100362,-0.08775685733618611,11.363967774504,10.571818161010743,9.779668547517486,40.07865145224546,25.911242250462767,NICK
2007-05-15,10.363636016845703,10.363636016845703,10.245454788208008,10.318181991577148,9.561369895935059,19910,10.26363639831543,10.519091033935547,10.583181810379028,10.384181880950928,10.332545518875122,11.071818203926087,46.40872034368792,-0.01640546821106348,0.0637418725665902,-0.08014734077765368,11.353633637503897,10.583181810379028,9.812729983254158,49.425284584379426,38.505760615336534,NICK
2007-05-16,10.263635635375977,10.727272987365723,10.254545211791992,10.454545021057129,9.68773078918457,44110,10.330908966064452,10.454545497894287,10.602727270126342,10.398909149169922,10.331909151077271,11.061636385917664,49.71359625151195,-0.01507705204748433,0.047978087643775286,-0.06305513969125962,11.338520581248916,10.602727270126342,9.866933959003768,51.340984772818395,46.948306936481266,NICK
2007-05-17,10.454545021057129,10.472726821899414,10.318181991577148,10.32727336883545,9.569792747497559,27390,10.314545440673829,10.373636436462402,10.602727270126342,10.399090976715089,10.330181884765626,11.048818206787109,46.811993903205405,-0.024017176289742537,0.03357903485707172,-0.057596211146814257,11.338520581248916,10.602727270126342,9.866933959003768,53.767566926649714,51.51127876128269,NICK
2007-05-18,10.53636360168457,10.645455360412598,10.32727336883545,10.545454978942871,9.77197265625,39160,10.360000038146973,10.338181972503662,10.610000038146973,10.401272792816162,10.33045461654663,11.03572730064392,51.98572908380466,-0.013343046313829987,0.02419461862289138,-0.037537664936721366,11.34049065889241,10.610000038146973,9.879509417401536,57.4412234394966,54.183258379655086,NICK
2007-05-21,10.390909194946289,10.609090805053711,10.281818389892578,10.5090913772583,9.73827838897705,12980,10.430909347534179,10.336363792419434,10.61272735595703,10.402909164428712,10.330181894302369,11.023863668441772,51.09367525438867,-0.007728866594559847,0.017809921579401134,-0.02553878817396098,11.34128075348406,10.61272735595703,9.88417395843,58.67630448467431,56.62836495027373,NICK
2007-05-22,10.618182182312012,10.627272605895996,10.32727336883545,10.600000381469727,9.822517395019531,17490,10.487273025512696,10.375454711914063,10.620000123977661,10.404000072479247,10.331636447906494,11.012818217277527,53.25332033253306,0.004009785847312486,0.015049894432983404,-0.011040108585670918,11.344987396548992,10.620000123977661,9.89501285140633,65.8997969211756,60.67244161511568,NICK
2007-05-23,10.600000381469727,10.663636207580566,10.581817626953125,10.581817626953125,9.805668830871582,15950,10.512727546691895,10.421818256378174,10.619545555114746,10.412363700866699,10.333090982437135,11.001409125328063,52.75156709837714,0.011710564057171524,0.014382028357821028,-0.0026714643006495037,11.3446166142703,10.619545555114746,9.89447449595919,69.28104184388931,64.61904774991325,NICK
2007-05-24,9.954545021057129,10.581817626953125,9.954545021057129,10.236364364624023,9.485552787780762,43010,10.49454574584961,10.40454559326172,10.601818323135376,10.416909160614013,10.329909172058105,10.98804549217224,44.22579952899283,-0.00994704162297566,0.009516214361661689,-0.01946325598463735,11.345910102655912,10.601818323135376,9.85772654361484,70.87841374593127,68.68641750366557,NICK
2007-05-25,10.17272663116455,10.181818008422852,10.081817626953125,10.118182182312012,9.3760404586792,20020,10.409091186523437,10.384545612335206,10.556818342208862,10.41945463180542,10.323818264007569,10.972954583168029,41.74036808903212,-0.036229533076779674,0.0003670648739734165,-0.03659659795075309,11.303599205277111,10.556818342208862,9.810037479140613,67.211749410468,69.12373500009637,NICK
2007-05-29,10.136363983154297,10.136363983154297,9.93636417388916,9.93636417388916,9.207557678222656,24860,10.294545745849609,10.362727546691895,10.488636541366578,10.417454643249512,10.318000087738037,10.959227313995362,38.18497083667468,-0.07091235716033673,-0.013888819532888614,-0.05702353762744811,11.199702957801684,10.488636541366578,9.777570124931472,60.137697180633104,66.07595344567763,NICK
2007-05-30,10.018181800842285,10.154544830322266,9.96363639831543,10.136363983154297,9.392888069152832,20900,10.201818466186523,10.34454574584961,10.431818389892578,10.418727378845215,10.313272819519042,10.950181860923767,43.85067348561803,-0.08132299116293851,-0.02737565385889859,-0.053947337304039916,11.059959979712513,10.431818389892578,9.803676800072644,59.4444625760266,62.26463638904274,NICK
2007-05-31,10.300000190734863,10.445454597473145,10.300000190734863,10.390909194946289,9.628763198852539,21010,10.163636779785156,10.338182163238525,10.396363830566406,10.422363739013672,10.311272821426392,10.942863683700562,50.11724710738418,-0.06824711211988443,-0.03554994551109576,-0.03269716660878867,10.9446110662422,10.396363830566406,9.848116594890612,65.00001165601718,61.52739047089246,NICK
2007-06-01,10.445454597473145,10.518181800842285,10.090909004211426,10.090909004211426,9.3507661819458,21670,10.134545707702637,10.314545726776123,10.344091081619263,10.41854555130005,10.307090997695923,10.93400004863739,43.89883033834605,-0.0811563718214714,-0.04467123077317089,-0.03648514104830051,10.789945043493322,10.344091081619263,9.898237119745204,54.291166306177224,59.578546846073834,NICK
2007-06-04,10.0,10.136363983154297,10.0,10.0090913772583,9.274949073791504,5940,10.112727546691895,10.260909366607667,10.299545669555664,10.399818286895751,10.302000093460084,10.922818231582642,42.35531631595729,-0.09687236750619377,-0.05511145811977546,-0.041760909386418306,10.688758568208103,10.299545669555664,9.910332770903226,36.05999794449197,51.78372530222896,NICK
2007-06-05,10.045454978942871,10.090909004211426,10.045454978942871,10.06363582611084,9.325494766235352,28270,10.13818187713623,10.21636381149292,10.276363801956176,10.382727355957032,10.297545537948608,10.91027277469635,43.77462975980151,-0.1037303868093371,-0.0648352438576878,-0.03889514295164931,10.663785809272676,10.276363801956176,9.888941794639676,14.942459437038407,35.097874562569366,NICK
2007-06-06,10.045454978942871,10.06363582611084,10.045454978942871,10.045454978942871,9.308645248413086,17380,10.120000076293945,10.160909271240234,10.268181991577148,10.368545551300048,10.293000087738037,10.898818230628967,43.39112723253287,-0.10937169017637416,-0.07374253312142506,-0.035629157054949095,10.667665032043812,10.268181991577148,9.868698951110483,13.42907349886517,21.477176960132017,NICK
2007-06-07,10.100000381469727,10.136363983154297,10.018181800842285,10.054545402526855,9.317070007324219,7590,10.052727317810058,10.108182048797607,10.265000152587891,10.36363645553589,10.289000091552735,10.887954592704773,43.656918697283146,-0.11181995172873371,-0.0813580168428868,-0.03046193488584692,10.670184472500734,10.265000152587891,9.859815832675048,15.780586058820225,14.717372998241437,NICK
2007-06-08,10.045454978942871,10.07272720336914,10.045454978942871,10.054545402526855,9.317070007324219,7150,10.045454597473144,10.09000015258789,10.247272872924805,10.36163646697998,10.284545545578004,10.875954594612121,43.656918697283146,-0.11246380392242017,-0.08757917425879347,-0.0248846296636267,10.65669089093576,10.247272872924805,9.83785485491385,15.833289623219038,15.01431639363498,NICK
2007-06-11,10.07272720336914,10.109090805053711,9.972726821899414,10.100000381469727,9.359190940856934,60390,10.06363639831543,10.088181972503662,10.236363792419434,10.359818286895752,10.280454635620117,10.864227323532104,45.15038964082109,-0.1080605695269039,-0.09167545331241556,-0.01638511621448835,10.64925518013345,10.236363792419434,9.823472404705418,18.333289623219038,16.649055101752936,NICK
2007-06-12,10.054545402526855,10.06363582611084,10.0,10.0,9.26652717590332,5610,10.050909233093261,10.094545555114745,10.228636550903321,10.3569091796875,10.275272817611695,10.851772780418395,42.48248111085536,-0.11135652093510195,-0.09561166683695284,-0.015744854098149116,10.652989183703239,10.228636550903321,9.804283918103403,15.833289623219038,16.66662295655254,NICK
2007-06-13,10.018181800842285,10.018181800842285,9.92727279663086,10.0,9.26652717590332,40920,10.041818237304687,10.080909156799317,10.212727451324463,10.35436372756958,10.270818271636962,10.839090962409973,42.48248111085536,-0.11266979886534223,-0.09902329324263072,-0.01364650562271151,10.646217954633741,10.212727451324463,9.779236948015186,14.120348515313337,16.09564258725064,NICK
2007-06-14,10.0090913772583,10.018181800842285,9.93636417388916,10.0090913772583,9.274949073791504,9130,10.032727432250976,10.042727375030518,10.190454769134522,10.347272834777833,10.267454633712768,10.826681876182557,42.8386119548939,-0.1116894959369148,-0.10155653378148753,-0.010132962155427264,10.617687855046066,10.190454769134522,9.763221683222978,11.23575630479914,13.72979814777734,NICK
2007-06-15,10.018181800842285,10.045454978942871,10.0,10.027273178100586,9.291797637939453,23430,10.027272987365723,10.036363792419433,10.175454759597779,10.336909198760987,10.264272813796998,10.815136423110962,43.590842489920014,-0.1081982374963193,-0.10288487452445388,-0.00531336297186541,10.603485002733446,10.175454759597779,9.747424516462111,13.960159480670091,13.105421433594358,NICK
2007-06-18,10.03636360168457,10.03636360168457,9.954545021057129,10.0090913772583,9.274949073791504,14080,10.009091186523438,10.036363792419433,10.14863657951355,10.326909198760987,10.25936372756958,10.804227333068848,42.981703360420674,-0.10568029277391133,-0.10344395817434537,-0.002236334599565959,10.546742535811944,10.14863657951355,9.750530623215155,14.87186356645219,13.355926450640643,NICK
2007-06-19,10.018181800842285,10.018181800842285,9.972726821899414,10.0,9.26652717590332,33000,10.009091186523438,10.03000020980835,10.123182010650634,10.323636474609375,10.25518190383911,10.794363698959351,42.660687454319444,-0.10322844831087608,-0.10340085620165151,0.00017240789077543894,10.489692101162227,10.123182010650634,9.756671920139041,14.359016568944604,14.397013205355798,NICK
2007-06-20,10.0,10.07272720336914,9.92727279663086,10.0,9.26652717590332,41470,10.009091186523438,10.025454711914062,10.093181991577149,10.323636474609375,10.251909170150757,10.784727334976196,42.660687454319444,-0.10013109497589667,-0.10274690395650055,0.002615808980603873,10.390323795550561,10.093181991577149,9.796040187603737,12.820529373442467,14.01713650294659,NICK
2007-06-21,10.0,10.0,9.909090995788574,9.945454597473145,9.215981483459473,12320,9.996363830566406,10.01454563140869,10.06136384010315,10.322545566558837,10.248636445999146,10.77431824207306,40.55319585324885,-0.10091449874720304,-0.10238042291464104,0.0014659241674380014,10.263491008929064,10.06136384010315,9.859236671277236,13.538443727524156,13.57266322330391,NICK
2007-06-22,9.918182373046875,10.045454978942871,9.918182373046875,10.027273178100586,9.291797637939453,20020,9.996363830566406,10.011818408966064,10.050909280776978,10.322545566558837,10.24572735786438,10.764545516967774,44.946594999095,-0.09385141551230802,-0.10067462143417444,0.006823205921866415,10.236719934576572,10.050909280776978,9.865098626977383,26.76924983817679,17.709407646381305,NICK
2007-06-25,10.027273178100586,10.06363582611084,9.9909086227417,10.0,9.26652717590332,10890,9.994545555114746,10.001818370819091,10.045000171661377,10.32163646697998,10.243000087738038,10.755363698005675,43.78497066000332,-0.08942376717946132,-0.09842445058323182,0.009000683403770499,10.229388758892103,10.045000171661377,9.86061158443065,35.9999944051173,25.435895990272915,NICK
2007-06-26,10.027273178100586,10.027273178100586,9.800000190734863,9.800000190734863,9.081194877624512,25520,9.954545593261718,9.981818389892577,10.038181972503661,10.31654556274414,10.238727359771728,10.745545520782471,36.36317179587634,-0.10089013840217831,-0.09891758814702112,-0.0019725502551571905,10.246647417770616,10.038181972503661,9.829716527236707,30.66667226154981,31.1453055016148,NICK
2007-06-27,9.781818389892578,9.92727279663086,9.772727012634277,9.836363792419434,9.114891052246094,3850,9.921818351745605,9.96545476913452,10.02318196296692,10.311454658508302,10.236727361679078,10.73618188381195,38.40742402152505,-0.10582321727816257,-0.10029871397324941,-0.005524503304913164,10.24403488879146,10.02318196296692,9.80232903714238,19.639649979369214,28.768772215345606,NICK
2007-06-28,9.836363792419434,9.836363792419434,9.772727012634277,9.781818389892578,9.064347267150879,11110,9.889091110229492,9.94272747039795,9.992727422714234,10.305818309783936,10.234636459350586,10.72672734260559,36.51270048108941,-0.11283340272698084,-0.1028056517239957,-0.010027751002985141,10.16498510820557,9.992727422714234,9.820469737222897,7.207291498324122,19.171204579747883,NICK
2007-06-29,9.772727012634277,9.800000190734863,9.754545211791992,9.772727012634277,9.05592155456543,10670,9.83818187713623,9.917272853851319,9.976818323135376,10.294727382659913,10.232090997695924,10.716318254470826,36.19221961805358,-0.11776510059236323,-0.1057975414976692,-0.011967559094694019,10.16763872013543,9.976818323135376,9.785997926135321,9.112050548552213,11.986330675415351,NICK
2007-07-02,9.772727012634277,10.0,9.772727012634277,10.0,9.26652717590332,8800,9.83818187713623,9.916363716125488,9.97636375427246,10.286727390289307,10.231636447906494,10.706318254470824,48.38804689499367,-0.10215687513472815,-0.105069408225081,0.002912533090352845,10.166917592868831,9.97636375427246,9.78580991567609,28.520003060522924,14.946448369133256,NICK
2007-07-03,9.82727336883545,9.863636016845703,9.790908813476562,9.818181991577148,9.098043441772461,11550,9.841818237304688,9.898181915283203,9.964091062545776,10.274000129699708,10.228545541763305,10.696227345466614,41.54661467217575,-0.10326802822433301,-0.1047091322249314,0.001441104000598395,10.162053939520902,9.964091062545776,9.76612818557065,34.285762812789336,23.972605473954996,NICK
2007-07-05,9.809090614318848,9.863636016845703,9.772727012634277,9.863636016845703,9.140164375305176,7370,9.847272682189942,9.884545516967773,9.955000114440917,10.262181949615478,10.226272811889649,10.68540915966034,43.69006820646113,-0.09933578400560172,-0.10363446258106547,0.004298678575463746,10.153879337019768,9.955000114440917,9.756120891862066,43.80955806392979,35.538441312414186,NICK
2007-07-06,9.763635635375977,9.82727336883545,9.754545211791992,9.82727336883545,9.106468200683594,4510,9.856363677978516,9.872727394104004,9.943636512756347,10.246909236907959,10.223636455535889,10.673636436462402,42.352095827761914,-0.09802365821675174,-0.10251230170820272,0.004488643491450978,10.144428422038274,9.943636512756347,9.74284460347442,25.714397041104657,34.603239305941436,NICK
2007-07-09,9.82727336883545,9.863636016845703,9.790908813476562,9.836363792419434,9.114891052246094,9350,9.869091033935547,9.853636455535888,9.932727432250976,10.23181833267212,10.22181827545166,10.662136435508728,42.823502015228065,-0.09515339871489203,-0.10104052110954058,0.005887122394648545,10.131932576820212,9.932727432250976,9.73352228768174,27.61915609133275,32.38103706545591,NICK
2007-07-10,9.82727336883545,9.872727394104004,9.809090614318848,9.82727336883545,9.106468200683594,7700,9.834545707702636,9.836363792419434,9.919091081619262,10.208000164031983,10.220091009140015,10.649727349281312,42.4496748929241,-0.09254541268207461,-0.09934149942404738,0.006796086741972768,10.107683110556723,9.919091081619262,9.730499052681802,23.80973789956003,25.714430343999314,NICK
2007-07-11,9.727272987365723,9.92727279663086,9.727272987365723,9.800000190734863,9.081194877624512,24200,9.83090934753418,9.836363792419434,9.909091091156006,10.178000164031982,10.21790919303894,10.635590987205505,41.28522815655275,-0.09162310834322263,-0.09779782120788243,0.006174712864659801,10.100648475731305,9.909091091156006,9.717533706580706,23.39781921430543,24.94223773506624,NICK
2007-07-12,9.772727012634277,9.96363639831543,9.772727012634277,9.890909194946289,9.165435791015625,11550,9.836363983154296,9.84181833267212,9.90363655090332,10.150363807678223,10.216545553207398,10.621909170150756,46.548557268376065,-0.08260436690596684,-0.0947591303474993,0.012154763441532462,10.090688559383148,9.90363655090332,9.716584542423492,31.04259273870505,26.083383284190337,NICK
2007-07-13,9.863636016845703,9.909090995788574,9.836363792419434,9.863636016845703,9.140164375305176,5060,9.843636512756348,9.850000095367431,9.896363782882691,10.125636520385742,10.21545464515686,10.607590985298156,45.23836925528822,-0.07677267922490394,-0.09116184012298023,0.014389160898076292,10.077672209940607,9.896363782882691,9.715055355824775,36.936942045504175,30.459117999505054,NICK
2007-07-16,9.818181991577148,9.890909194946289,9.772727012634277,9.790908813476562,9.072771072387695,23540,9.834545516967774,9.85181827545166,9.88454556465149,10.098727416992187,10.214181909561157,10.594000072479249,41.85520781794022,-0.07713039109141029,-0.08835555031666624,0.011225159225255951,10.060927992225384,9.88454556465149,9.708163137077594,36.80036747141816,34.926634085209294,NICK
2007-07-17,9.845455169677734,9.845455169677734,9.772727012634277,9.809090614318848,9.089617729187012,5610,9.830908966064452,9.832727336883545,9.874545526504516,10.076909236907959,10.210727367401123,10.579954614639282,43.002816612072124,-0.07508127079323401,-0.08570069441197979,0.01061942361874578,10.044095270601906,9.874545526504516,9.704995782407126,30.584069986497706,34.77379316780685,NICK
2007-07-18,9.772727012634277,9.818181991577148,9.736364364624023,9.772727012634277,9.05592155456543,17600,9.825454330444336,9.828181838989257,9.863181877136231,10.061818313598632,10.20809100151062,10.566454615592956,41.24928287199269,-0.07552100777897763,-0.08366475708537936,0.008143749306401729,10.027973328931804,9.863181877136231,9.698390425340659,22.62608184550561,30.00350643447399,NICK
2007-07-19,9.736364364624023,9.881817817687988,9.454545021057129,9.636363983154297,8.929560661315918,63140,9.774545288085937,9.805454635620118,9.845000076293946,10.05036376953125,10.20354555130005,10.551818256378175,35.41694408916625,-0.08588285525875783,-0.08410837672005506,-0.0017744785387027728,10.024942685796823,9.845000076293946,9.665057466791069,26.666588959728703,26.625580263910837,NICK
2007-07-20,9.681818008422852,9.800000190734863,9.454545021057129,9.545454978942871,8.845320701599121,17380,9.71090908050537,9.777272796630859,9.825000095367432,10.038909225463867,10.198454647064208,10.536454620361328,32.15299950212448,-0.10027439016993966,-0.08734157941003198,-0.012932810759907681,10.04111713928306,9.825000095367432,9.608883051451805,22.222251362145954,23.83830738912692,NICK
2007-07-23,9.590909004211426,9.609090805053711,9.245454788208008,9.399999618530273,8.71053409576416,36630,9.632727241516113,9.733636379241943,9.793636417388916,10.0187273979187,10.192181911468506,10.520409164428711,27.746905488918905,-0.12201035778090308,-0.0942753350842062,-0.02773502269669688,10.059557564626665,9.793636417388916,9.527715270151166,23.839722973129625,24.24285443166826,NICK
2007-07-24,9.318181991577148,9.381817817687988,9.145455360412598,9.245454788208008,8.5673246383667,43890,9.520000076293945,9.6754545211792,9.755909156799316,9.99727285385132,10.183727369308471,10.503863711357116,23.98594677468136,-0.14997789313963317,-0.1054158466952916,-0.04456204644434157,10.09738259039337,9.755909156799316,9.414435723205262,16.802627656007825,20.95486733042797,NICK
2007-07-25,9.318181991577148,9.318181991577148,8.909090995788574,9.07272720336914,8.407266616821289,23980,9.380000114440918,9.602727222442628,9.71954550743103,9.975636501312255,10.174454641342162,10.48668189048767,20.62161653128342,-0.18395946871393676,-0.12112457109902063,-0.06283489761491613,10.171511831743828,9.71954550743103,9.267579183118233,16.419432649193038,19.020594426110332,NICK
2007-07-26,9.0,9.163636207580566,8.627272605895996,9.100000381469727,8.432538986206055,60940,9.272727394104004,9.52363634109497,9.682727336883545,9.951272869110108,10.167727375030518,10.469000072479249,22.470740887938025,-0.20631116791980908,-0.1381618904631783,-0.06814927745663077,10.205115294116371,9.682727336883545,9.160339379650718,21.03785814845942,18.086639484553597,NICK
2007-07-27,8.9909086227417,9.100000381469727,8.82727336883545,8.972726821899414,8.314599990844727,32010,9.158181762695312,9.434545421600342,9.642272758483887,9.921636505126953,10.160272827148438,10.451045527458191,20.1157597438594,-0.2316249350933255,-0.15685449938920776,-0.07477043570411773,10.246589914541989,9.642272758483887,9.037955602425786,25.580574322616684,21.012621706756548,NICK
2007-07-30,9.0,9.190909385681152,8.472726821899414,8.863636016845703,8.213510513305664,94380,9.050909042358398,9.341818141937257,9.596818208694458,9.892363758087159,10.145727367401124,10.432863707542419,18.341416806911333,-0.2575204586655424,-0.1769876912444747,-0.08053276742106771,10.285865473633917,9.596818208694458,8.907770943754999,29.148002085492617,25.255478185523074,NICK
2007-07-31,8.872727394104004,9.0090913772583,8.727272987365723,8.727272987365723,8.087149620056152,12870,8.947272682189942,9.233636379241943,9.533181858062743,9.856000118255615,10.128636455535888,10.41409098148346,16.394720050992444,-0.2857522306687823,-0.19874059912933623,-0.08701163153944608,10.292983450488546,9.533181858062743,8.773380265636941,23.047678651712577,25.925418353274125,NICK
2007-08-01,8.681818008422852,8.699999809265137,8.42727279663086,8.472726821899414,7.851274013519287,85800,8.827272605895995,9.103636360168457,9.465909099578857,9.815272827148437,10.109090995788574,10.394636435508728,13.511796521575,-0.32492038169804793,-0.22397655564307856,-0.10094382605496938,10.34218755146548,9.465909099578857,8.589630647692234,15.4533910042344,22.549690580480032,NICK
2007-08-02,8.472726821899414,8.590909004211426,8.100000381469727,8.163636207580566,7.564853668212891,111100,8.639999771118164,8.956363582611084,9.380909109115601,9.766545543670654,10.08527280807495,10.373000073432923,10.985648671461066,-0.37656168428261694,-0.2544935813709862,-0.12206810291163073,10.40389959227209,9.380909109115601,8.357918625959112,7.897977468812992,15.466349041586822,NICK
2007-08-03,8.181818008422852,8.190909385681152,7.836363792419434,7.954545021057129,7.371099472045898,183480,8.436363410949706,8.79727258682251,9.287272691726685,9.714000091552734,10.063181896209716,10.350681886672973,9.668754715335579,-0.429409731850372,-0.2894768114668634,-0.13993292038350863,10.461365152247811,9.287272691726685,8.113180231205558,4.132823325266304,9.16139726610473,NICK
2007-08-06,8.090909004211426,8.163636207580566,8.045454978942871,8.090909004211426,7.497461318969727,129800,8.281818008422851,8.666363525390626,9.199999952316285,9.671090984344483,10.044000072479248,10.329500064849853,16.68339340797658,-0.45504330058373554,-0.3225901092902378,-0.13245319129349775,10.454585138290026,9.199999952316285,7.945414766342543,7.258485398324396,6.429762064134731,NICK
2007-08-07,8.145455360412598,8.336363792419434,7.772727012634277,8.090909004211426,7.497461318969727,59730,8.154545211791993,8.550908946990967,9.113181734085083,9.630545520782471,10.025000076293946,10.308363699913025,16.68339340797658,-0.4699409022912562,-0.3520602678904415,-0.1178806344008147,10.421293554693984,9.113181734085083,7.805069913476183,11.102800676104982,7.4980364665653925,NICK
2007-08-08,8.17272663116455,8.281818389892578,8.0090913772583,8.181818008422852,7.581701755523682,165770,8.09636344909668,8.461818027496339,9.032272624969483,9.595454597473145,10.006454620361328,10.287863698005676,21.40242664187978,-0.4690053602470492,-0.375449286361763,-0.0935560738852862,10.360472594432716,9.032272624969483,7.704072655506249,15.903341196564709,11.42154242366486,NICK
2007-08-09,8.181818008422852,8.363636016845703,7.909090995788574,8.136363983154297,7.539582252502441,42020,8.090909004211426,8.365454387664794,8.944545364379882,9.555454597473144,9.98709098815918,10.266590971946716,20.76901294337939,-0.46655355741050997,-0.3936701405715124,-0.07288341683899757,10.266063422113282,8.944545364379882,7.623027306646482,18.355866470586793,15.120669447752325,NICK
2007-08-10,8.154544830322266,8.154544830322266,7.663636207580566,7.909090995788574,7.3289794921875,43670,8.081818199157714,8.259090805053711,8.846818113327027,9.50581823348999,9.964090986251831,10.244681882858277,17.914175333189025,-0.4774458184833019,-0.4104252761538703,-0.06702054232943161,10.171089663621377,8.846818113327027,7.5225465630326775,18.089037897983932,17.44941518837864,NICK
2007-08-13,7.981818199157715,8.07272720336914,7.7909088134765625,7.800000190734863,7.227889537811279,10230,8.023636436462402,8.152727222442627,8.74727268218994,9.460000057220459,9.939272804260254,10.22231824874878,16.72573910999483,-0.48924106367586084,-0.4261884336582684,-0.06305263001759243,10.072022496331556,8.74727268218994,7.4225228680483255,14.109839756044801,16.851581374872005,NICK
2007-08-14,7.772727012634277,8.118182182312012,7.772727012634277,8.0090913772583,7.421645164489746,11220,8.007272911071777,8.080909061431885,8.657272720336914,9.42000005722046,9.909909172058105,10.201318249702453,26.75541393220832,-0.4762273170963578,-0.4361962103458863,-0.0400311067504715,9.924574168740573,8.657272720336914,7.3899712719332555,15.048863172926517,15.749246942318578,NICK
2007-08-15,8.0,8.100000381469727,7.772727012634277,8.0,7.413220405578613,43670,7.970909309387207,8.033636379241944,8.5686363697052,9.378727340698243,9.880727348327637,10.180090975761413,26.605368087155973,-0.46132950793819205,-0.44122286986434744,-0.020106638073844607,9.756988666228295,8.5686363697052,7.380284073182104,17.628224205061624,15.595642378011142,NICK
2007-08-16,7.827272891998291,8.0,7.827272891998291,8.0,7.413220405578613,3960,7.943636512756347,8.017272758483887,8.486818170547485,9.337818241119384,9.853181896209717,10.15936369895935,26.605368087155973,-0.4444001189061435,-0.44185831967270667,-0.0025417992334368367,9.592288804569051,8.486818170547485,7.381347536525918,22.222236098431953,18.29977449214019,NICK
2007-08-17,8.0090913772583,8.045454978942871,7.727272987365723,7.827272891998291,7.253162384033203,15070,7.927272891998291,8.004545545578003,8.400909066200256,9.293272790908814,9.82845462322235,10.137227337360383,23.67931846753669,-0.4398507643893641,-0.44145680861603814,0.0016060442266740416,9.42823639588561,8.400909066200256,7.373581736514902,18.736602280894644,19.5290208614629,NICK
2007-08-20,7.881817817687988,7.945455074310303,7.6454548835754395,7.654544830322266,7.093103885650635,12540,7.898181819915772,7.960909128189087,8.313636326789856,9.245272779464722,9.80345462322235,10.113818242549897,21.17173217332225,-0.4450527876863912,-0.44217600443010874,-0.002876783256282489,9.28147456033417,8.313636326789856,7.345798093245543,11.68265724768879,17.54716520900529,NICK
2007-08-21,7.727272987365723,7.78181791305542,7.400000095367432,7.554544925689697,7.0004377365112305,59180,7.80727252960205,7.907272720336914,8.22909083366394,9.194363670349121,9.777090978622436,10.089818243980408,19.860447206852257,-0.4520338206939387,-0.4441475676828747,-0.007886253011063993,9.150885771117757,8.22909083366394,7.307295896210125,8.66706910242934,13.028776210337751,NICK
2007-08-22,7.454545021057129,7.609090805053711,7.454545021057129,7.5363640785217285,6.983591079711914,58520,7.714545345306396,7.842727327346802,8.15227267742157,9.145090951919556,9.751000065803527,10.066227338314057,19.62249262108148,-0.4538022324175941,-0.4460785006298186,-0.007723731787775523,9.035296684344173,8.15227267742157,7.269248670498966,9.330004274309683,9.893243541476098,NICK
2007-08-23,7.618182182312012,7.981818199157715,7.272727012634277,7.754545211791992,7.185769081115723,52910,7.665454387664795,7.804545450210571,8.084999918937683,9.100181856155395,9.727272791862488,10.048727338314057,30.39965031114286,-0.4326114419981275,-0.4433850889034804,0.010773646905352874,8.868344522445398,8.084999918937683,7.301655315429968,23.764902149356942,13.920658508698814,NICK
2007-08-24,7.800000190734863,7.800000190734863,7.736363887786865,7.78181791305542,7.2110419273376465,1980,7.656363391876221,7.791818141937256,8.025454473495483,9.055636386871338,9.701454610824586,10.03240915298462,31.633629605835868,-0.40890332584792244,-0.4364887362923688,0.027585410444446345,8.703848298970637,8.025454473495483,7.347060648020327,34.99477574128986,22.69656072165232,NICK
2007-08-27,7.7090911865234375,8.4909086227417,7.7090911865234375,8.409090995788574,7.792304992675781,11660,7.807272624969483,7.852727222442627,8.002727222442626,9.023272743225098,9.680090970993042,10.018500061035157,52.49520423908392,-0.3356298456165092,-0.4163169581571969,0.08068711254068767,8.591860320312687,8.002727222442626,7.413594124572566,61.37232261260615,40.04400016775114,NICK
2007-08-28,8.399999618530273,8.409090995788574,7.9636359214782715,8.109090805053711,7.514309406280518,9130,7.9181818008422855,7.862727165222168,7.971818113327027,8.985272731781006,9.656090965270996,10.0030455160141,45.36538207226149,-0.29832864588565844,-0.3927192957028892,0.09439064981723078,8.462252251767907,7.971818113327027,7.481383974886145,69.53567900905972,55.30092578765207,NICK
2007-08-29,8.100000381469727,8.181818008422852,8.06363582611084,8.127272605895996,7.531157970428467,2310,8.036363506317139,7.875454425811768,7.954545402526856,8.947818183898926,9.63572732925415,9.987227334976197,45.84544055043664,-0.26425390248648384,-0.36702621705960814,0.1027723145731243,8.394981062960865,7.954545402526856,7.514109742092846,77.36321484900606,69.42373882355747,NICK
2007-08-30,8.181818008422852,8.42727279663086,8.181818008422852,8.372727394104004,7.758609294891357,10120,8.15999994277954,7.912727165222168,7.964999961853027,8.915272731781005,9.61945460319519,9.972772793769836,51.97980342514481,-0.21496528677553428,-0.33661403100279336,0.12164874422725908,8.433804635894802,7.964999961853027,7.496195287811251,76.36819075235641,74.42236153680756,NICK
2007-08-31,8.53636360168457,8.663636207580566,8.53636360168457,8.581817626953125,7.952362537384033,7040,8.319999885559081,7.988181638717651,7.996363592147827,8.887999992370606,9.605272779464721,9.960000061988831,56.500125322735364,-0.15721954037271857,-0.3007351328767784,0.14351559250405982,8.53665430872624,7.996363592147827,7.456072875569414,84.85515004259521,79.52885188131938,NICK
2007-09-04,8.5,8.972726821899414,8.5,8.636363983154297,8.002908706665039,6050,8.365454483032227,8.086363554000854,8.02363634109497,8.86018180847168,9.591363687515258,9.947954607009887,57.620888761063185,-0.10583419451545772,-0.26175494520451426,0.15592075068905653,8.63114862919251,8.02363634109497,7.416124052997431,88.21004048979721,83.14446042824977,NICK
2007-09-05,8.709091186523438,8.82727336883545,8.663636207580566,8.727272987365723,8.087149620056152,16940,8.489090919494629,8.203636360168456,8.055454540252686,8.834727268218995,9.578181867599488,9.938181881904603,59.49403123811163,-0.05711693238802695,-0.22082734264121678,0.16371041025318983,8.735996510121854,8.055454540252686,7.374912570383517,86.63103493116508,86.56540848785266,NICK
2007-09-06,8.836363792419434,8.836363792419434,8.718181610107422,8.718181610107422,8.078723907470703,15510,8.607272720336914,8.321818113327026,8.082272720336913,8.813090896606445,9.564818229675293,9.929363698959351,59.212168674322726,-0.019022470133430502,-0.18046636813965952,0.16144389800622902,8.82045183290202,8.082272720336913,7.344093607771808,83.60074551160638,86.14727364418972,NICK
2007-09-07,8.718181610107422,8.781818389892578,8.636363983154297,8.690909385681152,8.053452491760254,7150,8.670909118652343,8.415454530715943,8.109999990463256,8.79018180847168,9.55081823348999,9.920136427879333,58.319574772937386,0.008864836751504512,-0.14260012716142673,0.15146496391293124,8.894433379177938,8.109999990463256,7.325566601748576,84.67026332820804,84.96734792365999,NICK
2007-09-10,8.590909004211426,8.590909004211426,8.154544830322266,8.300000190734863,7.691215515136719,6490,8.614545631408692,8.467272758483887,8.129545450210571,8.760545444488525,9.533181877136231,9.909363703727722,47.310712397863774,-0.0005707969013304393,-0.11419426110940747,0.11362346420807704,8.912459731429065,8.129545450210571,7.346631168992077,76.29236441507899,81.52112441829796,NICK
2007-09-11,8.318181991577148,8.399999618530273,8.145455360412598,8.154544830322266,7.556428909301758,14960,8.518181800842285,8.441818141937256,8.147272682189941,8.728181800842286,9.511454591751098,9.89872733592987,43.98367177542541,-0.01956015917619247,-0.09526744072276447,0.075707281546572,8.91545412619512,8.147272682189941,7.379091238184761,65.2406616106965,75.401096451328,NICK
2007-09-12,8.145455360412598,8.145455360412598,7.972726821899414,8.090909004211426,7.497461318969727,9350,8.390909004211426,8.439999961853028,8.151363563537597,8.689999980926514,9.48836368560791,9.887136425971985,42.573114649539164,-0.03929131906219219,-0.08407221639065002,0.04478089732845783,8.917426451233913,8.151363563537597,7.385300675841281,53.47594692857956,65.00299098478519,NICK
2007-09-13,8.0,8.181818008422852,8.0,8.181818008422852,7.581701755523682,6160,8.283636283874511,8.445454502105713,8.16045446395874,8.657272701263429,9.465636415481567,9.876681880950928,45.27326906926668,-0.04705044035701178,-0.07666786118392237,0.029617420826910587,8.923425681628872,8.16045446395874,7.397483246288607,45.80335260854341,54.839987049273326,NICK
2007-09-14,8.06363582611084,8.300000190734863,8.06363582611084,8.190909385681152,7.590127468109131,5940,8.183636283874511,8.427272701263428,8.169999933242797,8.623818168640137,9.443000059127808,9.866681880950928,45.54900074246103,-0.05186809856617103,-0.0717079086603721,0.019839810094201077,8.929471452464021,8.169999933242797,7.410528414021575,41.22264514037386,46.83398155916577,NICK
2007-09-17,8.209091186523438,8.218181610107422,8.100000381469727,8.118182182312012,7.52273416519165,3960,8.147272682189941,8.380909156799316,8.184545397758484,8.589636344909668,9.418272790908814,9.85563642501831,43.654193608655575,-0.060853127932523066,-0.0695369525148023,0.008683824582279231,8.928181973821355,8.184545397758484,7.440908821695613,30.284990974964447,39.10366290796073,NICK
2007-09-18,8.163636207580566,8.409090995788574,8.163636207580566,8.409090995788574,7.792304992675781,22990,8.198181915283204,8.358181858062744,8.222272706031799,8.56109088897705,9.396454610824584,9.846909155845642,52.216801371752865,-0.04399279684042412,-0.06442812137992666,0.020435324539502545,8.930231732334017,8.222272706031799,7.5143136797295815,32.36044416272661,34.6226934260218,NICK
2007-09-19,8.42727279663086,8.4909086227417,8.354544639587402,8.42727279663086,7.8091535568237305,8910,8.26545467376709,8.328181838989257,8.265909099578858,8.53309087753296,9.370545520782471,9.83809097290039,52.70060016690974,-0.02883139324705475,-0.05730877575335228,0.028477382506297534,8.908421646737679,8.265909099578858,7.6233965524200356,34.80213673713466,32.4825239582754,NICK
2007-09-20,8.399999618530273,8.581817626953125,8.381817817687988,8.454545021057129,7.83442497253418,20460,8.320000076293946,8.30181818008423,8.311818146705628,8.506181774139405,9.342090969085694,9.829000062942505,53.46174621519011,-0.014448675739645367,-0.0487367557506109,0.03428808001096553,8.8641417162269,8.311818146705628,7.759494577184356,45.757611592610914,37.64006416415756,NICK
2007-09-21,8.454545021057129,8.454545021057129,8.418182373046875,8.418182373046875,7.8007307052612305,2530,8.36545467376709,8.274545478820801,8.345000004768371,8.476727237701416,9.31354552268982,9.81981824874878,52.254337419184395,-0.005916231656430071,-0.04017265093177473,0.03425641927534466,8.83572317271783,8.345000004768371,7.854276836818913,46.06065750122094,42.20680194365567,NICK
2007-09-24,8.518181800842285,8.645455360412598,8.272727012634277,8.409090995788574,7.792304992675781,21670,8.423636436462402,8.285454559326173,8.37636365890503,8.447636337280274,9.286636428833008,9.810727338790894,51.93850298014188,0.00011091502812199394,-0.03211593773979539,0.03222685276791738,8.793809738895995,8.37636365890503,7.958917578914065,47.751239184851705,46.523169426228016,NICK
2007-09-25,8.409090995788574,8.409090995788574,7.690908908843994,8.118182182312012,7.52273416519165,83270,8.36545467376709,8.281818294525147,8.361818218231202,8.414181804656982,9.256454610824585,9.800363702774048,42.98546117884584,-0.01837462656505373,-0.029367675504847056,0.010993048939793325,8.793712035711293,8.361818218231202,7.92992440075111,44.12450720440345,45.97880129682553,NICK
2007-09-26,8.227272987365723,8.409090995788574,7.900000095367432,8.090909004211426,7.497461318969727,25960,8.298181915283203,8.281818294525147,8.360909128189087,8.379818172454835,9.228363704681396,9.789409155845641,42.250146964741795,-0.034823841433086145,-0.030458908690494873,-0.004364932742591272,8.794997938425622,8.360909128189087,7.9268203179525525,41.49820959804174,44.45798532909913,NICK
2007-09-27,8.090909004211426,8.418182373046875,7.990909099578857,8.290908813476562,7.6827921867370605,11990,8.26545467376709,8.292727375030518,8.369090938568116,8.35018180847168,9.206000061035157,9.77813642501831,49.123199715463585,-0.03136014930645459,-0.030639156813686817,-0.0007209924927677712,8.791261675344556,8.369090938568116,7.946920201791675,45.60845116070766,43.74372265438445,NICK
2007-09-28,7.9636359214782715,8.409090995788574,7.918181896209717,8.381817817687988,7.767033100128174,48620,8.258181762695312,8.3118182182312,8.369545459747314,8.325090885162354,9.187727327346801,9.767772789001464,51.92404254264895,-0.021037049448992207,-0.028718735340747894,0.007681685891755687,8.791750450908092,8.369545459747314,7.947340468586536,57.301529071108156,48.13606327661935,NICK
2007-10-01,8.318181991577148,8.627272605895996,8.318181991577148,8.609090805053711,7.977635383605957,23760,8.29818172454834,8.36090908050537,8.370909118652344,8.30636360168457,9.172636413574219,9.758318243026734,58.12985960088378,0.005420626633169334,-0.021890862945964446,0.02731148957913378,8.79601394830752,8.370909118652344,7.945804288997167,77.14276960386417,60.01758327856016,NICK
2007-10-02,8.581817626953125,8.627272605895996,8.32727336883545,8.481818199157715,7.85969877243042,27610,8.37090892791748,8.368181800842285,8.363181829452515,8.287999973297119,9.15336368560791,9.748045516014098,53.93144895770422,0.015935001137368232,-0.014325690129297911,0.030260691266666143,8.774085930202073,8.363181829452515,7.952277728702957,83.80943960081862,72.75124609193048,NICK
2007-10-03,8.472726821899414,8.472726821899414,8.281818389892578,8.390909194946289,7.775457382202148,11220,8.430908966064454,8.364545440673828,8.346363639831543,8.270909061431885,9.134090957641602,9.736090970039367,51.092860045560954,0.016739163149290803,-0.008112719473580169,0.024851882622870972,8.722331804853093,8.346363639831543,7.970395474809993,84.12691593537733,81.69304171335354,NICK
2007-10-04,8.363636016845703,8.363636016845703,8.163636207580566,8.227272987365723,7.623823642730713,50380,8.418181800842286,8.341818237304688,8.321818208694458,8.253999977111816,9.114818239212036,9.724681878089905,46.36259635890141,0.004124844312897835,-0.005665206716284568,0.009790051029182404,8.659647965299424,8.321818208694458,7.983988452089491,70.79360924434629,79.57665492684758,NICK
2007-10-05,8.336363792419434,8.4909086227417,8.290908813476562,8.445454597473145,7.8260016441345215,14300,8.430909156799316,8.344545459747314,8.309545469284057,8.240909061431886,9.096090965270996,9.714318242073059,52.65635709890321,0.011599625013033688,-0.0022122403704209165,0.013811865383454604,8.60844009261713,8.309545469284057,8.010650845950984,69.52377051186714,74.81476523053043,NICK
2007-10-08,8.227272987365723,8.409090995788574,8.136363983154297,8.363636016845703,7.750184059143066,11110,8.381818199157715,8.339999961853028,8.3127272605896,8.228727245330811,9.075181875228882,9.703545513153076,50.274012858498075,0.010796906878894674,0.00038958907944220203,0.010407317799452472,8.612501234897358,8.3127272605896,8.012953286281842,68.57137481106885,69.62958485576092,NICK
2007-10-09,8.345455169677734,8.363636016845703,8.03636360168457,8.209091186523438,7.606974124908447,28490,8.32727279663086,8.34909086227417,8.315454578399658,8.215636348724365,9.054000053405762,9.692090969085694,46.037105750158425,-0.002283407546823213,-0.00014501024581088098,-0.002138397301012332,8.610375641640477,8.315454578399658,8.020533515158839,67.93645544482928,68.67720025592193,NICK
2007-10-10,8.245454788208008,8.390909194946289,8.227272987365723,8.363636016845703,7.750184059143066,15400,8.321818161010743,8.376363563537598,8.329090929031372,8.208363609313965,9.03218186378479,9.68131824016571,50.52721049711476,-0.00017713286836773534,-0.00015143477032225186,-2.5698098045483486e-05,8.605884679924582,8.329090929031372,8.052297178138161,65.07930164531227,67.19571063373697,NICK
2007-10-11,8.363636016845703,8.363636016845703,8.254545211791992,8.32727336883545,7.716488361358643,3960,8.341818237304688,8.380000019073487,8.336363697052002,8.205454540252685,9.010363683700561,9.670272789001466,49.4839063880197,-0.0014256231140610254,-0.00040627243907000654,-0.0010193506749910188,8.604814821078156,8.336363697052002,8.067912573025849,63.809496215710965,65.60841776861768,NICK
2007-10-12,8.363636016845703,8.409090995788574,8.32727336883545,8.363636016845703,7.750184059143066,5720,8.3254545211792,8.378181838989258,8.34500002861023,8.209454536437988,8.988000040054322,9.659818243980407,50.582782090482645,0.0005131854875859432,-0.0002223808537388166,0.0007355663413247598,8.605163488084957,8.34500002861023,8.084836569135502,69.6624736235622,66.18375716152866,NICK
2007-10-15,8.354544639587402,8.390909194946289,8.309090614318848,8.318181991577148,7.708064079284668,9790,8.316363716125489,8.349090957641602,8.355000019073486,8.216727275848388,8.965363683700561,9.649227333068847,49.143691550866784,-0.0015996153215791509,-0.0004978277473068834,-0.0011017875742722674,8.594038929611052,8.355000019073486,8.11596110853592,65.33711637631895,66.26969540519754,NICK
2007-10-16,8.290908813476562,8.381817817687988,8.045454978942871,8.254545211791992,7.649094581604004,36960,8.3254545211792,8.326363658905029,8.347272729873657,8.22,8.945545492172242,9.637727332115173,47.12238047034192,-0.00831315262989385,-0.0020608927238242765,-0.006252259906069573,8.588796690727062,8.347272729873657,8.105748769020252,58.92684378262334,64.64214459416833,NICK
2007-10-17,8.254545211791992,8.300000190734863,8.181818008422852,8.181818008422852,7.581701755523682,10890,8.28909091949463,8.305454540252686,8.334999990463256,8.22181818008423,8.92618185043335,9.62500005722046,44.85189088912878,-0.01927991001907614,-0.005504696182874649,-0.013775213836201491,8.583850134062972,8.334999990463256,8.08614984686354,47.37178519328751,57.21191511741009,NICK
2007-10-18,8.181818008422852,8.236364364624023,8.136363983154297,8.136363983154297,7.539582252502441,13860,8.250909042358398,8.296363639831544,8.319090938568115,8.220909099578858,8.908181848526,9.613090968132019,43.44301607471478,-0.031278346912149146,-0.01065942632872955,-0.020618920583419596,8.575892519662975,8.319090938568115,8.062289357473254,33.846157225707955,46.7149287338731,NICK
2007-10-19,8.181818008422852,8.181818008422852,8.0090913772583,8.17272663116455,7.573278903961182,7260,8.212727165222168,8.269090843200683,8.306818151474,8.221636352539063,8.888545475006104,9.600909147262573,44.93323157299738,-0.03742165920177598,-0.016011872903338838,-0.021409786298437143,8.566943595172718,8.306818151474,8.04669270777528,26.857680034802268,36.02520748459941,NICK
2007-10-22,8.181818008422852,8.236364364624023,7.836363792419434,7.909090995788574,7.3289794921875,8910,8.130908966064453,8.22363634109497,8.281818151473999,8.221636352539063,8.863727293014527,9.58750005722046,37.26643444572576,-0.06283910089228151,-0.02537731850112737,-0.037461782391154136,8.589569150816875,8.281818151473999,7.974067152131124,18.16822967928486,26.29068897993186,NICK
2007-10-23,7.93636417388916,7.945455074310303,7.827272891998291,7.918181896209717,7.337403297424316,8030,8.063636302947998,8.194545412063599,8.271818137168884,8.22399998664856,8.84200002193451,9.574545509815216,37.66142856890393,-0.08131173579122297,-0.03656420195914649,-0.04474753383207648,8.611526240693015,8.271818137168884,7.932110033644752,17.0933917374666,20.706433817184745,NICK
2007-10-24,7.881817817687988,8.118182182312012,7.881817817687988,7.909090995788574,7.3289794921875,7700,8.009090900421143,8.149090909957886,8.262727236747741,8.221999979019165,8.821000018119811,9.561500055789947,37.40777717802327,-0.09558316845742176,-0.04836799525880155,-0.04721517319862022,8.629932343819247,8.262727236747741,7.895522129676235,12.379502790461927,15.880374735737965,NICK
2007-10-25,7.93636417388916,7.945455074310303,7.663636207580566,7.690908908843994,7.126799583435059,20680,7.919999885559082,8.08545446395874,8.232727241516113,8.215818157196045,8.797272748947144,9.547409143447876,31.86147845374044,-0.12308006231446811,-0.06331040866993486,-0.05976965364453325,8.675983365642747,8.232727241516113,7.7894711173894775,9.89530972173531,13.122734749888116,NICK
2007-10-26,7.727272987365723,7.78181791305542,7.554544925689697,7.590909004211426,7.034135341644287,8140,7.803636360168457,8.008181762695312,8.193181800842286,8.207636337280274,8.772727289199828,9.532863688468932,29.68878266491266,-0.15119779134905986,-0.08088788520575986,-0.0703099061433,8.711024589756116,8.193181800842286,7.675339011928456,6.747555617932531,9.674122710043425,NICK
2007-10-29,7.672727108001709,7.672727108001709,7.454545021057129,7.454545021057129,6.907773017883301,48290,7.712727165222168,7.92181806564331,8.135454511642456,8.20018177986145,8.746727285385132,9.517863688468934,26.986310173591132,-0.18238233792295322,-0.10118677574919853,-0.08119556217375469,8.709346655594745,8.135454511642456,7.561562367690166,2.637966576836641,6.426943972168329,NICK
2007-10-30,7.5,7.56363582611084,7.5,7.527273178100586,6.975166320800781,12760,7.634545421600341,7.84909086227417,8.087727260589599,8.197636346817017,8.721454563140869,9.503000054359436,30.613985582103354,-0.19893456743552385,-0.12073633408646359,-0.07819823334906026,8.696187593730405,8.087727260589599,7.479266927448792,3.958167978391497,4.447896724387058,NICK
2007-10-31,7.663636207580566,7.663636207580566,7.518181800842285,7.5363640785217285,6.983591079711914,7480,7.560000038146972,7.784545469284057,8.045000004768372,8.197272729873657,8.69581820011139,9.488136417865753,31.07497405321333,-0.20891057779000466,-0.1383711828271718,-0.07053939496283285,8.681661546004866,8.045000004768372,7.408338463531877,5.396883914768801,3.997672823332481,NICK
2007-11-01,7.572727203369141,7.7090911865234375,7.572727203369141,7.681818008422852,7.1183762550354,16940,7.558181858062744,7.739090871810913,8.017727255821228,8.20018180847168,8.672636380195618,9.473954598903656,38.154869946525935,-0.202742630493967,-0.15124547236053085,-0.051497158133436166,8.667418144787728,8.017727255821228,7.368036366854729,13.48750341600236,7.614185103054386,NICK
2007-11-02,7.590909004211426,7.6454548835754395,7.454545021057129,7.6454548835754395,7.084680080413818,66220,7.569091033935547,7.686363697052002,7.977727270126342,8.19800000190735,8.649090929031372,9.459954600334168,37.12810015898477,-0.1985004979222902,-0.1606964774728827,-0.03780402044940748,8.615555980558776,7.977727270126342,7.339898559693908,17.810563701774413,12.231650344182023,NICK
2007-11-05,7.654544830322266,7.654544830322266,7.2909088134765625,7.454545021057129,6.907773017883301,11000,7.569091033935547,7.640909099578858,7.932272720336914,8.191454544067383,8.62354546546936,9.445500049591065,32.22502826106727,-0.2081440526277385,-0.17018599250385386,-0.03795806012388464,8.583056724792286,7.932272720336914,7.281488715881541,20.358789566114403,17.218952227963893,NICK
2007-11-06,7.4636359214782715,7.4636359214782715,7.081818103790283,7.1454548835754395,6.621353626251221,75460,7.492727375030517,7.563636398315429,7.879090905189514,8.16618182182312,8.59472728252411,9.429500048160554,26.193802903424114,-0.23798429531427612,-0.18374565306593832,-0.0542386422483378,8.600684535711775,7.879090905189514,7.157497274667254,14.105451137799248,17.42493480189619,NICK
2007-11-07,7.090909004211426,7.090909004211426,6.818181991577148,7.0,6.486567497253418,42130,7.385454559326172,7.472727298736572,7.810909104347229,8.144000005722045,8.564636368751525,9.412000048160554,23.924545370213707,-0.27025456966656414,-0.20104743638606348,-0.06920713328050065,8.591745647176323,7.810909104347229,7.030072561518136,11.516177341457677,15.326806015123942,NICK
2007-11-08,7.0,7.009090900421143,6.818181991577148,6.909090995788574,6.402327060699463,86240,7.230909156799316,7.3945455074310305,7.739999985694885,8.119636373519898,8.533727278709412,9.394454591274261,22.606352372530115,-0.29970972432791054,-0.2207798939744329,-0.07892983035347764,8.576015573852128,7.739999985694885,6.903984397537641,8.247528861862277,11.289719113706568,NICK
2007-11-09,6.909090995788574,6.9636359214782715,6.909090995788574,6.918181896209717,6.4107513427734375,35420,7.0854545593261715,7.32727279663086,7.667727279663086,8.090545463562012,8.502909097671509,9.377409133911133,23.062868348997558,-0.318646429236078,-0.24035320102676191,-0.07829322820931608,8.525236056332085,7.667727279663086,6.810218502994086,8.974347531525206,9.579351244948553,NICK
2007-11-12,6.890909194946289,7.28181791305542,6.890909194946289,7.28181791305542,6.747714996337891,123200,7.05090913772583,7.310000085830689,7.615909075736999,8.064545469284058,8.476272730827331,9.362454588413238,38.65125080109081,-0.30084357926776484,-0.2524512766749625,-0.04839230259280236,8.434290245137129,7.615909075736999,6.797527906336868,16.588947812076224,11.270274735154734,NICK
2007-11-13,7.272727012634277,7.3545451164245605,7.199999809265137,7.199999809265137,6.671898365020752,17050,7.0618181228637695,7.277272748947143,7.563181805610657,8.035818185806274,8.447999997138977,9.346863677501679,36.84248960440692,-0.2899938608853452,-0.259959793517039,-0.03003406736830616,8.345263616613323,7.563181805610657,6.781099994607991,25.74250680230146,17.10193404863446,NICK
2007-11-14,7.181818008422852,7.363636016845703,7.181818008422852,7.327272891998291,6.789836883544922,31350,7.127272701263427,7.2563636302948,7.520454549789429,8.007818183898927,8.42127272605896,9.332136406898499,41.43379910284334,-0.2680357574231369,-0.2615749862982586,-0.006460771124878306,8.254578475540034,7.520454549789429,6.786330624038823,40.7884777331673,27.70664411584849,NICK
2007-11-15,7.327272891998291,7.363636016845703,7.090909004211426,7.272727012634277,6.739290714263916,10670,7.199999904632568,7.215454530715943,7.477272701263428,7.978909091949463,8.395999994277954,9.317363677024842,40.088731989497916,-0.2521288148031724,-0.2596857519992414,0.00755693719606898,8.161293278952737,7.477272701263428,6.793252123574118,45.90716344279946,37.4793826594229,NICK
2007-11-16,7.345455169677734,7.363636016845703,7.309091091156006,7.318181991577148,6.781412124633789,10450,7.279999923706055,7.182727241516114,7.434545469284058,7.951454544067383,8.37081817626953,9.303772768974305,41.78474886937191,-0.23316680941826284,-0.25438196348304565,0.021215154064782804,8.041927081082324,7.434545469284058,6.8271638574857905,53.32433599819714,46.67332572472146,NICK
2007-11-19,7.28181791305542,7.318181991577148,6.909090995788574,6.909090995788574,6.402327060699463,42240,7.205454540252686,7.128181838989258,7.384545469284058,7.923636360168457,8.342090902328492,9.288363680839538,32.78842051376103,-0.24828740532583282,-0.2531630518516031,0.004875646525770272,7.992076712718385,7.384545469284058,6.777014225849731,39.11562222797909,46.11570722299206,NICK
2007-11-20,6.809091091156006,7.363636016845703,6.809091091156006,7.245454788208008,6.714019298553467,16390,7.21454553604126,7.138181829452515,7.350909113883972,7.905454559326172,8.316818180084228,9.274454588890075,43.55019633122127,-0.23047210066923451,-0.24862486161512937,0.018152760945894852,7.909016872667636,7.350909113883972,6.792801355100308,38.27045440862036,43.57013754493236,NICK
2007-11-21,7.190908908843994,7.190908908843994,6.754545211791992,6.881817817687988,6.377054214477539,12100,7.125454521179199,7.126363611221313,7.299545454978943,7.8812727355957035,8.285636358261108,9.258636403083802,36.70735585899216,-0.24289585563025806,-0.2474790604181551,0.004583204787897033,7.831172480971926,7.299545454978943,6.7679184289859595,24.276775816356274,33.88761748431874,NICK
2007-11-23,6.863636016845703,7.309091091156006,6.863636016845703,7.045454978942871,6.528688430786133,3410,7.080000114440918,7.1400000095367435,7.2672727584838865,7.858545475006103,8.257909088134765,9.243227314949035,41.18579923096968,-0.23680784616194916,-0.2453448175669139,0.008536971404964733,7.777900323748544,7.2672727584838865,6.756645193219229,31.64985930033322,31.399029841770115,NICK
2007-11-26,7.072727203369141,7.072727203369141,6.763636112213135,6.78181791305542,6.284389019012451,13750,6.972727298736572,7.126363611221313,7.226818203926086,7.8303636455535885,8.227090907096862,9.226681859493256,36.68239670420365,-0.2503702503112821,-0.24634990411578755,-0.004020346195494573,7.75632686669798,7.226818203926086,6.697309541154193,16.770293023465765,24.232309380051916,NICK
2007-11-27,6.827272891998291,6.836363792419434,6.636363983154297,6.636363983154297,6.149604320526123,20130,6.918181896209717,7.061818218231201,7.185909152030945,7.800727281570435,8.195181813240051,9.20940913438797,34.44461229779952,-0.269746005801462,-0.25102912445292247,-0.01871688134853955,7.763005815129908,7.185909152030945,6.6088124889319815,12.056490807125718,20.15888104364173,NICK
2007-11-28,6.636363983154297,6.981818199157715,6.636363983154297,6.836363792419434,6.334933757781982,6490,6.836363697052002,7.0254546165466305,7.151363682746887,7.7692727375030515,8.165181813240052,9.193500044345855,39.87584408639425,-0.26589801171932415,-0.2540029019062028,-0.011895109813121363,7.7252953100284225,7.151363682746887,6.577432055465352,10.448717086586319,13.09183363905943,NICK
2007-11-29,6.809091091156006,7.009090900421143,6.800000190734863,6.800000190734863,6.3012375831604,2860,6.820000171661377,6.972727346420288,7.114545488357544,7.736727285385132,8.134909081459046,9.17750004529953,39.23929321437041,-0.2627538249036627,-0.2557530865056948,-0.007000738397967943,7.679365278021528,7.114545488357544,6.54972569869356,16.666666666666895,13.057291520126475,NICK
2007-11-30,6.845455169677734,6.890909194946289,6.672727108001709,6.699999809265137,6.208571910858154,12210,6.75090913772583,6.915454626083374,7.065454578399658,7.701636381149292,8.103909077644348,9.160909135341644,37.46795042729868,-0.26527332349976174,-0.2576571339045082,-0.007616189595253564,7.594029763818639,7.065454578399658,6.536879392980676,19.5833114782763,15.566231743843334,NICK
2007-12-03,6.727272987365723,6.827272891998291,6.636363983154297,6.681818008422852,6.191723823547363,24310,6.730909156799316,6.851818227767945,7.017272734642029,7.666909093856812,8.071818165779113,9.144181859493255,37.13967418799308,-0.26567463188583584,-0.2592606335007737,-0.006413998385062125,7.4992074803629,7.017272734642029,6.5353379889211585,12.499956289885708,16.24997814494313,NICK
2007-12-04,6.745454788208008,6.745454788208008,6.590909004211426,6.654544830322266,6.166450023651123,46420,6.73454532623291,6.826363611221313,6.977272725105285,7.6318181705474855,8.03972725391388,9.127590949535369,36.62135479889138,-0.26513705429450685,-0.26043591765952034,-0.0047011366349865025,7.439802715595011,6.977272725105285,6.5147427346155595,7.745032065693479,13.27609994461866,NICK
2007-12-05,6.681818008422852,6.772727012634277,6.636363983154297,6.6454548835754395,6.158027648925781,16390,6.696363544464111,6.766363620758057,6.952272725105286,7.602363624572754,8.008272714614868,9.111227312088012,36.438824904506,-0.2624194943347282,-0.26083263299456194,-0.001586861340166279,7.429554151947344,6.952272725105286,6.474991298263228,7.181347548046239,9.142111967875307,NICK
2007-12-06,6.654544830322266,6.654544830322266,6.545454978942871,6.545454978942871,6.065361976623535,14960,6.6454545021057125,6.732727336883545,6.929545474052429,7.571454544067382,7.9756363582611085,9.093181862831116,34.40707485863764,-0.2652770167376737,-0.2617215097431843,-0.003555506994489366,7.43785247362205,6.929545474052429,6.421238474482808,5.098036069770166,6.674805227836792,NICK
2007-12-07,6.481818199157715,6.800000190734863,6.481818199157715,6.663636207580566,6.1748762130737305,14300,6.6381817817687985,6.694545459747315,6.917272734642029,7.538909091949463,7.944545450210572,9.076318225860597,38.75339332608208,-0.2550651540368296,-0.26039023860191335,0.0053250845650837375,7.43864726004948,6.917272734642029,6.395898209234577,9.225808811189935,7.168397476335611,NICK
2007-12-10,6.690908908843994,6.754545211791992,6.572727203369141,6.754545211791992,6.259115695953369,9130,6.652727222442627,6.691818189620972,6.909090900421143,7.506363639831543,7.915727262496948,9.059636406898498,41.94039092998636,-0.23690568116845512,-0.2556933271152217,0.018787645946766574,7.43526531078577,6.909090900421143,6.382916490056516,17.182121293069084,10.50198872467656,NICK
2007-12-11,6.727272987365723,6.800000190734863,6.545454978942871,6.609090805053711,6.124330520629883,12760,6.643636417388916,6.689090871810913,6.875454545021057,7.466363639831543,7.886363620758057,9.042409133911132,38.489387644826465,-0.2315815946305504,-0.25087098061828744,0.01928938598773705,7.387849723334466,6.875454545021057,6.363059366707648,22.310320509515748,16.239416871258417,NICK
2007-12-12,6.581818103790283,6.581818103790283,6.427272796630859,6.43636417388916,5.964273452758789,11770,6.60181827545166,6.649090909957886,6.837272763252258,7.425454559326172,7.856727266311646,9.024454588890075,34.82484947901908,-0.23854995786747768,-0.2484067760681255,0.009856818200647821,7.360924909259669,6.837272763252258,6.3136206172448475,15.78113225709731,18.424524686560876,NICK
2007-12-13,6.418181896209717,6.454545021057129,6.409090995788574,6.409090995788574,5.939000129699707,12320,6.5745454788208,6.6099999904632565,6.791363668441773,7.385818195343018,7.828363628387451,9.00604549884796,34.27002728304008,-0.24346662181477452,-0.2474187452174553,0.0039521234026807794,7.295773115256866,6.791363668441773,6.286954221626679,5.471859481255994,14.52110408262318,NICK
2007-12-14,6.372726917266846,6.372726917266846,6.136363983154297,6.181818008422852,5.728397846221924,15840,6.478181838989258,6.558181810379028,6.7368182182312015,7.3449090957641605,7.799454536437988,8.986954588890075,29.98317124240418,-0.2626741994343984,-0.25046983606084394,-0.012204363373554461,7.2569096659447405,6.7368182182312015,6.2167267705176625,2.0797522148129985,7.777581317722263,NICK
2007-12-17,6.181818008422852,6.345455169677734,6.181818008422852,6.300000190734863,5.8379106521606445,4950,6.387272834777832,6.520000028610229,6.685909128189087,7.3020000076293945,7.77145453453064,8.969590954780578,34.566820138705815,-0.26530179471337956,-0.25343622779135105,-0.011865566922028503,7.166214658686587,6.685909128189087,6.205603597691586,7.986088535153062,5.179233410407514,NICK
2007-12-18,6.172727108001709,6.254545211791992,6.172727108001709,6.181818008422852,5.728397846221924,10010,6.3018182754516605,6.472727346420288,6.649545478820801,7.258363647460937,7.743545446395874,8.951909136772155,32.29032852852692,-0.2737647081823331,-0.25750192386954746,-0.01626278431278566,7.1655529253226335,6.649545478820801,6.133538032318968,9.722180485156732,6.596007078374427,NICK
2007-12-19,6.2090911865234375,6.272727012634277,6.190908908843994,6.263636112213135,5.8042144775390625,5060,6.267272663116455,6.434545469284058,6.600454545021057,7.219454545974731,7.717545447349548,8.931636407375336,35.45932819931937,-0.2707485699062788,-0.26015125307689374,-0.010597316829385084,7.064553276504211,6.600454545021057,6.136355813537903,13.608553876740544,10.438940965683608,NICK
2007-12-20,6.272727012634277,6.272727012634277,6.099999904632568,6.199999809265137,5.745245456695557,14190,6.225454425811767,6.399999952316284,6.566363644599915,7.17618182182312,7.692272715568542,8.910454585552216,34.12167941340028,-0.27037644505443836,-0.26219629147240264,-0.00818015358203572,7.042786372263971,6.566363644599915,6.089940916935858,11.94188461479184,11.757539658896535,NICK
2007-12-21,6.245454788208008,6.254545211791992,6.190908908843994,6.2090911865234375,5.7536702156066895,22660,6.230909061431885,6.354545450210571,6.524545454978943,7.13381817817688,7.669636359214783,8.889363677501679,34.501825230843444,-0.26627844312365134,-0.2630127218026524,-0.003265721320998949,6.971318990490652,6.524545454978943,6.077771919467234,15.400613488757903,13.650350660096926,NICK
2007-12-24,6.227272987365723,6.263636112213135,6.181818008422852,6.181818008422852,5.728397846221924,8030,6.207272624969482,6.297272729873657,6.4945454597473145,7.090181818008423,7.649818177223206,8.867545492649079,33.87040450560295,-0.26220888381697094,-0.2628519542055161,0.0006430703885451639,6.948705332661788,6.4945454597473145,6.040385586832841,13.67424673525617,13.672248279602135,NICK
2007-12-26,6.245454788208008,6.254545211791992,6.2090911865234375,6.254545211791992,5.79578971862793,9900,6.22181806564331,6.261818170547485,6.475454521179199,7.048909082412719,7.632818179130554,8.848000037670136,37.17237528160139,-0.2502307469538918,-0.26032771275519123,0.010096965801299429,6.9362156952287135,6.475454521179199,6.014693347129685,16.45021674510657,15.17502565637371,NICK
2007-12-27,6.181818008422852,6.254545211791992,6.090909004211426,6.181818008422852,5.728397846221924,56870,6.2054544448852536,6.236363554000855,6.4427272319793705,7.007454538345337,7.613727269172668,8.828863670825958,35.27551474144939,-0.243796134615355,-0.257021397127224,0.013225262511869007,6.889056636779603,6.4427272319793705,5.996397827179138,15.528894447099267,15.217785975820831,NICK
2007-12-28,6.181818008422852,6.227272987365723,6.154544830322266,6.2090911865234375,5.7536702156066895,41690,6.207272720336914,6.216363573074341,6.413181781768799,6.968000001907349,7.594909090995788,8.809954583644867,36.5824323642204,-0.23380083000459884,-0.25237728370269896,0.018576453698100126,6.838747957601003,6.413181781768799,5.987615605936595,17.18836635817787,16.3891591834614,NICK
2007-12-31,6.254545211791992,6.590909004211426,6.227272987365723,6.572727203369141,6.090634346008301,31130,6.279999923706055,6.25545449256897,6.406818151473999,6.936727266311646,7.578818182945252,8.79263640165329,50.83648508143618,-0.19429735262666092,-0.24076129748749137,0.04646394486083044,6.818622254151083,6.406818151473999,5.995014048796915,32.47863362814107,21.731964811139562,NICK
2008-01-02,6.590909004211426,7.090909004211426,6.590909004211426,7.0,6.486567497253418,9130,6.443636322021485,6.325454473495483,6.422727251052857,6.913272733688355,7.567454543113708,8.777272765636445,61.72301628941806,-0.12704868027593896,-0.21801877404518089,0.09097009376924192,6.895821510163837,6.422727251052857,5.9496329919418764,58.50816829513112,36.05838942715018,NICK
2008-01-03,7.027273178100586,7.090909004211426,7.027273178100586,7.090909004211426,6.570808410644531,4290,6.610909080505371,6.4163635730743405,6.444545459747315,6.896909093856811,7.559272723197937,8.761681854724884,63.57133230132095,-0.06566112547402359,-0.18754724433094944,0.12188611885692585,6.992687352071184,6.444545459747315,5.896403567423445,86.2859311293001,59.090911017524256,NICK
2008-01-04,6.8545451164245605,6.93636417388916,6.818181991577148,6.93636417388916,6.4275994300842285,7040,6.761818313598633,6.483636379241943,6.459090924263,6.8772727394104,7.55063636302948,8.744954583644867,58.40785753075822,-0.02914555047858336,-0.15586690556047622,0.12672135508189286,7.042115333844565,6.459090924263,5.876066514681435,91.81820551554385,78.87076831332519,NICK
2008-01-07,6.8545451164245605,7.2090911865234375,6.800000190734863,7.190908908843994,6.6634745597839355,7370,6.958181858062744,6.582727289199829,6.491363620758056,6.862909097671508,7.5424545383453365,8.726181855201721,63.64547251221324,0.02010122417781446,-0.12067327961281808,0.14077450379063255,7.15572129320174,6.491363620758056,5.827005948314373,94.30648671461502,90.80354111981983,NICK
2008-01-08,7.172727108001709,7.21818208694458,6.909090995788574,6.909090995788574,6.402327060699463,5830,7.0254546165466305,6.652727270126343,6.503636360168457,6.847272739410401,7.5315454483032225,8.70613639831543,55.33690250933868,0.035974604714128944,-0.08934370274742867,0.12531830746155762,7.189006551773047,6.503636360168457,5.818266168563867,85.16669926676218,90.43046383230718,NICK
2008-01-09,6.918181896209717,6.927272796630859,6.609090805053711,6.609090805053711,6.124330520629883,5170,6.947272777557373,6.695454549789429,6.496363639831543,6.827636375427246,7.517636356353759,8.685409126281739,48.13341130878173,0.02406940781399758,-0.06666108063514342,0.090730488449141,7.173972529472403,6.496363639831543,5.818754750190683,72.3074355783036,83.9268738532271,NICK
2008-01-10,6.672727108001709,7.018181800842285,6.672727108001709,6.727272987365723,6.233845233917236,2090,6.874545574188232,6.742727327346802,6.502272748947144,6.813090934753418,7.506636357307434,8.667545490264892,50.84788449830946,0.02389531757452179,-0.04854980099321038,0.07244511856773217,7.185746581392887,6.502272748947144,5.818798916501401,58.33332980832879,71.93582155113168,NICK
2008-01-11,6.636363983154297,6.727272987365723,6.136363983154297,6.245454788208008,5.78736686706543,11550,6.736363697052002,6.749091005325317,6.492727279663086,6.787454566955566,7.492545456886291,8.64800004005432,41.34711179675652,-0.014949029042486295,-0.04182964660306556,0.026880617560579266,7.1848936763056,6.492727279663086,5.800560883020572,38.70968469678425,56.450150027805705,NICK
2008-01-14,6.609090805053711,6.609090805053711,6.227272987365723,6.372726917266846,5.905303478240967,4290,6.572727298736572,6.765454578399658,6.490909075736999,6.7641818237304685,7.480727276802063,8.62890912771225,44.30729858345981,-0.035059512204480114,-0.04047561972334847,0.005416107518868354,7.184134947281048,6.490909075736999,5.797683204192951,31.720432154304067,42.92114888647253,NICK
2008-01-15,6.2909088134765625,6.509090900421143,6.045454978942871,6.3545451164245605,5.888454914093018,26510,6.46181812286377,6.7436363697052,6.499545431137085,6.737636365890503,7.468909087181092,8.60995457649231,43.96592165597086,-0.051866450222469496,-0.04275378582317267,-0.009112664399296824,7.181363097922586,6.499545431137085,5.8177277643515835,21.688732550017235,30.706283133702012,NICK
2008-01-16,6.71818208694458,6.772727012634277,6.28181791305542,6.772727012634277,6.275964736938477,4180,6.494545364379883,6.720909070968628,6.523181772232055,6.72018180847168,7.459090905189514,8.593181848526001,52.94579737832008,-0.031083968912455795,-0.0404198224410293,0.009335853528573503,7.2084573364832725,6.523181772232055,5.837906207980838,37.7906495908457,30.39993809838916,NICK
2008-01-17,6.627273082733154,6.763636112213135,6.400000095367432,6.527273178100586,6.048514366149902,10890,6.454545402526856,6.664545488357544,6.540454530715943,6.701636371612548,7.4465454578399655,8.574000034332276,48.07574743348676,-0.03402752769034656,-0.03914136349089275,0.005113835800546189,7.207617711871195,6.540454530715943,5.873291349560691,43.15241968832094,34.21060060972812,NICK
2008-01-18,6.545454978942871,6.581818103790283,6.318181991577148,6.336363792419434,5.871608257293701,13310,6.472727203369141,6.604545450210571,6.544090914726257,6.685454549789429,7.425818185806275,8.552954578399659,44.63671486648028,-0.05117519536051951,-0.0415481298648181,-0.009627065495701408,7.2059509721868515,6.544090914726257,5.882230857265663,42.635637796464685,41.19290235854393,NICK
2008-01-22,6.2090911865234375,6.56363582611084,6.190908908843994,6.2909088134765625,5.82948637008667,22440,6.456363582611084,6.514545440673828,6.548636364936828,6.67127272605896,7.407636365890503,8.53186366558075,43.832730447174434,-0.06765282281993823,-0.046769068455842125,-0.020883754364096105,7.202177938747114,6.548636364936828,5.895094791126543,28.940544940670403,38.24286747515217,NICK
2008-01-23,6.5,6.590909004211426,6.099999904632568,6.545454978942871,6.065361976623535,12650,6.494545555114746,6.478181838989258,6.5654545545578005,6.664000005722046,7.391818189620972,8.513772759437561,49.33604434369212,-0.05948599554644485,-0.04931245387396267,-0.010173541672482175,7.200221457677758,6.5654545545578005,5.930687651437843,29.457340386039515,33.67784104105836,NICK
2008-01-24,6.545454978942871,6.900000095367432,6.254545211791992,6.7090911865234375,6.216996669769287,134640,6.481818389892578,6.48818187713623,6.59181821346283,6.65981819152832,7.375181827545166,8.497318215370179,52.55440284506294,-0.03935598046196542,-0.047321159191563225,0.007965178729597802,7.204059789767059,6.59181821346283,5.9795766371586,40.05166056961914,32.81651529877651,NICK
2008-01-25,6.7090911865234375,6.900000095367432,6.681818008422852,6.818181991577148,6.318085670471191,10450,6.540000152587891,6.497272777557373,6.620000052452087,6.650545473098755,7.357545471191406,8.481409125328064,54.62385935639704,-0.014433699517282683,-0.04074366725670712,0.026309967739424435,7.2192999607095905,6.620000052452087,6.020700144194584,55.03875559234905,41.51591884933605,NICK
2008-01-28,6.78181791305542,6.900000095367432,6.7090911865234375,6.754545211791992,6.259115695953369,15290,6.6236364364624025,6.548181819915771,6.648636412620545,6.641636381149292,7.338727283477783,8.465045485496521,53.167033803405594,0.00018035240258207352,-0.03255886332484928,0.03273921572743135,7.21529327067581,6.648636412620545,6.0819795545652795,60.981889660580954,52.02410194084987,NICK
2008-01-29,6.78181791305542,6.863636016845703,6.736363887786865,6.78181791305542,6.284389019012451,20240,6.721818256378174,6.5890909194946286,6.677272748947144,6.630727281570435,7.31927273273468,8.448727300167084,53.736500452258475,0.013803652983004788,-0.023286360063278465,0.03709001304628325,7.208993819625095,6.677272748947144,6.145551678269192,67.3524748412081,61.12437336471285,NICK
2008-01-30,6.772727012634277,6.845455169677734,6.736363887786865,6.754545211791992,6.259115695953369,9130,6.763636302947998,6.629090929031372,6.686363649368286,6.620363645553589,7.299636368751526,8.432227299213409,53.041923169422,0.022144272391290798,-0.014200233572364612,0.03634450596365541,7.2168398237661755,6.686363649368286,6.155887474970397,69.68770836850531,66.00735762343162,NICK
2008-01-31,6.690908908843994,6.763636112213135,6.336363792419434,6.654544830322266,6.166450023651123,16060,6.752727031707764,6.6172727108001705,6.6690908908844,6.607090902328491,7.279272723197937,8.415045478343963,50.46613905898795,0.02044935092850153,-0.007270316672191383,0.027719667600692915,7.179718459884368,6.6690908908844,6.158463321884431,73.29151938982447,70.11056753317945,NICK
2008-02-01,6.590909004211426,6.818181991577148,6.318181991577148,6.318181991577148,5.854759693145752,142450,6.652727031707764,6.596363592147827,6.6304545402526855,6.595272722244263,7.25945454120636,8.396318209171294,42.91680540115506,-0.00794398323344847,-0.0074050499844428,-0.0005389332490056704,7.124226502638915,6.6304545402526855,6.136682577866456,58.69617883586991,67.22513553140006,NICK
2008-02-04,6.590909004211426,6.772727012634277,6.454545021057129,6.590909004211426,6.107483386993408,11770,6.619999790191651,6.621818113327026,6.613181781768799,6.582181806564331,7.243818182945251,8.377636387348176,49.51164975156091,-0.008342942230151529,-0.007592628433584546,-0.0007503137965669832,7.086694175682606,6.613181781768799,6.139669387854992,55.6737091991886,62.553802474961145,NICK
2008-02-05,6.545454978942871,6.627273082733154,6.400000095367432,6.400000095367432,5.930576801300049,21450,6.543636226654053,6.632727241516113,6.5736363410949705,6.57254545211792,7.226909093856811,8.357636389732361,45.54503482480702,-0.02378964138344042,-0.01083203102355572,-0.012957610359884698,6.9740038963355735,6.5736363410949705,6.173268785854368,44.41488077552669,52.92825627019522,NICK
2008-02-06,6.372726917266846,6.56363582611084,6.372726917266846,6.427272796630859,5.955848693847656,8800,6.4781817436218265,6.620909023284912,6.549545431137085,6.56018180847168,7.209363641738892,8.33750002861023,46.20803960514962,-0.033445048979579006,-0.015354634614760377,-0.01809041436481863,6.9233785274212725,6.549545431137085,6.175712334852898,47.412956088134216,49.16718202094999,NICK
2008-02-07,6.43636417388916,6.43636417388916,6.018181800842285,6.372726917266846,5.905303478240967,35970,6.4218181610107425,6.587272596359253,6.537727236747742,6.551999988555909,7.191181817054749,8.317090938091278,45.027248534705166,-0.04497992509129478,-0.021279692710067258,-0.023700232381227523,6.918169521544565,6.537727236747742,6.157284951950919,39.538419577343426,43.788752147001595,NICK
2008-02-08,6.400000095367432,6.581818103790283,6.28181791305542,6.28181791305542,5.8210625648498535,27610,6.414545345306396,6.53363618850708,6.515454483032227,6.544909067153931,7.172818174362183,8.295545482635498,43.05262291206288,-0.060756629787238836,-0.029175080125501573,-0.03158154966173726,6.901024746284216,6.515454483032227,6.129884219780237,37.00403957142496,41.318471745634355,NICK
2008-02-11,6.445455074310303,6.699999809265137,6.363636016845703,6.4636359214782715,5.98954439163208,53570,6.389090728759766,6.504545259475708,6.52636353969574,6.537454509735108,7.15336362361908,8.274909117221831,47.96735595403778,-0.05792091194221349,-0.03492424648884396,-0.022996665453369536,6.892622278101172,6.52636353969574,6.1601048012903075,40.206142084575696,38.91620041111485,NICK
2008-02-12,6.490909099578857,6.581818103790283,6.390909194946289,6.454545021057129,5.981120586395264,4180,6.399999713897705,6.471817970275879,6.530454444885254,6.5305454063415525,7.1336363458633425,8.252090933322906,47.74547851478846,-0.05576432834290035,-0.03909226285965524,-0.01667206548324511,6.891548974075164,6.530454444885254,6.169359915695344,43.298922244927645,40.16970130030958,NICK
2008-02-13,6.409090995788574,6.509090900421143,6.409090995788574,6.418181896209717,5.94742488861084,2420,6.398181533813476,6.438181638717651,6.533636283874512,6.524909048080445,7.113272714614868,8.22768184185028,46.81271789749692,-0.056339968492600256,-0.04254180398624424,-0.013798164506356014,6.889558985149344,6.533636283874512,6.177713582599679,48.45357387028425,43.98621273326268,NICK
2008-02-14,6.427272796630859,6.527273178100586,6.418181896209717,6.418181896209717,5.94742488861084,7260,6.407272529602051,6.414545345306396,6.515909028053284,6.519636325836181,7.093272709846497,8.203409116268158,46.81271789749692,-0.056148917686893896,-0.04526322672637417,-0.010885690960519723,6.857459924256777,6.515909028053284,6.17435813184979,46.73538069485872,46.16262560335702,NICK
2008-02-15,6.418181896209717,6.590909004211426,6.318181991577148,6.318181991577148,5.854759693145752,42240,6.414545345306396,6.414545345306396,6.505454468727112,6.512909069061279,7.072363619804382,8.179500024318695,44.06698049496991,-0.0633365606709253,-0.0488778935152844,-0.014458667155640904,6.8576095352305995,6.505454468727112,6.153299402223624,42.068522291286115,45.752492285476514,NICK
2008-02-19,6.4636359214782715,6.581818103790283,6.381817817687988,6.481818199157715,6.006392955780029,15730,6.4181818008422855,6.403636264801025,6.512727189064026,6.5096363353729245,7.05599997997284,8.156227295398713,49.30672374260684,-0.05519252011727627,-0.05014081883568277,-0.005051701281593497,6.856522221466573,6.512727189064026,6.168932156661478,45.62955129579934,44.811151427314876,NICK
2008-02-20,6.545454978942871,6.581818103790283,6.490909099578857,6.572727203369141,6.090634346008301,19250,6.4418182373046875,6.420908975601196,6.526818108558655,6.51018177986145,7.040818161964417,8.134590933322906,51.99714911937357,-0.04093088663966249,-0.04829883239647871,0.0073679457568162215,6.855877571649311,6.526818108558655,6.1977586454679985,53.61532763901531,47.10446707536707,NICK
2008-02-21,6.863636016845703,6.881817817687988,6.572727203369141,6.772727012634277,6.275964736938477,29700,6.5127272605896,6.455454397201538,6.538181710243225,6.512363595962524,7.025636343955994,8.115818202495575,57.35889695641221,-0.013336392587451229,-0.041306344434673216,0.027969951847221987,6.884286283616221,6.538181710243225,6.192077136870229,70.91016786300186,56.71834893260566,NICK
2008-02-22,6.699999809265137,6.745454788208008,6.663636207580566,6.7090911865234375,6.216996669769287,4070,6.570909118652343,6.489090824127198,6.538181710243225,6.511454515457153,7.008909077644348,8.098318202495575,55.24450625969073,0.0033588447447554515,-0.03237330659878748,0.035732151343542934,6.884286283616221,6.538181710243225,6.192077136870229,78.89555102376292,67.80701550859352,NICK
2008-02-25,6.690908908843994,6.754545211791992,6.636363983154297,6.727272987365723,6.233845233917236,8580,6.652727317810059,6.5336363315582275,6.533636260032654,6.513818159103393,6.990090899467468,8.081363656520843,55.74644704503252,0.017851281528121987,-0.02232838897340559,0.04017967050152758,6.867068115059411,6.533636260032654,6.200204405005897,83.15794084432827,77.65455324369783,NICK
2008-02-26,6.727272987365723,6.727272987365723,6.627273082733154,6.636363983154297,6.149604320526123,8360,6.683636474609375,6.55090913772583,6.527727198600769,6.517818155288697,6.9716363573074345,8.062500021457673,52.57167439462963,0.021750321047761645,-0.013512646969172143,0.035262968016933786,6.849266586459598,6.527727198600769,6.20618781074194,77.89480425977399,79.98276537595522,NICK
2008-02-27,6.6454548835754395,6.7090911865234375,6.6454548835754395,6.7090911865234375,6.216996669769287,4400,6.710909271240235,6.576363754272461,6.52409086227417,6.523818159103394,6.954818177223205,8.044454567432403,54.78989932346138,0.030358857452450927,-0.004738346084847529,0.035097203537298456,6.83554045236181,6.52409086227417,6.212641272186529,77.89480425977399,79.64918312129224,NICK
2008-02-28,6.636363983154297,6.727272987365723,6.590909004211426,6.590909004211426,6.107483386993408,11550,6.674545669555664,6.593636465072632,6.515909051895141,6.531999979019165,6.938454537391663,8.02663638830185,50.644733753347914,0.027329828896164088,0.0016752889113547942,0.025654539984809294,6.8108737454730415,6.515909051895141,6.220944358317241,67.69809152531973,74.49590001495606,NICK
2008-02-29,6.636363983154297,6.699999809265137,6.509090900421143,6.663636207580566,6.1748762130737305,7370,6.66545467376709,6.618181896209717,6.516363620758057,6.539272699356079,6.920636353492736,8.008363659381866,53.00118187243433,0.030446807602068304,0.007429592649497496,0.023017214952570808,6.812208226285094,6.516363620758057,6.2205190152310195,64.26852629446466,69.95380735985295,NICK
2008-03-03,6.636363983154297,6.636363983154297,6.5,6.5363640785217285,6.056938171386719,12320,6.627272891998291,6.640000104904175,6.527272725105286,6.546363620758057,6.902363634109497,7.988772754669189,48.62583434004616,0.02238915033730482,0.01042150418705896,0.01196764615024586,6.808826997710037,6.527272725105286,6.245718452500535,50.50509154922519,60.823903123003355,NICK
2008-03-04,6.490909099578857,6.490909099578857,6.3545451164245605,6.390909194946289,5.922152519226074,20130,6.57818193435669,6.630909204483032,6.517272734642029,6.548909082412719,6.884181814193726,7.969090933799744,44.14097709199961,0.004217785410605579,0.009180760431768284,-0.004962975021162705,6.803248077027866,6.517272734642029,6.2312973922561925,37.63443680222465,50.80268488197166,NICK
2008-03-05,6.372726917266846,6.445455074310303,6.318181991577148,6.3545451164245605,5.888454914093018,15510,6.507272720336914,6.609090995788574,6.514999985694885,6.551999988555909,6.8640909051895145,7.948136384487152,43.07143023852853,-0.012967943065444132,0.0047510197323258,-0.01771896279776993,6.8053561739590265,6.514999985694885,6.224643797430744,19.35483870967764,35.83145568704265,NICK
2008-03-06,6.381817817687988,6.381817817687988,6.0363640785217285,6.072727203369141,5.627307891845703,11330,6.403636360168457,6.539091014862061,6.497272706031799,6.549272708892822,6.8415454435348515,7.925954563617706,35.82637875433719,-0.048765963362320086,-0.005952376886603377,-0.04281358647571671,6.844593193684499,6.497272706031799,6.149952218379099,7.885257659375289,21.624844390426016,NICK
2008-03-07,6.027273178100586,6.099999904632568,6.0,6.081818103790283,5.635732650756836,10120,6.2872727394104,6.476363706588745,6.482727265357971,6.547272710800171,6.818727264404297,7.903363652229309,36.19920054915587,-0.07553190785348729,-0.01986828307998016,-0.05566362477350713,6.871576100216242,6.482727265357971,6.0938784304997,6.6769642233104785,11.305686864121292,NICK
2008-03-10,6.300000190734863,6.300000190734863,5.954545021057129,5.954545021057129,5.517793655395508,25080,6.1709089279174805,6.399090909957886,6.466363620758057,6.541272706985474,6.795090894699097,7.880227289199829,33.28383848561213,-0.10579445321014092,-0.03705351710601231,-0.0687409361041286,6.911172258244594,6.466363620758057,6.021554983271519,4.526454788975761,6.362892223887332,NICK
2008-03-11,6.309091091156006,6.309091091156006,5.772727012634277,5.845455169677734,5.416706085205078,22880,6.0618181228637695,6.320000028610229,6.435454583168029,6.5345454502105715,6.770999994277954,7.858272743225098,30.980714005753978,-0.13700111417555938,-0.05704303651992172,-0.07995807765563766,6.956162968369968,6.435454583168029,5.914746197966091,5.278600965326856,5.494006659204522,NICK
2008-03-12,5.918181896209717,6.245454788208008,5.863636016845703,5.863636016845703,5.433553695678711,33440,5.963636302947998,6.235454511642456,6.405909132957459,6.527636346817016,6.747818174362183,7.837000012397766,31.82737291959447,-0.15843918707608573,-0.07732226663115452,-0.08111692044493121,6.982942835180676,6.405909132957459,5.828875430734241,5.272235887713552,5.025763880672213,NICK
2008-03-13,5.527273178100586,6.199999809265137,5.527273178100586,5.8545451164245605,5.425128936767578,26070,5.919999885559082,6.161818122863769,6.377727293968201,6.513272705078125,6.724999985694885,7.816590917110443,31.618512127666964,-0.17415502329013943,-0.0966888179629515,-0.07746620532718793,7.002676380620919,6.377727293968201,5.752778207315483,14.161108371825094,8.237315074955324,NICK
2008-03-14,5.78181791305542,5.78181791305542,5.554544925689697,5.736363887786865,5.315615653991699,22990,5.850909042358398,6.069090890884399,6.343636393547058,6.487999982833863,6.700636358261108,7.794590916633606,28.958080051742403,-0.19391089014928298,-0.1161332324002178,-0.07777765774906517,7.027635437209541,6.343636393547058,5.659637349884576,17.783365431483016,12.405569897007377,NICK
2008-03-17,5.581818103790283,5.636363983154297,5.327272891998291,5.409090995788574,5.012347221374512,29040,5.741818237304687,5.956363582611084,6.29818184375763,6.454363622665405,6.675636358261109,7.769681825637817,23.14919421491786,-0.23328656194876896,-0.13956389830992805,-0.09372266363884091,7.094508197788016,6.29818184375763,5.501855489727244,16.644998633888388,16.196490812398988,NICK
2008-03-18,5.518181800842285,6.227272987365723,5.43636417388916,5.772727012634277,5.3493123054504395,17490,5.727272605895996,5.894545364379883,6.262727284431458,6.431090879440307,6.654181809425354,7.748090915679931,38.0250180614848,-0.23246990959943492,-0.15814510056782943,-0.07432480903160549,7.085881979929516,6.262727284431458,5.4395725889334,18.362175918630047,17.596846661333974,NICK
2008-03-19,5.7909088134765625,6.28181791305542,5.454545021057129,5.599999904632568,5.1892547607421875,33220,5.674545383453369,5.819090843200684,6.2140909194946286,6.399272699356079,6.6310908985137935,7.726045458316803,34.599109152653185,-0.24295965315950063,-0.17510801108616367,-0.06785164207333697,7.07242837922839,6.2140909194946286,5.355753459760867,19.176611681829577,18.06126207811616,NICK
2008-03-20,5.590909004211426,5.809091091156006,5.590909004211426,5.627273082733154,5.214526653289795,22990,5.629090976715088,5.774545431137085,6.156818222999573,6.37363634109497,6.610454540252686,7.703863644599915,35.58594955506038,-0.24623370409842948,-0.18933314968861684,-0.05690055440981265,7.011264666917228,6.156818222999573,5.302371779081918,24.867454407450627,20.802080669303574,NICK
2008-03-24,5.554544925689697,6.045454978942871,5.527273178100586,5.56363582611084,5.155556678771973,21010,5.594545364379883,5.722727203369141,6.0995454549789425,6.352727241516114,6.59018180847168,7.681454548835754,34.28595973231527,-0.25106923793670965,-0.2016803673382354,-0.049388870598474244,6.951795436876529,6.0995454549789425,5.247295473081356,21.03221876340008,21.692094950893587,NICK
2008-03-25,5.727272987365723,5.909090995788574,5.71818208694458,5.909090995788574,5.475674152374268,8470,5.6945453643798825,5.718181800842285,6.058636355400085,6.33636360168457,6.574727268218994,7.660727276802063,45.85033328854825,-0.2244388963492563,-0.2062320731404396,-0.018206823208816697,6.863671772728307,6.058636355400085,5.253600938071863,31.75387227562906,25.884515148826747,NICK
2008-03-26,5.909090995788574,5.945455074310303,5.5,5.5,5.096589088439941,35530,5.639999961853027,5.683636283874511,6.00181815624237,6.321454505920411,6.554454536437988,7.637954549789429,37.44633163113742,-0.2336509999393792,-0.2117158585002275,-0.021935141439151706,6.796066143505529,6.00181815624237,5.2075701689792115,29.574747238643287,27.4536127592243,NICK
2008-03-27,5.699999809265137,5.881817817687988,5.699999809265137,5.881817817687988,5.450401306152344,8910,5.696363544464111,5.68545446395874,5.9604544878005985,6.311636323928833,6.537909073829651,7.61686363697052,47.177851015152626,-0.20774736914810443,-0.2109221606298029,0.003174791481698469,6.686277497481155,5.9604544878005985,5.234631478120042,41.63107532018908,34.319898278153964,NICK
2008-03-28,5.745454788208008,5.872726917266846,5.581818103790283,5.727272987365723,5.307191848754883,17270,5.716363525390625,5.672727251052857,5.917272686958313,6.299090881347656,6.51836362361908,7.595500001907348,44.18176741001571,-0.19741337286557048,-0.2082204030769564,0.010807030211385932,6.5886447988770795,5.917272686958313,5.245900575039546,37.86715976405599,36.35766077429628,NICK
2008-03-31,5.754545211791992,6.136363983154297,5.5,5.609090805053711,5.197677135467529,16170,5.725454521179199,5.659999942779541,5.86454541683197,6.275818157196045,6.497999982833862,7.573545455932617,41.985922419591496,-0.19649485045980697,-0.20587529255352652,0.009380442093719549,6.453785067641462,5.86454541683197,5.275305766022479,41.975284058807425,40.49117304768433,NICK
2008-04-01,5.56363582611084,5.672727108001709,5.5,5.5,5.096589088439941,134860,5.643636322021484,5.669090843200683,5.812727212905884,6.2552726936340335,6.478454532623291,7.550999999046326,40.00922776515111,-0.20223835324635875,-0.20514790469209296,0.0029095514457342098,6.3350044098054985,5.812727212905884,5.290450016006269,29.179884871082965,36.34077623131562,NICK
2008-04-02,5.581818103790283,5.809091091156006,5.545454978942871,5.727272987365723,5.307191848754883,5940,5.689090919494629,5.6645454406738285,5.779545402526855,6.243090877532959,6.4642727136611935,7.529499998092652,45.74055962729068,-0.18630349913546507,-0.20137902358076737,0.015075524445302302,6.230068370090671,5.779545402526855,5.329022434963039,29.567898601516948,33.5743558438026,NICK
2008-04-03,5.681818008422852,5.71818208694458,5.4636359214782715,5.599999904632568,5.1892547607421875,10890,5.632727336883545,5.6645454406738285,5.741818141937256,6.229272699356079,6.45027271270752,7.507454540729523,43.248732474986454,-0.18184864853572336,-0.19747294857175857,0.01562430003603521,6.112762804255569,5.741818141937256,5.370873479618943,29.523811426834186,29.42386496647819,NICK
2008-04-04,5.636363983154297,5.71818208694458,5.599999904632568,5.599999904632568,5.1892547607421875,5390,5.607272720336914,5.661818122863769,5.718181777000427,6.210363597869873,6.437181801795959,7.485454540252686,43.248732474986454,-0.1762860317007604,-0.19323556519755894,0.016949533496798536,6.060946350157623,5.718181777000427,5.375417203843231,33.01587317445861,30.702527734270074,NICK
2008-04-07,5.599999904632568,5.636363983154297,5.4636359214782715,5.527273178100586,5.121862411499023,19580,5.590909194946289,5.658181858062744,5.690454530715942,6.186727237701416,6.4232727146148685,7.463090906143188,41.74173079541137,-0.17572046072206415,-0.18973254430245998,0.014012083580395823,5.999089095954665,5.690454530715942,5.381819965477219,22.631838923178055,28.390507841490443,NICK
2008-04-08,5.472726821899414,5.618182182312012,5.472726821899414,5.545454978942871,5.138709545135498,23430,5.600000190734863,5.621818256378174,5.67000002861023,6.16127269744873,6.405909085273743,7.441090908050537,42.28319552225175,-0.1718244371163271,-0.1861509228652334,0.014326485748906298,5.959547891354286,5.67000002861023,5.380452165866173,16.771072023678695,24.139594707105278,NICK
2008-04-09,5.490909099578857,5.5363640785217285,5.454545021057129,5.472726821899414,5.071316242218018,34430,5.549090957641601,5.619090938568116,5.6513636112213135,6.135636329650879,6.388636355400085,7.418318176269532,40.65546720804902,-0.17261556007123868,-0.18344385030643445,0.01082829023519577,5.941320751018002,5.6513636112213135,5.361406471424625,8.136154281358193,15.846355076071807,NICK
2008-04-10,5.454545021057129,5.554544925689697,5.454545021057129,5.490909099578857,5.088164806365967,37180,5.527272796630859,5.5800000667572025,5.632727265357971,6.109818153381347,6.370272717475891,7.395772721767425,41.26422870965358,-0.1698178187529802,-0.1807186439957436,0.010900825242763423,5.913481792648083,5.632727265357971,5.351972738067859,6.3297222505451884,10.412316185194184,NICK
2008-04-11,5.4636359214782715,5.872726917266846,5.4636359214782715,5.545454978942871,5.138709545135498,10890,5.51636381149292,5.561818265914917,5.617272758483887,6.085636348724365,6.352999997138977,7.374499995708465,43.14834591070059,-0.16133937214407634,-0.17684278962541017,0.015503417481333825,5.880996849245131,5.617272758483887,5.353548667722643,7.111166127460046,7.1923475531213015,NICK
2008-04-14,5.527273178100586,5.881817817687988,5.527273178100586,5.56363582611084,5.155556678771973,16940,5.523636341094971,5.5572727680206295,5.608636355400085,6.063818168640137,6.335454535484314,7.353136355876923,43.79550807160011,-0.15140776523032162,-0.17175578474639247,0.020348019516070848,5.8674623411552504,5.608636355400085,5.34981036964492,11.555601247099624,8.332163208368444,NICK
2008-04-15,5.545454978942871,5.900000095367432,5.545454978942871,5.56363582611084,5.155556678771973,10560,5.527272510528564,5.563636350631714,5.616363596916199,6.04872724533081,6.321999983787537,7.332045443058014,43.7955080716001,-0.1419011471043845,-0.16578485721799088,0.023883710113606377,5.8596605127928,5.616363596916199,5.373066681039598,15.111126030799118,11.259297801786422,NICK
2008-04-16,5.4636359214782715,5.800000190734863,5.4636359214782715,5.554544925689697,5.147133827209473,10120,5.543636131286621,5.5463635444641115,5.6054544925689695,6.027999963760376,6.305090885162354,7.310954532623291,43.50829498302426,-0.13356103496404703,-0.15934009276720212,0.025779057803155092,5.839103291221764,5.6054544925689695,5.371805693916175,15.55552291873874,14.074083398879319,NICK
2008-04-17,5.554544925689697,5.745454788208008,5.490909099578857,5.545454978942871,5.138709545135498,16940,5.554545307159424,5.540909051895142,5.602727246284485,6.010909061431885,6.2917272567749025,7.288681807518006,43.20320374645585,-0.12622981995111893,-0.1527180382039855,0.02648821825286657,5.837835832779862,5.602727246284485,5.367618659789108,14.66668251883516,15.11111048945783,NICK
2008-04-18,5.545454978942871,5.699999809265137,5.545454978942871,5.618182182312012,5.206103324890137,6600,5.569090747833252,5.542727279663086,5.602272701263428,5.994727249145508,6.277454528808594,7.267681808471679,46.43931907462703,-0.11324587378959361,-0.1448236053211071,0.0315777315315135,5.8372248078538735,5.602272701263428,5.367320594672982,21.578303482661227,17.2668363067452,NICK
2008-04-21,5.554544925689697,5.618182182312012,5.3545451164245605,5.618182182312012,5.206103324890137,71390,5.580000019073486,5.551818180084228,5.605000019073486,5.979636354446411,6.265818171501159,7.246454539299012,46.43931907462703,-0.1017827151298274,-0.13621542728285116,0.034432712153023765,5.839360425359795,5.605000019073486,5.370639612787178,32.80056607352838,23.015184025008413,NICK
2008-04-22,5.7090911865234375,5.727272987365723,5.545454978942871,5.545454978942871,5.138709545135498,3410,5.576363849639892,5.551818180084228,5.586818218231201,5.96490909576416,6.254909081459045,7.225045447349548,43.56082329227402,-0.09744329120498652,-0.12846100006727823,0.031017708862291715,5.776072931367053,5.586818218231201,5.397563505095349,40.02278887856415,31.467219478251412,NICK
2008-04-23,5.763636112213135,5.845455169677734,5.554544925689697,5.736363887786865,5.315615653991699,7260,5.612727642059326,5.578181886672974,5.598636412620545,5.950363655090332,6.24390908241272,7.204545447826385,51.975815929523925,-0.07770379208309741,-0.11830955847044207,0.04060576638734466,5.794145922422018,5.598636412620545,5.403126902819071,51.111196588519164,41.311517180204056,NICK
2008-04-24,5.863636016845703,5.863636016845703,5.454545021057129,5.5,5.096589088439941,145860,5.603636646270752,5.579090976715088,5.579545521736145,5.931272754669189,6.230909080505371,7.182909080982208,43.35659768219867,-0.08020809815483698,-0.11068926640732105,0.030481168252484064,5.730123098777064,5.579545521736145,5.428967944695227,43.888957853615885,45.00764777356656,NICK
2008-04-25,5.599999904632568,5.690908908843994,5.545454978942871,5.545454978942871,5.138709545135498,3520,5.589091205596924,5.579090976715088,5.570454621315003,5.913818216323852,6.219363632202149,7.161636354923249,45.23736855375585,-0.07763007070956185,-0.10407742726776921,0.02644735655820736,5.705401948176136,5.570454621315003,5.43550729445387,43.888957853615885,46.29637076525048,NICK
2008-04-28,5.636363983154297,5.763636112213135,5.636363983154297,5.763636112213135,5.340888500213623,6380,5.618181991577148,5.599091005325318,5.578181886672974,5.900727300643921,6.210181813240052,7.140999989509583,53.25966639590886,-0.05732081269857492,-0.09472610435393035,0.03740529165535543,5.736729057110218,5.578181886672974,5.41963471623573,45.55559246625461,44.44450272449563,NICK
2008-04-29,5.845455169677734,5.845455169677734,5.636363983154297,5.736363887786865,5.315615653991699,19470,5.656363773345947,5.61636381149292,5.590000081062317,5.889090938568115,6.2010000038146975,7.120363628864288,52.229706973953284,-0.04293133429435869,-0.08436715034201601,0.04143581604765732,5.758405407562754,5.590000081062317,5.4215947545618794,60.00004079603577,49.81486370530225,NICK
2008-04-30,5.672727108001709,5.872726917266846,5.627273082733154,5.7909088134765625,5.366160869598389,11440,5.667272758483887,5.640000200271606,5.593181872367859,5.875272750854492,6.192454543113708,7.100363628864288,54.139891094575034,-0.026817118289661934,-0.0728571439315452,0.04604002564188327,5.77380289108138,5.593181872367859,5.412560853654338,74.99998542998752,60.185206230759455,NICK
2008-05-01,5.7909088134765625,5.8545451164245605,5.7909088134765625,5.845455169677734,5.416706085205078,7260,5.736363792419434,5.670000219345093,5.605454635620117,5.860727310180664,6.185454545021057,7.080545451641083,56.0332701275439,-0.009535135816491014,-0.060192742308534365,0.05065760649204335,5.816974222713275,5.605454635620117,5.39393504852696,80.00003496803068,71.66668706468481,NICK
2008-05-02,5.881817817687988,5.881817817687988,5.71818208694458,5.863636016845703,5.433553695678711,10670,5.8,5.694545602798462,5.618636441230774,5.842545490264893,6.177454543113709,7.06099999666214,56.67532311258338,0.005563865448725558,-0.04704142075708238,0.05260528620580794,5.858159028958363,5.618636441230774,5.379113853503185,87.77777000710455,80.92593013504107,NICK
2008-05-05,5.8545451164245605,5.872726917266846,5.772727012634277,5.827272891998291,5.399857521057129,7700,5.812727355957032,5.7154546737670895,5.633636426925659,5.82490912437439,6.168181819915771,7.04195454120636,54.947009581312535,0.014429399324543901,-0.034747256740757126,0.04917665606530103,5.88564328456278,5.633636426925659,5.381629569288538,90.99621155903259,86.25800551138941,NICK
2008-05-06,5.818181991577148,5.890909194946289,5.78181791305542,5.881817817687988,5.450401306152344,9680,5.841818141937256,5.749090957641601,5.650454568862915,5.808000020980835,6.160909090042114,7.023636355400085,57.062184609505536,0.02556205498797226,-0.02268539439501125,0.04824744938298351,5.9208980263429165,5.650454568862915,5.380011111382913,93.76450954353953,90.84616370322571,NICK
2008-05-07,5.890909194946289,6.28181791305542,5.818181991577148,6.236363887786865,5.778942584991455,28380,5.930909156799316,5.799090957641601,5.688636422157288,5.800000019073487,6.158909087181091,7.007818176746368,67.68297921452395,0.062275793022900316,-0.005693156911428937,0.06796894993432925,6.048704143012693,5.688636422157288,5.328568701301882,94.35278891405979,93.03783667221079,NICK
2008-05-08,6.263636112213135,6.327272891998291,6.181818008422852,6.300000190734863,5.8379106521606445,13750,6.021818161010742,5.879090976715088,5.729090976715088,5.7918181991577145,6.157818179130555,6.993090903759002,69.15760592354926,0.09540682228232278,0.014526838927321407,0.08087998335500138,6.165022613960199,5.729090976715088,5.293159339469977,96.86645344797115,94.99458396852363,NICK
2008-05-09,6.254545211791992,6.254545211791992,5.954545021057129,6.172727108001709,5.719973087310791,4840,6.083636379241943,5.941818189620972,5.76045458316803,5.783454561233521,6.157727270126343,6.978590903282165,62.96898634998583,0.11012408564609366,0.03364628827107586,0.07647779737501781,6.228129530725948,5.76045458316803,5.2927796356101116,91.52866751387155,94.24930329196764,NICK
2008-05-12,6.2090911865234375,6.309091091156006,6.2090911865234375,6.309091091156006,5.846334934234619,1100,6.1800000190734865,5.996363687515259,5.797727346420288,5.776363658905029,6.157818179130555,6.964636356830597,66.4346963153439,0.13127776829786875,0.05317258427643444,0.0781051840214343,6.313106527223108,5.797727346420288,5.282348165617468,92.46819231410014,93.62110442531441,NICK
2008-05-13,6.199999809265137,6.545454978942871,6.199999809265137,6.545454978942871,6.065361976623535,11880,6.312727451324463,6.07727279663086,5.846818304061889,5.776545476913452,6.161454548835755,6.952499997615814,71.42648716579922,0.16521036235507314,0.07558013989216218,0.08963022246291096,6.444175455209962,5.846818304061889,5.249461152913817,93.40277037894265,92.46654340230492,NICK
2008-05-14,6.072727203369141,6.8545451164245605,6.072727203369141,6.581818103790283,6.099058151245117,17820,6.3818182945251465,6.1563637256622314,5.898181962966919,5.780363655090332,6.164636368751526,6.941090908050537,72.11359219846287,0.19281375099336007,0.09902686211240176,0.0937868888809583,6.5594253824293745,5.898181962966919,5.236938543504463,92.36111477891332,92.74402582398551,NICK
2008-05-15,6.7090911865234375,6.7090911865234375,6.3545451164245605,6.527273178100586,6.048514366149902,22110,6.427272891998291,6.224545526504516,5.947272872924804,5.783818216323852,6.16790910243988,6.930090909004211,69.41707231167021,0.20789186766641876,0.12079986322320516,0.0870920044432136,6.641442215636195,5.947272872924804,5.253103530213414,84.16668560096387,89.97685691960676,NICK
2008-05-16,6.518181800842285,6.527273178100586,6.363636016845703,6.490909099578857,6.014817237854004,3190,6.490909290313721,6.287272834777832,5.990909218788147,5.792181854248047,6.170727281570435,6.920181820392608,67.60218303621254,0.2144352306744457,0.13952693671345326,0.07490829396099244,6.706243047497278,5.990909218788147,5.275575390079016,74.29014622846215,83.60598220277994,NICK
2008-05-19,6.527273178100586,6.6454548835754395,6.472726821899414,6.554544925689697,6.073784828186035,4510,6.540000057220459,6.360000038146973,6.037727355957031,5.801636390686035,6.1744545507431035,6.912136363983154,69.12351996794435,0.2221944529981288,0.15606043997038838,0.06613401302774041,6.771680139110439,6.037727355957031,5.303774572803624,73.08643020993306,77.18108734645318,NICK
2008-05-20,6.527273178100586,6.599999904632568,6.363636016845703,6.590909004211426,6.107483386993408,9020,6.54909086227417,6.430909156799316,6.090000057220459,5.814363670349121,6.177818188667297,6.905318183898926,69.99072297912502,0.22864232344151603,0.1705768166646139,0.058065506776902115,6.825182017872359,6.090000057220459,5.35481809656856,74.2419726057488,73.87284968138148,NICK
2008-05-21,6.409090995788574,6.554544925689697,6.372726917266846,6.545454978942871,6.065361976623535,22110,6.541818237304687,6.461818265914917,6.1304546117782595,5.828363666534424,6.181454558372497,6.897590913772583,67.44095224374028,0.22746250113566369,0.18195395355882388,0.04550854757683981,6.872359161169905,6.1304546117782595,5.388550062386614,75.0518631033414,74.12675530634124,NICK
2008-05-22,6.400000095367432,6.518181800842285,6.372726917266846,6.490909099578857,6.014817237854004,3850,6.534545421600342,6.480909156799316,6.180000066757202,5.840909128189087,6.1842727375030515,6.88959091424942,64.4086056975644,0.2195947354352521,0.18948210993410952,0.030112625501142576,6.877921434838412,6.180000066757202,5.482078698675992,71.99554912136398,73.76312827681822,NICK
2008-05-23,6.590909004211426,6.590909004211426,6.318181991577148,6.490909099578857,6.014817237854004,4840,6.534545421600342,6.512727355957031,6.227272772789002,5.853636407852173,6.183454556465149,6.8811363697052,64.4086056975644,0.21092802743139405,0.19377129343356642,0.017156733997827633,6.872996237382171,6.227272772789002,5.581549308195832,68.42945422681782,71.8256221505079,NICK
2008-05-27,6.372726917266846,6.554544925689697,6.2909088134765625,6.300000190734863,5.8379106521606445,25630,6.483636474609375,6.511818265914917,6.254090976715088,5.864909133911133,6.176454558372497,6.871954550743103,54.46766446273072,0.18650493267806478,0.19231802128246608,-0.005813088604401301,6.864130314247649,6.254090976715088,5.6440516391825275,59.659853998359004,66.69495244884709,NICK
2008-05-28,6.318181991577148,6.43636417388916,6.2909088134765625,6.390909194946289,5.922152519226074,16390,6.443636512756347,6.496363687515259,6.286818242073059,5.884545497894287,6.1694545602798465,6.864363641738891,57.80720908565347,0.1724966173790401,0.1883537405017809,-0.01585712312274079,6.850732486432903,6.286818242073059,5.722903997713215,53.69262693787753,60.593978387684935,NICK
2008-05-29,6.300000190734863,6.490909099578857,6.300000190734863,6.336363792419434,5.871608257293701,7260,6.40181827545166,6.471818256378174,6.314090991020203,5.89581823348999,6.163454556465149,6.857045459747314,55.19158042542603,0.1552044679559632,0.18172388599261735,-0.02651941803665414,6.830162481890414,6.314090991020203,5.798019500149992,45.800153065287475,53.050878000508156,NICK
2008-05-30,6.472726821899414,6.490909099578857,6.336363792419434,6.336363792419434,5.871608257293701,12870,6.370909214019775,6.452727317810059,6.338636422157288,5.9105455112457275,6.154909105300903,6.84868182182312,55.19158042542603,0.13988777575320022,0.17335666394473392,-0.03346888819153371,6.807779449237024,6.338636422157288,5.869493395077552,41.54339238755756,47.01205746357434,NICK
2008-06-02,6.309091091156006,6.43636417388916,6.300000190734863,6.3545451164245605,5.888454914093018,8580,6.343636417388916,6.439090919494629,6.36318187713623,5.925090951919556,6.149363646507263,6.840454547405243,55.961879860030095,0.12774371767163561,0.16423407469011425,-0.036490357018478636,6.778646439666549,6.36318187713623,5.947717314605912,37.39725457775168,41.580266676865726,NICK
2008-06-03,6.363636016845703,6.363636016845703,6.2909088134765625,6.327272891998291,5.863183975219727,4620,6.349090957641602,6.416363716125488,6.388181877136231,5.9403636932373045,6.146545467376709,6.832090911865234,54.449795759048634,0.11459781132675761,0.15430682201744292,-0.039709010690685304,6.72423098915844,6.388181877136231,6.052132765114021,34.10854698925956,37.68306465152309,NICK
2008-06-04,6.272727012634277,6.300000190734863,6.21818208694458,6.21818208694458,5.762094497680664,28160,6.31454553604126,6.379091024398804,6.40500009059906,5.946545515060425,6.141454558372498,6.824045457839966,48.77285808620015,0.09428995368672233,0.1423034483512988,-0.04801349466457647,6.662481488116354,6.40500009059906,6.147518693081766,22.868223437024067,31.458008334678592,NICK
2008-06-05,6.181818008422852,6.190908908843994,5.672727108001709,5.836363792419434,5.4082818031311035,22990,6.21454553604126,6.30818190574646,6.385000085830688,5.953272790908813,6.1373636484146115,6.814954552650452,35.013306820559166,0.046846270175437965,0.12321201271612663,-0.07636574254068866,6.736679603923854,6.385000085830688,6.033320567737523,16.46021161867021,24.478994014984767,NICK
2008-06-06,5.736363887786865,5.981818199157715,5.590909004211426,5.772727012634277,5.3493123054504395,7370,6.101818180084228,6.236363697052002,6.358636426925659,5.951090974807739,6.131363649368286,6.806045463085175,33.32581014698066,0.004064994163218039,0.09938260900554491,-0.09531761484232687,6.799577443618133,6.358636426925659,5.917695410233185,11.354603369956658,16.8943461418838,NICK
2008-06-09,5.681818008422852,5.736363887786865,5.681818008422852,5.681818008422852,5.26507043838501,32890,5.967272758483887,6.1554545879364015,6.334090971946717,5.950181875228882,6.124636378288269,6.79677273273468,31.025373864789973,-0.036751424634313246,0.07215580227757327,-0.10890722691188652,6.86013587698205,6.334090971946717,5.808046066911383,14.357603534873585,14.057472841166975,NICK
2008-06-10,5.681818008422852,5.7090911865234375,5.6454548835754395,5.663636207580566,5.248222351074219,15510,5.834545421600342,6.091818189620971,6.301818227767944,5.9512727832794186,6.113545470237732,6.786318187713623,30.570855161245504,-0.06976168074362299,0.04377230567333402,-0.113533986416957,6.903760119856132,6.301818227767944,5.699876335679756,11.174358917917507,12.295521940916073,NICK
2008-06-11,5.636363983154297,5.818181991577148,5.636363983154297,5.727272987365723,5.307191848754883,31240,5.7363636016845705,6.025454568862915,6.260909128189087,5.955818243026734,6.105545468330384,6.7760454630851745,34.204059441771605,-0.08975297382938141,0.01706724977279093,-0.10682022360217235,6.901056374599202,6.260909128189087,5.6207618817789715,9.972706382365077,11.834889611718879,NICK
2008-06-12,5.727272987365723,5.727272987365723,5.727272987365723,5.727272987365723,5.307191848754883,990,5.714545440673828,5.964545488357544,6.218181872367859,5.955818243026734,6.099454560279846,6.76263637304306,34.204059441771605,-0.10439284192985454,-0.007224768567738165,-0.09716807336211637,6.880634146543629,6.218181872367859,5.555729598192089,11.515172322591381,10.887412540958145,NICK
2008-06-13,5.8545451164245605,5.8545451164245605,5.681818008422852,5.7090911865234375,5.290342807769775,4400,5.70181827545166,5.9018182277679445,6.177272772789001,5.958000068664551,6.093636384010315,6.750636374950409,33.62107407644261,-0.11612356211075081,-0.029004527276340696,-0.08711903483441011,6.859090912819095,6.177272772789001,5.495454632758907,13.178996996231769,11.555625233729565,NICK
2008-06-16,5.7909088134765625,5.7909088134765625,5.590909004211426,5.618182182312012,5.206103324890137,5500,5.6890911102294925,5.82818193435669,6.133636426925659,5.95836371421814,6.084363656044006,6.738090922832489,30.794813108438813,-0.1312429521940084,-0.049452212259874236,-0.08179073993413416,6.840815585221762,6.133636426925659,5.426457268629557,9.643648491481736,11.445939270101784,NICK
2008-06-17,5.599999904632568,5.6454548835754395,5.590909004211426,5.609090805053711,5.197677135467529,7150,5.6781820297241214,5.756363725662231,6.08636372089386,5.960000066757202,6.073363652229309,6.724272739887238,30.51851901908698,-0.14231822007820316,-0.06802541382354002,-0.07429280625466314,6.801038721159552,6.08636372089386,5.371688720628168,5.771582346178227,9.531409277964066,NICK
2008-06-18,5.581818103790283,5.636363983154297,5.545454978942871,5.545454978942871,5.138709545135498,8580,5.641818428039551,5.68909101486206,6.0340910196304325,5.960000066757202,6.060636382102967,6.709090926647186,28.585248269253626,-0.15444992639998123,-0.08531031633882827,-0.06913961006115296,6.7464349531733685,6.0340910196304325,5.3217470860874965,1.6835175602331496,5.69958279929786,NICK
2008-06-19,5.545454978942871,5.581818103790283,5.527273178100586,5.527273178100586,5.121862411499023,13310,5.601818466186524,5.658181953430176,5.9831819295883175,5.961090993881226,6.048363661766052,6.693545472621918,28.03872657708241,-0.16364511146115834,-0.10097727536329429,-0.06266783609786405,6.687554830104556,5.9831819295883175,5.278809029072079,0.6733999598399532,2.709499955417266,NICK
2008-06-20,5.7909088134765625,5.800000190734863,5.272727012634277,5.345455169677734,4.9533796310424805,242440,5.529091262817383,5.615454769134521,5.925909233093262,5.958181915283203,6.0340000343322755,6.676636383533478,23.251343581132396,-0.18348841539796457,-0.11747950337022835,-0.06600891202773622,6.642011351619839,5.925909233093262,5.209807114566685,2.222249419603271,1.5263889798922803,NICK
2008-06-23,5.427272796630859,5.481818199157715,5.372726917266846,5.372726917266846,4.9786505699157715,10450,5.48000020980835,5.584545660018921,5.870000123977661,5.954727354049683,6.020181851387024,6.659909110069275,25.31128851111814,-0.19476860339948843,-0.13293732337608036,-0.06183128002340807,6.575447567316086,5.870000123977661,5.164552680639236,5.467082659172736,2.787577346205476,NICK
2008-06-24,5.409090995788574,5.454545021057129,5.181818008422852,5.181818008422852,4.8017449378967285,7700,5.394545650482177,5.536363840103149,5.81409101486206,5.9470909976959225,6.00545458316803,6.642363653182984,21.05168152824596,-0.21661597301331437,-0.14967305330352715,-0.06694291970978722,6.550902859728848,5.81409101486206,5.077279169995273,5.467082659172736,4.3854715793164045,NICK
2008-06-25,5.272727012634277,5.5,5.272727012634277,5.445455074310303,5.04604434967041,25850,5.374545669555664,5.508182048797607,5.766818308830262,5.944727382659912,5.996727313995361,6.62809092760086,36.855317505980196,-0.21023342289052227,-0.16178512722092617,-0.0484482956695961,6.470087466800281,5.766818308830262,5.063549150860243,14.229708365881843,8.387957894742595,NICK
2008-06-26,5.318181991577148,5.318181991577148,5.199999809265137,5.227272987365723,4.843865871429443,6160,5.314545631408691,5.458182048797608,5.711363768577575,5.938181943893433,5.983090953826904,6.613454568386078,31.27554682877421,-0.22024186579399352,-0.17347647493553964,-0.04676539085845388,6.401024629886106,5.711363768577575,5.021702907269044,13.237149409213016,10.977980144756023,NICK
2008-06-27,5.272727012634277,5.390909194946289,5.090909004211426,5.236363887786865,4.852290630340576,3850,5.292727375030518,5.4109093189239506,5.656363773345947,5.9320001220703125,5.971454591751098,6.599181842803955,31.739270866530976,-0.22484815959310112,-0.18375081186705194,-0.04109734772604917,6.312513205341941,5.656363773345947,5.000214341349953,19.586372608112853,15.684410127736063,NICK
2008-06-30,5.300000190734863,5.318181991577148,4.627273082733154,4.627273082733154,4.287874221801758,15620,5.14363660812378,5.311818408966064,5.570000171661377,5.912181940078735,5.953454594612122,6.581409118175507,21.34644419657434,-0.27448314733636625,-0.2018972789609148,-0.07258586837545145,6.287643176686522,5.570000171661377,4.8523571666362315,8.601497481800708,13.808339833042352,NICK
2008-07-01,4.681818008422852,4.818181991577148,4.627273082733154,4.681818008422852,4.338418483734131,7700,5.043636608123779,5.219091129302979,5.487727427482605,5.8934546566009525,5.936545505523681,6.563863661289215,23.754185060788103,-0.3058917830079926,-0.22269617977033035,-0.08319560323766223,6.216436821787627,5.487727427482605,4.7590180331775835,7.830691153635318,12.00618708118312,NICK
2008-07-02,4.599999904632568,4.763636112213135,4.56363582611084,4.71818208694458,4.372115612030029,6050,4.898182010650634,5.136363840103149,5.412727427482605,5.876909198760987,5.920909147262574,6.546863660812378,25.393901045074767,-0.3241129040309465,-0.2429795246224536,-0.08113337940849291,6.1340072522879545,5.412727427482605,4.691447602677256,5.472098486598331,7.301429040678278,NICK
2008-07-03,4.663636207580566,4.745454788208008,4.609090805053711,4.6454548835754395,4.304722309112549,2970,4.781818389892578,5.048182010650635,5.353181982040406,5.855091018676758,5.902727336883545,6.528045480251312,24.269744463594606,-0.3404967170210451,-0.2624829631021719,-0.07801375391887322,6.119934760168376,5.353181982040406,4.586429203912435,7.678003148300565,6.993597596178231,NICK
2008-07-07,5.06363582611084,5.127273082733154,4.599999904632568,4.599999904632568,4.262601852416992,7700,4.654545593261719,4.973636484146118,5.2945456266403195,5.837091016769409,5.8841818857193,6.508909115791321,23.567512823700348,-0.35307877147857614,-0.2806021247774527,-0.07247664670112342,6.102264622253921,5.2945456266403195,4.486826631026718,7.176938693865888,6.775680109588421,NICK
2008-07-08,4.590909004211426,4.590909004211426,4.136363983154297,4.5363640785217285,4.203633785247803,24860,4.636363792419433,4.890000200271606,5.237272930145264,5.816909198760986,5.86536370754242,6.489318211078643,22.58239082417984,-0.3639891789458414,-0.29727953561113046,-0.06670964333471091,6.088308300305025,5.237272930145264,4.386237559985503,11.200882773623476,8.685274871930137,NICK
2008-07-09,4.400000095367432,4.599999904632568,4.400000095367432,4.5363640785217285,4.203633785247803,3850,4.607273006439209,4.825454807281494,5.180909323692322,5.792363758087158,5.84654552936554,6.469909119606018,22.58239082417984,-0.3683891941530062,-0.3115014673195056,-0.056887726833500574,6.060370119590125,5.180909323692322,4.301448527794518,17.009552723541685,11.79579139701051,NICK
2008-07-10,4.43636417388916,4.627273082733154,4.43636417388916,4.545454978942871,4.212057113647461,17490,4.5727275848388675,4.735454797744751,5.121818423271179,5.7685455799102785,5.828818259239196,6.450590939521789,23.114858519688934,-0.36691313202641407,-0.3225838002608873,-0.04432933176552678,6.005301387298528,5.121818423271179,4.238335459243831,24.225873040713946,17.478769512626528,NICK
2008-07-11,4.363636016845703,4.418181896209717,4.181818008422852,4.2909088134765625,3.9761812686920166,7040,4.501818370819092,4.641818380355835,5.0500002145767215,5.738545579910278,5.806909165382385,6.4314545726776124,19.144407967932466,-0.3818810038786591,-0.33444324098444167,-0.04743776289421742,5.958117958825475,5.0500002145767215,4.141882470327968,19.989061908817153,20.408162557691085,NICK
2008-07-14,4.236363887786865,4.818181991577148,4.181818008422852,4.190908908843994,3.883516550064087,7480,4.420000171661377,4.537272882461548,4.974091100692749,5.705454654693604,5.783090982437134,6.411954572200775,17.847403966515813,-0.3972332491024906,-0.34700124260805143,-0.05023200649443915,5.902722596816826,4.974091100692749,4.045459604568672,13.307808042025869,19.17424766385248,NICK
2008-07-15,4.181818008422852,4.254545211791992,4.181818008422852,4.254545211791992,3.9424850940704346,4510,4.36363639831543,4.500000095367431,4.905909252166748,5.6732728385925295,5.757909164428711,6.391772754192353,21.49243252047394,-0.39965808658852886,-0.35753261140414694,-0.04212547518438192,5.835608123136504,4.905909252166748,3.9762103811969927,7.999959437042324,13.765609795961936,NICK
2008-07-16,4.190908908843994,4.345455169677734,4.190908908843994,4.345455169677734,4.026726722717285,6930,4.325454616546631,4.46636381149292,4.842727470397949,5.643636484146118,5.734272804260254,6.371590940952301,26.508982058628998,-0.3897513035158955,-0.3639763498264966,-0.02577495368939886,5.744004973137327,4.842727470397949,3.9414499676585715,9.77775995926675,10.361842479445135,NICK
2008-07-17,4.518181800842285,4.890909194946289,4.481818199157715,4.481818199157715,4.153088092803955,6490,4.312727260589599,4.442727422714233,4.789545631408691,5.615636491775513,5.711818256378174,6.350954577922821,33.38497822876957,-0.36667000612422207,-0.3645150810860417,-0.0021549250381803775,5.642935234761877,4.789545631408691,3.936156028055505,17.62317619833556,11.800298531548364,NICK
2008-07-18,4.581818103790283,4.581818103790283,4.363636016845703,4.363636016845703,4.043574333190918,47410,4.327272701263428,4.41454553604126,4.731363773345947,5.57818193435669,5.689090976715088,6.330363667011261,30.703755400608117,-0.35383543147330876,-0.3623791511634951,0.008543719690186358,5.532715577491041,4.731363773345947,3.9300119692008533,21.144538774057082,16.18182497721995,NICK
2008-07-21,4.309091091156006,4.4636359214782715,4.309091091156006,4.454545021057129,4.1278157234191895,23980,4.3799999237060545,4.400000047683716,4.686818265914917,5.541272830963135,5.666545515060425,6.310681846141815,35.026482034139086,-0.3324955400977698,-0.35640242895035007,0.023906888852580244,5.444532975282124,4.686818265914917,3.9291035565477106,26.292312344918358,21.686675772437155,NICK
2008-07-22,4.327272891998291,4.454545021057129,4.327272891998291,4.409090995788574,4.085696220397949,9130,4.4109090805053714,4.387272739410401,4.638636469841003,5.506000108718872,5.644727334976197,6.29159093618393,33.888208052357506,-0.31561309114863967,-0.348244561390008,0.03263147024136831,5.335901118747209,4.638636469841003,3.9413718209347977,26.287878458051463,24.574909859009125,NICK
2008-07-23,4.409090995788574,4.418181896209717,4.390909194946289,4.400000095367432,4.077271461486816,47850,4.42181806564331,4.37363634109497,4.599545574188232,5.467818288803101,5.622090973854065,6.271363663673401,33.652654934927725,-0.2995145708813647,-0.3384985632882793,0.038983992406914636,5.257151706455651,4.599545574188232,3.9419394419208134,28.746133663637348,27.108774822202548,NICK
2008-07-24,4.418181896209717,4.427272796630859,4.418181896209717,4.427272796630859,4.102542877197266,220,4.410908985137939,4.361818122863769,4.548636460304261,5.425454645156861,5.6010000610351565,6.251681847572327,35.10987387703679,-0.28131289853833863,-0.32706143033829116,0.04574853179995253,5.0823984664343325,4.548636460304261,4.014874454174189,27.828719394327802,27.62091050533903,NICK
2008-07-25,4.43636417388916,4.6454548835754395,4.43636417388916,4.590909004211426,4.254177570343018,30690,4.456363582611084,4.3918181419372555,4.516818261146545,5.385636463165283,5.583000059127808,6.233590936660766,43.17443853416182,-0.2507928834365112,-0.3118077209579352,0.061014837521424004,4.951674759797239,4.516818261146545,4.081961762495851,38.73472489261675,31.76985931686079,NICK
2008-07-28,4.636363983154297,4.7090911865234375,4.636363983154297,4.6454548835754395,4.304722309112549,4840,4.494545555114746,4.437272739410401,4.487272810935974,5.34800009727478,5.565909156799316,6.215000030994415,45.60136992016129,-0.2196719138953691,-0.29338055954542197,0.07370864565005286,4.779452095397877,4.487272810935974,4.195093526474071,51.66111921205482,39.40818783299994,NICK
2008-07-29,4.681818008422852,4.763636112213135,4.654544830322266,4.681818008422852,4.338418483734131,5390,4.549090957641601,4.480000019073486,4.490000057220459,5.31181827545166,5.552000064849853,6.196772754192352,47.219708834234815,-0.18988524217137215,-0.272681496070612,0.08279625389923984,4.788309517901627,4.490000057220459,4.19169059653929,65.37946021676157,51.92510144047787,NICK
2008-07-30,4.690908908843994,4.727272987365723,4.681818008422852,4.727272987365723,4.380539417266846,3190,4.61454553604126,4.518181800842285,4.492272806167603,5.275272836685181,5.538454613685608,6.178590939044953,49.25208757375585,-0.160758133615289,-0.2502968235795474,0.0895386899642584,4.797016528294903,4.492272806167603,4.187529084040302,70.94018760804254,62.66025567895313,NICK
2008-07-31,4.78181791305542,4.954545021057129,4.78181791305542,4.954545021057129,4.591141700744629,12650,4.719999980926514,4.565454483032227,4.50409095287323,5.242545557022095,5.528454613685608,6.161772754192352,57.96715694253557,-0.1179757850946519,-0.2238326158825683,0.10585683078791641,4.857421083648035,4.50409095287323,4.150760822098425,82.47863362814108,72.93276048431522,NICK
2008-08-01,5.181818008422852,5.318181991577148,5.136363983154297,5.21818208694458,4.8354411125183105,9900,4.845454597473145,4.650909090042115,4.532727313041687,5.2160000991821285,5.522181882858276,6.1465909385681154,65.39181764568076,-0.06208152062627015,-0.1914823968313087,0.12940087620503854,5.0012894692063625,4.532727313041687,4.064165156877012,89.37437301256035,80.93106474958148,NICK
2008-08-04,5.254545211791992,5.263636112213135,5.118182182312012,5.127273082733154,4.751200199127197,4730,4.9418182373046875,4.718181896209717,4.559090971946716,5.188727378845215,5.514818253517151,6.131318213939667,61.366463840052646,-0.024834236599517112,-0.15815276478495038,0.13331852818543327,5.094405961725612,4.559090971946716,4.0237759821678205,91.4215162326895,87.75817429113046,NICK
2008-08-05,4.909090995788574,5.21818208694458,4.909090995788574,5.181818008422852,4.8017449378967285,1430,5.041818237304687,4.795454597473144,4.5913636684417725,5.162545557022095,5.508090982437134,6.11654548406601,62.84433909313864,0.008982281842268236,-0.12472575545950665,0.13370803730177488,5.191239089325519,4.5913636684417725,3.9914882475580264,86.91700023393638,89.23762982639556,NICK
2008-08-06,5.318181991577148,5.318181991577148,5.318181991577148,5.318181991577148,4.928106784820557,2860,5.160000038146973,4.887272787094116,4.630454564094544,5.142909193038941,5.503909163475036,6.102272760868073,66.31375181742955,0.046252381478855575,-0.09053012807183419,0.13678250955068977,5.307792081200661,4.630454564094544,3.9531170469884263,89.85032987464388,89.39628211375674,NICK
2008-08-07,5.43636417388916,5.43636417388916,5.43636417388916,5.43636417388916,5.037620544433594,110,5.256363868713379,4.988181924819946,4.675000023841858,5.1238182926177975,5.504181895256043,6.089909126758576,69.01417055360693,0.08435314780045822,-0.05555347289737571,0.13990662069783394,5.436118933132487,4.675000023841858,3.9138811145512293,95.4954840012471,90.75427136994261,NICK
2008-08-08,5.390909194946289,5.418181896209717,5.109090805053711,5.418181896209717,5.0207719802856445,8140,5.296363830566406,5.070909214019776,4.731363677978516,5.105454654693603,5.500636444091797,6.0774091267585755,68.10954795945902,0.11179244800619692,-0.022084288716661175,0.1338767367228581,5.536070578381681,4.731363677978516,3.926656777575351,99.4535382862134,94.93311738736828,NICK
2008-08-11,5.163636207580566,5.609090805053711,5.163636207580566,5.56363582611084,5.155556678771973,5830,5.383636379241944,5.162727308273316,4.800000023841858,5.090000095367432,5.500272803306579,6.065681850910186,71.34537797336328,0.14361964972068364,0.011056498970807793,0.13256315074987585,5.641918379668535,4.800000023841858,3.958081668015181,98.20974511761618,97.71958913502573,NICK
2008-08-12,5.663636207580566,5.763636112213135,5.654544830322266,5.71818208694458,5.298768043518066,2530,5.490909194946289,5.266363716125488,4.873181867599487,5.077272834777832,5.501181893348694,6.05581821680069,74.32618066808934,0.17924727700258103,0.04469465457716244,0.1345526224254186,5.765656886105819,4.873181867599487,3.9807068490931554,97.08363160323803,98.2489716690227,NICK
2008-08-13,5.5,5.663636207580566,5.5,5.663636207580566,5.248222351074219,4070,5.560000038146972,5.360000038146973,4.939090919494629,5.064000101089477,5.502181897163391,6.0461818528175355,71.49916857269316,0.2007667179493593,0.07590906725160182,0.12485765069775748,5.860177324426389,4.939090919494629,4.018004514562869,95.11867869416459,96.80401847167309,NICK
2008-08-14,5.554544925689697,5.554544925689697,5.554544925689697,5.554544925689697,5.147133827209473,220,5.58363618850708,5.42000002861023,4.992727255821228,5.05072735786438,5.4986364364624025,6.036681852340698,66.08534853116524,0.20663630055796922,0.1020545139128753,0.10458178664509392,5.925909873344409,4.992727255821228,4.059544638298046,90.17966467913442,94.12732499217917,NICK
2008-08-15,5.590909004211426,5.590909004211426,5.545454978942871,5.545454978942871,5.138709545135498,2200,5.609090805053711,5.452727317810059,5.051818203926087,5.044909181594849,5.499090986251831,6.02677276134491,65.63936056272802,0.20815502279792497,0.12327461568988524,0.08488040710803973,5.967685698079013,5.051818203926087,4.1359507097731605,84.7484239332365,90.01558910217865,NICK
2008-08-18,5.545454978942871,5.572727203369141,5.545454978942871,5.554544925689697,5.147133827209473,2860,5.607272624969482,5.495454502105713,5.106818199157715,5.040545539855957,5.495818257331848,6.0168636655807495,65.88728476823981,0.20769789183982645,0.14015927091987349,0.06753862091995297,6.004544799690541,5.106818199157715,4.209091598624889,80.81725251226123,85.2484470415442,NICK
2008-08-19,5.527273178100586,5.527273178100586,5.5,5.509090900421143,5.1050124168396,3520,5.565454387664795,5.528181791305542,5.161818194389343,5.037090997695923,5.493636436462403,6.006000030040741,63.422949341276215,0.2013468511322598,0.15239678696235076,0.04895006416990905,6.0155236860985175,5.161818194389343,4.308112702680169,78.35809278149917,81.30792307566578,NICK
2008-08-20,5.56363582611084,5.627273082733154,5.554544925689697,5.627273082733154,5.214526653289795,3630,5.5581817626953125,5.559090900421142,5.223181843757629,5.036363735198974,5.493818259239196,5.995909121036529,66.8904447633319,0.20350405200299004,0.1626182399704786,0.04088581203251143,6.023811198788015,5.223181843757629,4.422552488727244,79.59631967373458,79.59055498916514,NICK
2008-08-21,5.636363983154297,5.636363983154297,5.627273082733154,5.636363983154297,5.2229509353637695,4950,5.574545574188233,5.579090881347656,5.2836364030838014,5.034545555114746,5.49518189907074,5.986818215847015,67.14843475478665,0.2036002321831356,0.17081463841301,0.032785593770125604,6.014278588402113,5.2836364030838014,4.55299421776549,81.07438808073476,79.67626684532298,NICK
2008-08-22,5.636363983154297,5.636363983154297,5.609090805053711,5.636363983154297,5.2229509353637695,550,5.592727375030518,5.600909090042114,5.335909152030945,5.032727375030517,5.494272809028626,5.97927276134491,67.14843475478665,0.2013553564589401,0.17692278202219602,0.02443257443674407,6.00808274654022,5.335909152030945,4.663735557521671,84.75183735828885,81.80751503758621,NICK
2008-08-25,5.681818008422852,5.727272987365723,5.663636207580566,5.663636207580566,5.248222351074219,880,5.614545631408691,5.610909128189087,5.386818218231201,5.03181827545166,5.494909172058105,5.972590942382812,68.01553951195977,0.19947746481776019,0.18143371858130886,0.01804374623645133,5.993106923628378,5.386818218231201,4.780529512834024,84.9783758436976,83.60153376090723,NICK
2008-08-26,5.5363640785217285,5.663636207580566,5.527273178100586,5.6454548835754395,5.231375217437744,880,5.641818428039551,5.603636407852173,5.435000061988831,5.032363729476929,5.495363721847534,5.966272761821747,66.75062702646431,0.19428257270169524,0.18400348940538613,0.01027908329630911,5.956798451969807,5.435000061988831,4.913201672007854,83.92440362989275,84.5515389439599,NICK
2008-08-27,5.609090805053711,5.663636207580566,5.545454978942871,5.545454978942871,5.138709545135498,6050,5.6254548072814945,5.5918182849884035,5.475909161567688,5.031091012954712,5.495545539855957,5.959409127235412,60.12720935297704,0.1800212537488841,0.18320704227408574,-0.003185788525201627,5.885596697841723,5.475909161567688,5.066221625293653,77.77784253345602,82.22687400234895,NICK
2008-08-28,5.6454548835754395,5.6454548835754395,5.554544925689697,5.554544925689697,5.147133827209473,550,5.609090995788574,5.5918182849884035,5.505909156799317,5.031272811889648,5.495636439323425,5.950772762298584,60.51078561551944,0.16752145540669794,0.1800699249006082,-0.012548469493910253,5.839250546069291,5.505909156799317,5.172567767529342,71.25425254066613,77.65216623467178,NICK
2008-08-29,5.509090900421143,5.599999904632568,5.4636359214782715,5.572727203369141,5.163982391357422,1650,5.596363639831543,5.594545507431031,5.523636412620545,5.03218189239502,5.496636443138122,5.942636399269104,61.312495861570405,0.1572695277978564,0.17550984548005782,-0.018240317682201412,5.830548478738299,5.523636412620545,5.21672434650279,56.06065489492236,68.36424998968165,NICK
2008-09-02,5.599999904632568,5.599999904632568,5.599999904632568,5.599999904632568,5.1892547607421875,220,5.583636379241943,5.599091005325318,5.547272753715515,5.037272787094116,5.49772735118866,5.934000034332275,62.54095357220748,0.14962074555213878,0.17033202549447402,-0.020711279942335237,5.795679292626642,5.547272753715515,5.298866214804389,51.07977752625439,59.464894987281106,NICK
2008-09-03,5.663636207580566,5.699999809265137,5.663636207580566,5.681818008422852,5.26507043838501,660,5.590909004211426,5.6163637161254885,5.572272753715515,5.043454608917236,5.49909098148346,5.926045489311218,66.02624418700435,0.14844983047050597,0.1659555864896804,-0.017505756019174423,5.762311853679954,5.572272753715515,5.382233653751076,56.94879046481503,54.696407628664076,NICK
2008-09-04,5.681818008422852,5.681818008422852,5.681818008422852,5.681818008422852,5.26507043838501,0,5.618181610107422,5.621818208694458,5.5904545545578,5.053454608917236,5.500272803306579,5.917863669395447,66.02624418700435,0.1458407108997628,0.16193261137169687,-0.016091900471934067,5.746275469305429,5.5904545545578,5.434633639810171,72.4137120243379,60.1474266718026,NICK
2008-09-05,5.745454788208008,5.745454788208008,5.745454788208008,5.745454788208008,5.324040412902832,220,5.656363582611084,5.6327272891998295,5.605909085273742,5.05945460319519,5.502090992927552,5.912045488357544,68.65683489183233,0.14721096476993623,0.15898828205134474,-0.011777317281408517,5.758817661872922,5.605909085273742,5.453000508674562,88.50566812627797,72.62272353847713,NICK
2008-09-08,5.636363983154297,5.636363983154297,5.636363983154297,5.636363983154297,5.2229509353637695,220,5.669090938568115,5.6327272891998295,5.616818189620972,5.067636423110962,5.502909183502197,5.904000034332276,60.07001946091748,0.13790450725914916,0.15477152709290562,-0.016867019833756464,5.743475993269836,5.616818189620972,5.490160385972107,81.34965192117025,80.75634402392886,NICK
2008-09-09,5.636363983154297,5.636363983154297,5.636363983154297,5.636363983154297,5.2229509353637695,880,5.676363754272461,5.630000066757202,5.620454597473144,5.075636425018311,5.5038182735443115,5.897772765159607,60.07001946091748,0.12904156183321547,0.1496255340409676,-0.020583972207752127,5.7449537550130545,5.620454597473144,5.495955439933234,74.19363571606253,81.3496519211704,NICK
2008-09-10,5.481818199157715,5.481818199157715,5.363636016845703,5.445455074310303,5.04604434967041,10670,5.6290911674499515,5.610000085830689,5.6068182468414305,5.092000064849853,5.502091002464295,5.889772765636444,47.90893551141271,0.10539789890701456,0.14078000701417698,-0.03538210810716241,5.7445537694044555,5.6068182468414305,5.4690827242784055,48.00322494192087,67.84883752638471,NICK
2008-09-11,5.5,5.5,5.5,5.5,5.096589088439941,3190,5.592727565765381,5.605454587936402,5.598636436462402,5.1083637046813966,5.500909180641174,5.883363676071167,50.963483596044114,0.09002370807789273,0.13062874722692014,-0.04060503914902741,5.741253677813312,5.598636436462402,5.456019195111493,39.477847549197286,53.891569402393735,NICK
2008-09-12,5.554544925689697,5.554544925689697,5.409090995788574,5.5,5.096589088439941,8910,5.543636608123779,5.600000095367432,5.595909190177918,5.124000062942505,5.5004546308517455,5.877681856155395,50.963483596044114,0.07695249066957288,0.11989349591545069,-0.04294100524587781,5.743783944941915,5.595909190177918,5.448034435413921,30.952470156473705,39.477847549197456,NICK
2008-09-15,5.172727108001709,5.172727108001709,4.345455169677734,4.7090911865234375,4.363691806793213,8360,5.358182048797607,5.513636493682862,5.554091000556946,5.125272789001465,5.490181903839112,5.867045493125915,25.65995606934011,0.0027421159478926427,0.09646321992193908,-0.09372110397404644,5.968400073591407,5.554091000556946,5.139781927522486,32.46755035748873,34.29928935438675,NICK
2008-09-16,4.7090911865234375,4.763636112213135,4.7090911865234375,4.754545211791992,4.405811309814453,3520,5.181818294525146,5.4290910243988035,5.5140910148620605,5.128363695144653,5.4827273559570315,5.856818218231201,27.87626744163728,-0.05180520258411381,0.06680953542072851,-0.11861473800484232,6.055484277687768,5.5140910148620605,4.972697752036353,30.3030183108116,31.24101294159152,NICK
2008-09-17,4.71818208694458,5.109090805053711,4.7090911865234375,5.109090805053711,4.734352111816406,8250,5.114545440673828,5.37181830406189,5.494091010093689,5.139818229675293,5.47836371421814,5.848863673210144,42.32101607951978,-0.06566849367994543,0.040313929600593726,-0.10598242328053915,6.0635703319572904,5.494091010093689,4.924611688230087,36.58005030860476,33.11687299230187,NICK
2008-09-18,5.018181800842285,5.490909099578857,5.0,5.045454978942871,4.675383567810059,4290,5.023636436462402,5.308182001113892,5.465000104904175,5.150000047683716,5.471181902885437,5.840681858062744,40.74374263169901,-0.0808580498273459,0.016079533715005798,-0.0969375835423517,6.063020957187821,5.465000104904175,4.866979252620529,44.588714215064726,37.15726094482721,NICK
2008-09-19,5.009090900421143,5.081818103790283,5.0,5.081818103790283,4.709078788757324,660,4.940000057220459,5.2418183326721195,5.4372728109359745,5.160727310180664,5.464636445045471,5.832818224430084,42.07230320951743,-0.0889364778771986,-0.004923668603435086,-0.08401280927376352,6.052127510750975,5.4372728109359745,4.822418111120974,52.38092805251952,44.516564192063186,NICK
2008-09-22,4.8545451164245605,4.927272796630859,4.727272987365723,4.727272987365723,4.380539417266846,8470,4.943636417388916,5.1509092330932615,5.391818261146545,5.169454593658447,5.4540000867843625,5.823227314949036,34.05507899268148,-0.12253501081762153,-0.028445937046272376,-0.09408907377134915,6.072019943312431,5.391818261146545,4.711616578980659,43.29002515430248,46.75322247396242,NICK
2008-09-23,4.7090911865234375,4.754545211791992,4.554544925689697,4.754545211791992,4.405811309814453,11770,4.943636417388916,5.062727355957032,5.3463637113571165,5.180727319717407,5.4430909872055055,5.814272766113281,35.079882903736845,-0.14528667529457362,-0.05181408469593263,-0.09347259059864099,6.0680674266870716,5.3463637113571165,4.6246599960271615,36.363600239599585,44.011517815474036,NICK
2008-09-24,4.736363887786865,4.736363887786865,4.7090911865234375,4.727272987365723,4.380539417266846,5170,4.867272853851318,4.990909147262573,5.300454616546631,5.190181875228882,5.431727356910706,5.804590950012207,34.502459790949686,-0.16363192690118034,-0.07417765313698217,-0.08945427376419816,6.056225237715799,5.300454616546631,4.544683995377463,27.92204754839805,35.85855764743355,NICK
2008-09-25,4.727272987365723,5.06363582611084,4.727272987365723,4.727272987365723,4.380539417266846,2750,4.803636455535889,4.9136364459991455,5.259545516967774,5.197818231582642,5.42072735786438,5.794454588890075,34.502459790949686,-0.1761402359730102,-0.09457016970418777,-0.08157006626882243,6.045800828301342,5.259545516967774,4.473290205634205,28.690292296189924,30.991980028062695,NICK
2008-09-26,4.71818208694458,4.890909194946289,4.7090911865234375,4.890909194946289,4.5321736335754395,28270,4.76545467376709,4.852727365493775,5.226363730430603,5.206000051498413,5.410818271636963,5.7858636808395385,41.23366520499852,-0.17087929648185707,-0.10983199505972163,-0.061047301422135436,6.016026258427531,5.226363730430603,4.436701202433675,33.03454718138173,29.88229567532341,NICK
2008-09-29,4.71818208694458,4.71818208694458,4.509090900421143,4.509090900421143,4.178360939025879,10450,4.721818256378174,4.832727336883545,5.1731819152832035,5.208909149169922,5.393545541763306,5.776227314472198,32.77080797902892,-0.19526857483145665,-0.12691931101406864,-0.06834926381738801,6.004539971556044,5.1731819152832035,4.341823859010363,28.454909332754312,30.05991627010883,NICK
2008-09-30,4.5,5.054544925689697,4.372726917266846,4.599999904632568,4.262601852416992,7040,4.690909194946289,4.817272806167603,5.123181915283203,5.211818246841431,5.376545538902283,5.767181859016419,36.131925865884746,-0.2048997005548019,-0.1425153889222153,-0.06238431163258659,5.966051431869274,5.123181915283203,4.280312398697132,25.61329240049542,29.034249638210664,NICK
2008-10-01,4.6454548835754395,4.6454548835754395,4.6454548835754395,4.6454548835754395,4.304722309112549,220,4.674545574188232,4.770909214019776,5.071363759040833,5.216545524597168,5.36127281665802,5.7595000433921815,37.80622110461096,-0.20648437679782283,-0.1553091864973368,-0.051175190300486034,5.897752470954162,5.071363759040833,4.244975047127503,19.799472455069154,24.622558062773138,NICK
2008-10-02,4.681818008422852,4.681818008422852,4.681818008422852,4.681818008422852,4.338418483734131,4180,4.665454578399658,4.734545516967773,5.021363759040833,5.222181882858276,5.345000085830688,5.751409132480621,39.17982126566995,-0.20247207185170346,-0.16474176356821013,-0.03773030828349333,5.814292887919933,5.021363759040833,4.228434630161733,25.07654924285494,23.49643803280668,NICK
2008-10-03,4.545454978942871,4.545454978942871,4.318181991577148,4.5363640785217285,4.203633785247803,5060,4.594545555114746,4.680000114440918,4.960909223556518,5.224363708496094,5.324909176826477,5.743181862831116,35.77609040025723,-0.20862431655153735,-0.17351827416487559,-0.03510604238666176,5.706765090530258,4.960909223556518,4.215053356582779,24.260577427047107,23.04553304165724,NICK
2008-10-06,4.545454978942871,4.545454978942871,4.181818008422852,4.199999809265137,3.8919405937194824,28820,4.532727336883545,4.6272727966308596,4.8890910148620605,5.216545524597168,5.301090993881226,5.732863681316376,29.41260161715913,-0.2378994435185824,-0.18639450803561694,-0.05150493548296545,5.637568372433817,4.8890910148620605,4.140613657290304,16.452863192377194,21.929996620759923,NICK
2008-10-07,4.181818008422852,4.181818008422852,4.181818008422852,4.181818008422852,3.875092029571533,7700,4.449090957641602,4.570000076293946,4.816363716125489,5.207272787094116,5.277636442184448,5.722772772312164,29.111180315065653,-0.25957509185318894,-0.20103062479913134,-0.05854446705405761,5.542604005679138,4.816363716125489,4.090123426571839,6.664521355001786,15.79265399147554,NICK
2008-10-08,4.181818008422852,4.181818008422852,3.799999952316284,3.799999952316284,3.5212795734405518,5390,4.2799999713897705,4.477272772789002,4.734090960025787,5.189636425971985,5.250727350711823,5.710727316141129,23.633744610303378,-0.3040577371397646,-0.221636047267258,-0.08242168987250659,5.526427760429717,4.734090960025787,3.941754159621856,0.46296245705960243,7.8601156681463715,NICK
2008-10-09,3.799999952316284,3.799999952316284,3.799999952316284,3.799999952316284,3.5212795734405518,550,4.103636360168457,4.384545469284058,4.649090957641602,5.171090965270996,5.223181900978088,5.698818225860595,23.633744610303374,-0.3354437670692496,-0.2443975912276563,-0.0910461758415933,5.459078287349285,4.649090957641602,3.839103627933919,1.8984813721090177e-13,2.375827937354037,NICK
2008-10-10,3.700000047683716,3.700000047683716,2.9636359214782715,3.28181791305542,3.041105270385742,18150,3.8527271270751955,4.223636341094971,4.538181853294373,5.137636423110962,5.190090990066528,5.683954589366913,18.233794088819657,-0.39754769943858115,-0.2750276128698413,-0.12252008656873986,5.4524870718048595,4.538181853294373,3.6238766347838856,5.050508032171107,1.8378234964104776,NICK
2008-10-13,3.28181791305542,3.78181791305542,3.2636361122131348,3.327272891998291,3.0832254886627197,39160,3.6781817436218263,4.105454540252685,4.469090938568115,5.099818239212036,5.157909169197082,5.66968186378479,19.9613837741241,-0.438048130189042,-0.3076317163336814,-0.13041641385536057,5.519937224699984,4.469090938568115,3.418244652436247,10.822523699375692,5.291010577182507,NICK
2008-10-14,3.5181820392608643,3.7636361122131348,3.3181819915771484,3.4272730350494385,3.175891160964966,26620,3.5272727489471434,3.9881818532943725,4.402727329730988,5.065818238258362,5.127272808551789,5.65577277302742,23.776932653012654,-0.45681001603003457,-0.33746737627295204,-0.11934263975708254,5.537382115630044,4.402727329730988,3.2680725438319316,18.18184329661933,11.351625009388888,NICK
2008-10-15,3.327272891998291,3.327272891998291,2.954545021057129,3.172727108001709,2.9400157928466797,21010,3.4018181800842284,3.8409090757369997,4.305909144878387,5.025636420249939,5.094090988636017,5.638772772550583,21.028886953721983,-0.4866093450884077,-0.3672957700360432,-0.1193135750523645,5.511204410250265,4.305909144878387,3.100613879506509,16.594543151002338,15.199636715665966,NICK
2008-10-16,2.9636359214782715,2.972727060317993,2.636363983154297,2.954545021057129,2.7378365993499756,24090,3.2327271938323974,3.6681817770004272,4.201363646984101,4.978363680839538,5.060636436939239,5.618545497655869,19.00168144118048,-0.5218158309720189,-0.3981997822232383,-0.12361604874878057,5.491661683525194,4.201363646984101,2.911065610443007,15.208483228548976,16.661623225390393,NICK
2008-10-17,3.0,3.081818103790283,2.809091091156006,2.89090895652771,2.678868293762207,5060,3.1545454025268556,3.5036362648010253,4.091818189620971,4.92745457649231,5.025636434555054,5.59754549741745,18.443227549048533,-0.5485290221427555,-0.42826563020714176,-0.1202633919356137,5.435427687664239,4.091818189620971,2.748208691577704,11.357930198990017,14.386985526180622,NICK
2008-10-20,2.745455026626587,3.063636064529419,2.7272729873657227,2.918181896209717,2.7041409015655518,14960,3.0727272033691406,3.375454473495483,4.001363635063171,4.877454576492309,4.991454615592956,5.577454586029052,19.534711076926026,-0.5610314984170732,-0.45481880384912804,-0.10621269456794519,5.403962026377712,4.001363635063171,2.5987652437486304,12.487311693146959,13.017908373562163,NICK
2008-10-21,2.9272730350494385,2.9909090995788574,2.918181896209717,2.9636359214782715,2.746260643005371,6380,2.9799997806549072,3.2536362648010253,3.9118181705474853,4.8254545783996585,4.957727336883545,5.556318221092224,21.42219019428709,-0.5608074023323137,-0.4760165235457652,-0.08479087878654856,5.339098083690139,3.9118181705474853,2.4845382574048314,13.434677781120314,12.42663989108594,NICK
2008-10-22,2.9272730350494385,2.9272730350494385,2.7363638877868652,2.78181791305542,2.5777783393859863,7810,2.9018179416656493,3.151818060874939,3.81454541683197,4.766727294921875,4.922000064849853,5.5356818556785585,19.456202114955975,-0.5687448616006949,-0.49456219115675115,-0.07418267044394378,5.271139663947796,3.81454541683197,2.3579511697161437,12.465582890025736,12.795857454764514,NICK
2008-10-23,2.545454978942871,2.8545451164245605,2.545454978942871,2.7363638877868652,2.535658597946167,30470,2.8581817150115967,3.0454544544219972,3.714999961853027,4.708181848526001,4.88609097480774,5.516318221092224,18.98707007074413,-0.572108207925258,-0.5100713945104525,-0.06203681341480549,5.180575060104692,3.714999961853027,2.2494248636013623,11.05480865671477,12.31835644262045,NICK
2008-10-24,2.3363640308380127,2.71818208694458,2.3363640308380127,2.700000047683716,2.501962184906006,30690,2.819999933242798,2.9872726678848265,3.6054545044898987,4.651090950965881,4.850909154415131,5.4961818563938145,18.60066085334833,-0.5711243758182549,-0.522281990772013,-0.04884238504624194,5.030025317035816,3.6054545044898987,2.180883691943982,12.289627080398295,11.936672875713112,NICK
2008-10-27,2.7727270126342773,2.7909090518951416,2.3181819915771484,2.4272730350494385,2.2492387294769287,39710,2.7218181610107424,2.8972726821899415,3.5013636112213136,4.588727312088013,4.8168182468414305,5.477090947628021,15.974818981433986,-0.58560102829991,-0.5349457982775924,-0.05065523002231764,4.950629946816044,3.5013636112213136,2.0520972756265827,11.701177682661623,11.681871139925073,NICK
2008-10-28,1.954545021057129,2.4454550743103027,1.8272730112075806,2.3181819915771484,2.148149251937866,71390,2.5927273750305178,2.7863635778427125,3.3872727155685425,4.524000053405762,4.78227279663086,5.456818222999573,15.059055039037892,-0.5989720383753503,-0.547751046297144,-0.051220992078206296,4.8318797173435755,3.3872727155685425,1.9426657137935093,16.814292937433333,13.60169923349793,NICK
2008-10-29,2.090909004211426,2.454545021057129,2.090909004211426,2.418181896209717,2.240814447402954,1870,2.520000171661377,2.710909056663513,3.2759090662002563,4.4621818733215335,4.749636435508728,5.437136406898499,19.608445311709136,-0.5946448084253011,-0.5571297987227755,-0.03751500970252564,4.657395537227014,3.2759090662002563,1.8944225951734985,20.323671398954357,16.27971400634995,NICK
2008-10-30,2.363636016845703,2.409090995788574,2.363636016845703,2.363636016845703,2.1902692317962646,5940,2.4454545974731445,2.6518181562423706,3.159999966621399,4.396909132003784,4.716636433601379,5.415090951919556,19.01034617297652,-0.5888291877763776,-0.5634696765334959,-0.025359511242881716,4.43510687379455,3.159999966621399,1.8848930594482478,27.51972777187372,21.552564036087315,NICK
2008-10-31,2.299999952316284,2.8181819915771484,2.299999952316284,2.7363638877868652,2.535658597946167,15730,2.4527273654937742,2.636363649368286,3.0699999570846557,4.338909130096436,4.68672734260559,5.3961364054679875,33.856997952964136,-0.5478292082438645,-0.5603415828755696,0.01251237463170507,4.188264456032399,3.0699999570846557,1.9517354581369124,34.874253405903744,27.572550858910784,NICK
2008-11-03,2.6272730827331543,2.7272729873657227,2.60909104347229,2.7272729873657227,2.5272345542907715,12210,2.5127273559570313,2.6172727584838866,2.996363615989685,4.280727310180664,4.656727342605591,5.378090951442719,33.694756800961024,-0.5101888492905178,-0.5503110361585593,0.040122186868041476,3.9948317770526125,2.996363615989685,1.9978954549267578,44.796735747612836,35.73023897513028,NICK
2008-11-04,2.7727270126342773,2.9818179607391357,2.7272729873657227,2.9818179607391357,2.763108968734741,3300,2.6454545497894286,2.619090962409973,2.9363636136054994,4.227090945243836,4.629454610347747,5.361545497179032,42.06597369210392,-0.45457883970707647,-0.5311645968682627,0.07658575716118621,3.7739318552559906,2.9363636136054994,2.098795371955008,66.32578103077651,48.6655900614312,NICK
2008-11-05,2.918181896209717,3.090909004211426,2.918181896209717,3.090909004211426,2.864198923110962,2530,2.7799999713897705,2.650000071525574,2.9009090662002563,4.176000027656555,4.604181878566742,5.344272767305374,45.25594612746481,-0.3971269388196159,-0.5043570652585333,0.10723012643891738,3.6439405393814424,2.9009090662002563,2.1578775930190703,84.00965832790821,65.04405836876602,NICK
2008-11-06,3.081818103790283,3.5999999046325684,2.7727270126342773,2.7727270126342773,2.569354295730591,6600,2.8618181705474854,2.6536363840103148,2.849545419216156,4.120545468330383,4.575818240642548,5.3245909464359285,38.58296363915368,-0.3729711418533195,-0.4780798805774905,0.10510873872417104,3.4685414746831293,2.849545419216156,2.2305493637491827,81.7874286202921,77.37428932632578,NICK
2008-11-07,2.7727270126342773,2.809091091156006,2.7727270126342773,2.7727270126342773,2.569354295730591,3630,2.8690907955169678,2.660909080505371,2.824090874195099,4.064909110069275,4.5480909609794615,5.304363671541214,38.58296363915369,-0.3497952765167245,-0.4524229597653373,0.10262768324861282,3.4109236382486303,2.824090874195099,2.2372581101415676,68.88887603737774,78.22865432852619,NICK
2008-11-10,2.71818208694458,2.71818208694458,2.6181819438934326,2.6181819438934326,2.426145315170288,2970,2.84727258682251,2.6799999713897704,2.788636326789856,4.005818204879761,4.51900004863739,5.2836818552017215,35.62402319370924,-0.33997965785892736,-0.4299342993840553,0.08995464152512794,3.33378388676547,2.788636326789856,2.243488766814242,50.42733778275092,67.03454748014043,NICK
2008-11-11,2.6181819438934326,2.8545451164245605,2.60909104347229,2.754544973373413,2.5525057315826416,15180,2.8018179893493653,2.723636269569397,2.7549999237060545,3.9489091062545776,4.4930909466743465,5.263545490503311,39.99664904150839,-0.3175369838196982,-0.4074548362711839,0.0899178524514857,3.2146968964456297,2.7549999237060545,2.2953029509664793,50.08545321067722,56.46722234360214,NICK
2008-11-12,2.7272729873657227,2.7636361122131348,2.7272729873657227,2.7272729873657227,2.5272345542907715,19360,2.7290907859802247,2.7545453786849974,2.732727217674255,3.889818205833435,4.4666364073753355,5.24340912938118,39.419962913287264,-0.2985105801506056,-0.3856659850470682,0.08715540489646262,3.1505687779693803,2.732727217674255,2.31488565737913,49.230761954377066,49.91451764926858,NICK
2008-11-13,2.6454548835754395,2.8818180561065674,2.3727269172668457,2.409090995788574,2.2323901653289795,4950,2.656363582611084,2.7590908765792848,2.7054545164108275,3.8243636655807496,4.438909137248993,5.2221818602085115,33.37397413792213,-0.30558406287014206,-0.369649600611683,0.06406553774154095,3.132916587028578,2.7054545164108275,2.277992445793077,45.29913644792571,48.20511720432685,NICK
2008-11-14,2.436363935470581,2.436363935470581,2.3181819915771484,2.363636016845703,2.1902692317962646,9020,2.574545383453369,2.7218180894851685,2.6790908694267275,3.7567272901535036,4.4080909466743465,5.202409130334854,32.60462947943732,-0.3112695640290948,-0.35797359329516537,0.04670402926607059,3.122298452557671,2.6790908694267275,2.235883286295784,37.94871005159088,44.15953615129806,NICK
2008-11-17,2.4272730350494385,2.4272730350494385,2.3727269172668457,2.3727269172668457,2.19869327545166,2640,2.525454378128052,2.6863634824752807,2.6518181204795837,3.6914545488357544,4.379545485973358,5.181318219900131,32.93759728981705,-0.3114515849715551,-0.3486691916304433,0.03721760665888818,3.099921480010863,2.6518181204795837,2.203714760948304,27.25052365349782,36.832790051004984,NICK
2008-11-18,2.39090895652771,2.6272730827331543,2.39090895652771,2.6272730827331543,2.434569835662842,4840,2.5,2.6509089946746824,2.6349999785423277,3.6312727308273316,4.353454577922821,5.16245458483696,41.63289889679198,-0.28773921114316137,-0.3364831955329869,0.04874398438982552,3.0596641338486084,2.6349999785423277,2.210335823236047,24.70197311768311,29.96706894092411,NICK
2008-11-19,2.527272939682007,2.545454978942871,2.409090995788574,2.545454978942871,2.358752489089966,9350,2.4636363983154297,2.596363592147827,2.6231818318367006,3.573272728919983,4.332636396884919,5.14304549574852,39.84459039070513,-0.2724088614529818,-0.32366832871698586,0.051259467264004044,3.043982890114224,2.6231818318367006,2.2023807735591774,20.91023159637271,24.287576122518058,NICK
2008-11-20,2.327272891998291,2.4909090995788574,2.28181791305542,2.3818180561065674,2.207117795944214,17050,2.4581818103790285,2.557272696495056,2.6054545402526856,3.510909090042114,4.309636397361755,5.123090951442719,36.47044757444415,-0.2703471868911733,-0.31300410035182336,0.04265691346065004,3.035461240280704,2.6054545402526856,2.1754478402246673,17.21407681567951,20.942093843245285,NICK
2008-11-21,2.3454549312591553,2.3454549312591553,1.89090895652771,2.2727270126342773,2.1060280799865723,34650,2.4400000095367433,2.5072726964950562,2.5840908885002136,3.4463636302947998,4.285181846618652,5.103045496940613,34.3802125218541,-0.2743534545981876,-0.30527397120109623,0.03092051660290862,3.035127351035249,2.5840908885002136,2.1330544259651782,16.26926366806454,18.131190693372428,NICK
2008-11-24,2.2090909481048584,2.2272729873657227,2.10909104347229,2.2272729873657227,2.063908338546753,18700,2.4109092235565184,2.4681818008422853,2.5740908861160277,3.3967272663116455,4.261000027656555,5.0818636822700505,33.51822112446749,-0.2779916953633035,-0.2998175160335377,0.021825820670234197,3.046932641280702,2.5740908861160277,2.1012491309513535,16.5358360376,16.67305884044819,NICK
2008-11-25,2.090909004211426,2.3363640308380127,2.045454978942871,2.045454978942871,1.8954259157180786,8470,2.294545602798462,2.397272801399231,2.560454535484314,3.3425454616546633,4.235454578399658,5.059818232059479,30.250967324026533,-0.292178173040778,-0.29828964743498576,0.006111474394207783,3.0758464613065373,2.560454535484314,2.0450626096620903,17.021292524494466,16.608797410053175,NICK
2008-11-26,2.2727270126342773,2.2727270126342773,2.1454548835754395,2.1818180084228516,2.021787166595459,10670,2.221818208694458,2.342727303504944,2.5486363410949706,3.2840000057220458,4.21190911769867,5.038636412620544,35.34159490313348,-0.2890853064986212,-0.29644877924771285,0.00736347274909166,3.0868695447121786,2.5486363410949706,2.0104031374777627,19.360417959365574,17.63918217382019,NICK
2008-11-28,2.136363983154297,2.136363983154297,1.954545021057129,2.090909004211426,1.9375460147857666,9570,2.16363639831543,2.310909104347229,2.5349999904632567,3.224909086227417,4.187454566955567,5.017000048160553,33.58191552356714,-0.29061970134999493,-0.29528296366816925,0.004663262318174322,3.104217892705862,2.5349999904632567,1.9657820882206516,19.52795701887983,18.6365558342468,NICK
2008-12-01,2.0090909004211426,2.200000047683716,2.0090909004211426,2.200000047683716,2.038635730743408,3410,2.1490910053253174,2.2945455074310304,2.508181798458099,3.1672727251052857,4.164000017642975,4.996409138441086,37.59721768550793,-0.27980753770755573,-0.29218787847604655,0.012380340768490816,3.0873775054925714,2.508181798458099,1.9289860914236272,26.911321165411792,21.93323204788591,NICK
2008-12-02,2.1272730827331543,2.1818180084228516,2.1272730827331543,2.1818180084228516,2.021787166595459,4180,2.140000009536743,2.275454616546631,2.480909049510956,3.116363625526428,4.142909109592438,4.974909137487412,37.19362933328988,-0.2695981985246587,-0.287669942485769,0.018071743961110276,3.067590334864822,2.480909049510956,1.8942277641570897,26.911321165411792,24.45019978323465,NICK
2008-12-03,2.1818180084228516,2.1818180084228516,2.090909004211426,2.090909004211426,1.9375460147857666,11220,2.149090814590454,2.221818208694458,2.4363636016845702,3.063090901374817,4.121909110546112,4.952500046491623,35.16128784406185,-0.26577908470279166,-0.2832917709291735,0.017512686226381857,2.998943198269285,2.4363636016845702,1.873784005099855,26.911321165411792,26.911321165411966,NICK
2008-12-04,2.090909004211426,2.090909004211426,2.090909004211426,2.090909004211426,1.9375460147857666,0,2.1309090137481688,2.1763636112213134,2.3863636016845704,3.010363621711731,4.1002727484703065,4.9290909564495085,35.16128784406185,-0.2597580800309265,-0.2785850327495241,0.018826952718597634,2.881012610055834,2.3863636016845704,1.8917145933133068,25.56725569341802,26.463299341414043,NICK
2008-12-05,2.090909004211426,2.200000047683716,2.090909004211426,2.1818180084228516,2.021787166595459,7480,2.149090814590454,2.156363606452942,2.356818151473999,2.9594545221328734,4.078636376857758,4.906454590559005,39.025372621804,-0.2448285623021329,-0.2718337386600459,0.027005176357912997,2.8255380570151556,2.356818151473999,1.8880982459328428,28.950038123437462,27.142871660755933,NICK
2008-12-08,2.045454978942871,2.1545450687408447,1.9090909957885742,1.9272730350494385,1.7859126329421997,59070,2.0945454120635985,2.121818208694458,2.314545452594757,2.9001817989349363,4.053090925216675,4.882454590797424,33.080684659043854,-0.25064715953811234,-0.2675964228356592,0.016949263297546868,2.7780712780013737,2.314545452594757,1.8510196271881405,23.86831728743044,26.12853703476215,NICK
2008-12-09,1.954545021057129,2.2636361122131348,1.9090909957885742,2.2636361122131348,2.0976037979125977,18590,2.110909032821655,2.1254545211791993,2.296818161010742,2.8552727031707765,4.0320909261703495,4.860590951442719,45.0027490175977,-0.22551712945594238,-0.25918056415971585,0.033663434703773476,2.7391737778726175,2.296818161010742,1.8544625441488667,33.79628226216919,28.871545891012545,NICK
2008-12-10,2.1818180084228516,2.7272729873657227,2.1818180084228516,2.3454549312591553,2.173421621322632,13750,2.1618182182312013,2.1554545164108276,2.276363658905029,2.810181803703308,4.011000025272369,4.838772770166397,47.45497855758571,-0.19673150631147207,-0.2466907525900671,0.04995924627859502,2.6669725237258155,2.276363658905029,1.8857547940842427,38.743522725024114,32.13604075820809,NICK
2008-12-11,2.3454549312591553,2.454545021057129,2.136363983154297,2.136363983154297,1.9796671867370605,23540,2.170909214019775,2.150909113883972,2.246818208694458,2.7599999856948854,3.9882727551460264,4.816500045061112,42.268169222927845,-0.1886163329694801,-0.2350758686659497,0.0464595356964696,2.5819893412633084,2.246818208694458,1.9116470761256072,46.88003652846218,39.806613838552,NICK
2008-12-12,2.2727270126342773,2.2727270126342773,2.136363983154297,2.190908908843994,2.0302114486694336,4510,2.1727273941040037,2.160909104347229,2.235909104347229,2.7101818037033083,3.966181843280792,4.794136408567429,43.98806789769821,-0.1757576551340465,-0.22321222595956908,0.04745457082552257,2.5633573175849036,2.235909104347229,1.9084608911095544,39.3800455740023,41.667868275829704,NICK
2008-12-15,2.190908908843994,2.2727270126342773,2.190908908843994,2.2727270126342773,2.1060280799865723,660,2.2418181896209717,2.168181800842285,2.2313636541366577,2.664909062385559,3.9446363854408264,4.772818223237992,46.559854349349486,-0.1571534558992651,-0.2100004719475083,0.052847016048243184,2.55408329518896,2.2313636541366577,1.9086440130843556,36.0788889040729,40.7796570021793,NICK
2008-12-16,2.190908908843994,2.2727270126342773,2.190908908843994,2.2727270126342773,2.1060280799865723,6160,2.2436363697052,2.1772727012634276,2.2263636589050293,2.626363606452942,3.921454565525055,4.752227312326431,46.559854349349486,-0.14078659375350444,-0.19615769630870752,0.05537110255520308,2.543212894290471,2.2263636589050293,1.9095144235195878,41.11106319193051,38.85666589000208,NICK
2008-12-17,2.190908908843994,2.190908908843994,2.1272730827331543,2.136363983154297,1.9796671867370605,10780,2.2018181800842287,2.181818199157715,2.2018182039260865,2.5854545259475707,3.8963636565208435,4.73113640666008,42.76448380850026,-0.13723711044963327,-0.18437357913689267,0.0471364686872594,2.461544667013796,2.2018182039260865,1.942091740838377,38.8888629866292,38.69293836087771,NICK
2008-12-18,2.136363983154297,2.136363983154297,2.090909004211426,2.136363983154297,1.9796671867370605,13970,2.2018181800842287,2.186363697052002,2.181363654136658,2.552181806564331,3.870909116268158,4.711454590559006,42.76448380850026,-0.1328922205625589,-0.17407730742202593,0.041185086859467035,2.38878565290796,2.181363654136658,1.9739416553653555,33.33333333333354,37.77775317063126,NICK
2008-12-19,2.136363983154297,2.136363983154297,2.0363640785217285,2.081818103790283,1.9291218519210815,2640,2.1800000190734865,2.176363706588745,2.1663636565208435,2.517818169593811,3.8444545674324035,4.6914545905590055,41.206223334825026,-0.1323249015340595,-0.16572682624443263,0.03340192471037312,2.3562829965715966,2.1663636565208435,1.9764443164700904,25.55556462134673,32.592586980436664,NICK
2008-12-22,2.090909004211426,2.200000047683716,2.090909004211426,2.136363983154297,1.9796671867370605,27500,2.15272741317749,2.197272801399231,2.1595455050468444,2.4949090909957885,3.816272757053375,4.672363685369492,43.426241539150844,-0.1260212064880024,-0.1577857022931466,0.03176449580514418,2.3433953631999134,2.1595455050468444,1.9756956468937756,25.55556462134673,28.148154192009173,NICK
2008-12-23,2.136363983154297,2.2272729873657227,2.136363983154297,2.1545450687408447,1.996515154838562,21450,2.1290910243988037,2.186363697052002,2.1559091091156004,2.47145453453064,3.785636386871338,4.653909134864807,44.182788447902105,-0.11819593195797129,-0.14986774822611154,0.03167181626814025,2.3371147253139686,2.1559091091156004,1.9747034929172322,26.29627535863642,25.802468200443467,NICK
2008-12-24,2.1454548835754395,2.1636359691619873,2.1181819438934326,2.1636359691619873,2.0049386024475098,6380,2.134545421600342,2.168181800842285,2.1618181586265566,2.4461817932128906,3.7560000157356264,4.635409134626388,44.581854322911155,-0.10999285664349134,-0.1418927699095875,0.03189991326609615,2.3357943804964543,2.1618181586265566,1.9878419367566589,29.629595093283314,27.16047835775566,NICK
2008-12-26,2.1454548835754395,2.200000047683716,2.136363983154297,2.200000047683716,2.038635730743408,13090,2.1472726345062254,2.174545407295227,2.1627272605895995,2.426727252006531,3.726181836128235,4.6171364092826845,46.23764380169384,-0.0994116277641055,-0.1333965414804911,0.033984913716385595,2.3373010055876047,2.1627272605895995,1.9881535155915944,32.222174950598124,29.382681800839453,NICK
2008-12-29,2.1818180084228516,2.21818208694458,2.1818180084228516,2.1818180084228516,2.021787166595459,21010,2.167272615432739,2.173636317253113,2.167272710800171,2.411272711753845,3.694818196296692,4.599363679885864,45.505540951087234,-0.09143901422113299,-0.12500503602861948,0.033566021807486496,2.33883805378321,2.167272710800171,1.995707367817132,33.3332944799437,31.728354841275216,NICK
2008-12-30,2.363636016845703,2.409090995788574,2.1818180084228516,2.1818180084228516,2.021787166595459,15290,2.1763634204864504,2.16454541683197,2.166363608837128,2.397090892791748,3.6622727346420287,4.583227314949036,45.505540951087234,-0.08415062453109945,-0.11683415372911547,0.03268352919801602,2.337417572451123,2.166363608837128,1.995309645223133,29.980461921761,31.84531045076778,NICK
2008-12-31,2.090909004211426,2.363636016845703,2.090909004211426,2.136363983154297,1.9796671867370605,9460,2.1727272033691407,2.150909113883972,2.1640909075737,2.3814545345306395,3.6294545555114746,4.565045499801636,43.508224459890535,-0.08110732836197077,-0.10968878865568653,0.028581460293715763,2.3354706776716845,2.1640909075737,1.9927111374757156,26.099637752924014,29.804464718209744,NICK
2009-01-02,2.136363983154297,2.136363983154297,2.136363983154297,2.136363983154297,1.9796671867370605,0,2.1672728061676025,2.150909113883972,2.1663636565208435,2.36490909576416,3.5951818370819093,4.5477273201942445,43.50822445989053,-0.0777986794732004,-0.1033107668191893,0.025512087345988893,2.3349845399230458,2.1663636565208435,1.9977427731186412,23.93162902383716,26.670576232840897,NICK
2009-01-05,2.2727270126342773,2.7272729873657227,2.1454548835754395,2.7272729873657227,2.5272345542907715,7260,2.272727394104004,2.210000014305115,2.198181855678558,2.363818197250366,3.5652727460861207,4.533227319717407,66.004844207627,-0.027181798332959417,-0.08808497312194333,0.06090317478898391,2.4917267171623276,2.198181855678558,1.9046369941947887,50.24744634605157,33.42623770760442,NICK
2009-01-06,2.7272729873657227,3.4454550743103027,2.3181819915771484,3.3181819915771484,3.0748021602630615,9350,2.5000001907348635,2.3336364030838013,2.255000054836273,2.375454559326172,3.5418182039260864,4.522000050544738,76.208216372751,0.05992310658105149,-0.05848335718134436,0.11840646376239586,2.824281936213673,2.255000054836273,1.6857181734588735,72.59899518589208,48.92602351859377,NICK
2009-01-07,3.363636016845703,3.363636016845703,3.363636016845703,3.363636016845703,3.11692214012146,110,2.7363637924194335,2.4563636064529417,2.3268182039260865,2.388727278709412,3.5199091148376467,4.509272775650024,76.78541338074625,0.1311107679273431,-0.020564532159606866,0.15167530008694996,3.0533057906488628,2.3268182039260865,1.6003306172033105,95.05373462223353,72.63339205139256,NICK
2009-01-08,3.10909104347229,3.3454549312591553,2.863636016845703,2.8727269172668457,2.662019968032837,8250,2.8836363792419433,2.528181791305542,2.357272744178772,2.3976363563537597,3.493181834220886,4.496136410236359,59.887087571374664,0.14622959701655347,0.0127942936756252,0.13343530334092826,3.1207379803826916,2.357272744178772,1.5938075079748524,81.50532743974968,83.05268574929194,NICK
2009-01-09,2.5999999046325684,2.89090895652771,2.5999999046325684,2.8818180561065674,2.6704442501068115,2750,3.0327271938323976,2.6,2.3840909004211426,2.4089090776443483,3.466454565525055,4.4811364114284515,60.062374320315136,0.1571336183811658,0.04166215861673332,0.11547145976443247,3.180962243604966,2.3840909004211426,1.5872195572373191,71.18274035406192,82.58060080534857,NICK
2009-01-12,2.8363640308380127,2.8363640308380127,2.636363983154297,2.636363983154297,2.442993402481079,3520,3.0145453929901125,2.643636393547058,2.4090909004211425,2.4132727193832397,3.4377272963523864,4.465681866407395,53.29129639314418,0.14430557666914323,0.062190842227215305,0.08211473444192793,3.2046778247318803,2.4090909004211425,1.6135039761104046,53.20773484646414,68.63193421342542,NICK
2009-01-13,2.636363983154297,2.636363983154297,2.636363983154297,2.636363983154297,2.442993402481079,0,2.878181791305542,2.6890909910202025,2.431363654136658,2.4187272787094116,3.4078182053565977,4.450818232297897,53.29129639314417,0.1326106086421266,0.07627479551019756,0.056335813131929036,3.226212184637419,2.431363654136658,1.6365151236358968,46.84563205525264,57.07870241859308,NICK
2009-01-14,2.7090909481048584,3.1545450687408447,2.636363983154297,3.1545450687408447,2.9231669902801514,10010,2.83636360168457,2.786363697052002,2.475454556941986,2.4270909023284912,3.3830000162124634,4.439090957641602,63.394923599954055,0.16327303529291104,0.09367444346674025,0.06959859182617079,3.326085681742168,2.475454556941986,1.6248234321418038,53.020124108388465,51.024497003368595,NICK
2009-01-15,2.6181819438934326,2.7727270126342773,2.418181896209717,2.7727270126342773,2.569354295730591,14740,2.8163636207580565,2.85,2.5004545569419863,2.427999982833862,3.354363646507263,4.4243182277679445,54.107476216652415,0.15497722223539023,0.10593499922047026,0.04904222301491998,3.355163748197863,2.5004545569419863,1.6457453656861099,56.375812346934346,52.080522836858655,NICK
2009-01-16,2.8727269172668457,3.0181820392608643,2.8727269172668457,3.0181820392608643,2.796806573867798,330,2.843636417388916,2.9381818056106566,2.5445454597473143,2.428727264404297,3.3279091048240663,4.411409138441086,58.333474549734746,0.16629198937437772,0.11800639725125175,0.04828559212312597,3.410482946395147,2.5445454597473143,1.6786079730994814,65.77177813786277,58.389238197728695,NICK
2009-01-20,2.9000000953674316,2.9000000953674316,2.863636016845703,2.863636016845703,2.653595447540283,220,2.889090824127197,2.951818108558655,2.5809090614318846,2.4241818046569823,3.3000909161567686,4.3977273190021515,54.90523084923129,0.1609333123889063,0.12659178027878265,0.03434153211012364,3.436245146156018,2.5809090614318846,1.7255729767077512,58.61294566212654,60.25351204897472,NICK
2009-01-21,2.7636361122131348,2.7636361122131348,2.7636361122131348,2.7636361122131348,2.5609307289123535,220,2.914545249938965,2.8963635206222533,2.6149999618530275,2.4239999866485595,3.2722727274894714,4.383909133672714,52.74518438444221,0.14692372050778868,0.13065816832458385,0.01626555218320483,3.441928337277783,2.6149999618530275,1.7880715864282721,58.38923233060732,60.924652043532376,NICK
2009-01-22,2.8454549312591553,2.8454549312591553,2.672727108001709,2.672727108001709,2.476689338684082,330,2.8181816577911376,2.827272629737854,2.641818118095398,2.4219999885559083,3.2434545493125917,4.369545494318008,50.788994604909234,0.12702119980334947,0.12993077462033698,-0.0029095748169875035,3.4391773148976807,2.641818118095398,1.8444589212931155,49.22783566329358,55.41000455200932,NICK
2009-01-23,2.672727108001709,2.672727108001709,2.672727108001709,2.672727108001709,2.476689338684082,0,2.798181676864624,2.8072726488113404,2.667727220058441,2.423090891838074,3.2144545483589173,4.35554549574852,50.788994604909234,0.10998052176080186,0.12594072404842996,-0.015960202287628095,3.43310335678666,2.667727220058441,1.9023510833302222,43.731989392619084,50.44968579550683,NICK
2009-01-26,2.672727108001709,2.672727108001709,2.672727108001709,2.672727108001709,2.476689338684082,0,2.729090690612793,2.7863635540008547,2.693181777000427,2.4214545345306395,3.1851818203926086,4.341454585790634,50.78899460490922,0.09537622390113265,0.11982782401897049,-0.02445160011783784,3.4228339507972128,2.693181777000427,1.9635296032036416,37.66104878964614,43.54029128185311,NICK
2009-01-27,2.9272730350494385,2.9272730350494385,2.563636064529419,2.563636064529419,2.3755996227264404,550,2.6690907001495363,2.7790907621383667,2.7113635778427123,2.4181817960739136,3.1540000009536744,4.326545491218567,48.1145077775663,0.07414478223663812,0.11069121566250402,-0.0365464334258659,3.4083433177896234,2.7113635778427123,2.014383837895801,29.13185044241558,36.841629541560444,NICK
2009-01-28,2.563636064529419,2.563636064529419,2.563636064529419,2.563636064529419,2.3755996227264404,0,2.629090690612793,2.7718179702758787,2.730454480648041,2.4212726974487304,3.1228181815147398,4.3115454924106595,48.11450777756631,0.05666550706090412,0.09988607394218404,-0.043220566881279926,3.388180783327412,2.730454480648041,2.0727281779686697,20.84079467701002,29.21123130302409,NICK
2009-01-29,2.590909004211426,2.590909004211426,2.472727060317993,2.472727060317993,2.291358709335327,18700,2.58909068107605,2.7036361694335938,2.7449999332427977,2.4234545183181764,3.09009090423584,4.296090948581695,45.78440236581699,0.03507315714782644,0.08692349058331253,-0.05185033343548609,3.36535619973681,2.7449999332427977,2.1246436667487854,12.82606122371694,20.932902114381022,NICK
2009-01-30,2.472727060317993,2.472727060317993,2.472727060317993,2.472727060317993,2.291358709335327,0,2.5490906715393065,2.6736361742019654,2.7618180871009828,2.425454521179199,3.0584545350074768,4.2806818592548375,45.78440236581699,0.017756379784043652,0.07309006842345875,-0.055333688639415096,3.3314227356948245,2.7618180871009828,2.192213438507141,10.166991298093452,14.611282399606978,NICK
2009-02-02,2.4909090995788574,2.4909090995788574,2.4818179607391357,2.4818179607391357,2.2997829914093018,2420,2.510908842086792,2.6199997663497925,2.7790907859802245,2.4225454187393187,3.026909074783325,4.265363674163819,46.087205753429814,0.004711952198902747,0.05941444517854755,-0.0547024929796448,3.2896762520064406,2.7790907859802245,2.2685053199540084,7.818895131698729,10.270649217836548,NICK
2009-02-03,2.590909004211426,2.590909004211426,2.5181820392608643,2.5181820392608643,2.333479881286621,330,2.501818037033081,2.5854543685913085,2.768636238574982,2.4219999599456785,2.9976363444328307,4.249863673448562,47.35384661558973,-0.002660900211641337,0.04699937610050977,-0.04966027631215111,3.2914535927663753,2.768636238574982,2.2458188843835885,9.876529219446809,9.287471883079837,NICK
2009-02-04,2.454545021057129,2.454545021057129,2.454545021057129,2.454545021057129,2.274510383605957,2090,2.479999828338623,2.554545259475708,2.7254543900489807,2.42345449924469,2.9671817946434023,4.234045487642288,45.34603531908417,-0.013483485173913845,0.034902803845625045,-0.04838628901953889,3.2000171881390016,2.7254543900489807,2.25089159195896,9.427578130035387,9.041000827060481,NICK
2009-02-05,2.454545021057129,2.454545021057129,2.3727269172668457,2.454545021057129,2.274510383605957,3080,2.47636342048645,2.53272705078125,2.679999840259552,2.427090859413147,2.9367272448539734,4.218590937852859,45.346035319084166,-0.021809060455763696,0.023560430985347297,-0.04536949144111099,3.067515781131818,2.679999840259552,2.2924838993872863,10.772275727995355,10.025461025826024,NICK
2009-02-06,2.5,2.690908908843994,2.5,2.5,2.31663179397583,440,2.4818180084228514,2.515454339981079,2.66136349439621,2.4325453996658326,2.914636332988739,4.202409118413925,47.200582007682655,-0.024457372564838487,0.013956870275310139,-0.038414242840148626,3.045850937803539,2.66136349439621,2.276876050988881,13.89580287061405,11.365218909548437,NICK
2009-02-09,2.454545021057129,2.590909004211426,2.454545021057129,2.590909004211426,2.4008724689483643,8910,2.5036362171173097,2.5072725296020506,2.6468180418014526,2.4434544801712037,2.8929999709129333,4.187863663434983,50.796595991522885,-0.019001544136964643,0.007365187392855182,-0.026366731529819824,3.0186473543291465,2.6468180418014526,2.2749887292737587,24.990384317861416,16.55282097215711,NICK
2009-02-10,2.590909004211426,2.590909004211426,2.590909004211426,2.590909004211426,2.4008724689483643,0,2.5181816101074217,2.5099998235702516,2.644545292854309,2.451636300086975,2.8678181529045106,4.173090933561325,50.796595991522885,-0.01451049287140016,0.002990051340004114,-0.017500544211404276,3.0171572662691726,2.644545292854309,2.2719333194394458,33.879794577234726,24.255327255236903,NICK
2009-02-11,2.590909004211426,2.590909004211426,2.590909004211426,2.590909004211426,2.4008724689483643,770,2.545454406738281,2.5127271175384522,2.6422725439071657,2.461636300086975,2.843272693157196,4.157227298021317,50.796595991522885,-0.010826501220357887,0.00022674082793171365,-0.011053242048289601,3.0156101989959705,2.6422725439071657,2.268934888818361,39.3442637047039,32.73814753326685,NICK
2009-02-12,2.581818103790283,2.6272730827331543,2.581818103790283,2.6272730827331543,2.434569835662842,4290,2.5800000190734864,2.528181719779968,2.615908944606781,2.470181760787964,2.8187272429466246,4.141681843996048,52.415703280291105,-0.004915965871279848,-0.0008018005119105988,-0.004114165359369249,2.906014470342041,2.615908944606781,2.3258034188715206,41.53008001800013,38.25137943331308,NICK
2009-02-13,2.5999999046325684,2.672727108001709,2.5999999046325684,2.672727108001709,2.476689338684082,2420,2.614545440673828,2.54818172454834,2.6109089493751525,2.479999942779541,2.798181784152985,4.126090935468674,54.4340926349835,0.0033967799748775285,3.7915585447026705e-05,0.0033588643894305018,2.8933775240860484,2.6109089493751525,2.3284403746642566,46.448102232722384,42.44081531847564,NICK
2009-02-17,2.6454548835754395,2.6454548835754395,2.39090895652771,2.5181820392608643,2.333479881286621,17820,2.6000000476837157,2.5518181324005127,2.5859089493751526,2.4885454034805297,2.7758181524276733,4.109454569816589,47.11630206980063,-0.0024574762557492136,-0.00046116278279222133,-0.001996313472956992,2.799997430433952,2.5859089493751526,2.3718204683163533,48.57149499782514,45.51655908284939,NICK
2009-02-18,2.3545451164245605,2.39090895652771,2.3545451164245605,2.39090895652771,2.2155418395996094,440,2.5600000381469727,2.5390908241271974,2.5622725963592528,2.4945454025268554,2.7524545121192934,4.092090934514999,42.09717660618978,-0.017168977323918977,-0.003802725691017573,-0.013366251632901404,2.7514225464714284,2.5622725963592528,2.373122646247077,36.87454623840085,43.96471448964963,NICK
2009-02-19,2.3545451164245605,2.3727269172668457,2.2727270126342773,2.2727270126342773,2.1060280799865723,6380,2.496363639831543,2.5209090232849123,2.53772714138031,2.496363582611084,2.7279090523719787,4.074318205118179,38.04444910669379,-0.037927043744053535,-0.010627589301624767,-0.027299454442428768,2.7427287562385034,2.53772714138031,2.3327255265221165,18.841769455444034,34.76260356389018,NICK
2009-02-20,2.2727270126342773,2.2909090518951416,2.090909004211426,2.090909004211426,1.9375460147857666,15730,2.389090824127197,2.484545421600342,2.508636236190796,2.4996363019943235,2.69990905046463,4.055363661050796,32.81103797309906,-0.06826226974519489,-0.02215452539033879,-0.0461077443548561,2.782360240214086,2.508636236190796,2.2349122321675057,3.6036221221067066,19.77331260531737,NICK
2009-02-23,2.090909004211426,2.1181819438934326,2.0090909004211426,2.0181820392608643,1.8701536655426025,7590,2.2581818103790283,2.436363625526428,2.4759089827537535,2.494727220535278,2.674999961853027,4.0342727518081665,30.975532889362,-0.09705284834903738,-0.03713418998207851,-0.05991865836695887,2.812605342881569,2.4759089827537535,2.139212622625938,0.444455789639762,7.629949122397005,NICK
2009-02-24,2.1454548835754395,2.1454548835754395,2.1454548835754395,2.1454548835754395,1.9880911111831665,220,2.1836363792419435,2.3918182134628294,2.44954537153244,2.490727219581604,2.6504545116424563,4.01350002527237,37.55866775206976,-0.10835073462212108,-0.05137749891008702,-0.05697323571203406,2.80264137318685,2.44954537153244,2.09644936987803,7.111141105942249,3.7197396725630774,NICK
2009-02-25,2.2636361122131348,2.2727270126342773,2.245455026626587,2.2727270126342773,2.1060280799865723,3520,2.1599999904632567,2.3600000143051147,2.434999918937683,2.4934544801712035,2.626727232933044,3.994000024795532,43.37464708000804,-0.10581482628298211,-0.06226496438466604,-0.04354986189831607,2.792043494405105,2.434999918937683,2.0779563434702615,20.000020980840493,9.185205958807673,NICK
2009-02-26,2.5,2.5,2.3181819915771484,2.3181819915771484,2.148149251937866,550,2.169090986251831,2.332727313041687,2.4227272152900694,2.4959999418258665,2.6030908727645876,3.974045479297638,45.33307753529749,-0.0989960983376954,-0.06961119117527191,-0.029384907162423493,2.778110771188906,2.4227272152900694,2.067343659391233,34.66668904622985,20.5926170443377,NICK
2009-02-27,2.3181819915771484,2.3181819915771484,2.3181819915771484,2.3181819915771484,2.148149251937866,110,2.2145455837249757,2.3018182039260866,2.4149999618530273,2.496909041404724,2.5809090518951416,3.9529091143608093,45.33307753529749,-0.09252562945363696,-0.07419407883094492,-0.01833155062269204,2.7724136911364026,2.4149999618530273,2.057586232569652,43.52513068077423,32.730613569281694,NICK
2009-03-02,2.081818103790283,2.090909004211426,2.081818103790283,2.090909004211426,1.9375460147857666,660,2.2290909767150877,2.243636393547058,2.395909059047699,2.493272681236267,2.5598181438446046,3.930454568862915,37.760108337265166,-0.10453178952574405,-0.08026162096990475,-0.0242701685558393,2.7788284105907324,2.395909059047699,2.012989707504665,34.745836894142094,37.64588554038223,NICK
2009-03-03,1.963636040687561,2.0090909004211426,1.963636040687561,2.0090909004211426,1.8617291450500488,2420,2.2018181800842287,2.192727279663086,2.3722727060317994,2.490727219581604,2.5380908727645872,3.907863657474518,35.46334147202991,-0.11927388003245154,-0.0880640727824141,-0.03120980725003744,2.7880155481123854,2.3722727060317994,1.9565298639512134,21.771479472878056,33.347482349264965,NICK
2009-03-04,1.9727269411087036,2.4636359214782715,1.9363640546798706,2.136363983154297,1.9796671867370605,5720,2.1745455741882322,2.1672727823257447,2.353181803226471,2.490727219581604,2.5214545130729675,3.886090931892395,41.43124147543816,-0.11931186593754095,-0.09431363141343947,-0.02499823452410148,2.775386657370554,2.353181803226471,1.9309769490823874,15.29985439506325,23.93905692069464,NICK
2009-03-05,2.0545449256896973,2.172727108001709,1.6363639831542969,1.9272730350494385,1.7859126329421997,7590,2.0963637828826904,2.1327273845672607,2.3268182039260865,2.4876363182067873,2.502727243900299,3.8629545724391936,35.60591160370239,-0.13466156738222912,-0.1023832186071974,-0.03227834877503172,2.784750007546183,2.3268182039260865,1.8688864003059902,20.546996816345807,19.206110228095877,NICK
2009-03-06,1.7272729873657227,1.89090895652771,1.7272729873657227,1.8636360168457031,1.726943016052246,2750,2.005454587936401,2.1100000858306887,2.2972727537155153,2.4821817588806154,2.4885454249382017,3.839318207502365,34.0373292483944,-0.15022953928383886,-0.1119524827425257,-0.038277056541313165,2.7931099467305227,2.2972727537155153,1.801435560700508,25.917715043495505,20.588188751635027,NICK
2009-03-09,1.963636040687561,1.963636040687561,1.8636360168457031,1.8636360168457031,1.726943016052246,1210,1.9599999904632568,2.0945454835891724,2.2654545545578,2.4763635778427124,2.473909056186676,3.8159091126918794,34.0373292483944,-0.1607146507248851,-0.12170491633899758,-0.039009734385887535,2.7862169067126477,2.2654545545578,1.7446922024029528,25.63611974755295,24.03361053579826,NICK
2009-03-10,1.8818180561065674,2.0090909004211426,1.8818180561065674,1.954545021057129,1.811184048652649,6160,1.9490908145904542,2.075454497337341,2.2336363554000855,2.472181758880615,2.459181776046753,3.7932272922992705,38.52431834763375,-0.15984597529886857,-0.12933312813097178,-0.03051284716789679,2.748702044488125,2.2336363554000855,1.718570666312046,28.560067807629036,26.704634199559337,NICK
2009-03-11,1.9272730350494385,1.954545021057129,1.9090909957885742,1.954545021057129,1.811184048652649,6930,1.9127270221710204,2.0436362981796266,2.2018181562423704,2.4672726583480835,2.446999955177307,3.770545471906662,38.524318347633745,-0.15734378258277149,-0.13493525902133172,-0.02240852356143977,2.7031092077768184,2.2018181562423704,1.7005271047079225,33.3332597163392,29.176482423840568,NICK
2009-03-12,1.9727269411087036,1.9909089803695679,1.954545021057129,1.9727269411087036,1.828032374382019,7920,1.9218178033828734,2.009090793132782,2.1709090530872346,2.4630908370018005,2.437181774377823,3.748909105658531,39.479230530113995,-0.15213987406795182,-0.13837618203065574,-0.013763692037296077,2.6480772069834493,2.1709090530872346,1.6937408991910199,37.54378830844363,33.145705277470796,NICK
2009-03-13,2.1818180084228516,2.39090895652771,1.9454549551010132,1.9454549551010132,1.8027609586715698,11990,1.9381815910339355,1.9718180894851685,2.1368181467056275,2.4583635759353637,2.427727234363556,3.726681834459305,38.512894992010374,-0.14850449307184954,-0.1404018442388945,-0.008102648832955028,2.574485796926507,2.1368181467056275,1.6991504964847481,37.19294351662513,36.023330513802826,NICK
2009-03-16,1.9181820154190063,2.2636361122131348,1.854544997215271,2.0727269649505615,1.9206980466842651,8580,1.9799997806549072,1.9699998855590821,2.10681813955307,2.457090835571289,2.4192726850509643,3.7053636503219605,45.248216936392474,-0.13381114827981833,-0.1390837050470793,0.005272556767260961,2.4692196065610195,2.10681813955307,1.7444166725451207,41.75435370904523,38.83036184470484,NICK
2009-03-17,1.9818179607391357,2.0545449256896973,1.9818179607391357,2.0545449256896973,1.9038491249084473,440,1.999999761581421,1.9745452880859375,2.0836362838745117,2.455454454421997,2.4101817750930787,3.683954555988312,44.49830179372384,-0.12222477417262834,-0.13571191887218909,0.013487144699560749,2.393293636023089,2.0836362838745117,1.7739789317259342,44.9122421012648,41.28651310897857,NICK
2009-03-18,2.0,2.172727108001709,2.0,2.172727108001709,2.0133628845214844,8030,2.043636178970337,1.9781816005706787,2.0727271914482115,2.4443635368347167,2.4040908670425414,3.6630454659461975,50.26785213273818,-0.10232661724697589,-0.12903485854714644,0.02670824130017055,2.3522191921678304,2.0727271914482115,1.7932351907285926,54.594131935180165,47.086909248496916,NICK
2009-03-19,2.2636361122131348,2.299999952316284,2.2636361122131348,2.2727270126342773,2.1060280799865723,1210,2.1036361932754515,2.0127269983291627,2.0727271914482115,2.4234544372558595,2.3994544982910155,3.6427727365493774,54.57113455899426,-0.077593577494115,-0.11874660233654015,0.041153024842425154,2.3522191921678304,2.0727271914482115,1.7932351907285926,63.39307081416096,54.299814950202155,NICK
2009-03-20,2.2363638877868652,2.254544973373413,2.2363638877868652,2.254544973373413,2.0891799926757812,330,2.1654541969299315,2.0518178939819336,2.080908989906311,2.4012726163864135,2.3949999475479125,3.6229545509815217,53.66194028051229,-0.05878200158896085,-0.10675368218702429,0.047971680598063435,2.371414474646244,2.080908989906311,1.790403505166378,72.16116255455377,63.38278843463181,NICK
2009-03-23,2.3454549312591553,2.3454549312591553,2.3181819915771484,2.3181819915771484,2.148149251937866,3190,2.214545202255249,2.097272491455078,2.095908987522125,2.3901817178726197,2.3939090371131897,3.60536364197731,56.39993592353642,-0.0382972497656624,-0.0930623957027519,0.054765145937089504,2.4024480524828764,2.095908987522125,1.7893699225613737,78.02198762859678,71.19207366577068,NICK
2009-03-24,2.363636016845703,2.4000000953674316,2.327272891998291,2.39090895652771,2.2155418395996094,9790,2.2818180084228517,2.140908885002136,2.108181691169739,2.3803635358810427,2.3946363067626955,3.588454551696777,59.35566900597023,-0.016009925637213485,-0.07765190168964423,0.06164197605243074,2.440262642907766,2.108181691169739,1.7761007394317119,85.31745976470506,78.50020331595205,NICK
2009-03-25,2.3545451164245605,2.3545451164245605,2.3545451164245605,2.3545451164245605,2.1818454265594482,5170,2.318181610107422,2.1809088945388795,2.112272596359253,2.3747271585464476,2.3939999389648436,3.571818187236786,57.26527387111068,-0.0012667167626152498,-0.062374864704238434,0.061108147941623184,2.454229861794044,2.112272596359253,1.770315330924462,91.49010351333142,84.9431836355446,NICK
2009-03-26,2.39090895652771,2.409090995788574,2.39090895652771,2.409090995788574,2.2323901653289795,8910,2.3454544067382814,2.2245453000068665,2.1168180465698243,2.3701816987991333,2.3944544887542722,3.555545461177826,59.56562337282191,0.01464990411988465,-0.046969910939413814,0.06161981505929846,2.4717724430115786,2.1168180465698243,1.7618636501280702,97.35089016090014,91.38615114631239,NICK
2009-03-27,2.5363640785217285,2.5363640785217285,2.3181819915771484,2.363636016845703,2.1902692317962646,12650,2.3672726154327393,2.2663634061813354,2.119090747833252,2.3543635177612305,2.3907272100448607,3.538727276325226,56.82073948314227,0.02332720245551867,-0.03291048826042732,0.05623769071594599,2.4797100724535985,2.119090747833252,1.7584714232129057,89.30325384219225,92.71474917214145,NICK
2009-03-30,2.363636016845703,2.5363640785217285,2.3454549312591553,2.5363640785217285,2.350328207015991,2750,2.4109090328216554,2.312727117538452,2.141363501548767,2.3496362590789794,2.388818120956421,3.522772731781006,63.67154099880129,0.04363869521735886,-0.017600651564870083,0.06123934678222894,2.54475730346373,2.141363501548767,1.7379696996338043,91.55552812509289,92.73655737606195,NICK
2009-03-31,2.545454978942871,2.545454978942871,2.363636016845703,2.3818180561065674,2.207117795944214,8800,2.409090852737427,2.3454544305801392,2.1599998593330385,2.3369089794158935,2.3828181219100952,3.5061363661289215,55.22832883200183,0.046726493225940136,-0.004735222606708037,0.05146171583264817,2.5715843275254815,2.1599998593330385,1.7484153911405953,83.66077448308516,88.17318548345696,NICK
2009-04-01,2.3818180561065674,2.3818180561065674,2.3454549312591553,2.3454549312591553,2.173421621322632,1100,2.4072728157043457,2.3627272129058836,2.170454406738281,2.3265453577041626,2.3753635811805727,3.4897727298736574,53.432936234534786,0.04571245044454031,0.005354312003541632,0.04035813844099868,2.5896579015036996,2.170454406738281,1.7512509119728628,82.45613369145657,85.8908120998784,NICK
2009-04-02,2.363636016845703,2.4818179607391357,2.363636016845703,2.39090895652771,2.2155418395996094,11550,2.403636407852173,2.3745454072952272,2.1936362028121947,2.3190908145904543,2.3715454006195067,3.473681820631027,55.38534566246801,0.04802299500538476,0.013888048603910259,0.034134946401474506,2.6077311111894526,2.1936362028121947,1.7795412944349371,74.99997555689886,80.37229457714704,NICK
2009-04-03,2.363636016845703,2.418181896209717,2.363636016845703,2.39090895652771,2.2155418395996094,9790,2.409090995788574,2.3881818056106567,2.219999849796295,2.313454451560974,2.367727220058441,3.4579090905189513,55.38534566246801,0.04928598011709617,0.020967634906547444,0.02831834521054873,2.613316146101033,2.219999849796295,1.8266835534915575,73.75492128330357,77.07034351055319,NICK
2009-04-06,2.436363935470581,2.5363640785217285,2.4272730350494385,2.5363640785217285,2.350328207015991,770,2.409090995788574,2.4100000143051146,2.2536362528800966,2.3107271909713747,2.3669090414047242,3.442954545021057,61.39275098147553,0.06131709237089922,0.0290375263994178,0.03227956597148142,2.6341494684792024,2.2536362528800966,1.8731230372809908,82.84847936561808,77.20112540194036,NICK
2009-04-07,2.527272939682007,2.581818103790283,2.527272939682007,2.581818103790283,2.3924479484558105,1100,2.449091005325317,2.4290909290313722,2.284999907016754,2.308909010887146,2.3651817727088926,3.42913635969162,63.0663803498451,0.07367036931628856,0.03796409498279195,0.035706274333496615,2.665138229874435,2.284999907016754,1.9048615841590735,90.30463750017582,82.30267938303268,NICK
2009-04-08,2.6181819438934326,2.636363983154297,2.5181820392608643,2.563636064529419,2.3755996227264404,5390,2.4927272319793703,2.450000023841858,2.3154544591903687,2.308909010887146,2.3635454034805297,3.415090905427933,61.91024709275671,0.08105889519495735,0.04658305502522503,0.03447584016973232,2.682173371760247,2.3154544591903687,1.9487355466204903,93.3837869753459,88.84563461371346,NICK
2009-04-09,2.6181819438934326,2.7727270126342773,2.545454978942871,2.7727270126342773,2.569354295730591,2090,2.5690908432006836,2.4863636255264283,2.355454462766647,2.313090829849243,2.3671817636489867,3.4030454504489898,68.95781931331796,0.10260349799492907,0.057787143619165836,0.044816354375763236,2.7380900165101116,2.355454462766647,1.9728189090231827,93.93934155956727,92.54258867836319,NICK
2009-04-13,2.6181819438934326,2.8545451164245605,2.545454978942871,2.636363983154297,2.442993402481079,6600,2.618181848526001,2.5136364221572878,2.3899999141693113,2.3163635683059693,2.369909043312073,3.3889999949932097,61.0272999799646,0.10743593945525154,0.06771690278638298,0.03971903666886856,2.741850062115544,2.3899999141693113,2.0381497662230785,80.38004915964491,89.23439256485288,NICK
2009-04-14,2.672727108001709,2.6818180084228516,2.672727108001709,2.672727108001709,2.476689338684082,990,2.645454454421997,2.5272727251052856,2.419999921321869,2.3203635692596434,2.3729090452194215,3.37622726559639,62.273294772318685,0.11289846122019487,0.07675321447314536,0.03614524674704951,2.760665495248037,2.419999921321869,2.0793343473957004,75.14127257182925,83.15355443034731,NICK
2009-04-15,2.636363983154297,2.8181819915771484,2.636363983154297,2.6818180084228516,2.4851131439208984,8800,2.6654544353485106,2.557272720336914,2.451363575458527,2.324363570213318,2.3734544944763183,3.3634545361995696,62.595262785403335,0.11661682262267492,0.08472593610305126,0.03189088651962366,2.766191448168941,2.451363575458527,2.1365357027481124,64.40680929499308,73.3093770088226,NICK
2009-04-16,2.6454548835754395,2.6545450687408447,2.636363983154297,2.6545450687408447,2.459841012954712,12870,2.6836362361907957,2.588181734085083,2.4754544734954833,2.3270908308029177,2.374545395374298,3.3535908961296084,60.91567523813413,0.11602548297622262,0.09098584547768554,0.025039637498537076,2.774660074388222,2.4754544734954833,2.1762488726027445,65.53670834685401,68.3615967378923,NICK
2009-04-17,2.6545450687408447,2.7636361122131348,2.636363983154297,2.7272729873657227,2.5272345542907715,16830,2.674545431137085,2.6218181371688845,2.498181772232056,2.3325453901290896,2.3779999446868896,3.3438181710243224,63.71194317071135,0.12004161228339472,0.09679699883882738,0.02324461344456734,2.801366038450228,2.498181772232056,2.1949975060138835,68.50283736060364,66.1487850008171,NICK
2009-04-20,2.809091091156006,2.809091091156006,2.6818180084228516,2.7272729873657227,2.5272345542907715,4400,2.69272723197937,2.6554545402526855,2.5218181729316713,2.337999949455261,2.3825454044342043,3.333863625526428,63.71194317071135,0.12182015675729385,0.10180163042252068,0.020018526334773176,2.818989437607088,2.5218181729316713,2.2246469082562546,70.90399462294083,68.31451344346635,NICK
2009-04-21,2.690908908843994,2.7727270126342773,2.690908908843994,2.7727270126342773,2.569354295730591,220,2.7127272129058837,2.6790908336639405,2.5445454239845278,2.3434544897079466,2.38799994468689,3.3244999861717224,65.5009964613638,0.12545130151744388,0.10653156464150532,0.018919736875938564,2.845447665724199,2.5445454239845278,2.2436431822448566,77.97624260498684,72.46102486284396,NICK
2009-04-22,2.7727270126342773,2.7727270126342773,2.6818180084228516,2.690908908843994,2.493537425994873,2750,2.714545392990112,2.6899999141693116,2.5595454216003417,2.3454544878005983,2.3944544839859008,3.3149545311927797,59.787142867973984,0.12033977073922042,0.10929320586104833,0.011046564878172085,2.8582187891502264,2.5595454216003417,2.260872054050457,75.19844830098508,74.69289517630445,NICK
2009-04-23,2.809091091156006,2.8181819915771484,2.6818180084228516,2.6818180084228516,2.4851131439208984,9350,2.719999980926514,2.701818108558655,2.575909066200256,2.347272667884827,2.3994544839859007,3.3056818008422852,59.16952273932805,0.11423841672565826,0.11028224803397033,0.003956168691687939,2.8635195616597255,2.575909066200256,2.288298570740787,71.8033706459555,74.992687183976,NICK
2009-04-24,2.636363983154297,2.672727108001709,2.590909004211426,2.636363983154297,2.442993402481079,6600,2.7018181800842287,2.6881818056106566,2.5872727155685427,2.348181767463684,2.4049090337753296,3.296181800365448,56.05169223145076,0.10453032918106642,0.10913186426338954,-0.004601535082323124,2.8654247830859005,2.5872727155685427,2.3091206480511848,60.139267118441914,69.04702868846103,NICK
2009-04-27,2.6818180084228516,2.7272729873657227,2.6818180084228516,2.7272729873657227,2.5272345542907715,3740,2.7018181800842287,2.697272706031799,2.6054545640945435,2.3501817655563353,2.4101817631721496,3.2870908904075624,60.53117498330906,0.10298504919939377,0.1079025012505904,-0.004917452051196619,2.8699608869271396,2.6054545640945435,2.3409482412619473,58.63779313855545,63.526810300984486,NICK
2009-04-28,2.7272729873657227,2.7272729873657227,2.7272729873657227,2.7272729873657227,2.5272345542907715,0,2.6927273750305174,2.7027272939682008,2.615000009536743,2.3512726831436157,2.4156363129615785,3.279272711277008,60.531174983309064,0.10060074096076788,0.10644214919262589,-0.005841408231858011,2.8826049035764063,2.615000009536743,2.34739511549708,57.753602509696805,58.843554255564925,NICK
2009-04-29,2.7272729873657227,2.745455026626587,2.7272729873657227,2.745455026626587,2.5440828800201416,5940,2.7036365985870363,2.709090995788574,2.633181858062744,2.3558181428909304,2.42218177318573,3.272045441865921,61.44275903468025,0.09903666509136366,0.10496105237237344,-0.005924387281009774,2.8838190429862287,2.633181858062744,2.382544673139259,63.01020450693153,59.80053338506146,NICK
2009-04-30,2.563636064529419,2.809091091156006,2.563636064529419,2.754544973373413,2.5525057315826416,2530,2.7181819915771483,2.719090986251831,2.653636360168457,2.3630908632278445,2.4288181328773497,3.264545440673828,61.916329652293044,0.09740775051717421,0.10345039200133359,-0.006042641484159381,2.8716590564888484,2.653636360168457,2.4356136638480654,64.83842273086331,61.86740991583074,NICK
2009-05-01,2.754544973373413,2.8181819915771484,2.754544973373413,2.8181819915771484,2.6114754676818848,9790,2.7545455932617187,2.7281818866729735,2.675000011920929,2.3739999628067014,2.435181772708893,3.256909074783325,65.14400231530115,0.10009793285259816,0.1027799001715865,-0.002681967318988343,2.8681791745766994,2.675000011920929,2.4818208492651586,77.4509970292505,68.43320808901531,NICK
2009-05-04,2.9000000953674316,2.9000000953674316,2.8818180561065674,2.89090895652771,2.678868293762207,1320,2.7872727870941163,2.7445454835891723,2.700000011920929,2.3899999618530274,2.4448181319236757,3.248954528570175,68.43636742872134,0.10686648963164913,0.10359721806359903,0.0032692715680500972,2.8673319509096995,2.700000011920929,2.5326680729321582,88.314721313311,76.86804702447513,NICK
2009-05-05,2.9272730350494385,3.972727060317993,2.9272730350494385,3.200000047683716,2.9652884006500244,47080,2.8818181991577148,2.7872727870941163,2.7331818103790284,2.4136363220214845,2.4541817712783813,3.243136348724365,77.96329461164294,0.13560847740395854,0.10999946993167094,0.0256090074722876,2.994410664495021,2.7331818103790284,2.471952956263036,80.81951477272432,82.19507770509547,NICK
2009-05-06,3.527272939682007,3.563636064529419,3.2727270126342773,3.5181820392608643,3.260132312774658,40150,3.0363636016845703,2.8700001001358033,2.7800000071525575,2.441090865135193,2.4659090423583985,3.238454533815384,83.48828800469863,0.1819637722527605,0.12439233039588884,0.05757144185687166,3.2020611609688094,2.7800000071525575,2.3579388533363055,70.06683751682786,79.7336912009546,NICK
2009-05-07,3.71818208694458,4.072727203369141,3.636363983154297,3.636363983154297,3.369645833969116,8470,3.212727403640747,2.9654546976089478,2.8336364030838013,2.4683636045455932,2.4809090423583986,3.2345908987522125,84.99327024744755,0.2256359814363087,0.1446410606039728,0.08099492083233589,3.3849415331451413,2.8336364030838013,2.282331273022461,61.32921657163835,70.73852295373037,NICK
2009-05-08,3.89090895652771,4.309091091156006,3.89090895652771,4.190908908843994,3.883516550064087,128810,3.487272787094116,3.1209091901779176,2.9045454978942873,2.5058181428909303,2.5009090423583986,3.2335454428195956,89.72553309074488,0.30151795157603,0.17601643879838424,0.12550151277764576,3.711713812271224,2.9045454978942873,2.0973771835173505,77.35182841053773,69.58262749966818,NICK
2009-05-11,4.454545021057129,4.772727012634277,4.454545021057129,4.754545211791992,4.405811309814453,14300,3.8600000381469726,3.3236364126205444,3.010454559326172,2.554545407295227,2.5257272243499758,3.235181804895401,92.36194147421732,0.4024959756918798,0.22131234617708334,0.18118362951479644,4.140396723277605,3.010454559326172,1.8805123953747387,87.83015751042183,75.5037341641995,NICK
2009-05-12,4.772727012634277,5.127273082733154,4.245454788208008,4.772727012634277,4.422659873962402,19250,4.174545431137085,3.5281818151474,3.1154545545578003,2.6081817674636842,2.5507272243499757,3.236090894937515,92.42942609500001,0.47847336359123904,0.27274454965991446,0.20572881393132458,4.468590974710169,3.1154545545578003,1.7623181344054317,92.85876516322553,86.01358369472855,NICK
2009-05-13,4.572727203369141,4.572727203369141,4.43636417388916,4.43636417388916,4.110968589782715,330,4.3581818580627445,3.6972727298736574,3.2031818628311157,2.6567272329330445,2.5737272262573243,3.235045441389084,78.59469129303437,0.5057147559932207,0.3193385909265757,0.186376165066645,4.656297881163752,3.2031818628311157,1.750065844498479,86.13226906372468,88.94039724579086,NICK
2009-05-14,4.154544830322266,4.363636016845703,4.1454548835754395,4.363636016845703,4.043574333190918,2200,4.503636264801026,3.8581818342208862,3.2886364102363586,2.7012726736068724,2.5959999465942385,3.233454531431198,75.94768850083318,0.5154929197805576,0.35856945669737206,0.1569234630831855,4.802395488291374,3.2886364102363586,1.7748773321813434,76.47753260979867,85.15618894558315,NICK
2009-05-15,4.56363582611084,4.609090805053711,4.56363582611084,4.609090805053711,4.271026134490967,3520,4.587272644042969,4.037272715568543,3.382727301120758,2.754909029006958,2.6212726736068728,3.232863620519638,78.57082154207815,0.5368597500717818,0.394227515372254,0.1426322346995278,4.977013456945795,3.382727301120758,1.788441145295721,74.34987560767463,78.98655909373285,NICK
2009-05-18,4.772727012634277,4.818181991577148,4.7090911865234375,4.7090911865234375,4.363691806793213,4730,4.5781818389892575,4.219090938568115,3.481818211078644,2.8118181324005125,2.646999945640564,3.2316363513469697,79.54937577192294,0.5554593227525562,0.4264738768483144,0.12898544590424177,5.145668105968902,3.481818211078644,1.817968316188386,77.8959706112147,76.24112627622952,NICK
2009-05-19,4.772727012634277,4.772727012634277,4.599999904632568,4.663636207580566,4.32157039642334,3410,4.556363677978515,4.3654545545578,3.576363670825958,2.86781813621521,2.672090857028961,3.2288636219501496,77.81005537892675,0.5600755785525631,0.45319421718916414,0.10688136136339893,5.282651391792125,3.576363670825958,1.8700759498597912,81.7966813151175,78.01417584466913,NICK
2009-05-20,4.609090805053711,4.727272987365723,4.545454978942871,4.727272987365723,4.380539417266846,11880,4.614545440673828,4.486363649368286,3.6781818747520445,2.9232726955413817,2.6977272272109984,3.226863621473312,78.51820463846826,0.5623861137798452,0.47503259650730034,0.08735351727254481,5.403888229840673,3.6781818747520445,1.952475519663416,82.91486234755006,80.86917142462761,NICK
2009-05-21,4.71818208694458,4.863636016845703,4.71818208694458,4.863636016845703,4.506900787353516,29260,4.714545440673828,4.609090852737427,3.787272775173187,2.9814545154571532,2.7243635869026184,3.2252727115154265,79.99170990376561,0.5686653660813339,0.49375915042210705,0.07490621565922684,5.523064018252436,3.787272775173187,2.051481532093939,84.43857440409657,83.05003935558824,NICK
2009-05-22,4.43636417388916,4.954545021057129,4.43636417388916,4.8545451164245605,4.498476505279541,660,4.763636302947998,4.675454473495483,3.8981818318367005,3.0390908789634703,2.7510908579826356,3.2229545271396636,79.59970857636102,0.5663792911719101,0.5082831785720676,0.05809611259984249,5.608931318091599,3.8981818318367005,2.1874323455818017,86.33470648592952,84.56271441252558,NICK
2009-05-26,4.727272987365723,4.736363887786865,4.599999904632568,4.636363983154297,4.296298503875732,3520,4.74909086227417,4.663636350631714,3.9936363816261293,3.092909059524536,2.77563631772995,3.2189545261859895,70.65108263921532,0.5407289792165062,0.5147723387009553,0.02595664051555091,5.644392146029843,3.9936363816261293,2.3428806172224155,83.13059172131692,84.6346242037812,NICK
2009-05-27,4.6454548835754395,4.727272987365723,4.636363983154297,4.6454548835754395,4.304722309112549,3630,4.745454597473144,4.65090913772583,4.089545476436615,3.144363617897034,2.8007272267341614,3.215090891122818,70.79839054517761,0.5151956273851384,0.5148569964377919,0.00033863094734642996,5.655571848652225,4.089545476436615,2.5235191042210046,76.27187348826637,81.91239056517112,NICK
2009-05-28,4.900000095367432,4.900000095367432,4.545454978942871,4.654544830322266,4.313146591186523,11550,4.730908966064453,4.67272720336914,4.184999966621399,3.196363615989685,2.825909035205841,3.210545436143875,70.95536860653611,0.49004481327045024,0.5098945598043236,-0.01984974653387339,5.640514097852404,4.184999966621399,2.7294858353903946,67.65899590977463,75.68715370645283,NICK
2009-05-29,4.545454978942871,4.909090995788574,4.545454978942871,4.909090995788574,4.5490217208862305,5170,4.7399999618530275,4.727272701263428,4.292727267742157,3.251090893745422,2.8477272152900697,3.206499980688095,75.00708459957185,0.48506088021756,0.5049278238869709,-0.019866943669410886,5.622284324339797,4.292727267742157,2.963170211144516,69.07510614744886,71.00199184849681,NICK
2009-06-01,4.56363582611084,4.636363983154297,4.56363582611084,4.636363983154297,4.296298503875732,1210,4.696363735198974,4.730000019073486,4.383636367321015,3.2983636331558226,2.8609090352058413,3.2013636195659636,64.60778153680411,0.45387232903757546,0.4947167249170918,-0.040844395879516326,5.5340382941915065,4.383636367321015,3.2332344404505227,63.180797529389714,66.6382998622046,NICK
2009-06-02,4.636363983154297,4.636363983154297,4.636363983154297,4.636363983154297,4.296298503875732,0,4.696363735198974,4.722727298736572,4.470909118652344,3.3460000133514405,2.873636314868927,3.196772714853287,64.60778153680411,0.424264520232315,0.4806262839801364,-0.056361763747821425,5.398317165750176,4.470909118652344,3.5435010715545117,62.81732234486966,65.02440867390295,NICK
2009-06-03,4.545454978942871,4.727272987365723,4.545454978942871,4.727272987365723,4.380539417266846,7260,4.712727355957031,4.729090976715088,4.5472727656364444,3.394181833267212,2.8921817755699157,3.192681804895401,66.40823887299369,0.4034845960600766,0.46519794639612444,-0.061713350336047856,5.2731257623246215,4.5472727656364444,3.8214197689482674,60.861462510964536,62.28652746174151,NICK
2009-06-04,4.736363887786865,5.06363582611084,4.554544925689697,4.818181991577148,4.464780330657959,19360,4.745454788208008,4.73818187713623,4.612272763252259,3.4427272939682005,2.9115454149246216,3.188999990224838,68.15297060890711,0.38985791396980307,0.45012993991086014,-0.06027202594105707,5.171589660152845,4.612272763252259,4.052955866351672,64.4846663406323,62.721150398822374,NICK
2009-06-05,4.772727012634277,4.93636417388916,4.545454978942871,4.93636417388916,4.5742950439453125,6930,4.750909423828125,4.7454546928405765,4.677272772789001,3.4943636751174925,2.9345454168319702,3.1861363565921783,70.31175931615024,0.38416655178755743,0.4369372622861996,-0.05277071049864218,5.032888921571226,4.677272772789001,4.321656624006776,70.8300214408341,65.39205009747718,NICK
2009-06-08,4.818181991577148,4.909090995788574,4.763636112213135,4.909090995788574,4.5490217208862305,15840,4.80545482635498,4.750909280776978,4.713181877136231,3.5443636751174927,2.957272686958313,3.1825454461574556,69.14687659570178,0.3731539028015636,0.4241805903892724,-0.05102668758770884,5.004288328880639,4.713181877136231,4.422075425391823,71.980756385736,69.09848138906767,NICK
2009-06-09,4.845455169677734,5.018181800842285,4.845455169677734,5.018181800842285,4.650110721588135,5060,4.881818389892578,4.7890910625457765,4.726363706588745,3.5974545907974242,2.9759090542793274,3.1794545352458954,71.20206953201382,0.3689756932834696,0.41313961096811186,-0.044163917684642284,5.046224190765432,4.726363706588745,4.4065032224120575,82.60878378857785,75.13985387171618,NICK
2009-06-10,5.245454788208008,5.245454788208008,5.090909004211426,5.154544830322266,4.776471138000488,12540,4.967272758483887,4.840000057220459,4.745454597473144,3.649818205833435,2.999727232456207,3.177045439481735,73.5718764780053,0.3723752785678851,0.4049867444880665,-0.03261146592018138,5.1157123247301906,4.745454597473144,4.375196870216098,85.62666784086468,80.07206933839304,NICK
2009-06-11,4.890909194946289,5.190908908843994,4.890909194946289,5.136363983154297,4.759625434875488,2970,5.030909156799316,4.888181972503662,4.7804545879364015,3.7049091243743897,3.0209090518951416,3.174409078359604,72.71273570100483,0.3693448544033249,0.39785836647111816,-0.02851351206779329,5.15946044387571,4.7804545879364015,4.401448731997093,89.34482975740724,85.86009379561678,NICK
2009-06-12,4.972726821899414,5.090909004211426,4.972726821899414,5.090909004211426,4.717504024505615,330,5.0618181228637695,4.906363773345947,4.8168182373046875,3.759818205833435,3.0431817817687987,3.171636348962784,70.49622224546472,0.3591354940806255,0.39011379199301965,-0.030978297912394148,5.1673678394018605,4.8168182373046875,4.4662686352075145,84.40094013885107,86.45747924570786,NICK
2009-06-15,5.081818103790283,5.081818103790283,4.954545021057129,4.9636359214782715,4.5995659828186035,3960,5.072727108001709,4.939090967178345,4.8345454931259155,3.811272745132446,3.06518177986145,3.1687272536754607,64.56183930003144,0.3368911568111299,0.3794692649566417,-0.04257810814551177,5.177049435278386,4.8345454931259155,4.492041550973445,74.72634588218143,82.82403859281344,NICK
2009-06-16,4.927272796630859,4.954545021057129,4.927272796630859,4.954545021057129,4.591141700744629,1210,5.059999752044678,4.970909070968628,4.8468181848526,3.8625454664230348,3.0879999589920044,3.165727254152298,64.14646704351668,0.31489884174518057,0.36655518031434947,-0.0516563385691689,5.1880493312517055,4.8468181848526,4.505587038453494,65.3678754264857,74.83172048250624,NICK
2009-06-17,4.818181991577148,4.818181991577148,4.636363983154297,4.636363983154297,4.296298503875732,2530,4.956363582611084,4.9618181705474855,4.845454573631287,3.904545464515686,3.1076363277435304,3.161045438051224,51.62689057783094,0.26869784154177356,0.3469837125598343,-0.07828587101806073,5.18980660916123,4.845454573631287,4.501102538101343,43.72286852596895,61.272363278212204,NICK
2009-06-18,4.636363983154297,4.636363983154297,4.636363983154297,4.636363983154297,4.296298503875732,0,4.856363582611084,4.9436363697052,4.840909123420715,3.9456363821029665,3.1272726964950563,3.1562272584438325,51.62689057783094,0.22943839304575064,0.3234746486570176,-0.09403625561126694,5.19367827944474,4.840909123420715,4.488139967396691,28.138486264134414,45.7430767388632,NICK
2009-06-19,5.06363582611084,5.06363582611084,4.654544830322266,4.654544830322266,4.313146591186523,220,4.769090747833252,4.915454435348511,4.830454564094543,3.987454557418823,3.1481817841529844,3.1510908925533294,52.24454993633242,0.19751520732527705,0.2982827603906695,-0.10076755306539242,5.192189154382192,4.830454564094543,4.468719973806894,13.852759003255827,28.571371264453244,NICK
2009-06-22,4.681818008422852,4.681818008422852,4.545454978942871,4.545454978942871,4.212057113647461,4730,4.685454559326172,4.87909083366394,4.815000057220459,4.022909116744995,3.1679999732971194,3.1454090774059296,48.2624741539666,0.16155095450176038,0.27093639921288765,-0.10938544471112727,5.197132793903261,4.815000057220459,4.432867320537657,9.523757623152475,17.171667630181087,NICK
2009-06-23,4.6454548835754395,4.681818008422852,4.554544925689697,4.56363582611084,4.2289042472839355,7260,4.607272720336914,4.833636236190796,4.811363649368286,4.0614545536041256,3.1889090609550474,3.139499982595444,48.960686941320795,0.132983120815803,0.24334574353347072,-0.11036262271766772,5.201526641643459,4.811363649368286,4.421200657093114,6.060511105994734,9.81234257746786,NICK
2009-06-24,4.745454788208008,4.7909088134765625,4.736363887786865,4.78181791305542,4.431083679199219,2200,4.636363506317139,4.7963635444641115,4.818181800842285,4.1036363697052005,3.211999969482422,3.1352272522449494,56.54047074737078,0.12649027662077916,0.2199746501509324,-0.09348437353015324,5.201210074180581,4.818181800842285,4.435153527503989,12.121135744676954,9.235134824608236,NICK
2009-06-25,4.754545211791992,4.93636417388916,4.754545211791992,4.818181991577148,4.464780330657959,18810,4.672727108001709,4.764545345306397,4.826363658905029,4.146363649368286,3.235363609790802,3.1311363422870637,57.66883773007096,0.12286264396691582,0.2005522489141291,-0.07768960494721328,5.201979786549872,4.826363658905029,4.450747531260186,25.108139884987008,14.429928911886412,NICK
2009-06-26,4.827272891998291,5.090909004211426,4.818181991577148,5.0363640785217285,4.666959762573242,14080,4.749090957641601,4.759090852737427,4.832727313041687,4.194000029563904,3.2605454301834107,3.129090887308121,63.75021534166614,0.13602517638505862,0.187646834408315,-0.051621658023256384,5.21792435841622,4.832727313041687,4.447530267667154,47.61901518113702,28.28276360360051,NICK
2009-06-29,5.090909004211426,5.090909004211426,5.090909004211426,5.090909004211426,4.717504024505615,880,4.858181762695312,4.771818161010742,4.8554545640945435,4.241272749900818,3.2869090700149535,3.1270454323291776,65.10006781726074,0.14913871948694002,0.17994521142404002,-0.0308064919371,5.245237192837479,4.8554545640945435,4.465671935351608,62.33764258002594,45.0215992153835,NICK
2009-06-30,4.772727012634277,4.836363792419434,4.754545211791992,4.763636112213135,4.414235591888428,2530,4.898181819915772,4.752727270126343,4.861818170547485,4.282000012397766,3.3099999809265137,3.1233636128902433,52.47406344058068,0.13160603714824415,0.17027737656888084,-0.03867133942063669,5.241099734575114,4.861818170547485,4.482536606519856,60.618219448102074,56.85829240308852,NICK
2009-07-01,4.754545211791992,4.954545021057129,4.754545211791992,4.763636112213135,4.414235591888428,1980,4.894545459747315,4.765454483032227,4.863636326789856,4.321818194389343,3.332636342048645,3.123636337518692,52.474063440580686,0.11636982121737649,0.15949586549857997,-0.04312604428120348,5.240662511682909,4.863636326789856,4.486610141896803,50.574893482263434,57.84358517013066,NICK
2009-07-02,4.763636112213135,4.763636112213135,4.763636112213135,4.763636112213135,4.414235591888428,0,4.8836362838745115,4.778181695938111,4.860909032821655,4.363272738456726,3.3543636131286623,3.1236817920207978,52.474063440580686,0.1031064631949894,0.14821798503786185,-0.045111521842872454,5.239994486025322,4.860909032821655,4.481823579617989,37.93418939490031,49.70910077508878,NICK
2009-07-06,4.763636112213135,4.763636112213135,4.763636112213135,4.763636112213135,4.414235591888428,0,4.829090690612793,4.789090824127197,4.852272629737854,4.404909100532532,3.376090884208679,3.1219545185565947,52.47406344058068,0.09153994094730677,0.13688237621975083,-0.045342435272444054,5.231958209595393,4.852272629737854,4.472587049880315,39.99991257977111,42.83633181897846,NICK
2009-07-07,4.772727012634277,4.990909099578857,4.763636112213135,4.972726821899414,4.607990264892578,8910,4.805454254150391,4.831818008422852,4.855454421043396,4.451636357307434,3.399909062385559,3.1215908777713777,59.26347197317543,0.09811426142968305,0.12912875326173728,-0.031014491832054236,5.238046660256163,4.855454421043396,4.472862181830628,52.77769035754889,43.570597444073606,NICK
2009-07-08,4.954545021057129,4.954545021057129,4.818181991577148,4.818181991577148,4.464780330657959,3080,4.816363430023193,4.857272624969482,4.845454430580139,4.493454537391663,3.421818151473999,3.120272697210312,53.212572453529596,0.08981860854623935,0.12126672431863769,-0.03144811577239834,5.220899005772281,4.845454430580139,4.470009855387997,56.11105283095858,49.6295519227597,NICK
2009-07-09,4.836363792419434,4.8545451164245605,4.836363792419434,4.8545451164245605,4.498476505279541,330,4.834545230865478,4.8645453453063965,4.8304544448852536,4.535999979972839,3.4436363315582277,3.1209090578556062,54.39251370503941,0.08519635361346278,0.11405265017760272,-0.028856296564139933,5.1782586769312235,4.8304544448852536,4.4826502128392836,61.666608386514135,56.8517838583407,NICK
2009-07-10,4.93636417388916,4.990909099578857,4.900000095367432,4.981818199157715,4.6164140701293945,3080,4.878181648254395,4.880908966064453,4.822727155685425,4.580727243423462,3.468272693157196,3.122045422792435,58.351555218080144,0.0907568687005309,0.10939349388218836,-0.018636625181657457,5.149216065047212,4.822727155685425,4.496238246323638,62.22219308214604,59.99995143320643,NICK
2009-07-13,4.981818199157715,4.981818199157715,4.981818199157715,4.981818199157715,4.6164140701293945,0,4.92181806564331,4.875454378128052,4.817272615432739,4.625272707939148,3.4941817855834962,3.1233181488513946,58.351555218080144,0.09407913130492318,0.10633062136673532,-0.012251490061812143,5.128967484087383,4.817272615432739,4.505577746778096,72.10921078634081,65.33267075166717,NICK
2009-07-14,4.909090995788574,5.0,4.78181791305542,4.78181791305542,4.431083679199219,7920,4.8836362838745115,4.8445452690124515,4.808181715011597,4.664545426368713,3.5192726945877073,3.123590873479843,50.3810705432217,0.07965547797194272,0.1009955926877768,-0.02134011471583408,5.112796351850643,4.808181715011597,4.5035670781725505,57.49381048014585,63.94173811621107,NICK
2009-07-15,4.78181791305542,4.78181791305542,4.78181791305542,4.78181791305542,4.431083679199219,0,4.876363468170166,4.84636344909668,4.799545359611511,4.702363605499268,3.5461817836761473,3.1230454170703887,50.381070543221696,0.0674471401415806,0.09428590217853756,-0.026838762036956967,5.096776409432362,4.799545359611511,4.502314309790661,33.52984268476749,54.37762131708488,NICK
2009-07-16,4.7090911865234375,4.78181791305542,4.690908908843994,4.78181791305542,4.431083679199219,1100,4.861818027496338,4.848181629180909,4.806818056106567,4.733999962806702,3.573818142414093,3.12440905213356,50.3810705432217,0.05711357471731837,0.08685143668629372,-0.02973786196897535,5.094692939811548,4.806818056106567,4.5189431724015865,14.551906858658995,35.19185334119094,NICK
2009-07-17,4.836363792419434,5.0,4.836363792419434,4.863636016845703,4.506900787353516,5720,4.838181591033935,4.858181619644165,4.818181657791138,4.760909042358398,3.6009999537467956,3.1257272326946257,53.61814892826955,0.05489340980445867,0.0804598313099267,-0.025566421505468034,5.096012831042933,4.818181657791138,4.540350484539343,24.672369651072003,24.251373064833,NICK
2009-07-20,4.972726821899414,5.0363640785217285,4.818181991577148,4.818181991577148,4.464780330657959,3300,4.805454349517822,4.863636207580567,4.826363515853882,4.784545402526856,3.6264545035362246,3.1265908682346346,51.60397663265412,0.0489024363065278,0.07414835230924692,-0.025245916002719124,5.093883584940737,4.826363515853882,4.558843446767027,34.2503846422012,24.491553717310904,NICK
2009-07-21,4.818181991577148,4.818181991577148,4.818181991577148,4.818181991577148,4.464780330657959,3740,4.812727165222168,4.84818172454834,4.839999866485596,4.797090864181518,3.6514545035362245,3.127272688150406,51.603976632654124,0.04365136093001265,0.06804895403340007,-0.02439759310338742,5.074637146933594,4.839999866485596,4.6053625860375975,38.95534995986575,32.62603475104649,NICK
2009-07-22,4.818181991577148,5.0,4.818181991577148,5.0,4.63326358795166,6050,4.856363582611084,4.866363525390625,4.861818075180054,4.801999959945679,3.678272683620453,3.129590867757797,58.78623474550157,0.05354381980060552,0.06514792718684116,-0.011604107386235643,5.069170693769678,4.861818075180054,4.6544654565904295,54.385952804249314,42.53056246877226,NICK
2009-07-23,4.918181896209717,5.018181800842285,4.918181896209717,5.018181800842285,4.650110721588135,1320,4.903636360168457,4.882727193832397,4.873636269569397,4.806909055709839,3.7075454115867617,3.133681777715683,59.43455892146269,0.062134535851301465,0.06454524891973322,-0.002410713068431755,5.088220395995516,4.873636269569397,4.6590521431432785,73.68414514294562,55.67514930235374,NICK
2009-07-24,5.0363640785217285,5.136363983154297,5.0363640785217285,5.06363582611084,4.692231178283691,2200,4.943636322021485,4.89090895652771,4.8859089612960815,4.819454488754272,3.7380908608436583,3.1380908668041227,61.082766911712774,0.07178303009077691,0.06599280515394196,0.005790224936834953,5.114051027502351,4.8859089612960815,4.657766895089812,89.2945280309646,72.45487532605335,NICK
2009-07-27,5.118182182312012,5.427272796630859,5.118182182312012,5.427272796630859,5.029195785522461,35200,5.065454483032227,4.935454416275024,4.905454397201538,4.840727224349975,3.770999948978424,3.146227231025696,71.17359249711232,0.10753242886585745,0.07430072989632505,0.0332316989695324,5.228886489140059,4.905454397201538,4.582022305263017,92.80333628488377,85.26066981959816,NICK
2009-07-28,5.363636016845703,5.509090900421143,5.3545451164245605,5.5,5.096589088439941,4620,5.2018180847167965,5.007272624969483,4.925908946990967,4.858545408248902,3.8067272186279295,3.1547272312641144,72.6983047781258,0.14011737656391876,0.0874640592298438,0.05265331733407497,5.334262930902629,4.925908946990967,4.517554963079306,94.18739347843724,92.0950859314287,NICK
2009-07-29,5.409090995788574,5.5363640785217285,5.409090995788574,5.518181800842285,5.113437652587891,3080,5.305454444885254,5.080909013748169,4.9636362314224245,4.874727220535278,3.8432726764678957,3.1659090507030485,73.08163298610741,0.16550051483826422,0.10307135035152788,0.06242916448673634,5.438978756676294,4.9636362314224245,4.488293706168555,98.91276659608481,95.30116545313543,NICK
2009-07-30,5.545454978942871,5.7909088134765625,5.527273178100586,5.7909088134765625,5.366160869598389,23320,5.459999847412109,5.181818103790283,5.014999866485596,4.897272672653198,3.8825454044342043,3.17822723031044,78.0581953545604,0.20525754423955078,0.12350858912913246,0.08174895511041833,5.601748193925968,5.014999866485596,4.428251539045223,98.91276659608481,97.33764222353578,NICK
2009-07-31,5.836363792419434,6.0363640785217285,5.800000190734863,5.9636359214782715,5.526217937469482,6710,5.639999866485596,5.29181809425354,5.074999856948852,4.921999931335449,3.9226363134384155,3.1909090447425843,80.51513843440233,0.24784589732343587,0.14837605076799315,0.09946984655544272,5.780137382475428,5.074999856948852,4.369862331422277,97.48131366016987,98.43561561744666,NICK
2009-08-03,5.954545021057129,6.809091091156006,5.918181896209717,6.554544925689697,6.073784828186035,28380,5.865454292297363,5.465454387664795,5.164545297622681,4.955818109512329,3.9686363124847412,3.207818133831024,86.2058120695627,0.3255264261744175,0.18380612584927802,0.1417203003251395,6.1045275484677415,5.164545297622681,4.22456304677762,94.19244416577875,96.86217480734463,NICK
2009-08-04,6.545454978942871,6.545454978942871,6.327272891998291,6.409090995788574,5.939000129699707,3630,6.047272491455078,5.624545288085938,5.236363506317138,4.9869090270996095,4.01299995303154,3.2250908637046813,80.01129850336622,0.3710743740151319,0.2212597754824488,0.14981459853268309,6.315879668744698,5.236363506317138,4.156847343889579,87.89773702321641,93.19049828305516,NICK
2009-08-05,6.418181896209717,6.454545021057129,6.099999904632568,6.300000190734863,5.8379106521606445,4070,6.203636169433594,5.7545453071594235,5.310454416275024,5.02018175125122,4.056545405387879,3.2421363198757174,75.62227630392793,0.3938289199371603,0.2557736043733911,0.1380553155637692,6.465740846829178,5.310454416275024,4.155167985720871,81.17596799483486,87.75538306127685,NICK
2009-08-06,6.4636359214782715,6.4636359214782715,5.945455074310303,6.118182182312012,5.669429302215576,9680,6.269090843200684,5.8645453453063965,5.373636269569397,5.049636297225952,4.096999957561493,3.2581363213062287,68.84404660834083,0.3926644760994664,0.28315177871860614,0.10951269738086028,6.560073423887768,5.373636269569397,4.187199115251027,73.61397193744575,80.89589231849918,NICK
2009-08-07,6.636363983154297,6.636363983154297,6.199999809265137,6.327272891998291,5.863183975219727,6270,6.341818237304688,5.990909051895142,5.440909004211425,5.083090858459473,4.139727237224579,3.2749545061588288,71.95700589224278,0.40395695447967217,0.3073128138708193,0.09664414060885285,6.6821627733132685,5.440909004211425,4.199655235109582,71.84170774415564,75.54388255881226,NICK
2009-08-10,6.327272891998291,6.327272891998291,6.327272891998291,6.327272891998291,5.863183975219727,0,6.296363830566406,6.080909061431885,5.508181738853454,5.111454496383667,4.1812726950645445,3.292681781053543,71.95700589224278,0.40820083976923893,0.32749041905050325,0.08071042071873569,6.787862851811765,5.508181738853454,4.228500625895144,72.29832831126568,72.58466933095586,NICK
2009-08-11,6.263636112213135,6.263636112213135,6.1454548835754395,6.1454548835754395,5.694701194763184,3410,6.243636608123779,6.145454549789429,5.576363587379456,5.14163631439209,4.219999973773956,3.309727236032486,65.37007779024177,0.39236995902768346,0.34046632704593927,0.05190363198174419,6.839174429786057,5.576363587379456,4.313552744972855,72.1673427742203,72.10245960988071,NICK
2009-08-12,6.1454548835754395,6.1454548835754395,5.727272987365723,5.981818199157715,5.543067455291748,4070,6.18000020980835,6.191818189620972,5.63636360168457,5.168545398712158,4.2572727060318,3.326136326789856,60.042868837333295,0.36244175616803975,0.3448614128703594,0.01758034329768038,6.855752522233832,5.63636360168457,4.416974681135308,64.67875317481516,69.7148080867672,NICK
2009-08-13,5.93636417388916,5.93636417388916,5.727272987365723,5.890909194946289,5.458825588226318,2310,6.134545612335205,6.201818227767944,5.691818165779114,5.191818122863769,4.292999978065491,3.3434545075893403,57.25149211423483,0.32761134326492325,0.34141139894927214,-0.013800055684348889,6.850057143650899,5.691818165779114,4.533579187907328,54.64536260062561,63.83048618322052,NICK
2009-08-14,5.772727012634277,5.772727012634277,5.672727108001709,5.699999809265137,5.281919479370117,20020,6.009090995788574,6.175454616546631,5.733636355400085,5.20945447921753,4.326090886592865,3.36036359667778,51.80480844589612,0.281359856881763,0.3294010905357703,-0.04804123365400731,6.827875241304087,5.733636355400085,4.639397469496084,40.92741103440956,53.4171756032836,NICK
2009-08-17,5.454545021057129,5.836363792419434,5.454545021057129,5.727272987365723,5.307191848754883,16390,5.8890910148620605,6.092727422714233,5.7790909051895145,5.2252726554870605,4.3598181653022765,3.37690905213356,52.500043571804554,0.24409219535447058,0.3123393114995104,-0.06824711614503981,6.789779301818368,5.7790909051895145,4.768402508560661,30.725399824493888,42.09939115317652,NICK
2009-08-18,5.736363887786865,6.172727108001709,5.7090911865234375,5.836363792419434,5.4082818031311035,9680,5.82727279663086,6.0354547023773195,5.829999995231629,5.243818111419678,4.394090893268586,3.394272691011429,55.27896894872496,0.22081460800427255,0.2940343708004628,-0.07321976279619025,6.73945639438166,5.829999995231629,4.920543596081597,24.888411793494615,32.180407550799515,NICK
2009-08-19,5.681818008422852,6.190908908843994,5.681818008422852,6.009090900421143,5.568338871002197,3960,5.832727336883545,6.006363773345948,5.8804545402526855,5.263636293411255,4.430545442104339,3.4106363260746004,59.33551141296527,0.21383957686674027,0.2779954120137183,-0.06415583514697804,6.708441864762694,5.8804545402526855,5.052467215742677,30.618281271609437,28.744030963199474,NICK
2009-08-20,5.836363792419434,6.099999904632568,5.836363792419434,6.090909004211426,5.644156455993652,5500,5.872727298736573,6.003636455535888,5.934090900421142,5.282363576889038,4.466090891361237,3.4274545061588286,61.13392072587833,0.2124646909289627,0.2648892677967672,-0.052424576867804495,6.6649882488051215,5.934090900421142,5.203193552037163,38.70247675827957,31.4030566077947,NICK
2009-08-21,6.327272891998291,6.363636016845703,6.327272891998291,6.3545451164245605,5.888454914093018,770,6.003636360168457,6.0063636779785154,5.998636364936829,5.306727199554444,4.505818161964417,3.4443181419372557,66.30497589561998,0.22999705202686282,0.2579108246427863,-0.027913772615923482,6.632169638087529,5.998636364936829,5.365103091786128,54.69109468062427,41.33728423683792,NICK
2009-08-24,5.654544830322266,5.654544830322266,5.6454548835754395,5.6454548835754395,5.231375217437744,440,5.9872727394104,5.9381818771362305,6.009545469284058,5.317818117141724,4.53881816148758,3.457090871334076,47.86048039533804,0.18454658072783037,0.24323797585979512,-0.05869139513196475,6.609999081377669,6.009545469284058,5.409091857190447,46.429191582290116,46.60758767373147,NICK
2009-08-25,5.918181896209717,6.245454788208008,5.763636112213135,5.7909088134765625,5.366160869598389,2860,5.9781817436218265,5.902727270126343,6.024090909957886,5.33436357498169,4.572818160057068,3.4721817803382873,50.87901635404327,0.15843730467964257,0.2262778416237646,-0.06784053694412204,6.587412613159202,6.024090909957886,5.46076920675657,40.256412532436364,47.12556626511707,NICK
2009-08-26,6.363636016845703,6.363636016845703,5.818181991577148,6.027273178100586,5.5851874351501465,990,5.981818199157715,5.90727276802063,6.049545478820801,5.355818138122559,4.609181802272797,3.488454511165619,55.39784993663698,0.15503104279218505,0.2120284818574487,-0.05699743906526364,6.562919437083711,6.049545478820801,5.5361715205578905,31.025671648535894,39.23709192108761,NICK
2009-08-27,5.927272796630859,5.927272796630859,5.918181896209717,5.927272796630859,5.492522239685059,1760,5.949090957641602,5.910909128189087,6.056363677978515,5.38163631439209,4.643090889453888,3.504999965429306,53.169289143161805,0.14261834515294947,0.19814645451654883,-0.055528109363599365,6.559333266018826,6.056363677978515,5.553394089938204,42.97438817371253,38.085490784895086,NICK
2009-08-28,6.300000190734863,6.300000190734863,6.06363582611084,6.245454788208008,5.78736686706543,1980,5.927272891998291,5.965454626083374,6.070454621315003,5.413818130493164,4.679727256298065,3.522454514503479,58.84261779564688,0.15665005607248883,0.18984717482773683,-0.033197118755248,6.57801308098777,6.070454621315003,5.562896161642236,62.48723257861072,45.49576413361987,NICK
2009-08-31,6.345455169677734,6.345455169677734,5.945455074310303,6.272727012634277,5.812638282775879,5390,6.052727317810058,6.020000028610229,6.056363725662232,5.446181774139404,4.716818165779114,3.5401817846298216,59.29776833741228,0.16803393801698796,0.18548452746558705,-0.01745058944859909,6.5234135261378405,6.056363725662232,5.589313925186623,76.33337564467996,60.598332132334555,NICK
2009-09-01,5.636363983154297,6.272727012634277,5.581818103790283,5.590909004211426,5.180830001831055,1430,6.012727355957031,5.995454549789429,6.015454626083374,5.467090854644775,4.744999985694886,3.556090874671936,45.69303787284211,0.12064797661194326,0.1725172172948583,-0.05186924068291504,6.494920592067344,6.015454626083374,5.535988660099403,64.0000377654995,67.60688199626355,NICK
2009-09-02,6.254545211791992,6.254545211791992,5.618182182312012,5.909090995788574,5.475674152374268,1210,5.989090919494629,5.985454559326172,5.99590916633606,5.49399995803833,4.777727255821228,3.5738181495666503,51.30746894376658,0.10752935687212872,0.1595196452103124,-0.05199028833818367,6.458973871585048,5.99590916633606,5.5328444610870715,51.666699886319016,64.00003776549964,NICK
2009-09-03,5.672727108001709,6.272727012634277,5.672727108001709,6.181818008422852,5.728397846221924,3410,6.039999961853027,5.9945454597473145,5.999090957641601,5.521999959945679,4.81281816482544,3.5928636050224303,55.549413459711275,0.1177818312248986,0.15117208241322963,-0.03339025118833103,6.466328271530095,5.999090957641601,5.531853643753108,48.33337004979118,54.66670256720338,NICK
2009-09-04,6.272727012634277,6.272727012634277,6.190908908843994,6.190908908843994,5.736821174621582,440,6.029090785980225,5.978181838989258,5.992272758483887,5.5494544982910154,4.847909073829651,3.610681784152985,55.68798929959154,0.1251973535437143,0.14597713663932657,-0.020779783095612264,6.4438731404631,5.992272758483887,5.540672376504674,69.30235455060601,56.43414149557222,NICK
2009-09-08,5.845455169677734,6.263636112213135,5.827272891998291,6.1454548835754395,5.694701194763184,1210,6.003636360168457,6.028181838989258,5.9831818580627445,5.57163631439209,4.882818171977997,3.6286817836761474,54.76861592749337,0.12595452310491062,0.14197261393244337,-0.01601809082753275,6.414296995723766,5.9831818580627445,5.552066720401723,76.66670415568795,64.76747625202853,NICK
2009-09-09,6.263636112213135,6.272727012634277,6.245454788208008,6.272727012634277,5.812638282775879,4400,6.139999961853027,6.076363658905029,5.989545464515686,5.5952726745605466,4.918272712230682,3.648136328458786,56.9135631364462,0.1352651303714545,0.1406311172202456,-0.00536598684879111,6.433616463701065,5.989545464515686,5.545474465330307,79.45739720048086,75.14215196892509,NICK
2009-09-10,6.136363983154297,6.363636016845703,6.136363983154297,6.363636016845703,5.896879196166992,7920,6.230908966064453,6.109999942779541,6.0086363554000854,5.6272726726531985,4.9546363425254825,3.668590873479843,58.4299686587981,0.14827028306300338,0.14215895038879717,0.006111332674206216,6.4816247379223135,6.0086363554000854,5.535647972877857,86.82173379418015,80.98194505011647,NICK
2009-09-11,6.181818008422852,6.181818008422852,6.154544830322266,6.163636207580566,5.711548805236816,6710,6.227272605895996,6.1336362838745115,6.022272706031799,5.655272674560547,4.988545434474945,3.6882726895809173,53.932838867598946,0.14081541468266146,0.14189024324757002,-0.0010748285649085643,6.4966220116498015,6.022272706031799,5.547923400413797,87.59690678955928,84.62534592807357,NICK
2009-09-14,6.163636207580566,6.163636207580566,6.136363983154297,6.136363983154297,5.686276912689209,3850,6.216363620758057,6.1227272033691404,6.044090914726257,5.68272723197937,5.022999985218048,3.7087272346019744,53.33007442894051,0.13119440970471175,0.13975107653899838,-0.00855666683428663,6.496787862719892,6.044090914726257,5.591393966732622,81.78297717743854,85.40053925372615,NICK
2009-09-15,6.1454548835754395,6.227272987365723,6.1454548835754395,6.227272987365723,5.7705183029174805,2090,6.2327272415161135,6.118181800842285,6.0690909147262575,5.711999969482422,5.058454535007477,3.7289545094966887,55.13026653551967,0.12941349263965485,0.13768355975912966,-0.008270067119474811,6.50391379964678,6.0690909147262575,5.634268029805735,75.9690475653178,81.7829771774387,NICK
2009-09-16,6.181818008422852,6.363636016845703,6.181818008422852,6.300000190734863,5.8379106521606445,9680,6.23818187713623,6.189090919494629,6.0922727346420285,5.73854543685913,5.095090897083282,3.749999965429306,56.57341847988142,0.13234498987864818,0.13661584578303337,-0.004270855904385196,6.524421771676864,6.0922727346420285,5.660123697607193,81.78301783798538,79.84501419358072,NICK
2009-09-17,6.154544830322266,6.363636016845703,6.154544830322266,6.363636016845703,5.896879196166992,1430,6.23818187713623,6.234545421600342,6.1099999904632565,5.769454517364502,5.131454527378082,3.770818145275116,57.850847841975884,0.13820990415873968,0.13693465745817462,0.001275246700565058,6.555914254073586,6.1099999904632565,5.664085726852927,91.4729140783689,83.07499316055753,NICK
2009-09-18,6.190908908843994,6.3545451164245605,6.154544830322266,6.3545451164245605,5.888454914093018,4510,6.276363658905029,6.251818132400513,6.123181796073913,5.799454517364502,5.167727248668671,3.7916817808151246,57.59022055092352,0.14050468079292244,0.1376486621251242,0.002856018667798249,6.5814743457292275,6.123181796073913,5.664889246418599,96.89924702766336,90.0517263146727,NICK
2009-09-21,6.3545451164245605,6.363636016845703,6.245454788208008,6.245454788208008,5.78736686706543,3740,6.298181819915771,6.257272720336914,6.117727279663086,5.824727249145508,5.202727246284485,3.8124545097351072,54.421770538652424,0.13199902740592862,0.13651873518128507,-0.004519707775356457,6.5673909248389,6.117727279663086,5.668063634487272,94.5736670507057,94.31527605224615,NICK
2009-09-22,6.254545211791992,6.363636016845703,6.245454788208008,6.363636016845703,5.896879196166992,550,6.325454425811768,6.279090833663941,6.153636336326599,5.852363605499267,5.238818156719208,3.8338181447982786,57.17083343945354,0.13325835393244834,0.13586665893151773,-0.0026083049990693885,6.559253804607027,6.153636336326599,5.748018868046171,94.5736670507057,95.34886037635842,NICK
2009-09-23,6.227272987365723,6.363636016845703,6.136363983154297,6.172727108001709,5.719973087310791,1430,6.299999809265136,6.269090843200684,6.172727251052857,5.880181789398193,5.272363607883453,3.8537726902961733,51.74170246554753,0.11749719134393377,0.13219276541400093,-0.014695574070067163,6.54262766848965,6.172727251052857,5.802826833616064,85.75074375447223,91.63269261862804,NICK
2009-09-24,6.1454548835754395,6.181818008422852,6.1454548835754395,6.181818008422852,5.728397846221924,1100,6.263636207580566,6.250909042358399,6.18045449256897,5.908181791305542,5.305272698402405,3.87504541516304,51.975577216326926,0.10453490283844857,0.12666119289889047,-0.022126290060441894,6.544284987003358,6.18045449256897,5.816623998134581,79.49004501269182,86.60481860595677,NICK
2009-09-25,6.1454548835754395,6.3545451164245605,6.136363983154297,6.3545451164245605,5.888454914093018,8030,6.263636207580566,6.269999933242798,6.201818108558655,5.939636335372925,5.3368181490898134,3.895499960184097,56.30818804791182,0.10696678339026011,0.1227223109971644,-0.015755527606904282,6.553653762179801,6.201818108558655,5.849982454937509,78.9250732612794,81.388620676148,NICK
2009-09-28,6.3545451164245605,6.363636016845703,6.345455169677734,6.3545451164245605,5.888454914093018,2970,6.285454273223877,6.291818046569825,6.207272624969482,5.969454517364502,5.36518177986145,3.915545411109924,56.308188047911834,0.10765310822839957,0.11970847044341143,-0.012055362215011856,6.564978643909756,6.207272624969482,5.849566606029208,86.80225708955261,81.73912512117478,NICK
2009-09-29,6.227272987365723,6.227272987365723,6.199999809265137,6.199999809265137,5.745245456695557,1100,6.252727031707764,6.289090728759765,6.203636264801025,5.997090873718261,5.390818138122558,3.9358635902404786,51.48805829923994,0.09463561049937042,0.11469389845460323,-0.020058287955232817,6.560083213058049,6.203636264801025,5.847189316544001,74.10164176364363,79.94299070482538,NICK
2009-09-30,6.336363792419434,6.3545451164245605,6.309091091156006,6.327272891998291,5.863183975219727,4950,6.28363618850708,6.291817998886108,6.240454459190369,6.027272691726685,5.4121817779541015,3.95654541015625,54.911173635800736,0.0935110862801336,0.1104573360197093,-0.016946249739575703,6.463170361434349,6.240454459190369,6.017738556946389,69.33333892823991,76.74574592714555,NICK
2009-10-01,6.236363887786865,6.363636016845703,6.227272987365723,6.336363792419434,5.871608257293701,5390,6.314545345306397,6.289090776443482,6.261818099021911,6.0539999675750735,5.427999963760376,3.976863594055176,55.15458783860849,0.0922895954151226,0.10682378789879196,-0.014534192483669356,6.428119403134511,6.261818099021911,6.095516794909312,66.6667366029968,70.0339057649603,NICK
2009-10-02,6.318181991577148,6.318181991577148,6.318181991577148,6.318181991577148,5.854759693145752,660,6.307272720336914,6.28545446395874,6.268636298179627,6.07999997138977,5.4434545135498045,3.9970908689498903,54.52064132355018,0.08883045355437513,0.10322512102990859,-0.01439466747553346,6.432421362114438,6.268636298179627,6.104851234244816,84.00017623955169,73.33341725692965,NICK
2009-10-05,6.318181991577148,6.318181991577148,6.318181991577148,6.318181991577148,5.854759693145752,0,6.300000095367432,6.2927271842956545,6.274999952316284,6.105090894699097,5.462272691726684,4.017999958992005,54.52064132355018,0.08510798681385356,0.09960169418669759,-0.014493707372844028,6.436078220647403,6.274999952316284,6.113921683985165,82.66684010876514,77.77791765043806,NICK
2009-10-06,6.318181991577148,6.318181991577148,5.890909194946289,6.181818008422852,5.728397846221924,12980,6.296363735198975,6.274545383453369,6.276818108558655,6.1201817989349365,5.480454511642456,4.038227229118347,49.56522438889231,0.0703435941380155,0.09375007417696117,-0.023406480038945673,6.432744936675486,6.276818108558655,6.120891280441824,73.84626574428195,80.17109403086643,NICK
2009-10-07,6.181818008422852,6.181818008422852,6.181818008422852,6.181818008422852,5.728397846221924,0,6.2672727584838865,6.275454473495484,6.272272658348084,6.133818159103393,5.496181783676147,4.05872722864151,49.56522438889231,0.057974413618335774,0.08659494206523609,-0.028620528446900315,6.4336175921021335,6.272272658348084,6.110927724594034,67.69236364137184,74.73515649813982,NICK
2009-10-08,6.018181800842285,6.21818208694458,6.009090900421143,6.136363983154297,5.686276912689209,3080,6.227272796630859,6.270909070968628,6.260909056663513,6.146181802749634,5.510454511642456,4.07872722864151,47.88278029503458,0.043996821011769605,0.07807531785454279,-0.034078496842773184,6.426862191067536,6.260909056663513,6.09495592225949,58.333366956498516,66.6239987807176,NICK
2009-10-09,6.090909004211426,6.090909004211426,5.909090995788574,6.090909004211426,5.644156455993652,32560,6.181818199157715,6.2445454597473145,6.257272696495056,6.1521818065643314,5.524727239608764,4.098409048318863,46.194113372999674,0.028918289213327064,0.06824391212629964,-0.03932562291297258,6.434403022781737,6.257272696495056,6.080142370208375,51.92311054624211,59.316280381370994,NICK
2009-10-12,6.272727012634277,6.272727012634277,6.181818008422852,6.181818008422852,5.728397846221924,1760,6.154545402526855,6.2272727489471436,6.259545397758484,6.1565454483032225,5.539272689819336,4.118499958515168,49.99258726475855,0.024027071881404183,0.05940054407732055,-0.03537347219591637,6.431502922759088,6.259545397758484,6.08758787275788,51.92311054624211,54.059862682994414,NICK
2009-10-13,5.945455074310303,6.327272891998291,5.945455074310303,6.1454548835754395,5.694701194763184,5830,6.147272777557373,6.221818256378174,6.25545449256897,6.148363647460937,5.552090878486633,4.138227232694626,48.51717351880098,0.017020346669061936,0.05092450459566883,-0.03390415792660689,6.434053136948089,6.25545449256897,6.076855848189851,52.56413618726774,52.136785759917494,NICK
2009-10-14,6.300000190734863,6.3545451164245605,6.090909004211426,6.181818008422852,5.728397846221924,2090,6.147272777557373,6.20727276802063,6.249545383453369,6.143818187713623,5.565363607406616,4.1582272326946255,50.1030412816853,0.0142375451752077,0.0435871127115766,-0.0293495675363689,6.429671472641935,6.249545383453369,6.069419294264803,58.97439259752415,54.48721311034484,NICK
2009-10-15,6.181818008422852,6.336363792419434,6.181818008422852,6.190908908843994,5.736821174621582,3190,6.158181762695312,6.192727279663086,6.2409090280532835,6.141636362075806,5.580909056663513,4.178272687196731,50.51345522545848,0.012620236401081009,0.03739373744947748,-0.02477350104839647,6.414780745630796,6.2409090280532835,6.067037310475771,59.615418238549786,57.0513156744474,NICK
2009-10-16,6.136363983154297,6.363636016845703,6.136363983154297,6.318181991577148,5.854759693145752,19580,6.203636360168457,6.192727279663086,6.239090871810913,6.145636358261108,5.597636327743531,4.199181777238846,55.97328005337198,0.02136213229292938,0.03418741641816786,-0.012825284125238479,6.408884103322421,6.239090871810913,6.069297640299405,71.79490541803698,63.46157208470381,NICK
2009-10-19,6.327272891998291,6.363636016845703,5.681818008422852,6.136363983154297,5.686276912689209,37840,6.194545555114746,6.174545478820801,6.233636331558228,6.141818180084228,5.612454519271851,4.219181777238846,47.851165445887055,0.013463752250897798,0.030042683584713847,-0.01657893133381605,6.409173211654397,6.233636331558228,6.058099451462058,73.50433821016505,68.30488728891744,NICK
2009-10-20,6.136363983154297,6.190908908843994,5.654544830322266,5.909090995788574,5.475674152374268,73040,6.147272777557373,6.147272777557373,6.210909080505371,6.133454542160035,5.622454519271851,4.23509086728096,40.031535332792735,-0.011007909192984222,0.02183256502917423,-0.03284047422215845,6.426392341737462,6.210909080505371,5.99542581927328,64.31633275984008,69.87185879601422,NICK
2009-10-21,5.690908908843994,6.345455169677734,5.590909004211426,5.590909004211426,5.180830001831055,43340,6.0290909767150875,6.088181877136231,6.181818175315857,6.1223636245727535,5.631999969482422,4.246454502344132,32.11823248623033,-0.05543745627120522,0.006378560769098339,-0.06181601704030356,6.527703068204073,6.181818175315857,5.83593328242764,34.188094008469925,57.3362549928252,NICK
2009-10-22,5.681818008422852,6.181818008422852,5.454545021057129,5.627273082733154,5.214526653289795,34760,5.91636381149292,6.037272787094116,6.154090929031372,6.115272722244263,5.64190906047821,4.257772687673569,33.7305500320434,-0.08671432642168231,-0.012240016669057791,-0.07447430975262452,6.576068665794456,6.154090929031372,5.7321131922682875,18.29920236097917,38.934543043096575,NICK
2009-10-23,6.154544830322266,6.154544830322266,5.745454788208008,6.081818103790283,5.635732650756836,1320,5.869091033935547,6.036363697052002,6.140454578399658,6.119090900421143,5.655454511642456,4.273818143606186,49.78568560088774,-0.07397079763562786,-0.024586172862371806,-0.04938462477325606,6.553164774656624,6.140454578399658,5.727744382142692,29.333372497555008,27.273556289001547,NICK
2009-10-26,5.954545021057129,6.227272987365723,5.863636016845703,6.181818008422852,5.728397846221924,10890,5.878181838989258,6.036363697052002,6.131818222999573,6.128727264404297,5.669090871810913,4.2903181433677675,52.511500865631476,-0.0551663790133512,-0.030702214092567685,-0.024464164920783512,6.533323633337215,6.131818222999573,5.73031281266193,56.000046157832664,34.544207005455796,NICK
2009-10-27,6.181818008422852,6.181818008422852,6.181818008422852,6.181818008422852,5.728397846221924,0,5.932727241516114,6.040000009536743,6.130909132957458,6.13781816482544,5.68154541015625,4.30804541349411,52.511500865631476,-0.03980489571654289,-0.032522750417362724,-0.007282145299180164,6.531874890496552,6.130909132957458,5.729943375418364,76.3333581606525,53.888925605346905,NICK
2009-10-28,6.163636207580566,6.163636207580566,5.7909088134765625,6.136363983154297,5.686276912689209,1980,6.041818237304687,6.035454607009887,6.121363687515259,6.143818168640137,5.693818140029907,4.32554541349411,51.050629052305794,-0.03094189063970898,-0.032206578461831975,0.0012646878221229951,6.512136361213599,6.121363687515259,5.730591013816918,78.33337354659666,70.22225928836077,NICK
2009-10-29,6.118182182312012,6.454545021057129,6.109090805053711,6.318181991577148,5.854759693145752,14740,6.1800000190734865,6.0481819152832035,6.120454597473144,6.1499999904632565,5.706818141937256,4.341363598108291,56.28901510216728,-0.009141325982933601,-0.0275935279660523,0.0184522019831187,6.509302198303523,6.120454597473144,5.731606996642766,80.454598903653,78.37377687030089,NICK
2009-10-30,6.318181991577148,6.43636417388916,6.254545211791992,6.409090995788574,5.939000129699707,4730,6.245454597473144,6.057272815704346,6.125000047683716,6.1563636302948,5.719363603591919,4.359545418024063,58.67059018286868,0.015295063482778204,-0.0190158096762862,0.034310873159064406,6.524953522242623,6.125000047683716,5.725046573124808,85.60612440109018,81.46469895044679,NICK
2009-11-02,6.454545021057129,6.454545021057129,6.109090805053711,6.409090995788574,5.939000129699707,14630,6.290909194946289,6.084545516967774,6.129545497894287,6.15745454788208,5.732090873718262,4.376499962806702,58.670590182868686,0.034266080146993616,-0.008359431711630234,0.04262551185862385,6.540103432918091,6.129545497894287,5.718987562870483,92.42429733276383,86.16167354583585,NICK
2009-11-03,5.836363792419434,6.409090995788574,5.836363792419434,6.400000095367432,5.930576801300049,11220,6.334545612335205,6.133636426925659,6.140454602241516,6.1725454521179195,5.745181784629822,4.39418178319931,58.302183186058365,0.04801371561787526,0.002915197754270866,0.0450985178636044,6.567261863857152,6.140454602241516,5.71364734062588,95.1515674591066,91.0606630643204,NICK
2009-11-04,6.181818008422852,6.418181896209717,6.06363582611084,6.172727108001709,5.719973087310791,5720,6.341818237304688,6.1918182373046875,6.140000057220459,6.180181818008423,5.757272696495056,4.411227238178253,49.87112342711203,0.04010745136084015,0.010353648475584724,0.029753802885255427,6.5666494786129554,6.140000057220459,5.713350635827963,87.27277119954442,91.61621199713846,NICK
2009-11-05,6.181818008422852,6.181818008422852,6.06363582611084,6.181818008422852,5.728397846221924,1980,6.314545440673828,6.247272729873657,6.1422727584838865,6.183272714614868,5.769545426368714,4.428772692680359,50.18145939593833,0.03418121983851474,0.015119162748170729,0.019062057090344014,6.5693045747365595,6.1422727584838865,5.715240942231214,79.69700495402033,87.37378120422396,NICK
2009-11-06,6.154544830322266,6.181818008422852,5.845455169677734,6.181818008422852,5.728397846221924,1430,6.269090843200684,6.257272720336914,6.146818208694458,6.188363618850708,5.784999966621399,4.446318147182464,50.18145939593833,0.02914863138269297,0.017925056475075175,0.011223574907617793,6.573501517401916,6.146818208694458,5.720134899986999,72.42426872253434,79.79801495869987,NICK
2009-11-09,6.181818008422852,6.181818008422852,6.045454978942871,6.172727108001709,5.719973087310791,1100,6.22181806564331,6.2563636302948,6.146363663673401,6.186909065246582,5.800363597869873,4.463818147182464,49.8237339929606,0.024148342030346548,0.01916971358612945,0.0049786284442170994,6.57291621202038,6.146363663673401,5.719811115326421,72.42426872253434,74.84851413302984,NICK
2009-11-10,6.163636207580566,6.172727108001709,6.045454978942871,6.099999904632568,5.6525797843933105,6930,6.161818027496338,6.2481818199157715,6.144090914726258,6.183454523086548,5.814818148612976,4.48149996638298,46.94081906006864,0.014153941362675226,0.018166559141438603,-0.004012617778763376,6.57112272783201,6.144090914726258,5.717059101620506,69.69699859619156,71.51517868042026,NICK
2009-11-11,6.181818008422852,6.181818008422852,6.136363983154297,6.181818008422852,5.728397846221924,16170,6.163636207580566,6.252727222442627,6.144090914726258,6.195272703170776,5.831181778907776,4.499590876102448,50.41672465887774,0.01268907229449212,0.017071061772049305,-0.004381989477557184,6.57112272783201,6.144090914726258,5.717059101620506,65.96738619682132,69.36288450518259,NICK
2009-11-12,6.136363983154297,6.181818008422852,5.972726821899414,6.009090900421143,5.568338871002197,13310,6.129090785980225,6.221818113327027,6.135000014305115,6.197272701263428,5.845636329650879,4.517272695302963,43.88118370315114,-0.002382022597178235,0.013180444898203797,-0.015562467495382032,6.565386128602907,6.135000014305115,5.704613900007323,52.986903484775404,62.88376275926294,NICK
2009-11-13,6.181818008422852,6.3545451164245605,6.181818008422852,6.3545451164245605,5.888454914093018,2640,6.163636207580566,6.216363525390625,6.136818170547485,6.2007272434234615,5.8613636016845705,4.536681785583496,56.129892065210555,0.013394886358020663,0.01322333319016717,0.0001715531678534929,6.570578320429146,6.136818170547485,5.703058020665825,59.78224659104662,59.57884542421463,NICK
2009-11-16,6.409090995788574,6.736363887786865,6.363636016845703,6.7090911865234375,6.216996669769287,23870,6.270909023284912,6.246363544464112,6.165454530715943,6.211090888977051,5.8802726936340335,4.557818151712418,64.656213947957,0.053885941571742535,0.021355854866482244,0.032530086705260294,6.665821339003789,6.165454530715943,5.665087722428097,71.64122240486726,61.47012416022994,NICK
2009-11-17,6.581818103790283,6.909090995788574,6.581818103790283,6.900000095367432,6.393902778625488,16610,6.430909061431885,6.2963635444641115,6.214999985694885,6.2261817932128904,5.89890905380249,4.57972724199295,68.23606918828185,0.10022481868034205,0.037129647629254206,0.06309517105108785,6.794063815770338,6.214999985694885,5.635936155619433,93.73314992752279,75.0522063078124,NICK
2009-11-18,7.019999980926514,7.599999904632568,6.980000019073486,7.260000228881836,6.7274980545043945,8700,6.646545505523681,6.405090856552124,6.298454546928406,6.245927257537842,5.920599966049195,4.603754518032074,73.65498077584654,0.16410600292121558,0.06252491868764648,0.1015810842335691,6.967755267947937,6.298454546928406,5.629153825908875,92.32986574256786,85.90141269165281,NICK
2009-11-19,7.460000038146973,7.489999771118164,7.25,7.460000038146973,6.91282844543457,2300,6.9367273330688475,6.5329090595245365,6.390090894699097,6.267854537963867,5.947563605308533,4.628781793117523,76.09492315898814,0.2282396106533504,0.09566785708078726,0.13257175357256315,7.160879613015895,6.390090894699097,5.619302176382298,90.64535678554337,92.23612415187817,NICK
2009-11-20,7.400000095367432,7.400000095367432,7.25,7.380000114440918,6.838696002960205,4300,7.141818332672119,6.652727270126343,6.454999995231629,6.292181816101074,5.97372724533081,4.653181793689728,73.17553635728575,0.26950395771874636,0.13043507720837907,0.13906888051036728,7.323469979111157,6.454999995231629,5.5865300113521,86.7697701814168,89.91499756984284,NICK
2009-11-23,7.269999980926514,7.369999885559082,6.889999866485596,7.369999885559082,6.8294291496276855,10100,7.274000072479248,6.77245454788208,6.51440908908844,6.3168545341491695,5.99979088306427,4.677077248096466,72.79955205320648,0.2979645651358904,0.16394097479388134,0.13402359034200909,7.459206226808826,6.51440908908844,5.569611951368055,88.82627688973412,88.74713461889826,NICK
2009-11-24,7.260000228881836,7.260000228881836,7.0,7.059999942779541,6.5421671867370605,1000,7.30600004196167,6.868454551696777,6.558318185806274,6.333509073257447,6.022754521369934,4.699422702789307,62.14057713640481,0.2921378140855886,0.1895803426522228,0.1025574714333658,7.518703580783194,6.558318185806274,5.597932790829354,81.21325201311818,85.60309969475652,NICK
2009-11-25,7.230000019073486,7.230000019073486,7.019999980926514,7.019999980926514,6.505100727081299,1900,7.257999992370605,6.952272748947143,6.602499985694886,6.347909069061279,6.043227252960205,4.721568157672882,60.901502723403624,0.28105260973498947,0.20787479606877612,0.07317781366621334,7.562475468340828,6.602499985694886,5.642524503048943,74.35232289916864,81.46395060067381,NICK
2009-11-27,7.0,7.0,6.849999904632568,6.989999771118164,6.477301120758057,4900,7.163999938964844,7.050363636016845,6.636090874671936,6.360436344146729,6.064945430755615,4.743381791114807,59.93620617299855,0.2667715626979854,0.21965414939461797,0.04711741330336744,7.600924232499622,6.636090874671936,5.67125751684425,66.22658330504593,73.93071940577777,NICK
2009-11-30,6.900000095367432,7.0,6.650000095367432,6.650000095367432,6.1622395515441895,13300,7.017999935150146,7.079909133911133,6.648136329650879,6.366345443725586,6.082899980545044,4.763268156051636,50.22090676210901,0.22542009515670713,0.2208073385470358,0.004612756609671337,7.607331794984151,6.648136329650879,5.688940864317607,57.02569954719221,65.86820191713578,NICK
2009-12-01,6.690000057220459,6.710000038146973,6.650000095367432,6.690000057220459,6.199305057525635,3900,6.881999969482422,7.078000020980835,6.662181782722473,6.375236349105835,6.099981799125671,4.784127246141434,51.22263752400794,0.19364421190145453,0.21537471321791954,-0.021730501316465006,7.615171195946418,6.662181782722473,5.709192369498528,49.404112184148566,57.552131678795746,NICK
2009-12-02,6.949999809265137,6.949999809265137,6.699999809265137,6.820000171661377,6.319770336151123,2900,6.834000015258789,7.070000028610229,6.683181786537171,6.384363632202149,6.118363618850708,4.806272702217102,54.43209711584187,0.17691218472637082,0.2076822075196098,-0.030770022793238982,7.6306300977482,6.683181786537171,5.735733475326142,45.92181202484858,50.78387458539663,NICK
2009-12-03,6.860000133514404,6.880000114440918,6.860000133514404,6.880000114440918,6.375369548797607,400,6.80600004196167,7.032000017166138,6.718545436859131,6.398509092330933,6.139345440864563,4.829309067726135,55.875170524252646,0.16657327357472873,0.19946042073063358,-0.03288714715590485,7.639572388925288,6.718545436859131,5.797518484792974,48.45869556245264,47.92820659048345,NICK
2009-12-04,6.75,6.889999866485596,6.75,6.889999866485596,6.384636402130127,1600,6.786000061035156,6.975,6.753954529762268,6.412672729492187,6.160427260398865,4.853304522037506,56.12455761492002,0.15737241715379024,0.1910428200152649,-0.03367040286147466,7.64363958009858,6.753954529762268,5.864269479425956,47.957130269617515,47.44587928563976,NICK
2009-12-07,6.849999904632568,6.849999904632568,6.769999980926514,6.840000152587891,6.338303565979004,1200,6.824000072479248,6.921000003814697,6.78686363697052,6.422381830215454,6.18100908279419,4.877413612604141,54.46693065144616,0.14438176993581564,0.18171060999937505,-0.03732884006355941,7.637287167615308,6.78686363697052,5.936440106325732,39.05383025380456,45.15655202862509,NICK
2009-12-08,6.789999961853027,6.849999904632568,6.699999809265137,6.849999904632568,6.347569465637207,1200,6.85600004196167,6.869000005722046,6.820727276802063,6.432290925979614,6.2008727216720585,4.900936337709427,54.75474557031096,0.13335623715109968,0.17203973542971998,-0.038683498278620304,7.623221949357533,6.820727276802063,6.018232604246593,29.661106557187342,38.890689026869985,NICK
2009-12-09,6.610000133514404,6.800000190734863,6.599999904632568,6.599999904632568,6.115906715393066,4400,6.811999988555908,6.8230000019073485,6.845727276802063,6.440290927886963,6.2186909008026126,4.922572702169418,46.79152045244957,0.10325525007303327,0.15828283835838264,-0.05502758828534937,7.585559842350501,6.845727276802063,6.105894711253625,15.469927222379951,28.061621344457464,NICK
2009-12-10,6.599999904632568,6.800000190734863,6.5,6.71999979019165,6.227105140686035,9500,6.779999923706055,6.792999982833862,6.872636365890503,6.44814546585083,6.2377090787887575,4.9445817911624905,50.51194992952092,0.08806779807557952,0.14423983030182203,-0.05617203222624251,7.550472780959536,6.872636365890503,6.194799950821469,15.165678090194609,20.09890395658748,NICK
2009-12-11,6.690000057220459,6.849999904632568,6.690000057220459,6.849999904632568,6.347569465637207,5500,6.771999931335449,6.778999996185303,6.914681816101075,6.458418188095092,6.256209077835083,4.967240880727768,54.24447995174272,0.0855355550919441,0.13249897525984644,-0.04696342016790234,7.465455139482909,6.914681816101075,6.36390849271924,21.55809930992328,17.39790154083279,NICK
2009-12-14,6.800000190734863,6.849999904632568,6.800000190734863,6.849999904632568,6.347569465637207,1200,6.773999881744385,6.798999977111817,6.939454555511475,6.469054546356201,6.274527258872986,4.991036335229873,54.24447995174272,0.08257683987579689,0.12251454818303653,-0.03993770830723964,7.4283130470474745,6.939454555511475,6.450596063975475,36.90896769705136,24.544248365723263,NICK
2009-12-15,6.849999904632568,6.849999904632568,6.820000171661377,6.820000171661377,6.319770336151123,1700,6.767999935150146,6.811999988555908,6.945000004768372,6.479090909957886,6.292090902328491,5.015090881586075,53.17117714781018,0.07692457045375356,0.11339655263717993,-0.03647198218342637,7.425728649979888,6.945000004768372,6.4642713595568555,43.372707785748396,33.946591597574525,NICK
2009-12-16,6.849999904632568,6.889999866485596,6.210000038146973,6.440000057220459,5.967643737792969,14200,6.735999965667725,6.773999977111816,6.922000002861023,6.484254550933838,6.302218174934387,5.036609061956406,41.870061186434775,0.04130612151579793,0.09897846641290353,-0.0576723448971056,7.4507570557798495,6.922000002861023,6.393242949942197,39.667390613496366,39.98302203209889,NICK
2009-12-17,6.849999904632568,6.849999904632568,6.429999828338623,6.849999904632568,6.347569465637207,1600,6.761999988555909,6.770999956130981,6.90149998664856,6.497618188858032,6.315718173980713,5.061222696304322,53.382741319661775,0.045635744830721414,0.08830992209646711,-0.0426741772657457,7.40755432229201,6.90149998664856,6.395445651005109,51.320737306092646,44.78694523511265,NICK
2009-12-18,6.630000114440918,6.630000114440918,6.619999885559082,6.619999885559082,6.1344404220581055,600,6.715999984741211,6.74399995803833,6.859499979019165,6.507290906906128,6.326736354827881,5.0850045156478885,47.67814657648867,0.030160254512269447,0.07667998857962757,-0.046519734067358126,7.309498854504411,6.859499979019165,6.409501103533919,55.17732501076791,48.72181764345248,NICK
2009-12-21,6.71999979019165,6.71999979019165,6.690000057220459,6.690000057220459,6.199305057525635,2300,6.684000015258789,6.728999948501587,6.824999976158142,6.5192727279663085,6.3357272672653195,5.109136335849762,49.44871234825797,0.02327593528405103,0.06599917792051227,-0.04272324263646124,7.211393497909617,6.824999976158142,6.438606454406667,67.09431155551022,57.86412462412377,NICK
2009-12-22,6.760000228881836,6.760000228881836,6.590000152587891,6.730000019073486,6.236371994018555,4100,6.665999984741211,6.716999959945679,6.792999982833862,6.530236368179321,6.343390908241272,5.133013610839844,50.47994165686529,0.02080786520709399,0.056960915377828616,-0.03615305017073463,7.088979667069571,6.792999982833862,6.497020298598153,65.5802980540705,62.61731154011638,NICK
2009-12-23,6.699999809265137,6.75,6.690000057220459,6.75,6.254904270172119,18700,6.727999973297119,6.7319999694824215,6.777499985694885,6.542327270507813,6.345345458984375,5.156990885734558,51.01798144293133,0.020232505474760742,0.04961523339721504,-0.029382727922454298,7.047231292401385,6.777499985694885,6.507768678988386,73.58242379430332,68.75234446796152,NICK
2009-12-24,6.849999904632568,6.96999979019165,6.829999923706055,6.96999979019165,6.458767890930176,3900,6.751999950408935,6.756999969482422,6.774999976158142,6.558090906143189,6.350954546928405,5.1819772499799726,56.60352070963398,0.03710099600773997,0.04711238591932003,-0.010011389911580057,7.036495603340803,6.774999976158142,6.513504348975482,85.29412795928387,74.81894993588607,NICK
2009-12-28,6.980000019073486,6.989999771118164,6.769999980926514,6.96999979019165,6.458767890930176,10800,6.82199993133545,6.76899995803833,6.773999977111816,6.573672723770142,6.357654542922973,5.207099974155426,56.60352070963398,0.049894246470811865,0.0476687580296184,0.0022254884411934683,7.0323330299164,6.773999977111816,6.515666924307232,92.2825593821359,83.71970371190787,NICK
2009-12-29,6.809999942779541,6.869999885559082,6.199999809265137,6.840000152587891,6.338303565979004,65300,6.851999950408936,6.767999982833862,6.78349997997284,6.584109086990356,6.364872722625733,5.230936340093613,52.50069800702241,0.0489785115379231,0.04793070873127934,0.0010478028066437592,7.036819889281048,6.78349997997284,6.530180070664631,92.8162015339068,90.13096295844235,NICK
2009-12-30,6.840000152587891,6.840000152587891,6.840000152587891,6.840000152587891,6.338303565979004,0,6.873999977111817,6.769999980926514,6.790999984741211,6.598181810379028,6.369999995231629,5.2548636162281035,52.50069800702241,0.04770289571827657,0.047885146128678786,-0.00018225041040221407,7.041671049996092,6.790999984741211,6.540328919486329,86.48710340001013,90.52862143868445,NICK
2009-12-31,6.71999979019165,6.889999866485596,6.71999979019165,6.889999866485596,6.384636402130127,1500,6.9019999504089355,6.814999961853028,6.7944999694824215,6.617799987792969,6.375627264976502,5.278449980020523,53.98835168757119,0.05014844003696606,0.04833780491033624,0.0018106351266298157,7.048623908795626,6.7944999694824215,6.540376030169217,83.1223982697049,87.47523440120744,NICK
2010-01-04,6.659999847412109,6.900000095367432,6.659999847412109,6.829999923706055,6.329037189483643,10600,6.873999977111817,6.812999963760376,6.791999959945679,6.642581806182862,6.382472715377808,5.301236344575882,51.88819741888081,0.04670665237219307,0.048011574402707605,-0.0013049220305145354,7.043682241272123,6.791999959945679,6.540317678619235,82.70044766359858,84.10331644443805,NICK
2010-01-05,6.760000228881836,6.989999771118164,6.75,6.989999771118164,6.477301120758057,6500,6.877999973297119,6.849999952316284,6.7969999551773075,6.669836339950561,6.392554531097412,5.324913618564605,56.72282923625994,0.056241346133553805,0.04965752874887684,0.006583817384676963,7.059990372555832,6.7969999551773075,6.534009537798783,89.02954579749526,84.95079724359975,NICK
2010-01-06,6.989999771118164,7.0,6.829999923706055,7.0,6.486567497253418,16200,6.909999942779541,6.880999946594239,6.804999947547913,6.688199977874756,6.403645439147949,5.3483227086067195,57.01357816839349,0.06386835983307293,0.05249969496571606,0.011368664867356867,7.0820919184986115,6.804999947547913,6.527907976597214,93.24895125999716,88.32631490703051,NICK
2010-01-07,7.0,7.0,6.75,6.820000171661377,6.319770336151123,5300,6.905999946594238,6.889999961853027,6.803499960899353,6.700963621139526,6.414845442771911,5.370468164682388,50.44429264845621,0.0547571351451932,0.05295118300161149,0.0018059521435817155,7.079925290134414,6.803499960899353,6.527074631664293,92.50000894069474,91.59283533272922,NICK
2010-01-08,6.96999979019165,7.0,6.96999979019165,6.989999771118164,6.477301120758057,4200,6.925999927520752,6.913999938964844,6.822999954223633,6.717127256393432,6.427472710609436,5.393645437955857,55.64264777148302,0.06055591991739373,0.05447213038476793,0.006083789532625797,7.094226695063023,6.822999954223633,6.551773213384243,92.08333283662824,92.61076434577355,NICK
2010-01-11,7.0,7.050000190734863,6.820000171661377,7.050000190734863,6.532901287078857,23100,6.969999980926514,6.921999979019165,6.839499974250794,6.7353999805450435,6.439609074592591,5.416849983930588,57.34343210865177,0.06919538966654759,0.057416782241123863,0.011778607425423727,7.123505180223966,6.839499974250794,6.5554947682776215,92.08333283662824,92.22222487131724,NICK
2010-01-12,7.099999904632568,7.150000095367432,7.0,7.119999885559082,6.5977654457092285,19300,6.996000003814697,6.936999988555908,6.852999973297119,6.751436338424683,6.45071816444397,5.4406318032741545,59.30391392622185,0.08075967478742818,0.062085360750384726,0.018674314037043456,7.16226352993463,6.852999973297119,6.543736416659608,98.53068527230278,94.2324503151866,NICK
2010-01-13,7.199999809265137,7.25,7.119999885559082,7.150000095367432,6.625565528869629,41300,7.026000022888184,6.967999982833862,6.8679999828338625,6.766254520416259,6.46130907535553,5.463699983358383,60.14924396721221,0.09129285308864343,0.06792685921803647,0.023365993870606963,7.203237153713239,6.8679999828338625,6.532762811954486,95.77276180597677,95.4622599716361,NICK
2010-01-14,7.050000190734863,7.25,7.039999961853027,7.179999828338623,6.653364658355713,68100,7.097999954223633,7.001999950408935,6.885999965667724,6.781672697067261,6.46956362247467,5.487690892219543,61.02117116829192,0.10089810990822379,0.07452110935607394,0.02637700055214985,7.246688123992399,6.885999965667724,6.52531180734305,93.55053453785962,95.95132720537988,NICK
2010-01-15,7.099999904632568,7.400000095367432,7.099999904632568,7.349999904632568,6.810896396636963,19700,7.169999980926514,7.0479999542236325,6.93149995803833,6.800672693252563,6.4866090726852415,5.51271361708641,65.61270777526026,0.12083501965746102,0.08378389141635136,0.03705112824110966,7.285181955512915,6.93149995803833,6.5778179605637455,93.21427930554906,94.17919188312864,NICK
2010-01-19,7.349999904632568,7.349999904632568,7.230000019073486,7.230000019073486,6.699697494506836,10600,7.205999946594238,7.087999963760376,6.950499963760376,6.821818151473999,6.5009999847412105,5.53690907239914,60.22023330371393,0.12550542793881725,0.09212819872084453,0.03337722921797272,7.324851349512334,6.950499963760376,6.576148578008418,91.66665566030883,92.81048983457266,NICK
2010-01-20,7.199999809265137,7.449999809265137,7.199999809265137,7.400000095367432,6.857228755950928,20300,7.261999988555909,7.128999996185303,6.989499974250793,6.8461817932128906,6.514727253913879,5.561954528093338,64.65237234356125,0.1412955780865328,0.10196167459398219,0.03933390349255063,7.380164753909976,6.989499974250793,6.598835194591611,91.77919025703119,92.2200417409632,NICK
2010-01-21,7.449999809265137,7.449999809265137,7.320000171661377,7.400000095367432,6.857228755950928,18700,7.311999988555908,7.1690000057220455,7.024999976158142,6.870545434951782,6.529454526901245,5.5862727081775665,64.65237234356127,0.15205657232663405,0.11198065414051256,0.040075918186121495,7.429153411565529,7.024999976158142,6.6208465407507555,91.05839144157783,91.50141245297279,NICK
2010-01-22,7.429999828338623,7.440000057220459,7.349999904632568,7.440000057220459,6.8942952156066895,7000,7.364000034332276,7.230999994277954,7.060499978065491,6.895890893936158,6.54139997959137,5.610563617944718,65.69537088318495,0.16194559243662354,0.12197364179973476,0.039971950636888784,7.479234998490412,7.060499978065491,6.64176495764057,95.3586841708165,92.73208862314202,NICK
2010-01-25,7.429999828338623,7.489999771118164,7.429999828338623,7.440000057220459,6.8942952156066895,8400,7.382000064849853,7.276000022888184,7.094999980926514,6.922690896987915,6.553072710037231,5.634945437908173,65.69537088318495,0.16784786639816396,0.1311484867194206,0.03669937967874337,7.519381921259279,7.094999980926514,6.670618040593749,95.21613678083247,93.87773746440911,NICK
2010-01-26,7.449999809265137,7.449999809265137,7.400000095367432,7.400000095367432,6.857228755950928,4600,7.416000080108643,7.311000013351441,7.116499996185302,6.947054538726807,6.571163620948791,5.6580818033218385,63.521597788604254,0.16736847876838112,0.1383924851292127,0.028975993639168418,7.556648872227432,7.116499996185302,6.676351120143173,93.2717887500822,94.6155365672439,NICK
2010-01-27,7.489999771118164,7.75,7.46999979019165,7.46999979019165,6.922094345092773,2100,7.4300000190734865,7.346000003814697,7.141499996185303,6.9762727165222165,6.5867727088928225,5.682249982357025,65.66283660751712,0.17066957831770857,0.14484790376691187,0.025821674550796703,7.60185962938788,7.141499996185303,6.681140362982726,84.36037890953126,90.94943481348214,NICK
2010-01-28,7.5,7.5,7.099999904632568,7.46999979019165,6.922094345092773,2000,7.44399995803833,7.377999973297119,7.172999978065491,6.9985818099975585,6.59965452671051,5.706236345767975,65.66283660751712,0.17131095741398905,0.15014051449632732,0.021170442917661736,7.632743371974737,7.172999978065491,6.713256584156245,76.57676730455192,84.73631165472197,NICK
2010-01-29,7.329999923706055,7.449999809265137,7.300000190734863,7.420000076293945,6.875762462615967,2500,7.439999961853028,7.401999998092651,7.201999974250794,7.0127999877929685,6.61194543838501,5.72992725610733,62.61796496670185,0.16587261961537259,0.15328693552013636,0.012585684095236221,7.646998875462383,7.201999974250794,6.757001073039204,68.80285156877038,76.57999926095137,NICK
2010-02-01,7.5,7.5,7.440000057220459,7.5,6.949894428253174,2800,7.451999950408935,7.417000007629395,7.232499980926514,7.02479998588562,6.625490889549256,5.754154530763626,65.38385428090105,0.16610328768001192,0.15585020595211146,0.01025308172790046,7.67135646096398,7.232499980926514,6.793643500889048,67.02508078460426,70.80156655264237,NICK
2010-02-02,7.449999809265137,7.75,7.449999809265137,7.71999979019165,7.153757095336914,37500,7.515999889373779,7.465999984741211,7.276999974250794,7.033999977111816,6.639963617324829,5.779118164777755,71.60571365740746,0.1819409363763702,0.1610683520369632,0.020872584339407002,7.723994343389409,7.276999974250794,6.830005605112179,75.65247197225376,70.49346810854297,NICK
2010-02-03,7.699999809265137,7.75,7.599999904632568,7.710000038146973,7.144490718841553,28100,7.563999938964844,7.496999979019165,7.312999987602234,7.038999977111817,6.6534272575378415,5.804031800031662,70.98120780335726,0.1914782485950095,0.16715033134857246,0.024327917246437042,7.777374782292469,7.312999987602234,6.8486251929119994,85.6024960297154,76.09334959552463,NICK
2010-02-04,7.789999961853027,7.849999904632568,7.739999771118164,7.849999904632568,7.2742228507995605,13600,7.639999961853027,7.541999959945679,7.355499982833862,7.048399972915649,6.670290894508362,5.829418164491654,74.35360168605337,0.20793649397205272,0.1753075638732685,0.032628930098784203,7.851986574088012,7.355499982833862,6.859013391579713,96.71360714082651,85.98952504759872,NICK
2010-02-05,7.849999904632568,7.849999904632568,7.71999979019165,7.849999904632568,7.2742228507995605,2200,7.725999927520752,7.58299994468689,7.406999969482422,7.057999973297119,6.687427253723144,5.855213619470597,74.35360168605337,0.2184614840085164,0.1839383479003181,0.034523136108198293,7.883910826744625,7.406999969482422,6.9300891122202195,98.12206761953517,93.4793902633592,NICK
2010-02-08,7.840000152587891,7.840000152587891,7.400000095367432,7.840000152587891,7.264955997467041,6200,7.79399995803833,7.622999954223633,7.449499988555909,7.073599977493286,6.703554525375366,5.881004530191421,73.64462655573013,0.22342026824424988,0.19183473196910444,0.03158553627514543,7.921664110357093,7.449499988555909,6.977335866754724,99.55556657579227,98.13041377871816,NICK
2010-02-09,7.809999942779541,7.849999904632568,7.78000020980835,7.78000020980835,7.209356784820557,8700,7.80600004196167,7.660999965667725,7.485999989509582,7.088799982070923,6.7183545255661015,5.906722711324692,69.37047472689153,0.21997293546368724,0.197462372668021,0.02251056279566624,7.9415612029547455,7.485999989509582,7.030438776064419,96.44446902804923,98.04070107445908,NICK
2010-02-10,7.78000020980835,7.78000020980835,7.78000020980835,7.78000020980835,7.209356784820557,0,7.820000076293946,7.692000007629394,7.519000005722046,7.104599990844727,6.732518167495727,5.931986347436905,69.37047472689153,0.2147652196331764,0.20092294206105207,0.013842277572124334,7.959086389974393,7.519000005722046,7.078913621469699,93.33337148030618,96.44446902804941,NICK
2010-02-11,7.5,7.75,7.409999847412109,7.75,7.1815571784973145,3300,7.800000095367432,7.7200000286102295,7.549000000953674,7.126599988937378,6.746472716331482,5.957099982500076,67.11181560564532,0.2058444543723299,0.20190724452330763,0.003937209849022266,7.9655525660059965,7.549000000953674,7.132447435901351,89.33336469862213,93.03706840232603,NICK
2010-02-12,7.510000228881836,7.670000076293945,7.510000228881836,7.670000076293945,7.107425212860107,1900,7.764000129699707,7.74500002861023,7.57350001335144,7.1461999893188475,6.760718169212342,5.981722707748413,61.373228730305804,0.1901276847769129,0.19955133257402868,-0.009423647797115797,7.956659269001353,7.57350001335144,7.190340757701527,84.44446987575972,89.03706868489617,NICK
2010-02-16,7.619999885559082,7.619999885559082,7.610000133514404,7.610000133514404,7.051825523376465,700,7.71800012588501,7.75600004196167,7.586500024795532,7.161999988555908,6.773181810379028,6.005999983549118,57.408374973325884,0.17086095892029007,0.19381325784328096,-0.022952298922990888,7.955838631002537,7.586500024795532,7.2171614185885264,76.88891092936215,83.5555818345815,NICK
2010-02-17,7.630000114440918,7.650000095367432,7.539999961853027,7.559999942779541,7.0054931640625,2000,7.674000072479248,7.740000057220459,7.603000020980835,7.17559998512268,6.787054538726807,6.02970907330513,54.26241749367122,0.14983019314584922,0.1850166449037946,-0.03518645175794538,7.934728835815879,7.603000020980835,7.27127120614579,68.4444639417862,76.59261491563619,NICK
2010-02-18,7.579999923706055,7.579999923706055,7.559999942779541,7.559999942779541,7.0054931640625,3200,7.630000019073487,7.725000047683716,7.611000013351441,7.188999986648559,6.800836358070374,6.053054528236389,54.26241749367121,0.13164563086506664,0.17434244209604902,-0.04269681123098237,7.930242890273367,7.611000013351441,7.291757136429514,58.868691905905415,68.06735559235142,NICK
2010-02-19,7.570000171661377,7.579999923706055,7.559999942779541,7.559999942779541,7.0054931640625,500,7.5920000076293945,7.696000051498413,7.619000005722046,7.203399982452392,6.812890906333923,6.074854527711868,54.26241749367121,0.11589823157539314,0.16265359999191784,-0.046755368416524695,7.92441124211574,7.619000005722046,7.3135887693283514,48.05386063922483,58.45567216230564,NICK
2010-02-22,7.559999942779541,7.599999904632568,7.559999942779541,7.559999942779541,7.0054931640625,1800,7.5699999809265135,7.66700005531311,7.625,7.217599983215332,6.824945454597473,6.095063617229462,54.26241749367121,0.10223974801139946,0.15057082959581417,-0.04833108158441471,7.920668782191987,7.625,7.329331217808013,39.4612600718715,48.79460420566741,NICK
2010-02-23,7.639999866485596,7.639999866485596,7.630000114440918,7.630000114440918,7.070359706878662,500,7.573999977111816,7.646000051498413,7.634500002861023,7.238199987411499,6.8392454576492305,6.115031797885894,58.54066676950871,0.09595759084437638,0.1396481818455266,-0.04369059100115022,7.917729649982683,7.634500002861023,7.351270355739362,40.74073681615358,42.75195250908346,NICK
2010-02-24,7.579999923706055,7.610000133514404,7.570000171661377,7.570000171661377,7.0147600173950195,3400,7.576000022888183,7.625000047683716,7.64300000667572,7.255199995040893,6.851672730445862,6.131927254199982,53.88780857333825,0.08515581881549839,0.12874970923952095,-0.04359389042402256,7.907128833332919,7.64300000667572,7.378871180018521,41.48149482507856,40.56116390436804,NICK
2010-02-25,7.559999942779541,7.559999942779541,7.559999942779541,7.559999942779541,7.0054931640625,400,7.576000022888183,7.603000020980835,7.647500014305114,7.269399995803833,6.863909091949463,6.1459545278549195,53.12985161821795,0.07492471627448793,0.11798471064651435,-0.043059994372026414,7.902598081599461,7.647500014305114,7.392401947010768,41.48149482507856,41.23457548877039,NICK
2010-02-26,7.570000171661377,7.570000171661377,7.449999809265137,7.570000171661377,7.0147600173950195,6800,7.578000068664551,7.585000038146973,7.652500033378601,7.283800001144409,6.876427273750306,6.159940893650055,53.82921987387284,0.06685279133094202,0.10775832678339989,-0.04090553545245787,7.8971937243153425,7.652500033378601,7.40780634244186,37.03705273538652,40.0000141285147,NICK
2010-03-01,7.449999809265137,7.570000171661377,7.409999847412109,7.46999979019165,6.922094345092773,4100,7.560000038146972,7.565000009536743,7.655000019073486,7.296799993515014,6.88794545173645,6.175109071731567,46.37695595610324,0.05178954003193592,0.0965645694331071,-0.044775029401171174,7.891008545220608,7.655000019073486,7.418991492926365,28.989898773400895,35.83614877795548,NICK
2010-03-02,7.5,7.5,7.460000038146973,7.460000038146973,6.91282844543457,2400,7.526000022888184,7.55,7.653000020980835,7.317199993133545,6.900727272033691,6.190590891838074,45.695688529552186,0.03859995221254753,0.08497164598899518,-0.04637169377644765,7.894834720257733,7.653000020980835,7.411165321703938,21.642570476768004,29.22317399518529,NICK
2010-03-03,7.46999979019165,7.5,7.46999979019165,7.480000019073486,6.931361675262451,25200,7.507999992370605,7.542000007629395,7.641000032424927,7.329799995422364,6.913709092140198,6.204945437908172,47.361195430366024,0.029421784140639673,0.07386167361932408,-0.04443988947868441,7.891990130217882,7.641000032424927,7.390009934631972,15.912725742993645,22.18173166438767,NICK
2010-03-04,7.440000057220459,7.5,7.440000057220459,7.460000038146973,6.91282844543457,700,7.488000011444091,7.532000017166138,7.628500032424927,7.3465999984741215,6.926945452690124,6.2186999821662905,45.84691292051201,0.02030018065836181,0.06314937502713162,-0.04284919436876981,7.889212572625632,7.628500032424927,7.367787492224221,17.77755134392632,18.44428252122948,NICK
2010-03-05,7.460000038146973,7.550000190734863,7.449999809265137,7.5,6.949894428253174,32400,7.473999977111816,7.526000022888184,7.611000037193298,7.362799997329712,6.94103636264801,6.2328818011283875,49.3358992526561,0.01611316428122489,0.05374213287795028,-0.03762896859672539,7.856430357802915,7.611000037193298,7.365569716583681,25.773042346461413,19.821106477793947,NICK
2010-03-08,7.519999980926514,7.599999904632568,7.510000228881836,7.510000228881836,6.959161281585693,12900,7.482000064849854,7.521000051498413,7.594000053405762,7.378400001525879,6.9543181848526,6.246795437335968,50.19975763460618,0.01344685159704806,0.04568307662176983,-0.032236225024721774,7.816926160912259,7.594000053405762,7.371073945899265,32.79921102028777,25.449934903558656,NICK
2010-03-09,7.5,7.510000228881836,7.380000114440918,7.380000114440918,6.838696002960205,34900,7.466000080108643,7.496000051498413,7.571000051498413,7.391000003814697,6.966663637161255,6.259377257823944,40.52601387372853,0.0008342402042202934,0.03671330933825993,-0.03587906913403963,7.782272468233152,7.571000051498413,7.359727634763675,26.38893579990361,28.32039638888442,NICK
2010-03-10,7.349999904632568,7.599999904632568,7.260000228881836,7.519999980926514,6.9684271812438965,11700,7.474000072479248,7.491000032424926,7.5580000400543215,7.402000007629394,6.980045456886291,6.272704532146454,51.38995804942762,0.002111138118044309,0.029792875094216804,-0.027681736976172495,7.747060932593419,7.5580000400543215,7.368939147515224,36.69594506534893,31.961363961846928,NICK
2010-03-11,7.5,7.75,7.5,7.730000019073486,7.163023948669434,18400,7.528000068664551,7.508000040054322,7.555500030517578,7.417200012207031,6.995436367988586,6.28817271232605,62.46555045412813,0.019839637952643763,0.027802227665902197,-0.007962589713258434,7.733766697001536,7.555500030517578,7.3772333640336205,54.779807321504386,39.2882293955858,NICK
2010-03-12,7.510000228881836,7.75,7.510000228881836,7.679999828338623,7.116691589355469,6800,7.564000034332276,7.519000005722046,7.552000021934509,7.434000005722046,7.009054546356201,6.303345437049866,59.017611493330826,0.02951477630628485,0.028144737393978728,0.0013700389123061235,7.717118150693162,7.552000021934509,7.386881893175856,83.3512219909685,58.275658125940765,NICK
2010-03-15,7.75,7.75,7.610000133514404,7.690000057220459,7.1259589195251465,5300,7.6,7.541000032424927,7.553000020980835,7.4510000038146975,7.024590907096862,6.318522713184357,59.49912269043135,0.03755640123710524,0.03002707016260403,0.007529331074501211,7.72117848522161,7.553000020980835,7.38482155674006,89.79590711337589,75.97564547528309,NICK
2010-03-16,7.630000114440918,7.75,7.630000114440918,7.690000057220459,7.1259589195251465,2800,7.661999988555908,7.564000034332276,7.557000017166137,7.4670000076293945,7.042399997711182,6.332427258491516,59.49912269043135,0.04342882645370594,0.03270742142082441,0.010721405032881527,7.733985879247414,7.557000017166137,7.380014155084861,87.07482000199836,86.74064970211441,NICK
2010-03-17,7.630000114440918,7.75,7.550000190734863,7.550000190734863,6.996226787567139,5600,7.668000030517578,7.571000051498413,7.556500029563904,7.481400012969971,7.061990909576416,6.346995439529419,49.96718755542698,0.03636673348263386,0.0334392838331863,0.002927449649447564,7.733505665150719,7.556500029563904,7.379494393977089,78.2313031089799,85.03401007478487,NICK
2010-03-18,7.550000190734863,7.590000152587891,7.5,7.510000228881836,6.959161281585693,7200,7.624000072479248,7.576000070571899,7.554000043869019,7.491800022125244,7.080818181037903,6.361363620758056,47.619851900314316,0.02722843880212089,0.03219711482697322,-0.004968676024852327,7.732146028190195,7.554000043869019,7.375854059547843,65.986411107781,77.09751140625325,NICK
2010-03-19,7.5,7.659999847412109,7.5,7.53000020980835,6.977694511413574,1100,7.594000148773193,7.579000091552734,7.552500057220459,7.5024000263214115,7.095300002098083,6.375377256870269,48.91214970438293,0.021353950692698298,0.030028482000118234,-0.008674531307419936,7.730923683849995,7.552500057220459,7.3740764305909225,55.10206266227086,66.43992562634408,NICK
2010-03-22,7.5,7.690000057220459,7.5,7.510000228881836,6.959161281585693,2100,7.558000183105468,7.579000091552734,7.550000071525574,7.51620002746582,7.108581824302673,6.388836348056794,47.6462216215195,0.01491264157929617,0.027005313915953823,-0.012092672336657652,7.729332132938983,7.550000071525574,7.370668010112165,52.38097555089333,57.823149773648545,NICK
2010-03-23,7.510000228881836,7.539999961853027,7.5,7.510000228881836,6.959161281585693,12000,7.5220002174377445,7.592000102996826,7.5440000772476195,7.526600036621094,7.121863646507263,6.401704528331757,47.6462216215195,0.009696087241681361,0.02354346858109933,-0.013847381339417968,7.720227159827147,7.5440000772476195,7.367772994668092,52.38097555089333,53.28800458801933,NICK
2010-03-24,7.510000228881836,7.599999904632568,7.5,7.599999904632568,7.0425591468811035,5400,7.532000160217285,7.600000095367432,7.5455000638961796,7.537600030899048,7.136500005722046,6.415159072875976,53.87634602740913,0.012678007837720884,0.021370376432423642,-0.008692368594702758,7.7230922369956465,7.5455000638961796,7.367907890796713,57.142861776845486,53.96827095954419,NICK
2010-03-25,7.579999923706055,7.650000095367432,7.480000019073486,7.579999923706055,7.024025917053223,4400,7.5460000991821286,7.585000085830688,7.5465000629425045,7.546800031661987,7.149118185043335,6.427968163490295,52.384497295829256,0.013274351617257985,0.01975117146939051,-0.006476819852132526,7.724631976763967,7.5465000629425045,7.368368149121042,61.90474800279764,57.14286177684563,NICK
2010-03-26,7.599999904632568,7.610000133514404,7.349999904632568,7.5,6.949894428253174,8900,7.540000057220459,7.567000102996826,7.543000054359436,7.553800029754639,7.160027275085449,6.439695439338684,46.80191706633332,0.007208537569206364,0.01724264468935368,-0.010034107120147316,7.721896612823022,7.543000054359436,7.364103495895851,61.22446000599472,60.09068992854609,NICK
2010-03-29,7.5,7.550000190734863,7.400000095367432,7.5,6.949894428253174,11100,7.538000011444092,7.54800009727478,7.544500064849854,7.560200033187866,7.170936365127563,6.451513619422912,46.80191706633332,0.0023739705792031884,0.01426890986732358,-0.011894939288120392,7.721415218879985,7.544500064849854,7.367584910819723,54.42174222755088,59.18365007878123,NICK
2010-03-30,7.489999771118164,7.5,7.21999979019165,7.349999904632568,6.810896396636963,8100,7.505999946594239,7.514000082015992,7.539000058174134,7.560200033187866,7.180436363220215,6.462809073925018,37.99654634230599,-0.013406668950300293,0.008733794103798806,-0.0221404630540991,7.732173511303961,7.539000058174134,7.345826605044306,40.829149926371336,52.15845071997246,NICK
2010-03-31,7.389999866485596,7.570000171661377,7.28000020980835,7.570000171661377,7.0147600173950195,27300,7.5,7.516000080108642,7.543500065803528,7.567000036239624,7.1944090938568115,6.475840895175934,52.200864738615714,-0.008067756465985454,0.005373483989841953,-0.013441240455827407,7.735153354854194,7.543500065803528,7.351846776752861,46.51522115225373,47.255371102058795,NICK
2010-04-01,7.539999961853027,7.75,7.400000095367432,7.510000228881836,6.959161281585693,29300,7.486000061035156,7.516000080108642,7.546000075340271,7.569200038909912,7.207690916061401,6.488618171215057,48.90996833472532,-0.00857922780153153,0.0025829416315672564,-0.011162169433098787,7.734509968725841,7.546000075340271,7.357490181954701,48.427712565074195,45.257361214566565,NICK
2010-04-05,7.550000190734863,7.75,7.550000190734863,7.690000057220459,7.1259589195251465,23400,7.524000072479248,7.5320000648498535,7.555500078201294,7.575000038146973,7.222772736549377,6.503886351585388,57.55503971234496,0.005476776436110775,0.0031617085924759603,0.002315067843634815,7.752728314660604,7.555500078201294,7.358271841741984,69.81136149550488,54.91809840427774,NICK
2010-04-06,7.71999979019165,7.75,7.610000133514404,7.699999809265137,7.135223388671875,35000,7.564000034332276,7.551000022888184,7.565000057220459,7.580200033187866,7.2380454635620115,6.5192045307159425,57.98042832151123,0.01722460297986661,0.00597428746995409,0.011250315509912519,7.770669612695392,7.565000057220459,7.359330501745526,77.98743609559911,65.4088367187262,NICK
2010-04-07,7.75,8.449999809265137,7.519999980926514,8.229999542236328,7.626349925994873,68400,7.7399999618530275,7.622999954223633,7.60750002861023,7.596000022888184,7.259345459938049,6.5370818042755126,73.27077191356783,0.06851162979128134,0.01848175593421954,0.0500298738570618,7.949077022896031,7.60750002861023,7.2659230343244285,87.11968858315065,78.30616205808502,NICK
2010-04-08,8.369999885559082,8.449999809265137,8.140000343322754,8.140000343322754,7.542952060699463,66000,7.853999996185303,7.6769999980926515,7.638500046730042,7.61080002784729,7.278927283287048,6.555054531097412,68.69920568782433,0.10073359071548094,0.03493212289047182,0.06580146782500912,8.048391378544292,7.638500046730042,7.228608714915793,82.49219898875315,82.53310788916777,NICK
2010-04-09,8.300000190734863,8.399999618530273,8.300000190734863,8.399999618530273,7.783881187438965,37400,8.031999874114991,7.758999967575074,7.6720000267028805,7.629400024414062,7.30283637046814,6.574236350059509,73.78738859583731,0.14557143857047627,0.057059986026472706,0.08851145254400357,8.19908994298509,7.6720000267028805,7.144910110420671,84.2818451297548,84.63124423388633,NICK
2010-04-12,8.350000381469727,8.5,8.229999542236328,8.5,7.876546382904053,23900,8.193999862670898,7.858999967575073,7.713000035285949,7.650000028610229,7.324290919303894,6.592827260494232,75.44099564505836,0.18701911118299552,0.08305181105777727,0.10396730012521825,8.351908298514655,7.713000035285949,7.074091772057244,90.24391189445093,85.67265200431977,NICK
2010-04-13,8.430000305175781,8.600000381469727,8.399999618530273,8.5,7.876546382904053,17800,8.353999900817872,7.958999967575073,7.753500032424927,7.6716000270843505,7.3422000074386595,6.6112363505363465,75.44099564505836,0.2173610870340239,0.1099136662530266,0.1074474207809973,8.47835226484381,7.753500032424927,7.028647800006043,96.22951418540445,90.25175706987021,NICK
2010-04-14,8.399999618530273,8.539999961853027,8.15999984741211,8.520000457763672,7.895079612731934,35000,8.41200008392334,8.076000022888184,7.795000052452087,7.692000036239624,7.358400011062622,6.628654532432556,75.79518173239876,0.24025171902342368,0.13598127680710603,0.10427044221631765,8.592006880046643,7.795000052452087,6.997993224857531,95.65216840453024,94.04186482812868,NICK
2010-04-15,8.59000015258789,8.649999618530273,8.59000015258789,8.600000381469727,7.969212055206299,9700,8.504000091552735,8.179000043869019,7.84750006198883,7.709600048065186,7.371800012588501,6.6461999893188475,77.2109165742896,0.26182982382331144,0.16115098621034712,0.10067883761296431,8.70877527858472,7.84750006198883,6.98622484539294,94.48668488325747,95.45612249106419,NICK
2010-04-16,8.420000076293945,8.6899995803833,8.420000076293945,8.550000190734863,7.922879219055176,66000,8.534000205993653,8.283000040054322,7.899500060081482,7.7264000511169435,7.38270001411438,6.665131809711457,74.28638645146438,0.27176331152729993,0.18327345127373768,0.08848986025356226,8.79777566268013,7.899500060081482,7.001224457482835,93.72756221223273,94.62213850000694,NICK
2010-04-19,8.399999618530273,8.550000190734863,8.3100004196167,8.390000343322754,7.7746148109436035,26500,8.512000274658202,8.353000068664551,7.942500066757202,7.737200059890747,7.392800016403198,6.683263630867004,65.7093517967504,0.26368542020236685,0.19935584505946352,0.06432957514290333,8.848212567294247,7.942500066757202,7.036787566220157,88.8572219320477,92.35715634251277,NICK
2010-04-20,8.430000305175781,8.470000267028809,8.140000343322754,8.289999961853027,7.681949615478516,22600,8.470000267028809,8.41200008392334,7.981500053405762,7.746000061035156,7.402000017166138,6.700895450115204,60.97109395107796,0.2463743875063038,0.20875955354883158,0.03761483395747223,8.876469969805509,7.981500053405762,7.086530137006015,80.5664454748221,87.71707653970098,NICK
2010-04-21,8.399999618530273,8.399999618530273,8.300000190734863,8.329999923706055,7.719016075134277,3600,8.432000160217285,8.422000122070312,8.022500038146973,7.755800056457519,7.414700016975403,6.7187272691726685,62.14689966699151,0.23319480742209286,0.21364660432348384,0.019548203098609024,8.902315457016247,8.022500038146973,7.1426846192776985,74.43871483874375,81.28746074853798,NICK
2010-04-22,8.25,8.479999542236328,8.25,8.40999984741211,7.793148994445801,12000,8.394000053405762,8.449000072479247,8.063000035285949,7.768400049209594,7.428600015640259,6.735913634300232,64.45344195928475,0.22659319520250065,0.2162359224992872,0.01035727270321346,8.935836858569244,8.063000035285949,7.190163212002654,73.2642164973906,76.08979227031895,NICK
2010-04-23,8.699999809265137,8.739999771118164,8.390000343322754,8.489999771118164,7.86728048324585,11300,8.381999969482422,8.458000087738037,8.108500027656556,7.782600040435791,7.443600015640259,6.754272723197937,66.6424095044326,0.2252204935574067,0.2180328367109111,0.00718765684649561,8.970689714546412,8.108500027656556,7.2463103407666996,75.88987420830641,74.53093518148039,NICK
2010-04-26,8.550000190734863,8.6899995803833,8.539999961853027,8.550000190734863,7.922879219055176,23500,8.413999938964844,8.463000106811524,8.161000037193299,7.798600044250488,7.4626000165939335,6.772749998569489,68.22294693526248,0.22636475800936395,0.21969922097060166,0.006665537038762298,8.996030620011599,8.161000037193299,7.325969454374999,80.00094837349177,76.3850130263964,NICK
2010-04-27,8.550000190734863,8.579999923706055,8.399999618530273,8.579999923706055,7.95067834854126,7400,8.47199993133545,8.47100009918213,8.215000033378601,7.81680004119873,7.481500015258789,6.79074090719223,69.01349892619896,0.22707474722715304,0.22117432622191194,0.005900421005241102,9.010826677212206,8.215000033378601,7.419173389544995,79.08926258510509,78.32669505563456,NICK
2010-04-28,8.460000038146973,8.649999618530273,8.460000038146973,8.550000190734863,7.922879219055176,8000,8.51599998474121,8.474000072479248,8.275000047683715,7.83560004234314,7.498800015449524,6.808581817150116,67.21274999478932,0.2226501190869552,0.2214694847949206,0.0011806342920346047,8.976241815342103,8.275000047683715,7.573758280025327,75.36432254262134,78.15151116707285,NICK
2010-04-29,8.630000114440918,8.649999618530273,8.59000015258789,8.600000381469727,7.969212055206299,13200,8.554000091552734,8.474000072479248,8.326500058174133,7.856400051116943,7.516000018119812,6.827672729492187,68.67959892854604,0.22063482599770623,0.22130255303547772,-0.0006677270377714872,8.961205573149744,8.326500058174133,7.691794543198522,72.77781751424568,75.74380088065749,NICK
2010-04-30,8.600000381469727,8.600000381469727,8.40999984741211,8.510000228881836,7.8858137130737305,8200,8.558000183105468,8.470000076293946,8.376500058174134,7.8754000568389895,7.532200021743774,6.84631364107132,63.19878109579308,0.20936203632250638,0.21891444969288346,-0.009552413370377072,8.892495367284122,8.376500058174134,7.860504749064146,68.88894187084605,72.34369397590449,NICK
2010-05-03,8.649999618530273,8.75,8.329999923706055,8.75,8.108209609985352,22800,8.598000144958496,8.50600004196167,8.42950005531311,7.899200057983398,7.551300020217895,6.8661545515060425,70.06026224326533,0.21728946733486687,0.21858945322128015,-0.0012999858864132796,8.863849167529953,8.42950005531311,7.995150943096267,79.44448418091235,73.70374785533483,NICK
2010-05-04,8.699999809265137,9.050000190734863,8.680000305175781,9.050000190734863,8.38620662689209,71100,8.692000198364259,8.582000064849854,8.497000074386596,7.929000062942505,7.573300023078918,6.887086372375489,76.06710532961598,0.2449558234591862,0.22386272726886136,0.021093096190324845,8.872505204576285,8.497000074386596,8.121494944196908,87.22223546771164,78.51855383982348,NICK
2010-05-05,9.050000190734863,9.199999809265137,8.760000228881836,9.0,8.339871406555176,48600,8.782000160217285,8.649000072479248,8.535500097274781,7.956400060653687,7.5973000240325925,6.9079954624176025,73.4230794354745,0.25985160494002635,0.23106050280309437,0.02879110213693198,8.949527903042496,8.535500097274781,8.121472291507066,93.71069465312344,86.79247143391594,NICK
2010-05-06,9.050000190734863,9.050000190734863,8.5600004196167,8.600000381469727,7.969212055206299,15300,8.782000160217285,8.66800012588501,8.55850009918213,7.977000064849854,7.616100029945374,6.9269045543670655,56.50268449420302,0.23665201567684413,0.23217880537784433,0.004473210298999802,8.931127352419015,8.55850009918213,8.185872845945244,74.8427786124933,85.25856957777626,NICK
2010-05-07,8.510000228881836,8.949999809265137,8.40999984741211,8.739999771118164,8.098943710327148,16300,8.82800006866455,8.69300012588501,8.575500106811523,8.000600061416627,7.6350000286102295,6.9456045532226565,59.978984530491154,0.2269468527140912,0.2311324148450937,-0.00418556213100249,8.948674348321497,8.575500106811523,8.20232586530155,60.37736131979012,76.31027819513575,NICK
2010-05-10,8.850000381469727,9.029999732971191,8.619999885559082,9.029999732971191,8.36767292022705,29200,8.884000015258788,8.741000080108643,8.602000093460083,8.029800052642821,7.656800026893616,6.9656636428833005,66.03447839537424,0.2398907037291096,0.23288407262189686,0.007006631107212724,9.022266611478331,8.602000093460083,8.181733575441834,60.70175051138722,65.307296814557,NICK
2010-05-11,9.050000190734863,9.050000190734863,8.569999694824219,9.039999961853027,8.376938819885254,14200,8.881999969482422,8.78700008392334,8.629000091552735,8.06120005607605,7.679000024795532,6.985545463562012,66.22426386998693,0.24809583940690239,0.23592642597889796,0.012169413428004427,9.087253209063606,8.629000091552735,8.170746974041863,73.95563569111029,65.01158250742934,NICK
2010-05-12,8.989999771118164,9.029999732971191,8.789999961853027,8.979999542236328,8.32133960723877,9300,8.877999877929687,8.830000019073486,8.652000045776367,8.091600046157836,7.704400019645691,7.003309097290039,63.91662652833181,0.24691070323738096,0.23812328143059455,0.008787421806786405,9.13173316634875,8.652000045776367,8.172266925203983,79.99192287009966,71.54976969086584,NICK
2010-05-13,9.029999732971191,9.029999732971191,8.789999961853027,8.930000305175781,8.275008201599121,3800,8.943999862670898,8.863000011444091,8.66850004196167,8.120600051879883,7.725200023651123,7.020459098815918,61.97848646869538,0.2391798374332108,0.2383345926311178,0.0008452448020929981,9.162434150224398,8.66850004196167,8.174565933698942,75.61202907881062,76.51986254667365,NICK
2010-05-14,8.930000305175781,8.960000038146973,8.760000228881836,8.9399995803833,8.284273147583008,10400,8.983999824523925,8.905999946594239,8.688000011444093,8.15020004272461,7.748400020599365,7.037568187713623,62.22518326318392,0.2311948581167762,0.2369066457282495,-0.005711787611473285,9.19236482483854,8.688000011444093,8.183635198049645,71.26436403616962,75.62277199502677,NICK
2010-05-17,8.899999618530273,8.949999809265137,8.720000267028809,8.890000343322754,8.23794174194336,17700,8.955999946594238,8.919999980926514,8.713000011444091,8.178000049591065,7.770400023460388,7.053063645362854,60.12447874717587,0.21831557782565802,0.2331884321477312,-0.014872854322073165,9.20522346818531,8.713000011444091,8.220776554702873,67.81611841348051,71.56417050948706,NICK
2010-05-18,8.9399995803833,8.949999809265137,8.880000114440918,8.880000114440918,8.228673934936523,7200,8.923999977111816,8.902999973297119,8.742500019073486,8.205400047302247,7.791900024414063,7.067645466327667,59.690433739485194,0.204939307740041,0.22753860726619315,-0.022599299526152167,9.199221956421763,8.742500019073486,8.285778081725208,65.90040204137502,68.32696149700853,NICK
2010-05-19,8.819999694824219,8.960000038146973,8.65999984741211,8.850000381469727,8.200876235961914,13500,8.898000144958496,8.888000011444092,8.76850004196167,8.234800052642822,7.81290002822876,7.079122743606567,58.33003013398253,0.1897306922765125,0.21997702426825702,-0.030246331991744507,9.185837942399484,8.76850004196167,8.351162141523854,62.45215641868589,65.38955895784727,NICK
2010-05-20,8.65999984741211,8.770000457763672,8.649999618530273,8.710000038146973,8.071142196655273,9900,8.854000091552734,8.898999977111817,8.783500051498413,8.258600053787232,7.830300030708313,7.090627288818359,52.335491769890865,0.16448481867362652,0.20887858314933092,-0.044393764475704395,9.1685336788457,8.783500051498413,8.398466424151126,55.555592094806364,61.302716851622556,NICK
2010-05-21,8.75,8.819999694824219,8.649999618530273,8.720000267028809,8.080410957336426,4700,8.810000228881837,8.89700002670288,8.795000076293945,8.278400058746337,7.847800035476684,7.102727289199829,52.70934778248417,0.14362855626109905,0.19582857777168455,-0.052200021510585504,9.157353292804968,8.795000076293945,8.432646859782922,47.56297219347146,55.1902402356547,NICK
2010-05-24,8.670000076293945,8.75,8.600000381469727,8.600000381469727,7.969212055206299,1000,8.75200023651123,8.854000091552734,8.797500085830688,8.29680006980896,7.865400037765503,7.115136380195618,47.85843647333348,0.11607874661966555,0.17987861154128076,-0.06379986492161521,9.153695033488173,8.797500085830688,8.441305138173202,35.65648094469733,46.25834841099185,NICK
2010-05-25,8.710000038146973,8.720000267028809,8.350000381469727,8.5,7.876546382904053,14100,8.676000213623047,8.800000095367432,8.793500089645386,8.31300006866455,7.882000036239624,7.1260000157356265,44.207244672775765,0.0851940647990812,0.16094170219284085,-0.07574763739375964,9.160992724901883,8.793500089645386,8.42600745438889,28.239928595548218,37.15312724457247,NICK
2010-05-26,8.59000015258789,8.920000076293945,8.510000228881836,8.579999923706055,7.95067834854126,6600,8.622000122070313,8.760000133514405,8.795000076293945,8.330800065994262,7.8989000368118285,7.137263650894165,47.64820985002085,0.06640755227461348,0.14203487220919536,-0.07562731993458188,9.158730555007608,8.795000076293945,8.431269597580282,26.11210362061665,30.002837720287527,NICK
2010-05-27,8.869999885559082,8.869999885559082,8.5,8.520000457763672,7.895079612731934,7900,8.584000205993652,8.719000148773194,8.791000080108642,8.35020007133484,7.915800042152405,7.149136378765106,45.38731951065109,0.046145711249788945,0.12285704001731408,-0.07671132876752514,9.164839408041738,8.791000080108642,8.417160752175546,26.190446996356666,26.84749307084064,NICK
2010-05-28,8.699999809265137,8.699999809265137,8.5,8.699999809265137,8.06187629699707,700,8.580000114440917,8.695000171661377,8.800500059127808,8.374000062942505,7.932900042533874,7.1627272868156435,52.64658171202067,0.04410409505381985,0.10710645102461523,-0.06300235597079538,9.154419359653728,8.800500059127808,8.446580758601888,35.71425003258404,29.338933549852573,NICK
2010-06-01,8.5,8.59000015258789,8.5,8.5,7.876546382904053,1000,8.560000038146972,8.656000137329102,8.788000059127807,8.393400058746337,7.947900042533875,7.1757727408409115,45.422059416655145,0.02604752669618371,0.09089466615892892,-0.06484713946274522,9.165072833532992,8.788000059127807,8.410927284722622,32.11481738346552,31.339838137468863,NICK
2010-06-02,8.5,8.5,8.319999694824219,8.4399995803833,7.820947170257568,2000,8.547999954223632,8.61200008392334,8.75750002861023,8.412000045776367,7.964100036621094,7.189472739696503,43.49375646740589,0.0068174464842112314,0.07407922222398539,-0.06726177573977415,9.143446815875166,8.75750002861023,8.371553241345293,29.65337059079846,32.4941460022828,NICK
2010-06-03,8.489999771118164,8.5,8.34000015258789,8.420000076293945,7.802415370941162,5100,8.51599998474121,8.569000053405762,8.728500032424927,8.430200042724609,7.978400039672851,7.202936375141144,42.84090156616243,-0.009921949409608999,0.05727898789726651,-0.06720093730687551,9.124241008093405,8.728500032424927,8.33275905675645,18.195077038240697,26.654421670835017,NICK
2010-06-04,8.350000381469727,8.369999885559082,8.350000381469727,8.350000381469727,7.737549304962158,1800,8.481999969482422,8.533000087738037,8.716000032424926,8.445200052261352,7.9914000415802,7.215504558086395,40.54682351257342,-0.028507811313428277,0.04012162805512755,-0.06862943936855583,9.141835546348565,8.716000032424926,8.290164518501287,12.404682473544318,20.08437670086128,NICK
2010-06-07,8.369999885559082,8.369999885559082,8.239999771118164,8.239999771118164,7.635616779327393,4200,8.389999961853027,8.485000038146973,8.691000032424927,8.458400049209594,8.00260004043579,7.22665910243988,37.17770849205468,-0.05151948615143631,0.021793405213814777,-0.07331289136525108,9.164324379125844,8.691000032424927,8.21767568572401,6.770885332149347,12.456881614644912,NICK
2010-06-08,8.390000343322754,8.390000343322754,8.199999809265137,8.199999809265137,7.598550796508789,2400,8.329999923706055,8.444999980926514,8.649500036239624,8.472400045394897,8.013100037574768,7.237204556465149,36.006095455811916,-0.07215233962075551,0.003004256246900719,-0.07515659586765623,9.141820077351976,8.649500036239624,8.157179995127272,1.5625349245779716,6.91270091009067,NICK
2010-06-09,8.0600004196167,8.579999923706055,8.0600004196167,8.1899995803833,7.589282512664795,10100,8.279999923706054,8.413999938964844,8.607000017166138,8.486200037002563,8.023200035095215,7.246381828784942,35.70316472162516,-0.08829317082950539,-0.015255229168380503,-0.07303794166112489,9.103874359230083,8.607000017166138,8.110125675102193,5.0387291730200365,4.457383143249242,NICK
2010-06-10,8.199999809265137,8.539999961853027,7.760000228881836,8.050000190734863,7.459552764892578,30000,8.205999946594238,8.360999965667725,8.560500049591065,8.50020004272461,8.030200037956238,7.25840455532074,31.684226718562126,-0.11110097370484517,-0.03442437807567344,-0.07667659562917173,9.082476252163485,8.560500049591065,8.038523847018645,13.372062506353368,6.6577755346505825,NICK
2010-06-11,8.0600004196167,8.170000076293945,8.0,8.0,7.413220405578613,5800,8.135999870300292,8.308999919891358,8.514000034332275,8.508800039291382,8.037900037765503,7.269450011253357,30.36939278531387,-0.13169284617343457,-0.05387807169522567,-0.0778147744782089,9.061116222832124,8.514000034332275,7.966883845832425,20.26860856060758,12.893133413327119,NICK
2010-06-14,8.0,8.0,7.849999904632568,7.869999885559082,7.292755603790283,16600,8.061999893188476,8.225999927520752,8.460500049591065,8.516000032424927,8.04260003566742,7.278663644790649,27.207982328886228,-0.15669568591279237,-0.07444159453873901,-0.08225409137405336,9.038893726878536,8.460500049591065,7.8821063723035945,18.390789478011385,17.343820181657566,NICK
2010-06-15,8.0,8.0,7.880000114440918,7.989999771118164,7.403954029083252,9300,8.019999885559082,8.174999904632568,8.415500020980835,8.52200002670288,8.048500032424927,7.288977279663086,34.03427490085095,-0.16492645910087766,-0.09253856745116674,-0.07238789164971092,8.993270942343285,8.415500020980835,7.837729099618383,16.66663926222884,18.44201243361606,NICK
2010-06-16,7.809999942779541,8.0,7.809999942779541,7.980000019073486,7.394687175750732,15900,7.977999973297119,8.128999948501587,8.370500016212464,8.527600030899048,8.053900032043456,7.297650005817413,33.75024040114252,-0.17029326778341414,-0.10808950751761623,-0.06220376026579791,8.936626520469863,8.370500016212464,7.804373511955064,16.37669555745084,17.14470809923048,NICK
2010-06-17,7.949999809265137,8.020000457763672,7.909999847412109,8.0,7.413220405578613,9200,7.9679999351501465,8.086999940872193,8.327999997138978,8.52300004005432,8.059500031471252,7.306286370754242,34.920080840103196,-0.1709619283264967,-0.12066399167939232,-0.050297936647104385,8.870903436697054,8.327999997138978,7.785096557580903,21.72641944767567,18.25658475578524,NICK
2010-06-18,7.960000038146973,8.170000076293945,7.920000076293945,8.119999885559082,7.524418830871582,1000,7.991999912261963,8.063999891281128,8.298499989509583,8.522600030899047,8.06670002937317,7.3189318251609805,41.58510678241089,-0.15996488314241475,-0.1285241699719968,-0.03144071317041794,8.818818301604136,8.298499989509583,7.77818167741503,29.575055196332404,22.559390067153092,NICK
2010-06-21,8.119999885559082,8.199999809265137,8.0600004196167,8.069999694824219,7.478085517883301,7200,8.031999874114991,8.046999883651733,8.265999960899354,8.516000032424927,8.072700028419495,7.3297363686561585,39.75803639470388,-0.15351462212356637,-0.13352226040231072,-0.019992361721255653,8.757341103698087,8.265999960899354,7.7746588181006215,35.57006184334233,28.957178829116923,NICK
2010-06-22,8.399999618530273,8.399999618530273,8.109999656677246,8.220000267028809,7.61708402633667,1800,8.07799997329712,8.048999929428101,8.246999955177307,8.510400037765503,8.080200033187866,7.339927279949189,47.246227478555824,-0.1347456868232637,-0.13376694568650133,-0.0009787411367623844,8.71399466169554,8.246999955177307,7.780005248659073,45.75862336445075,36.96791346804195,NICK
2010-06-23,8.149999618530273,8.479999542236328,8.130000114440918,8.479999542236328,7.858011245727539,7900,8.177999877929688,8.077999925613403,8.245999932289124,8.510000028610229,8.09080002784729,7.35137273311615,57.181376869579594,-0.09776443422871317,-0.1265664433949437,0.02880200916623052,8.71090423718511,8.245999932289124,7.781095627393138,60.56908016139602,47.299255123063155,NICK
2010-06-24,8.300000190734863,8.510000228881836,8.079999923706055,8.510000228881836,7.8858137130737305,19300,8.279999923706054,8.1239999294281,8.242499947547913,8.509800024032593,8.100900030136108,7.363195459842682,58.160530392508036,-0.06528317660338523,-0.114309790036632,0.04902661343324677,8.69825760859704,8.242499947547913,7.786742286498786,78.45528738947469,61.59433030510727,NICK
2010-06-25,8.279999732971191,8.390000343322754,8.210000038146973,8.270000457763672,7.663417339324951,6800,8.310000038146972,8.150999975204467,8.229999947547913,8.503200025558472,8.106400036811829,7.373181827068329,48.58828213719414,-0.05823621089948183,-0.10309507420920197,0.04485886330972014,8.667995375130607,8.229999947547913,7.792004519965219,80.48781622456497,73.17072792514534,NICK
2010-06-28,8.25,8.25,8.100000381469727,8.100000381469727,7.505885124206543,19700,8.316000175476074,8.174000024795532,8.199999976158143,8.494200029373168,8.110300040245056,7.381863648891449,43.16856989298361,-0.06561268304779766,-0.09559859597692111,0.02998591292912345,8.583979148618106,8.199999976158143,7.81602080369818,65.0406901193103,74.66126457778343,NICK
2010-06-29,8.149999618530273,8.149999618530273,8.010000228881836,8.010000228881836,7.422486782073975,11900,8.27400016784668,8.176000070571899,8.175499987602233,8.48660002708435,8.111900043487548,7.391095468997955,40.587410407097714,-0.07782374681149129,-0.09204362614383514,0.014219879332343852,8.54191366783017,8.175499987602233,7.8090863073742955,45.23663823603548,63.58838152663703,NICK
2010-06-30,8.050000190734863,8.229999542236328,8.050000190734863,8.229999542236328,7.626349925994873,300,8.224000167846679,8.201000022888184,8.164999985694886,8.485400018692017,8.115700039863587,7.401563646793366,48.66727786222716,-0.06895413648056348,-0.0874257282111808,0.018471591730617326,8.512015861805306,8.164999985694886,7.817984109584466,44.50488665136181,51.59407166890264,NICK
2010-07-01,8.100000381469727,8.109999656677246,7.900000095367432,8.109999656677246,7.5151519775390625,16100,8.144000053405762,8.211999988555908,8.14949996471405,8.48100001335144,8.11840003490448,7.410977280139923,45.06705701204503,-0.07079184989573939,-0.08409895254809252,0.013307102652353131,8.476698701979936,8.14949996471405,7.822301227448163,44.96943191644477,44.90365226794747,NICK
2010-07-02,7.929999828338623,8.579999923706055,7.929999828338623,8.579999923706055,7.95067834854126,7600,8.205999946594238,8.257999992370605,8.160999941825867,8.48440001487732,8.126400032043456,7.422377278804779,58.131283279073834,-0.033932010331021445,-0.07406556410467831,0.04013355377365686,8.529179212411053,8.160999941825867,7.792820671240682,67.6190009084881,52.36443982543168,NICK
2010-07-06,8.579999923706055,8.579999923706055,8.529999732971191,8.539999961853027,7.9136128425598145,1600,8.293999862670898,8.305000019073486,8.17599995136261,8.485400018692017,8.134000029563904,7.433259098529816,56.891224519755525,-0.007857409220660472,-0.06082393312787474,0.05296652390721427,8.578661077590105,8.17599995136261,7.773338825135113,79.22076136653723,63.936398063823496,NICK
2010-07-07,8.40999984741211,8.4399995803833,8.399999618530273,8.399999618530273,7.783881187438965,3800,8.371999740600586,8.322999954223633,8.185999941825866,8.482400007247925,8.140500025749207,7.443486371040344,52.65728162364523,0.0014928338824589105,-0.04836057972580801,0.04985341360826692,8.600313778041992,8.185999941825866,7.77168610560974,89.4448532780833,78.761538517703,NICK
2010-07-08,8.399999618530273,8.510000228881836,8.399999618530273,8.460000038146973,7.839481353759766,2100,8.417999839782714,8.321000003814698,8.19949996471405,8.480000009536743,8.148400025367737,7.454559097290039,54.22943831019181,0.013587868831448802,-0.035970890014356646,0.04955875884580545,8.630706369517142,8.19949996471405,7.768293559910958,83.56250446179678,84.07603970213923,NICK
2010-07-09,8.489999771118164,8.489999771118164,8.390000343322754,8.449999809265137,7.830214023590088,2800,8.485999870300294,8.314999961853028,8.219499945640564,8.478000001907349,8.156800022125244,7.464990916252137,53.90811876149792,0.02211144925012576,-0.024354422161460165,0.046465871411585924,8.658155806806265,8.219499945640564,7.780844084474864,78.9215483467422,83.97630202887422,NICK
2010-07-12,8.359999656677246,8.5,8.359999656677246,8.449999809265137,7.830214023590088,22200,8.45999984741211,8.332999897003173,8.24199993610382,8.474999990463257,8.1657000207901,7.476377279758453,53.9081187614979,0.02853748576903037,-0.013776040575362058,0.04231352634439243,8.679474459305588,8.24199993610382,7.804525412902051,81.37253870738311,81.28553050530748,NICK
2010-07-13,8.5,8.5,8.119999885559082,8.300000190734863,7.691215515136719,21500,8.411999893188476,8.352999877929687,8.26349995136261,8.470799989700318,8.173100023269653,7.486968190670013,48.870782778177464,0.02128113471710691,-0.006764605516868264,0.028045740233975172,8.666651230924654,8.26349995136261,7.860348671800565,73.52940695233443,77.94116466882004,NICK
2010-07-14,8.34000015258789,8.399999618530273,8.130000114440918,8.3100004196167,7.7004828453063965,15400,8.394000053405762,8.382999897003174,8.279499983787536,8.46199999809265,8.180600028038025,7.496745467185974,49.21151754383901,0.01615117839386926,-0.00218144873472076,0.018332627128590018,8.662878307448288,8.279499983787536,7.896121660126784,66.66669004104322,73.85621190025371,NICK
2010-07-15,8.3100004196167,8.3100004196167,8.3100004196167,8.3100004196167,7.7004828453063965,0,8.364000129699708,8.39099998474121,8.296000003814697,8.447200002670288,8.188100032806396,7.506522743701935,49.21151754383901,0.011947922831287983,0.0006444255784809885,0.011303497252806993,8.65396082004144,8.296000003814697,7.938039187587955,59.803973129752016,66.66669004104335,NICK
2010-07-16,8.25,8.34000015258789,8.149999618530273,8.149999618530273,7.552217483520508,4700,8.304000091552734,8.394999980926514,8.303499984741212,8.430199995040894,8.19330002784729,7.51627274274826,43.795740675581214,-0.004244981446360541,-0.00033345582648731747,-0.003911525619873223,8.642101474913773,8.303499984741212,7.964898494568652,52.45100204782926,59.64055507287497,NICK
2010-07-19,8.119999885559082,8.15999984741211,8.119999885559082,8.15999984741211,7.561485290527344,1600,8.24600009918213,8.35299997329712,8.305499982833862,8.421399984359741,8.199200024604798,7.525436377525329,44.20900751516329,-0.0160856148990014,-0.003483887640990134,-0.012601727258011265,8.640192333777863,8.305499982833862,7.970807631889861,45.098030965906524,52.4510020478294,NICK
2010-07-20,8.1899995803833,8.289999961853027,8.149999618530273,8.149999618530273,7.552217483520508,3300,8.215999984741211,8.313999938964844,8.309499979019165,8.409599981307984,8.205100021362306,7.534504556655884,43.8616862792701,-0.025976891675558278,-0.007982488447903762,-0.017994403227654516,8.634613752076536,8.309499979019165,7.984386205961794,37.25485246210503,44.93462849194706,NICK
2010-07-21,8.149999618530273,8.220000267028809,8.100000381469727,8.100000381469727,7.505885124206543,9300,8.173999977111816,8.284000015258789,8.303499984741212,8.390999994277955,8.210400023460387,7.5434136486053465,42.08156112913753,-0.037418977671414666,-0.013869786292605943,-0.023549191378808725,8.639254273308895,8.303499984741212,7.967745696173528,34.80390885021692,39.052264092742945,NICK
2010-07-22,8.149999618530273,8.5,8.149999618530273,8.5,7.876546382904053,5500,8.211999893188477,8.288000011444092,8.304500007629395,8.380199995040893,8.220700025558472,7.5543227386474605,57.086648505347306,-0.014048346387447452,-0.013905498311574244,-0.000142848075873208,8.64246298570346,8.304500007629395,7.966537029555329,51.28959349346601,41.116118268596104,NICK
2010-07-23,8.380000114440918,8.479999542236328,8.149999618530273,8.25,7.644883155822754,6500,8.231999969482422,8.268000030517578,8.291499996185303,8.365600004196168,8.228600025177002,7.564663648605347,48.610195411181294,-0.015520947559410914,-0.014228588161141578,-0.0012923593982693358,8.61660145010057,8.291499996185303,7.966398542270036,49.45136192319574,45.18162142229301,NICK
2010-07-26,8.25,8.300000190734863,8.199999809265137,8.239999771118164,7.635616779327393,6600,8.247999954223634,8.247000026702882,8.289999961853027,8.351799993515014,8.23620002269745,7.574954557418823,48.30124232895075,-0.01729555707719932,-0.014841981944353126,-0.0024535751328461936,8.615760554208512,8.289999961853027,7.964239369497543,51.02949229008261,50.59014923558158,NICK
2010-07-27,8.239999771118164,8.350000381469727,8.239999771118164,8.319999694824219,7.7097487449646,8000,8.281999969482422,8.248999977111817,8.300999927520753,8.339399995803833,8.244800019264222,7.585872735977173,50.98508899401759,-0.012107059998319514,-0.014294997555146403,0.0021879375568268893,8.614999919940372,8.300999927520753,7.986999935101134,39.68484823843195,46.72190081723689,NICK
2010-07-28,8.350000381469727,8.449999809265137,8.329999923706055,8.329999923706055,7.719016075134277,4000,8.327999877929688,8.250999927520752,8.316999912261963,8.3281999874115,8.253100018501282,7.597068190574646,51.325251435730976,-0.007106286934568828,-0.012857255431030888,0.005750968496462059,8.601260412906822,8.316999912261963,8.032739411617104,48.43484492705963,46.38306181852485,NICK
2010-07-29,8.329999923706055,8.670000076293945,7.949999809265137,8.229999542236328,7.626349925994873,37000,8.273999786376953,8.242999839782716,8.316999912261963,8.315199975967408,8.260300011634827,7.6073090982437135,47.756112084519046,-0.011084557421414232,-0.012502715829107556,0.0014181584076933245,8.601260412906822,8.316999912261963,8.032739411617104,50.01572228489254,46.0451384834615,NICK
2010-07-30,8.210000038146973,8.600000381469727,8.199999809265137,8.59000015258789,7.959944248199463,12800,8.341999816894532,8.286999893188476,8.340999937057495,8.30999997138977,8.272400012016297,7.619531824588775,58.850095542063755,0.014642881141682551,-0.007073596434949534,0.021716477576632087,8.63226619419568,8.340999937057495,8.04973367991931,61.75922712669988,53.4032647795508,NICK
2010-08-02,8.579999923706055,8.649999618530273,8.5,8.649999618530273,8.015543937683105,9800,8.423999786376953,8.335999870300293,8.344499921798706,8.308799962997437,8.283700008392334,7.631872732639312,60.360887881484906,0.039419117969806905,0.002224946446001755,0.03719417152380515,8.648570628840647,8.344499921798706,8.040429214756765,74.99996688632088,62.25830543263788,NICK
2010-08-03,8.699999809265137,8.829999923706055,8.699999809265137,8.739999771118164,8.098943710327148,5000,8.507999801635743,8.394999885559082,8.354499912261963,8.309199953079224,8.29380000591278,7.644618186950684,62.5801978995209,0.06556097816443973,0.014892152789689351,0.050668825374750384,8.694645423292163,8.354499912261963,8.014354401231762,91.96125818115293,76.24015073139134,NICK
2010-08-04,8.739999771118164,9.029999732971191,8.739999771118164,8.760000228881836,8.117478370666504,10500,8.593999862670898,8.460999870300293,8.372499942779541,8.312399950027466,8.304600009918213,7.656827278137207,63.07495997603301,0.08689083701985112,0.029291889635721706,0.05759894738412941,8.755742713071632,8.372499942779541,7.98925717248745,87.33163836299032,84.76428781015483,NICK
2010-08-05,8.770000457763672,8.770000457763672,8.600000381469727,8.609999656677246,7.978478908538818,3900,8.669999885559083,8.471999835968017,8.379999923706055,8.31459994316101,8.31380000591278,7.669195456504822,56.98906931972019,0.09064619831737097,0.04156275137205156,0.049083446945319416,8.775474311761643,8.379999923706055,7.9845255356504685,75.2946189048186,84.86250514965407,NICK
2010-08-06,8.729999542236328,8.75,8.640000343322754,8.75,8.108209609985352,7800,8.701999855041503,8.521999835968018,8.394999933242797,8.317999944686889,8.324400005340577,7.683400001525879,60.79155548935833,0.10372354639881287,0.053994910377403824,0.04972863602140905,8.821497301299694,8.394999933242797,7.968502565185902,70.06174747291018,77.5626682469065,NICK
2010-08-09,8.699999809265137,8.9399995803833,8.699999809265137,8.75,8.108209609985352,4900,8.72199993133545,8.572999858856202,8.40999994277954,8.322599935531617,8.336400003433228,7.699195456504822,60.79155548935833,0.11278729721590963,0.06575338774510499,0.047033909470804644,8.863431322397295,8.40999994277954,7.9565685631617855,69.7530984115436,71.70315492975759,NICK
2010-08-10,8.720000267028809,8.800000190734863,8.720000267028809,8.75,8.108209609985352,1200,8.723999977111816,8.615999889373779,8.432499933242799,8.323599939346314,8.34880000114441,7.714809091091156,60.79155548935834,0.11860320116416645,0.07632335042891727,0.042279850735249175,8.906076787016907,8.432499933242799,7.95892307946869,74.0740969674922,71.29631428398211,NICK
2010-08-11,8.75,8.75,8.369999885559082,8.550000190734863,7.922879219055176,3700,8.681999969482423,8.63799991607666,8.444499921798705,8.324599943161012,8.359000000953674,7.727150001525879,52.50879034085013,0.10585381689547546,0.08222944372222891,0.023624373173246546,8.917214501078574,8.444499921798705,7.971785342518836,67.90126291213316,70.5761527637231,NICK
2010-08-12,8.5,8.670000076293945,8.5,8.609999656677246,7.978478908538818,1400,8.681999969482423,8.675999927520753,8.459499883651734,8.327999944686889,8.369999995231629,7.739290909767151,54.51113873261046,0.09944495394651653,0.08567254576708644,0.013772408179430096,8.933228801148703,8.459499883651734,7.985770966154766,63.58026435618456,68.51854141193677,NICK
2010-08-13,8.609999656677246,8.609999656677246,8.529999732971191,8.5600004196167,7.9321465492248535,1800,8.644000053405762,8.672999954223632,8.479999923706055,8.330799951553345,8.380499997138976,7.7511818218231205,52.523750044373784,0.08930194607060393,0.08639842582778993,0.002903520242813998,8.933431362214414,8.479999923706055,8.026568485197696,57.71607936219211,63.06586887683673,NICK
2010-08-16,8.5600004196167,8.5600004196167,8.5600004196167,8.5600004196167,7.9321465492248535,0,8.6060001373291,8.664000034332275,8.499999952316283,8.334999952316284,8.390100002288818,7.7633000040054325,52.52375004437377,0.08033745903311562,0.08518623246885507,-0.004848773435739445,8.929883740047007,8.499999952316283,8.07011616458556,58.02472842355869,59.773690713978574,NICK
2010-08-17,8.5600004196167,8.579999923706055,8.529999732971191,8.579999923706055,7.95067834854126,2000,8.572000122070312,8.648000049591065,8.521499967575073,8.341799955368042,8.400100002288818,7.7746090936660766,53.31336496887473,0.07399387596491103,0.08294776116806626,-0.008953885203155237,8.921163602002371,8.521499967575073,8.121836333147774,57.09881067385348,57.61320615320155,NICK
2010-08-18,8.579999923706055,8.600000381469727,8.579999923706055,8.579999923706055,7.95067834854126,1000,8.57800006866455,8.630000019073487,8.54549994468689,8.34939995765686,8.41090000152588,7.785463638305664,53.313364968874744,0.0681805971967755,0.07999432837380811,-0.011813731177032619,8.89561291764581,8.54549994468689,8.19538697172797,53.53268018754494,56.21873976165249,NICK
2010-08-19,8.5600004196167,8.5600004196167,8.5600004196167,8.5600004196167,7.9321465492248535,200,8.568000221252442,8.625000095367431,8.548499965667725,8.356799974441529,8.421500005722045,7.796218185424805,52.30446736342061,0.06125364516108611,0.07624619173126371,-0.014992546570177595,8.898029788561209,8.548499965667725,8.198970142774241,44.30148831280608,51.64432639140162,NICK
2010-08-20,8.550000190734863,8.550000190734863,8.489999771118164,8.5,7.876546382904053,2300,8.556000137329102,8.600000095367431,8.560999965667724,8.365799970626831,8.43300000667572,7.806718184947967,49.29079154692149,0.050342140489501475,0.07106538148291126,-0.02072324099340979,8.883794173368633,8.560999965667724,8.238205757966815,31.42270282607072,43.08562377547403,NICK
2010-08-23,8.5,8.5,8.140000343322754,8.25,7.644883155822754,11500,8.494000053405761,8.550000095367432,8.561499977111817,8.37079997062683,8.439800004959107,7.817104549407959,39.16504998474434,0.0212765212682946,0.06110760943998793,-0.03983108817169333,8.882328702802463,8.561499977111817,8.24067125142117,20.28149280461488,32.00189464783068,NICK
2010-08-24,8.229999542236328,8.5600004196167,8.109999656677246,8.5,7.876546382904053,7500,8.478000068664551,8.525000095367432,8.570499992370605,8.38339997291565,8.449700002670289,7.828695459365845,50.185545217801774,0.01820486494093032,0.052527060540176404,-0.03432219559924608,8.873318489655114,8.570499992370605,8.267681495086096,26.3481698477063,26.017455159464088,NICK
2010-08-25,8.550000190734863,8.550000190734863,8.210000038146973,8.300000190734863,7.691215515136719,1300,8.422000122070312,8.500000095367431,8.569000005722046,8.389599981307983,8.455800004005432,7.839286370277405,43.410435206204546,-0.0003635669941495223,0.04194893503331122,-0.042312502027460744,8.876824654490308,8.569000005722046,8.261175356953784,27.413050222118073,24.680904291479873,NICK
2010-08-26,8.350000381469727,8.350000381469727,8.100000381469727,8.15999984741211,7.561485290527344,3600,8.342000007629395,8.455000114440917,8.565500020980835,8.393199977874756,8.460400004386901,7.8492227339744565,39.40061493194771,-0.02607545909445541,0.028344056207757894,-0.054419515302213305,8.889813107160462,8.565500020980835,8.241186934801208,25.674143526869088,26.47845453223127,NICK
2010-08-27,8.199999809265137,8.210000038146973,8.0600004196167,8.130000114440918,7.533684730529785,9000,8.268000030517578,8.41200008392334,8.542500019073486,8.395799980163574,8.459400010108947,7.8593727350234985,38.57828396545392,-0.04831608876511062,0.013012027213184188,-0.06132811597829481,8.917833151032156,8.542500019073486,8.167166887114817,13.164618078440247,22.08393727580925,NICK
2010-08-30,8.100000381469727,8.180000305175781,8.0600004196167,8.180000305175781,7.580018043518066,9800,8.254000091552735,8.374000072479248,8.519000053405762,8.396999988555908,8.459800009727479,7.869363646507264,40.79613641307216,-0.061201853619222035,-0.0018307489532970577,-0.059371104665924976,8.922281521042049,8.519000053405762,8.115718585769475,11.331173286764447,16.723311630691377,NICK
2010-08-31,8.25,8.34000015258789,8.0600004196167,8.34000015258789,7.728282451629639,900,8.222000122070312,8.350000095367431,8.499000072479248,8.402399997711182,8.459200015068054,7.881018192768097,47.347910382513945,-0.05783656072140175,-0.013031911306917996,-0.044804649414483755,8.896084399849899,8.499000072479248,8.101915745108597,24.250780295803064,16.248857220336035,NICK
2010-09-01,8.199999809265137,8.300000190734863,8.1899995803833,8.210000038146973,7.607817649841309,8900,8.204000091552734,8.313000106811524,8.471500062942505,8.402199993133545,8.456300015449523,7.890295467376709,43.1678888741071,-0.06491120862613009,-0.023407770770760415,-0.041503437855369675,8.86865362088408,8.471500062942505,8.07434650500093,30.18853849612772,21.923497359565193,NICK
2010-09-02,8.399999618530273,8.399999618530273,8.25,8.300000190734863,7.691215515136719,3600,8.232000160217286,8.28700008392334,8.456000089645386,8.398600006103516,8.454300017356873,7.898250012397766,46.67760159259267,-0.06253479571112841,-0.031233175758834015,-0.0313016199522944,8.854517298354569,8.456000089645386,8.057482880936202,39.2062407828119,31.215186524914344,NICK
2010-09-03,8.170000076293945,8.300000190734863,8.170000076293945,8.300000190734863,7.691215515136719,600,8.266000175476075,8.267000102996827,8.43350009918213,8.394400005340577,8.452100014686584,7.905250012874603,46.677601592592666,-0.059960286496115955,-0.036978597906290406,-0.02298168858982555,8.813461901983697,8.43350009918213,8.053538296380562,38.72050204781008,36.038427108916686,NICK
2010-09-07,8.5,8.550000190734863,8.289999961853027,8.329999923706055,7.719016075134277,8800,8.296000099182129,8.275000095367432,8.412500095367431,8.395599994659424,8.449400010108947,7.910600011348724,47.92092623743401,-0.0548667716718807,-0.04055623265940846,-0.014310539012472236,8.765650192024092,8.412500095367431,8.05934999871077,46.296240697995565,41.40766117620597,NICK
2010-09-08,8.350000381469727,8.359999656677246,8.199999809265137,8.199999809265137,7.598550796508789,2600,8.268000030517578,8.245000076293945,8.385000085830688,8.397599983215333,8.44590000629425,7.9143000102043155,43.21817194323623,-0.060621243298642824,-0.04456923478725534,-0.016052008511387487,8.713542359920119,8.385000085830688,8.056457811741257,40.814731608363054,41.94382478472301,NICK
2010-09-09,8.210000038146973,8.289999961853027,8.210000038146973,8.279999732971191,7.672682285308838,1000,8.281999969482422,8.243000030517578,8.371500062942506,8.402999973297119,8.444800000190735,7.918800008296967,46.6855600707332,-0.05805713178979843,-0.047266814187763954,-0.010790317602034478,8.693945455665471,8.371500062942506,8.04905467021954,40.66655076580086,42.59250769071994,NICK
2010-09-10,8.289999961853027,8.289999961853027,8.069999694824219,8.289999961853027,7.681949615478516,4500,8.279999923706054,8.25600004196167,8.355500078201294,8.404199981689453,8.444800000190735,7.923400008678437,47.120257895138046,-0.05458885372489064,-0.04873122209518929,-0.005857631629701349,8.66029357435019,8.355500078201294,8.050706582052397,39.333216349283965,40.27149957448274,NICK
2010-09-13,8.369999885559082,8.489999771118164,8.369999885559082,8.399999618530273,7.783881187438965,8700,8.299999809265136,8.282999992370605,8.347500038146972,8.409999980926514,8.445499997138977,7.93010000705719,51.77778942362755,-0.04247454526417016,-0.04747988672898547,0.005005341464815308,8.638489791611356,8.347500038146972,8.056510284682588,52.66653696695975,44.22210136068164,NICK
2010-09-14,8.399999618530273,8.4399995803833,8.3100004196167,8.4399995803833,7.820947170257568,4300,8.321999740600585,8.308999919891358,8.341499996185302,8.407199974060058,8.44579999446869,7.937200005054474,53.385616545306355,-0.029308357401950147,-0.043845580863578405,0.014537223461628258,8.61936864365198,8.341499996185302,8.063631348718625,63.850211196829775,51.949988171024614,NICK
2010-09-15,8.489999771118164,8.489999771118164,8.329999923706055,8.399999618530273,7.783881187438965,2100,8.361999702453613,8.314999866485596,8.332499980926514,8.404399967193603,8.44489999294281,7.9442500042915345,51.535153187416405,-0.02184984982407734,-0.039446434655678195,0.017596584831600856,8.589783836276382,8.332499980926514,8.075216125576645,71.64611638986655,62.72095485121881,NICK
2010-09-16,8.4399995803833,8.4399995803833,8.380000114440918,8.399999618530273,7.783881187438965,1300,8.38599967956543,8.333999824523925,8.323499965667725,8.404399967193603,8.443399987220765,7.953000001907348,51.535153187416405,-0.015757288618347687,-0.034708605448212096,0.01895131682986441,8.557018652297266,8.323499965667725,8.089981279038184,72.10871113775357,69.20167957481677,NICK
2010-09-17,8.4399995803833,8.609999656677246,8.399999618530273,8.609999656677246,7.978478908538818,3600,8.449999618530274,8.364999771118164,8.325999927520751,8.40739995956421,8.443699984550475,7.962599999904633,59.9811352503177,0.005947795581551674,-0.026577325242259343,0.03252512082381102,8.57040921419846,8.325999927520751,8.081590640843043,79.5917493509174,74.44885895951263,NICK
2010-09-20,8.350000381469727,8.600000381469727,8.34000015258789,8.430000305175781,7.811682224273682,9700,8.455999755859375,8.377999782562256,8.32249994277954,8.406999969482422,8.442499985694885,7.9706500005722045,51.6693789367919,0.008526499657349973,-0.01955656026233748,0.02808305991968745,8.558709405984283,8.32249994277954,8.086290479574798,78.88680793665954,76.86242280844363,NICK
2010-09-21,8.369999885559082,8.550000190734863,8.329999923706055,8.5,7.876546382904053,2500,8.467999839782715,8.394999790191651,8.334999942779541,8.40799997329712,8.441499981880188,7.97875,54.32038340831035,0.0160337050057624,-0.012438507208717503,0.028472212214479903,8.580804572983038,8.334999942779541,8.089195312576045,82.30083051750324,80.25979593502684,NICK
2010-09-22,8.350000381469727,8.569999694824219,8.350000381469727,8.350000381469727,7.737549304962158,9400,8.457999992370606,8.40999984741211,8.327499961853027,8.408999977111817,8.439899983406066,7.98605000257492,48.21704604969991,0.009766916777678603,-0.007997422411438282,0.017764339189116886,8.56158310142011,8.327499961853027,8.093416822285944,66.25149140796432,75.81304328737583,NICK
2010-09-23,8.529999732971191,8.949999809265137,8.529999732971191,8.789999961853027,8.145275115966797,17400,8.536000061035157,8.460999870300293,8.351999950408935,8.418599967956544,8.440299983024596,7.995800001621246,61.78202242453135,0.039845417691921625,0.0015711456092337012,0.038274272082687924,8.66025945308531,8.351999950408935,8.04374044773256,71.09995865416157,73.21742685987651,NICK
2010-09-24,8.899999618530273,9.329999923706055,8.579999923706055,9.010000228881836,8.349139213562012,22800,8.616000175476074,8.532999897003174,8.394499969482421,8.432599964141845,8.439899983406066,8.006600003242493,66.50644842726682,0.08050699477868939,0.017358315443124838,0.06314867933556455,8.803179525967982,8.394499969482421,7.98582041299686,69.42446254347921,68.92530420186849,NICK
2010-09-27,9.09000015258789,9.3100004196167,8.779999732971191,8.890000343322754,8.23794174194336,10700,8.708000183105469,8.581999969482421,8.432499980926513,8.447399978637696,8.438799986839294,8.018050005435944,62.00405202070214,0.10187425667068872,0.03426150368863762,0.0676127529820511,8.875619677895626,8.432499980926513,7.9893802839573995,73.83360322824561,71.45267480862891,NICK
2010-09-28,8.979999542236328,9.010000228881836,8.90999984741211,9.010000228881836,8.349139213562012,4100,8.810000228881837,8.639000034332275,8.473999977111816,8.46439998626709,8.442899985313415,8.029500007629395,64.5859565091561,0.12702666917573602,0.0528145367860573,0.07421213238967872,8.967372206909259,8.473999977111816,7.980627747314374,71.42860386646757,71.56222321273091,NICK
2010-09-29,9.0,9.300000190734863,9.0,9.220000267028809,8.543736457824707,7600,8.984000205993652,8.72100009918213,8.517999982833862,8.485799999237061,8.447699990272522,8.041350009441375,68.60634478221378,0.16203751769511143,0.07465913296786812,0.08737838472724331,9.103989958036465,8.517999982833862,7.93201000763126,76.98415942202313,74.08212217224555,NICK
2010-09-30,8.8100004196167,9.600000381469727,8.8100004196167,9.1899995803833,8.515934944152832,10100,9.064000129699707,8.800000095367432,8.56699995994568,8.507599983215332,8.449299988746644,8.05305000782013,67.42864813548981,0.18522787110244288,0.09677288059478308,0.0884549905076598,9.203493603783455,8.56699995994568,7.930506316107903,78.0300215881217,75.48092829220424,NICK
2010-10-01,9.15999984741211,9.329999923706055,9.020000457763672,9.300000190734863,8.61786937713623,6400,9.122000122070313,8.869000148773193,8.616999959945678,8.52359998703003,8.45189999103546,8.065450007915496,69.4962680939665,0.21006106994133233,0.11943051846409293,0.0906305514772394,9.31580197122042,8.616999959945678,7.918197948670936,78.74367730022114,77.91928610345543,NICK
2010-10-04,9.319999694824219,9.600000381469727,9.010000228881836,9.239999771118164,8.562268257141113,13600,9.192000007629394,8.950000095367432,8.663999938964844,8.543399982452392,8.45449999332428,8.079450006484985,66.99799110133671,0.22233706325090807,0.14001182742145596,0.08232523582945211,9.396813858768954,8.663999938964844,7.931186019160733,72.20488908745483,76.32619599193266,NICK
2010-10-05,9.260000228881836,9.279999732971191,9.069999694824219,9.1899995803833,8.515934944152832,6400,9.227999877929687,9.019000053405762,8.706999921798706,8.562399978637695,8.457099986076354,8.091150004863739,64.90410372633222,0.225432631816588,0.15709598830048238,0.06833664351610563,9.457096028627499,8.706999921798706,7.956903814969914,72.0380533433934,74.3288732436899,NICK
2010-10-06,9.15999984741211,9.25,9.100000381469727,9.25,8.57153606414795,3700,9.233999824523925,9.10900001525879,8.75949993133545,8.580999984741212,8.460199990272521,8.104300005435944,66.26655066907394,0.2300752602426943,0.17169184268892476,0.05838341755376955,9.507282760529714,8.75949993133545,8.011717102141185,70.6036380784747,71.6155268364411,NICK
2010-10-07,9.09000015258789,9.220000267028809,9.050000190734863,9.170000076293945,8.497405052185059,8400,9.229999923706055,9.14700002670288,8.803999948501588,8.59779998779297,8.462999987602235,8.11670000553131,62.767745501408854,0.22470894660292018,0.18229526347172384,0.04241368313119634,9.538149891825505,8.803999948501588,8.06985000517767,68.76637640936002,70.46935594374283,NICK
2010-10-08,9.199999809265137,9.199999809265137,8.949999809265137,9.199999809265137,8.525203704833984,24200,9.20999984741211,9.16599998474121,8.849499940872192,8.617199993133545,8.466199984550476,8.12905000448227,63.5450556420964,0.22033692519506687,0.18990359581639243,0.030433329378674434,9.563095850858819,8.849499940872192,8.135904030885566,69.02884951375152,69.46628800052888,NICK
2010-10-11,8.539999961853027,9.289999961853027,8.539999961853027,9.170000076293945,8.497405052185059,6500,9.195999908447266,9.19399995803833,8.887999963760375,8.628799991607666,8.469399981498718,8.14115000486374,62.147769887753945,0.2120074490949726,0.19432436647210846,0.017683082622864138,9.583287008874906,8.887999963760375,8.192712918645844,66.74853311626329,68.18125301312506,NICK
2010-10-12,9.15999984741211,9.289999961853027,9.15999984741211,9.289999961853027,8.608602523803711,1300,9.215999984741211,9.22199993133545,8.930499982833862,8.64159999847412,8.475199980735779,8.152750005722046,65.4229799182432,0.21263810741904088,0.19798711466149493,0.014650992757545944,9.614882185708263,8.930499982833862,8.24611777995946,68.37729820557293,68.05156027852935,NICK
2010-10-13,9.300000190734863,9.300000190734863,9.15999984741211,9.270000457763672,8.590068817138672,2700,9.220000076293946,9.226999950408935,8.974000024795533,8.65220001220703,8.480699982643127,8.164250009059906,64.42250008945125,0.209113584612604,0.20021240865171674,0.008901175960887242,9.627892961138159,8.974000024795533,8.320107088452907,68.4986451205599,67.8748254807988,NICK
2010-10-14,9.5,9.75,9.359999656677246,9.510000228881836,8.812464714050293,4100,9.288000106811523,9.259000015258788,9.029500055313111,8.667200012207031,8.48979998111725,8.177600009441376,70.29342902388107,0.2231144264390661,0.2047928122091866,0.01832161422987949,9.667323627413197,9.029500055313111,8.391676483213026,73.35375619103722,70.07656650572346,NICK
2010-10-15,9.1899995803833,9.5,9.1899995803833,9.420000076293945,8.7290678024292,3300,9.332000160217286,9.271000003814697,9.070000076293946,8.683400020599365,8.498999981880187,8.190500009059907,65.90160916688535,0.22436163306031887,0.20870657637941306,0.015655056680905804,9.698935556860004,9.070000076293946,8.441064595727887,73.92017757988928,71.92419296382893,NICK
2010-10-18,9.489999771118164,9.649999618530273,9.210000038146973,9.529999732971191,8.830997467041016,11200,9.404000091552735,9.3,9.125000047683717,8.69900001525879,8.50849997997284,8.203700008392333,68.49265097016196,0.23155686290523825,0.2132766336845781,0.018280229220660138,9.711395687781515,9.125000047683717,8.538604407585918,78.23691633754406,75.17028336949032,NICK
2010-10-19,9.510000228881836,9.890000343322754,9.300000190734863,9.890000343322754,9.164594650268555,8200,9.52400016784668,9.370000076293945,9.194500064849853,8.721800022125244,8.52219997882843,8.219000010490417,75.14833404297049,0.2632733240037446,0.2232759717484114,0.039997352255333185,9.797375604016912,9.194500064849853,8.591624525682795,84.84848007175424,79.00185799639598,NICK
2010-10-20,9.930000305175781,9.989999771118164,9.609999656677246,9.989999771118164,9.257259368896484,6700,9.668000030517579,9.444000053405762,9.276500034332276,8.746600017547607,8.53509997844696,8.234000010490417,76.62541289152607,0.2930992997426216,0.23724063734725345,0.05585866239536816,9.842619234884747,9.276500034332276,8.710380833779805,93.93938677429799,85.67492772786555,NICK
2010-10-21,9.989999771118164,10.100000381469727,9.819999694824219,10.039999961853027,9.303592681884766,15000,9.773999977111817,9.53100004196167,9.339000034332276,8.77640001296997,8.55049997806549,8.249200010299683,77.35029851049305,0.317115685696459,0.25321564701709454,0.06390003867936445,9.95065019005413,9.339000034332276,8.727349878610422,98.717940096635,92.50193564756252,NICK
2010-10-22,10.039999961853027,10.039999961853027,9.75,9.989999771118164,9.257259368896484,1900,9.88799991607666,9.610000038146973,9.388000011444092,8.804000015258788,8.565999979972839,8.265050008296967,74.85050044636978,0.32832946932592577,0.2682384114788608,0.06009105784706498,10.041929578774246,9.388000011444092,8.734070444113938,96.36750033674078,96.3416090692247,NICK
2010-10-25,10.140000343322754,10.140000343322754,9.619999885559082,9.960000038146973,9.229460716247559,7200,9.973999977111816,9.689000034332276,9.441499996185303,8.832000007629395,8.58139997959137,8.27990000963211,73.31943949249133,0.3309804097749467,0.28078681113807796,0.05019359863686873,10.098775401003621,9.441499996185303,8.784224591366986,92.61749487298299,95.90097843545304,NICK
2010-10-26,9.979999542236328,10.0,9.609999656677246,9.9399995803833,9.210925102233887,3500,9.983999824523925,9.753999996185303,9.487999963760377,8.859599990844726,8.597299971580505,8.294350006580352,72.258251201911,0.32769002278633863,0.2901674534677301,0.037522569318608534,10.148169583701858,9.487999963760377,8.827830343818896,89.7328732085238,92.90595613941598,NICK
2010-10-27,9.989999771118164,10.0,9.920000076293945,10.0,9.26652717590332,11400,9.985999870300294,9.826999950408936,9.526999950408936,8.887999992370606,8.614899973869324,8.308750007152558,73.49750186750049,0.32616408328848756,0.2973667794318816,0.02879730385660595,10.210961916596853,9.526999950408936,8.843037984221018,89.16663984458303,90.50566930869672,NICK
2010-10-28,10.039999961853027,10.489999771118164,9.899999618530273,10.399999618530273,9.637187004089355,33100,10.057999801635741,9.91599988937378,9.587499952316284,8.92439998626709,8.636899971961975,8.325000004768372,79.9331748193459,0.35316037851294624,0.3085254992480945,0.04463487926485171,10.350962331544633,9.587499952316284,8.824037573087935,91.37818101105786,90.092564688055,NICK
2010-10-29,10.470000267028809,10.479999542236328,10.239999771118164,10.449999809265137,9.683518409729004,15700,10.149999809265136,10.0189998626709,9.644999933242797,8.96219997406006,8.659499974250794,8.341350004673004,80.5683784393856,0.37427532157063936,0.32167546371260347,0.05259985785803589,10.482794532972564,9.644999933242797,8.80720533351303,94.54235721177491,91.69572602247204,NICK
2010-11-01,10.279999732971191,10.489999771118164,10.210000038146973,10.449999809265137,9.683518409729004,33100,10.24799976348877,10.110999870300294,9.705499935150147,9.001199970245361,8.683499970436095,8.356850004196167,80.5683784393856,0.38655312229594685,0.3346509954292721,0.051902126866674725,10.590970840503953,9.705499935150147,8.820029029796341,96.45652496850262,94.12568773044524,NICK
2010-11-02,10.460000038146973,10.5,10.289999961853027,10.289999961853027,9.53525447845459,41500,10.317999839782715,10.150999832153321,9.760499954223633,9.041999969482422,8.706399970054626,8.372150003910065,72.09848911790756,0.3790037974604399,0.3435215558355057,0.035482241624934185,10.647708300062408,9.760499954223633,8.873291608384857,92.65147855636617,94.550120245548,NICK
2010-11-03,10.449999809265137,10.5,10.380000114440918,10.4399995803833,9.674251556396484,6600,10.405999755859375,10.195999813079833,9.819999933242798,9.080799961090088,8.732099967002869,8.387350001335143,74.77572743737771,0.38073573421041473,0.35096439151048753,0.029771342699927206,10.721775718374895,9.819999933242798,8.918224148110701,92.12725617799036,93.74508656761982,NICK
2010-11-04,10.5,10.600000381469727,10.140000343322754,10.34000015258789,9.581586837768555,28400,10.3939998626709,10.22599983215332,9.878499937057494,9.12159996032715,8.755599970817565,8.402050001621246,69.95647918143808,0.36977663361534496,0.35472683993145904,0.015049793683885926,10.755478071153464,9.878499937057494,9.001521802961525,86.89474560593334,90.55782678009673,NICK
2010-11-05,10.359999656677246,10.390000343322754,10.350000381469727,10.350000381469727,9.590853691101074,2000,10.373999977111817,10.261999893188477,9.935999965667724,9.1653999710083,8.779299974441528,8.416600003242493,70.16357083988017,0.35777420401587356,0.35533631274834193,0.0024378912675316333,10.77757924515069,9.935999965667724,9.094420686184758,85.82800084560343,88.2833342098425,NICK
2010-11-08,10.59000015258789,10.59000015258789,10.3100004196167,10.390000343322754,9.627921104431152,10700,10.36200008392334,10.304999923706054,9.996999979019165,9.210599975585938,8.803199977874756,8.431350004673003,71.0239411494724,0.3474842723234701,0.35376590466336755,-0.006281632339897425,10.782648615253953,9.996999979019165,9.211351342784377,80.28402541252767,84.33559062135492,NICK
2010-11-09,10.430000305175781,10.59000015258789,10.380000114440918,10.40999984741211,9.646453857421875,5200,10.386000061035157,10.351999950408935,10.05299997329712,9.255199966430665,8.826099977493286,8.446400003433228,71.46696878149777,0.33705782733713896,0.35042428919812185,-0.013366461860982892,10.787059749871883,10.05299997329712,9.318940196722355,80.12172165621246,82.07791597144796,NICK
2010-11-10,10.430000305175781,10.550000190734863,10.369999885559082,10.430000305175781,9.664986610412598,6100,10.384000205993653,10.394999980926514,10.110999965667725,9.296999969482421,8.849699983596802,8.461200006008148,71.9291920502259,0.3266433234533572,0.3456680960491689,-0.0190247725958117,10.7676550965448,10.110999965667725,9.45434483479065,80.8080730237845,80.40460669750833,NICK
2010-11-11,10.350000381469727,10.350000381469727,10.130000114440918,10.210000038146973,9.461122512817383,7200,10.358000183105469,10.376000022888183,10.145999956130982,9.336999969482422,8.869599981307983,8.474900007247925,60.34841464459151,0.2972115019756938,0.3359767772344739,-0.038765275258780096,10.742670744526297,10.145999956130982,9.549329167735667,74.7474611249561,78.5590852683178,NICK
2010-11-12,10.100000381469727,10.100000381469727,9.8100004196167,10.0,9.26652717590332,10900,10.288000106811523,10.33100004196167,10.174999952316284,9.370999965667725,8.88479998588562,8.487800006866456,51.7787311084856,0.2540132171256211,0.3195840652127033,-0.06557084808708225,10.67649777179583,10.174999952316284,9.673502132836738,60.94276256448952,72.16609890441016,NICK
2010-11-15,10.0,10.0,9.850000381469727,10.0,9.26652717590332,5600,10.210000038146973,10.286000061035157,10.198499965667725,9.404999961853028,8.899699983596802,8.500300006866455,51.7787311084856,0.2172736695407984,0.29912198607832235,-0.08184831653752395,10.613483098461932,10.198499965667725,9.783516832873518,41.35019365223092,59.01347244722564,NICK
2010-11-16,10.0,10.0,10.0,10.0,9.26652717590332,0,10.128000068664551,10.257000064849853,10.203999948501586,9.438399963378906,8.916999979019165,8.511700007915497,51.7787311084856,0.18601307049809535,0.27650020296227695,-0.09048713246418161,10.605168298618803,10.203999948501586,9.802831598384369,29.165035715182267,43.819330643967696,NICK
2010-11-17,9.989999771118164,10.0,9.989999771118164,10.0,9.26652717590332,2200,10.042000007629394,10.213000106811524,10.204499959945679,9.474399967193603,8.935999975204467,8.523150007724762,51.7787311084856,0.15940134109998816,0.2530804305898192,-0.09367908948983106,10.604623722928622,10.204499959945679,9.804376196962735,24.05058095669246,31.521936774702002,NICK
2010-11-18,10.0,10.350000381469727,9.899999618530273,10.15999984741211,9.414791107177734,6300,10.031999969482422,10.195000076293946,10.210499954223632,9.511999969482423,8.95749997138977,8.53470000743866,57.904658983828526,0.14949867665172434,0.23236407980220025,-0.08286540315047591,10.60412290592605,10.210499954223632,9.816877002521215,30.801629696695482,28.005748789523523,NICK
2010-11-19,9.979999542236328,10.25,9.920000076293945,9.989999771118164,9.257259368896484,8400,10.029999923706054,10.159000015258789,10.210499954223632,9.545999965667725,8.975099973678589,8.545400006771088,50.55582142945578,0.1264752305944299,0.2111863099606462,-0.0847110793662163,10.60412290592605,10.210499954223632,9.816877002521215,30.37967909058915,28.41062991465915,NICK
2010-11-22,9.850000381469727,9.989999771118164,9.600000381469727,9.90999984741211,9.183125495910645,3100,10.011999893188477,10.110999965667725,10.20799994468689,9.576199970245362,8.993099975585938,8.555750005245208,47.500688021546885,0.10061384469157275,0.1890718169068315,-0.08845797221525875,10.608529655400117,10.20799994468689,9.807470233973662,32.69613430310447,31.29248103012982,NICK
2010-11-23,9.850000381469727,10.0,9.850000381469727,10.0,9.26652717590332,3600,10.011999893188477,10.069999980926514,10.210999965667725,9.607399978637694,9.007299976348877,8.566850004196167,51.082183659406965,0.0863849779406003,0.16853444911358526,-0.08214947117298496,10.604288670063182,10.210999965667725,9.817711261272267,31.261545861879796,31.44578641852459,NICK
2010-11-24,10.0,10.0,10.0,10.0,9.26652717590332,300,10.011999893188477,10.026999950408936,10.210999965667725,9.63939998626709,9.021899976730346,8.577950003147125,51.082183659406965,0.07425256122185431,0.14967807153523907,-0.07542551031338476,10.604288670063182,10.210999965667725,9.817711261272267,37.134639886722226,33.697440017235614,NICK
2010-11-26,10.0,10.0,10.0,10.0,9.26652717590332,600,9.979999923706055,10.005999946594239,10.190999984741211,9.671399993896484,9.037899980545044,8.589200003147125,51.082183659406965,0.06390092349381327,0.1325226419269539,-0.06862171843314063,10.584492083013512,10.190999984741211,9.79750788646891,40.269328092943006,36.2218379471818,NICK
2010-11-29,10.0,10.229999542236328,9.899999618530273,10.130000114440918,9.38698959350586,6200,10.007999992370605,10.01899995803833,10.175,9.701800003051758,9.054599981307984,8.60150000333786,56.442916302945214,0.06543282986178767,0.11910467951392065,-0.05367184965213298,10.550686103509912,10.175,9.799313896490089,44.781120455195115,40.72836281162024,NICK
2010-11-30,10.130000114440918,10.130000114440918,9.800000190734863,9.989999771118164,9.257259368896484,4900,10.023999977111817,10.017999935150147,10.151999998092652,9.732999992370605,9.069999980926514,8.613400001525878,50.07824166999447,0.05471924957320873,0.10622759352577826,-0.051508343952569535,10.513585514862308,10.151999998092652,9.790414481322996,44.99730857545671,43.34925237453174,NICK
2010-12-01,9.65999984741211,10.010000228881836,9.649999618530273,9.850000381469727,9.127528190612793,2600,9.994000053405761,10.002999973297118,10.130000019073487,9.76,9.083999986648559,8.62485000371933,44.65544958673233,0.03453379519199018,0.09188883385902065,-0.05735503866703047,10.508470685464884,10.130000019073487,9.75152935268209,42.640415948934276,44.139614993195494,NICK
2010-12-02,10.010000228881836,10.010000228881836,9.949999809265137,9.949999809265137,9.220192909240723,1100,9.98400001525879,9.997999954223634,10.105500030517579,9.791999988555908,9.100499982833862,8.636800003051757,48.91101447229625,0.026302595313550725,0.07877158614992666,-0.052468990836375934,10.463409400422192,10.105500030517579,9.747590660612966,40.35083309324685,42.662852539212736,NICK
2010-12-03,9.989999771118164,9.989999771118164,9.800000190734863,9.819999694824219,9.099727630615234,5200,9.947999954223633,9.963999938964843,10.079500007629395,9.812599983215332,9.115599975585937,8.648100001811981,44.157471214456024,0.009183525364347744,0.06485397399281087,-0.055670448628463126,10.441023366751352,10.079500007629395,9.717976648507438,36.44438849555137,39.81187917924429,NICK
2010-12-06,9.800000190734863,10.130000114440918,9.800000190734863,10.130000114440918,9.38698959350586,23000,9.947999954223633,9.97799997329712,10.068499994277953,9.834999980926513,9.13379997253418,8.660950002670289,55.31104838673112,0.02039587126685305,0.05596235344761931,-0.03556648218076626,10.409221434348916,10.068499994277953,9.72777855420699,48.88882107204876,41.89468088694912,NICK
2010-12-07,9.899999618530273,10.079999923706055,9.800000190734863,9.979999542236328,9.247991561889648,6500,9.945999908447266,9.984999942779542,10.047999954223632,9.856799964904786,9.152099971771241,8.672699999809264,50.096988261330985,0.016982183564268283,0.048166319470949105,-0.031184135906680822,10.356713517693457,10.047999954223632,9.739286390753808,50.22214253743505,45.18511736834518,NICK
2010-12-08,10.130000114440918,10.149999618530273,9.800000190734863,9.800000190734863,9.081194877624512,10200,9.935999870300293,9.964999961853028,10.017499971389771,9.872599964141846,9.168499975204467,8.683849999904632,44.65679416072727,-0.00024480986738062427,0.03848409360328316,-0.03872890347066378,10.296202430049606,10.017499971389771,9.738797512729937,49.333275689019246,49.48141309950114,NICK
2010-12-09,9.84000015258789,9.859999656677246,9.8100004196167,9.8100004196167,9.090460777282715,1600,9.907999992370605,9.946000003814698,9.986499977111816,9.884399967193604,9.185099983215332,8.695100002288818,45.01404906613,-0.012941213131034246,0.028199032256419676,-0.04114024538745392,10.206524906619205,9.986499977111816,9.766475047604427,36.54697104710986,45.36746309118817,NICK
2010-12-10,10.0,10.149999618530273,9.8100004196167,10.079999923706055,9.340658187866211,9100,9.960000038146973,9.953999996185303,9.97999997138977,9.902199974060059,9.204899978637695,8.707650001049041,53.70362503836146,-0.0012026374343925283,0.022318698318257234,-0.023521335752649763,10.179999876022883,9.97999997138977,9.780000066756656,45.054954465551525,43.645067067227,NICK
2010-12-13,10.0600004196167,10.149999618530273,9.859999656677246,10.010000228881836,9.275792121887207,11300,9.936000061035156,9.942000007629394,9.980499982833862,9.916399974822998,9.219999980926513,8.720350003242492,51.43419572055914,0.0024239363867923913,0.018339745931964267,-0.015915809545171876,10.18074724166269,9.980499982833862,9.780252724005035,56.855767025406266,46.152564179356006,NICK
2010-12-14,10.010000228881836,10.010000228881836,9.890000343322754,9.949999809265137,9.220192909240723,1900,9.930000114440919,9.938000011444093,9.97799997329712,9.930599975585938,9.236999979019165,8.732800002098083,49.503166424624425,0.0004512876859692483,0.014762054282765263,-0.014310766596796014,10.178459361855785,9.97799997329712,9.777540584738455,63.327920519780655,55.079547336912945,NICK
2010-12-15,9.989999771118164,10.5,9.979999542236328,10.470000267028809,9.702052116394043,15100,10.064000129699707,10.0,10.00149998664856,9.956199989318847,9.259299983978272,8.74775000333786,62.60617270089822,0.04038214031819898,0.019886071489852004,0.020496068828346974,10.29525332113645,10.00149998664856,9.707746652160669,70.08795925650912,63.42388226723214,NICK
2010-12-16,10.239999771118164,10.460000038146973,10.239999771118164,10.239999771118164,9.488922119140625,4800,10.15,10.028999996185302,10.013499975204468,9.975999984741211,9.278499984741211,8.761650002002716,55.71929818147054,0.05285918313042792,0.026480693817967187,0.026378489312460736,10.325094266018294,10.013499975204468,9.701905684390642,72.53551678695179,68.65046552108065,NICK
2010-12-17,10.479999542236328,10.479999542236328,10.149999618530273,10.3100004196167,9.553788185119629,3400,10.196000099182129,10.07800006866455,10.021000003814697,9.998799991607665,9.298299989700318,8.7757000041008,57.26027023109409,0.06761635748598316,0.034707826551570384,0.032908530934412775,10.352897669590133,10.021000003814697,9.68910233803926,81.17649698751264,74.59999101032463,NICK
2010-12-20,9.8100004196167,10.399999618530273,9.8100004196167,10.199999809265137,9.451855659484863,6300,10.23400001525879,10.085000038146973,10.031500005722046,10.018799991607667,9.317999992370606,8.789150002002716,54.075635599173665,0.06963271198168108,0.04169280363759252,0.027939908344088563,10.37198648646932,10.031500005722046,9.691013524974773,70.58824849375641,74.76675408940706,NICK
2010-12-21,9.899999618530273,10.350000381469727,9.899999618530273,10.100000381469727,9.359190940856934,12000,10.264000129699706,10.097000122070312,10.041000032424927,10.037399997711182,9.333099994659424,8.80275000333786,51.28328979143968,0.06244177938942741,0.0458425987879595,0.01659918060146791,10.377980809538217,10.041000032424927,9.704019255311637,61.73672525255375,71.16715691127438,NICK
2010-12-22,10.100000381469727,10.369999885559082,9.970000267028809,10.300000190734863,9.544520378112793,10000,10.230000114440918,10.147000122070313,10.05600004196167,10.057600002288819,9.34960000038147,8.816650004386902,56.1592716256042,0.07205067135238075,0.05108421330084375,0.020966458051536997,10.410592849092042,10.05600004196167,9.701407234831299,59.663882809025345,63.99628551844528,NICK
2010-12-23,10.300000190734863,10.430000305175781,10.180000305175781,10.180000305175781,9.43332290649414,3500,10.218000221252442,10.18400011062622,10.065000057220459,10.075799999237061,9.364000005722046,8.828900005817413,52.74792802901671,0.06918527479610859,0.05470442559989672,0.01448084919621187,10.422575321864862,10.065000057220459,9.707424792576056,56.19050603335425,59.19703803164456,NICK
2010-12-27,10.220000267028809,10.220000267028809,10.109999656677246,10.180000305175781,9.43332290649414,4000,10.192000198364259,10.194000148773194,10.074000072479247,10.08920000076294,9.378200006484985,8.8414000082016,52.74792802901671,0.06615186980420162,0.0569939144407577,0.009157955363443923,10.433633328318017,10.074000072479247,9.714366816640478,60.000027247845196,58.61813869674171,NICK
2010-12-28,10.180000305175781,10.220000267028809,10.100000381469727,10.220000267028809,9.470389366149902,1600,10.196000289916991,10.21500015258789,10.078500080108643,10.105200004577636,9.3943000125885,8.85405000925064,53.832085500523675,0.06621228313723115,0.05883758818005239,0.007374694957178761,10.443042380606332,10.078500080108643,9.713957779610954,56.19050603335425,57.46034643818467,NICK
2010-12-29,10.170000076293945,10.210000038146973,10.0,10.0,9.26652717590332,7600,10.176000213623047,10.220000171661377,10.079000091552734,10.114600009918213,9.406800012588501,8.865600008964538,47.39156619994584,0.04795518073617089,0.056661106691276095,-0.008705925955105207,10.443082610198726,10.079000091552734,9.714917572906742,47.27398682995298,54.48817337038425,NICK
2010-12-30,10.0,10.140000343322754,10.0,10.140000343322754,9.396255493164062,2500,10.144000244140624,10.187000179290772,10.093500089645385,10.119600009918212,9.420700016021728,8.878550009727478,51.378157114855874,0.04427280389799648,0.054183446132620175,-0.009910642234623693,10.442743719944469,10.093500089645385,9.744256459346301,45.12077334938431,49.528422070897285,NICK
2010-12-31,10.050000190734863,10.25,9.920000076293945,10.239999771118164,9.488922119140625,14000,10.156000137329102,10.187000179290772,10.108000087738038,10.124600009918213,9.43560001373291,8.89220000743866,54.056251177285844,0.04886037977315816,0.05311883286072777,-0.004258453087569614,10.456287438593787,10.108000087738038,9.759712736882289,45.893692431092546,46.09615087014339,NICK
2011-01-03,10.229999542236328,10.229999542236328,10.029999732971191,10.180000305175781,9.43332290649414,10000,10.156000137329102,10.17400016784668,10.126000118255615,10.127400016784668,9.45190001487732,8.905450007915498,52.19850230464833,0.04711153874805696,0.05191737403819361,-0.004805835290136652,10.449196707609865,10.126000118255615,9.802803528901364,54.5893646359843,48.534610138820504,NICK
2011-01-04,10.029999732971191,10.399999618530273,10.010000228881836,10.0600004196167,9.322125434875488,24700,10.12400016784668,10.160000228881836,10.122500133514404,10.128800029754638,9.466400022506713,8.91820000886917,48.60097425911442,0.035631840079824784,0.048660267246519846,-0.013028427166695063,10.446961268086255,10.122500133514404,9.798038998942552,50.72463167186597,50.40256291298106,NICK
2011-01-05,10.029999732971191,10.390000343322754,10.020000457763672,10.069999694824219,9.331392288208008,1900,10.138000106811523,10.157000160217285,10.1270001411438,10.131000022888184,9.481500015258788,8.931000006198882,48.91690777289387,0.027029376295574892,0.04433408905633086,-0.017304712760755965,10.445879433482581,10.1270001411438,9.808120848805018,42.8870077703776,49.400334692742746,NICK
2011-01-06,10.039999961853027,10.229999542236328,10.039999961853027,10.069999694824219,9.331392288208008,2800,10.123999977111817,10.134000110626221,10.140500116348267,10.133600025177001,9.496600008010864,8.943350005149842,48.91690777289387,0.019981527162094892,0.03946357667748367,-0.019482049515388775,10.423729744782552,10.140500116348267,9.857270487913983,37.94791055635246,43.85318333286546,NICK
2011-01-07,10.0600004196167,10.239999771118164,10.020000457763672,10.029999732971191,9.294325828552246,8000,10.081999969482421,10.119000053405761,10.15150008201599,10.134200019836426,9.511100006103515,8.955600004196167,47.56062943139763,0.011041118181353227,0.03377908497825758,-0.022737966796904353,10.397123945843788,10.15150008201599,9.905876218188194,37.69853078171512,39.51114970281518,NICK
2011-01-10,10.029999732971191,10.220000267028809,10.029999732971191,10.079999923706055,9.340658187866211,2300,10.061999893188476,10.10900001525879,10.15150008201599,10.12780002593994,9.526100006103515,8.968500003814697,49.44744607756104,0.00789931874587424,0.02860313173178091,-0.02070381298590667,10.397123945843788,10.15150008201599,9.905876218188194,36.08398576261149,37.243475700226476,NICK
2011-01-11,10.5,12.5,10.5,11.930000305175781,11.05496597290039,97900,10.435999870300293,10.280000019073487,10.247500085830689,10.157400035858155,9.559800004959106,8.990650005340576,79.2280735872764,0.15292615225417094,0.05346773583625892,0.09945841641791203,11.055011848358287,10.247500085830689,9.43998832330309,49.117677472905164,40.96673133907738,NICK
2011-01-12,11.84000015258789,11.84000015258789,10.75,11.710000038146973,10.85110092163086,19200,10.763999938964844,10.451000022888184,10.33550009727478,10.18260004043579,9.591900005340577,9.012450006008148,73.67008098844515,0.24725853723695934,0.092225896116399,0.15503264112056034,11.350970026793899,10.33550009727478,9.320030167755661,60.41637039496913,48.53934454349538,NICK
2011-01-13,11.699999809265137,11.739999771118164,11.520000457763672,11.699999809265137,10.84183406829834,30300,11.089999961853028,10.606999969482422,10.397000074386597,10.210800037384033,9.626400003433227,9.033100004196166,73.41795792000221,0.3175501763042732,0.13729075215397385,0.18025942415029933,11.573777038254477,10.397000074386597,9.220223110518717,72.09302440198843,60.54235742328769,NICK
2011-01-14,11.5,11.720000267028809,11.5,11.65999984741211,10.804768562316895,13600,11.41599998474121,10.748999977111817,10.468000078201294,10.235200042724609,9.658000001907348,9.053850002288819,72.3513558280115,0.3658122877185459,0.18299505926688825,0.18281722845165765,11.763663571092305,10.468000078201294,9.172336585310283,68.60464629154997,67.03801369616929,NICK
2011-01-18,11.800000190734863,11.850000381469727,11.5,11.640000343322754,10.786236763000488,31000,11.728000068664551,10.894999980926514,10.534500074386596,10.261200046539306,9.691400003433227,9.07360000371933,71.78978169363347,0.39786028023577735,0.22596810346066606,0.1718921767751113,11.924024825769745,10.534500074386596,9.144975323003447,67.70025744278769,69.46597604544213,NICK
2011-01-19,11.569999694824219,11.600000381469727,11.420000076293945,11.489999771118164,10.647237777709961,11700,11.639999961853027,11.03799991607666,10.599000072479248,10.284000034332275,9.724700002670287,9.092550003528595,67.55458463305948,0.40646922838269184,0.2620683284450712,0.14440089993762062,12.039262508394366,10.599000072479248,9.15873763656413,64.98707857512687,67.09732743648829,NICK
2011-01-20,11.3100004196167,11.59000015258789,11.010000228881836,11.569999694824219,10.721368789672852,9500,11.611999893188477,11.18799991607666,10.672500038146973,10.307600021362305,9.75909999847412,9.109250004291534,68.61792899094795,0.41496376311386207,0.2926474153788294,0.1223163477350327,12.152876618442932,10.672500038146973,9.192123457851014,63.82428587164739,65.50387396318743,NICK
2011-01-21,11.600000381469727,11.619999885559082,11.449999809265137,11.5,10.656503677368164,12500,11.57199993133545,11.330999946594238,10.732500028610229,10.329400024414063,9.792299995422363,9.126050002574921,66.56232095508733,0.4113060723547104,0.3163791467740056,0.09492692558070481,12.244556520337794,10.732500028610229,9.220443536882664,61.5485107883457,63.453291745040104,NICK
2011-01-24,11.680000305175781,11.699999809265137,11.5,11.609999656677246,10.75843620300293,5500,11.561999893188476,11.488999938964843,10.803999996185302,10.353000011444092,9.824999990463256,9.142100002765655,68.1757177313762,0.4125280129210278,0.33560892000341,0.07691909291761778,12.339843667688028,10.803999996185302,9.268156324682577,62.68328008488161,62.68535891495835,NICK
2011-01-25,11.609999656677246,11.649999618530273,11.260000228881836,11.539999961853027,10.693570137023926,4800,11.541999816894531,11.63499994277954,10.871999979019165,10.379600009918214,9.858299989700317,9.157300002574921,65.99351146863111,0.4032001785876247,0.349127171720253,0.05407300686737171,12.411734975585105,10.871999979019165,9.332264982453225,61.79555955811918,62.009116810448944,NICK
2011-01-26,11.640000343322754,11.649999618530273,11.510000228881836,11.649999618530273,10.795501708984375,3300,11.573999786376953,11.60699987411499,10.943499946594239,10.41260000228882,9.891799983978272,9.173050000667573,67.74093324931238,0.4000720738324297,0.3593161521426883,0.0407559216897414,12.488288230187077,10.943499946594239,9.3987116630014,63.757703226527845,62.74551428984299,NICK
2011-01-27,11.649999618530273,12.399999618530273,11.649999618530273,12.220000267028809,11.323694229125977,48700,11.703999900817871,11.657999897003174,11.054499959945678,10.457000007629395,9.930999984741211,9.191549999713898,74.9298260292692,0.43853219079809946,0.3751593598737705,0.06337283092432894,12.630868892980997,11.054499959945678,9.47813102691036,71.90859491445399,65.82061923303378,NICK
2011-01-28,12.489999771118164,12.489999771118164,12.069999694824219,12.119999885559082,11.231027603149414,29300,11.827999877929688,11.699999904632568,11.153499937057495,10.499400005340576,9.96889998435974,9.209149997234345,71.90245991119544,0.4556900048186545,0.3912654888627473,0.0644245159559072,12.736386900710333,11.153499937057495,9.570612973404657,79.68361749712649,71.78330521270289,NICK
2011-01-31,12.220000267028809,12.5,12.119999885559082,12.359999656677246,11.453423500061035,20700,11.977999877929687,11.769999885559082,11.25949993133545,10.546599998474122,10.010499982833862,9.228199994564056,74.55912118588053,0.4830849690000978,0.4096293848902174,0.0734555841098804,12.86723714512651,11.25949993133545,9.65176271754439,88.77501686062674,80.12240975740252,NICK
2011-02-01,12.5,12.979999542236328,12.350000381469727,12.6899995803833,11.759218215942383,19500,12.207999801635742,11.874999809265137,11.384999895095826,10.597199993133545,10.054599981307984,9.24969999074936,77.6836134666553,0.5253677984521374,0.4327770676026014,0.09259073084953606,13.02756494574149,11.384999895095826,9.74243484445016,88.20362640514016,85.55408692096456,NICK
2011-02-02,12.670000076293945,12.789999961853027,12.399999618530273,12.600000381469727,11.675821304321289,24500,12.397999954223632,11.985999870300294,11.511999893188477,10.649400005340576,10.09769998550415,9.271249992847443,74.97905245986128,0.5453288506912326,0.45528742422032764,0.09004142647090496,13.117498090607054,11.511999893188477,9.9065016957699,86.90206444863632,87.9602359048012,NICK
2011-02-03,12.649999618530273,12.6899995803833,12.100000381469727,12.300000190734863,11.397825241088867,8300,12.413999938964844,12.058999919891358,11.62349991798401,10.69720001220703,10.136699991226196,9.291099994182586,66.64932674805478,0.5308216387892664,0.47039426713411536,0.060427371655150997,13.11889666104814,11.62349991798401,10.128103174919879,77.72948830069889,84.2783930514919,NICK
2011-02-04,12.369999885559082,12.5,12.279999732971191,12.380000114440918,11.47195816040039,16900,12.465999984741211,12.146999931335449,11.738999938964843,10.74480001449585,10.176099996566773,9.310949995517731,67.68044586612517,0.5197881004290714,0.4802730337931066,0.039515066635964824,13.08608431663275,11.738999938964843,10.391915561296937,71.91203860139349,78.84786378357636,NICK
2011-02-07,12.489999771118164,12.5,12.319999694824219,12.40999984741211,11.499759674072266,1400,12.476000022888183,12.226999950408935,11.85799994468689,10.793000011444091,10.216199998855592,9.3305499958992,68.07900535088588,0.5076132202935266,0.4857410710931906,0.021872149200336033,12.982234862183875,11.85799994468689,10.733765027189905,68.69713842740839,72.77955510983371,NICK
2011-02-08,12.3100004196167,12.489999771118164,12.289999961853027,12.289999961853027,11.388559341430664,2400,12.396000099182128,12.301999950408936,11.968499946594239,10.838800010681153,10.255100002288819,9.349249994754791,64.6449257699628,0.4827170900539173,0.48513627488533595,-0.002419184831418675,12.755984001085531,11.968499946594239,11.181015892102947,68.52792975790878,69.71236892890367,NICK
2011-02-09,12.270000457763672,12.5,12.25,12.300000190734863,11.397825241088867,4900,12.336000061035156,12.367000007629395,11.986999940872192,10.882200012207031,10.292000007629394,9.367849996089936,64.80425706345554,0.4585082645057206,0.47981067280941286,-0.02130240830369229,12.787277501984729,11.986999940872192,11.186722379759654,65.50192061170289,67.57566293234014,NICK
2011-02-10,12.1899995803833,12.3100004196167,12.010000228881836,12.3100004196167,11.407092094421387,2100,12.338000106811524,12.376000022888183,12.016999959945679,10.928600025177001,10.330800008773803,9.386649997234345,64.97424633032118,0.4351138095909466,0.4708713001657196,-0.03575749057477301,12.818476249597758,12.016999959945679,11.2155236702936,62.162104556300505,65.39731830863751,NICK
2011-02-11,12.180000305175781,12.199999809265137,12.170000076293945,12.170000076293945,11.277362823486328,2800,12.296000099182129,12.38100004196167,12.04049997329712,10.975000019073486,10.367500009536743,9.404499995708466,60.56412389171515,0.40065814020928414,0.4568286681744325,-0.056170527965148376,12.830904444677774,12.04049997329712,11.250095501916466,58.13955809375965,61.934527753921124,NICK
2011-02-14,12.25,12.399999618530273,12.25,12.34000015258789,11.434891700744629,8900,12.282000160217285,12.379000091552735,12.074499988555909,11.022800025939942,10.407400007247924,9.423649995326995,63.77906996608244,0.3826583125609542,0.4419945970517368,-0.059336284490782654,12.854948081991678,12.074499988555909,11.29405189512014,56.80538076652554,59.03568113886201,NICK
2011-02-15,12.420000076293945,12.420000076293945,12.15999984741211,12.199999809265137,11.305159568786621,7900,12.264000129699706,12.330000114440917,12.102499961853027,11.07040002822876,10.441500005722046,9.440899994373321,59.47867677898321,0.3530269864453661,0.42420107493046266,-0.07117408848509654,12.858380432024731,12.102499961853027,11.346619491681324,50.24099846123108,55.0619791071722,NICK
2011-02-16,12.3100004196167,12.350000381469727,12.149999618530273,12.260000228881836,11.360761642456055,9900,12.256000137329101,12.296000099182129,12.14099998474121,11.113000030517577,10.474000005722045,9.456949994564056,60.70164241372801,0.330574818700919,0.4054758236845539,-0.07490100498363494,12.844815477772116,12.14099998474121,11.437184491710305,41.196406836815584,49.41426202152417,NICK
2011-02-17,12.40999984741211,12.430000305175781,12.130000114440918,12.279999732971191,11.379293441772461,7900,12.25,12.294000053405762,12.17649998664856,11.159000034332275,10.50789999961853,9.473349993228913,61.122829365282314,0.3108122566210749,0.3865431102718581,-0.07573085365078319,12.83145889182738,12.17649998664856,11.52154108146974,31.653878139326377,41.030427812457795,NICK
2011-02-18,12.029999732971191,12.350000381469727,12.029999732971191,12.350000381469727,11.444159507751465,4400,12.286000061035157,12.291000080108642,12.219000005722046,11.210000038146973,10.541300001144409,9.492099993228912,62.632432722661335,0.29737084510973055,0.3687086572394326,-0.07133781212970203,12.798858774735324,12.219000005722046,11.639141236708769,29.55327372700786,34.134519567716715,NICK
2011-02-22,12.020000457763672,12.390000343322754,11.8100004196167,12.229999542236328,11.33296012878418,10300,12.263999938964844,12.273000049591065,12.25,11.258400020599366,10.571399993896485,9.509549992084503,58.442888508010384,0.27387826663510495,0.34974257911856704,-0.07586431248346209,12.758173303464515,12.25,11.741826696535485,35.24789346922066,32.15168177851841,NICK
2011-02-23,12.029999732971191,12.319999694824219,12.029999732971191,12.3100004196167,11.407092094421387,1300,12.286000061035157,12.275000095367432,12.288500022888183,11.303000030517579,10.602600002288819,9.525949995517731,60.347193803092615,0.2587331168333602,0.3315406866615257,-0.0728075698281655,12.678642430915906,12.288500022888183,11.89835761486046,44.90896542881478,36.57004420834787,NICK
2011-02-24,12.1899995803833,12.399999618530273,12.1899995803833,12.399999618530273,11.490490913391113,4600,12.313999938964844,12.285000038146972,12.326000022888184,11.350800018310547,10.633599996566772,9.542749993801117,62.43278324401573,0.25109815645377864,0.31545218061997626,-0.06435402416619762,12.585876873019606,12.326000022888184,12.066123172756763,61.72749720975827,47.29478536926467,NICK
2011-02-25,12.430000305175781,12.430000305175781,12.239999771118164,12.239999771118164,11.342226028442383,7600,12.305999946594238,12.277999973297119,12.326999998092651,11.396600017547607,10.663599996566772,9.559049994945527,56.721087691785186,0.22949131184483562,0.29826000686494814,-0.06876869502011251,12.585387297403294,12.326999998092651,12.068612698782008,68.214734258308,58.28373229896045,NICK
2011-02-28,12.25,12.430000305175781,12.039999961853027,12.430000305175781,11.518291473388672,5200,12.32199993133545,12.303999996185302,12.342500019073487,11.435800018310546,10.696000003814698,9.576549994945527,61.25420415199776,0.22510432449091766,0.28362887039014206,-0.0585245458992244,12.586128829310452,12.342500019073487,12.098871208836522,79.22702576442582,69.72308574416412,NICK
2011-03-01,12.359999656677246,12.399999618530273,12.300000190734863,12.399999618530273,11.490490913391113,2700,12.355999946594238,12.309999942779541,12.344500017166137,11.479000015258789,10.7275,9.59384999513626,60.18231352204716,0.21670871752121634,0.27024483981635694,-0.0535361222951406,12.589324424716242,12.344500017166137,12.099675609616032,79.22702576442582,75.55626192905332,NICK
2011-03-02,12.380000114440918,12.75,12.069999694824219,12.75,11.8148193359375,17800,12.443999862670898,12.364999961853027,12.347500038146972,11.527800006866455,10.763299999237061,9.613149993419647,67.35867571060157,0.23558160610924794,0.26331219307493514,-0.0277305869656872,12.6100167949603,12.347500038146972,12.084983281333644,91.78743093343589,83.41382748742927,NICK
2011-03-03,12.75,12.75,12.380000114440918,12.670000076293945,11.74068832397461,2600,12.497999954223634,12.405999946594239,12.351000022888183,11.577200012207031,10.798000001907349,9.632099993228913,64.49729549960246,0.2413016063186575,0.25891007572367963,-0.017608469405022142,12.628337395559758,12.351000022888183,12.073662650216608,92.33218276567716,87.78221315451304,NICK
2011-03-04,12.390000343322754,12.680000305175781,12.260000228881836,12.3100004196167,11.407092094421387,3500,12.51200008392334,12.409000015258789,12.351500034332275,11.621400012969971,10.829400005340576,9.649399993419648,53.48640098446498,0.21431529077834277,0.24999111873461227,-0.0356758279562695,12.628503671767401,12.351500034332275,12.07449639689715,81.56029304192832,88.55996891368055,NICK
2011-03-07,12.260000228881836,12.649999618530273,12.130000114440918,12.5,11.583157539367676,10500,12.526000022888184,12.423999977111816,12.357500028610229,11.665400009155274,10.861500005722046,9.668349993228912,57.60052013605659,0.20588648825421885,0.2411701926385336,-0.035283704384314746,12.641815016738503,12.357500028610229,12.073185040481954,72.69504085752278,82.19583888837617,NICK
2011-03-08,12.449999809265137,12.449999809265137,12.390000343322754,12.390000343322754,11.481224060058594,400,12.52400016784668,12.440000057220459,12.356500053405762,11.709600009918212,10.892700004577637,9.686699993610382,54.590053542336314,0.18816153943908098,0.23056846199864306,-0.04240692255956208,12.640209447978924,12.356500053405762,12.0727906588326,62.76596788009952,72.34043392651697,NICK
2011-03-09,12.329999923706055,12.329999923706055,12.329999923706055,12.329999923706055,11.425626754760742,1100,12.44000015258789,12.442000007629394,12.358500051498414,11.752600002288819,10.92090000152588,9.705349991321564,52.963996427019644,0.16734382197131303,0.21792353399317704,-0.05057971202186401,12.640866868846288,12.358500051498414,12.07613323415054,63.47517046936026,66.31205973566095,NICK
2011-03-10,12.220000267028809,12.350000381469727,12.119999885559082,12.210000038146973,11.31442928314209,9400,12.348000144958496,12.423000049591064,12.354000043869018,11.79239999771118,10.94880000114441,9.7238999915123,49.77092097785342,0.13955395192237852,0.20224961757901733,-0.06269566565663881,12.6427491102153,12.354000043869018,12.065250977522735,53.191479288179984,59.81087254588002,NICK
2011-03-11,12.25,12.390000343322754,12.149999618530273,12.300000190734863,11.397825241088867,28800,12.34600009918213,12.429000091552734,12.353500032424927,11.838400001525878,10.976500005722047,9.742499992847442,52.10320780064934,0.12337040263837373,0.1864737745908886,-0.06310337195251486,12.642586570870993,12.353500032424927,12.064413493978861,49.99998309087348,55.555544282804675,NICK
2011-03-14,12.010000228881836,12.420000076293945,12.010000228881836,12.329999923706055,11.425626754760742,9800,12.31200008392334,12.419000053405762,12.361500024795532,11.882199993133545,11.00090000152588,9.761549990177155,52.88846659715462,0.11167819426099079,0.17151465852490905,-0.059836464263918254,12.638431481009858,12.361500024795532,12.084568568581206,45.974681258931604,49.722047879328464,NICK
2011-03-15,12.369999885559082,12.369999885559082,12.369999885559082,12.369999885559082,11.462691307067871,700,12.307999992370606,12.416000080108642,12.363000011444091,11.924799995422363,11.024700002670288,9.779899990558624,53.972031818960154,0.10443582631529402,0.15809889208298605,-0.05366306576769203,12.639774345924181,12.363000011444091,12.086225676964002,48.00649705808022,47.993720469295205,NICK
2011-03-16,12.3100004196167,12.350000381469727,12.0600004196167,12.229999542236328,11.33296012878418,3500,12.28799991607666,12.364000034332275,12.36449999809265,11.965799980163574,11.046599998474122,9.798549988269805,49.66632868975378,0.08640333599231731,0.1437597808648523,-0.057356444872534995,12.638030698685709,12.36449999809265,12.090969297499592,40.54049293808258,44.84055708503157,NICK
2011-03-17,12.229999542236328,12.399999618530273,12.140000343322754,12.34000015258789,11.434891700744629,16400,12.313999938964844,12.33100004196167,12.368499994277954,12.011399974822998,11.070100002288818,9.81804999113083,52.849172392021615,0.08006564057082244,0.13102095280604634,-0.0509553122352239,12.638112776656449,12.368499994277954,12.09888721189946,40.99095383785309,43.179314611338725,NICK
2011-03-18,12.390000343322754,12.390000343322754,12.1899995803833,12.390000343322754,11.481224060058594,9200,12.331999969482421,12.339000034332276,12.374000024795532,12.057799987792968,11.094400005340576,9.837899992465973,54.26486169348351,0.07817639993658432,0.12045204223215393,-0.04227564229556961,12.640638440689997,12.374000024795532,12.107361608901066,41.89187563739413,41.141107471110026,NICK
2011-03-21,12.109999656677246,12.25,12.109999656677246,12.25,11.351493835449219,1900,12.315999984741211,12.314000034332276,12.369000005722047,12.101399993896484,11.117500009536743,9.857399990558624,49.75981296982883,0.06463720795026084,0.10928907537577531,-0.04465186742551447,12.640948619841671,12.369000005722047,12.097051391602422,42.79279743693516,41.89187563739422,NICK
2011-03-22,12.039999961853027,12.229999542236328,12.020000457763672,12.0600004196167,11.175431251525879,1200,12.254000091552735,12.28100004196167,12.360500049591064,12.142000007629395,11.13810001373291,9.876499993801117,44.375478107786016,0.03813631085974123,0.09505852247256849,-0.05692221161282726,12.658659360660893,12.360500049591064,12.062340738521234,30.180192951571488,38.28828867530035,NICK
2011-03-23,12.0,12.229999542236328,11.529999732971191,12.229999542236328,11.33296012878418,36600,12.254000091552735,12.271000003814697,12.356500005722046,12.185,11.156400012969971,9.896649992465973,49.62748928605342,0.030500081486573904,0.08214683427536958,-0.05164675278879567,12.659371277605356,12.356500005722046,12.053628733838735,33.35290483345196,35.441965073986296,NICK
2011-03-24,12.229999542236328,12.449999809265137,12.229999542236328,12.359999656677246,11.453423500061035,1500,12.257999992370605,12.285999965667724,12.354500007629394,12.19359998703003,11.175500011444091,9.917499992847443,53.26173025123507,0.03454008091899041,0.07262548360409374,-0.038085402685103326,12.656723457433042,12.354500007629394,12.052276557825746,47.24448219465662,36.92585999322679,NICK
2011-03-25,12.4399995803833,12.449999809265137,12.3100004196167,12.350000381469727,11.444159507751465,2500,12.25,12.29099998474121,12.360000038146973,12.206399993896484,11.194500017166138,9.938999993801117,52.94531520282344,0.03651404050425633,0.06540319498412625,-0.028889154479869922,12.657657560751764,12.360000038146973,12.062342515542182,74.7023866141692,51.76659121409269,NICK
2011-03-28,12.319999694824219,12.350000381469727,12.25,12.279999732971191,11.379293441772461,4500,12.255999946594239,12.285999965667724,12.352500009536744,12.217999992370606,11.21440001487732,9.960399992465973,50.67566193948375,0.03206037829904851,0.0587346316471107,-0.026674253348062192,12.650283490165425,12.352500009536744,12.054716528908063,81.58645795584626,67.8444422548908,NICK
2011-03-29,12.25,12.350000381469727,12.140000343322754,12.229999542236328,11.33296012878418,4500,12.289999771118165,12.271999931335449,12.344000005722046,12.22939998626709,11.23230001449585,9.98219999074936,49.05796996623023,0.024217062173109483,0.05183111775231046,-0.027614055579200977,12.645556022745188,12.344000005722046,12.042443988698905,82.24638657668969,79.51174371556847,NICK
2011-03-30,12.050000190734863,12.279999732971191,12.020000457763672,12.199999809265137,11.305159568786621,5200,12.283999824523926,12.26899995803833,12.316499996185303,12.240599975585937,11.250900011062622,10.003249990940095,48.066522930387315,0.015402894918068455,0.04454547318546206,-0.029142578267393603,12.559586486040027,12.316499996185303,12.07341350633058,76.81158368664211,80.21480940639277,NICK
2011-03-31,12.199999809265137,12.199999809265137,12.199999809265137,12.199999809265137,11.305159568786621,0,12.251999855041504,12.254999923706055,12.292999982833862,12.254799976348878,11.269400005340577,10.024349989891052,48.066522930387315,0.008321676756221308,0.03730071389961391,-0.028979037143392603,12.479021584867194,12.292999982833862,12.10697838080053,73.91303596664916,77.65700207666042,NICK
2011-04-01,12.170000076293945,12.25,12.039999961853027,12.0600004196167,11.175431251525879,5000,12.193999862670898,12.22199993133545,12.280499982833863,12.264599990844726,11.286100006103515,10.044649991989136,43.327373244868994,-0.008489162593319222,0.028142738601027284,-0.036631901194346506,12.49211045692407,12.280499982833863,12.068889508743656,67.75364797672495,72.82608921000549,NICK
2011-04-04,12.0,12.25,12.0,12.25,11.351493835449219,1200,12.18799991607666,12.22199993133545,12.267999982833862,12.279599990844726,11.304500007629395,10.065299992561341,50.46539124903108,-0.006406643846931459,0.021232862111435536,-0.027639505958366995,12.454290055108821,12.267999982833862,12.081709910558903,69.56524894007414,70.41064429448284,NICK
2011-04-05,12.25,12.25,12.100000381469727,12.25,11.351493835449219,9900,12.192000007629394,12.240999889373779,12.260999965667725,12.29239999771118,11.322700004577637,10.086199994087218,50.46539124903108,-0.004702030654213374,0.016045883558305753,-0.020747914212519127,12.438752525006253,12.260999965667725,12.083247406329198,71.37684990342333,69.56524894007423,NICK
2011-04-06,12.300000190734863,12.399999618530273,12.300000190734863,12.399999618530273,11.490490913391113,5000,12.231999969482422,12.257999897003174,12.264499950408936,12.309599990844726,11.344600000381469,10.107099990844727,55.587157411621945,0.008652858432572685,0.01456727853315914,-0.005914420100586454,12.450131183330463,12.264499950408936,12.07886871748741,83.69566043668618,74.87925309339464,NICK
2011-04-07,12.399999618530273,12.399999618530273,12.399999618530273,12.399999618530273,11.490490913391113,0,12.271999931335449,12.261999893188477,12.2739999294281,12.324599990844726,11.368599996566772,10.126699991226197,55.587157411621945,0.01901748254976887,0.015457319336481087,0.003560163213287785,12.46681056231801,12.2739999294281,12.081189296538192,89.13042877331937,81.40097970447637,NICK
2011-04-08,12.399999618530273,12.539999961853027,12.369999885559082,12.460000038146973,11.546091079711914,13300,12.351999855041504,12.2729998588562,12.281999921798706,12.32939998626709,11.393199996948242,10.146449990272522,57.620007642488666,0.03170754936258291,0.018707365341701452,0.013000184020881458,12.49105480936347,12.281999921798706,12.07294503423394,93.73653716317563,88.85420879106046,NICK
2011-04-11,12.470000267028809,12.989999771118164,12.319999694824219,12.699999809265137,11.768487930297852,23900,12.441999816894532,12.314999866485596,12.30049991607666,12.340999984741211,11.420199995040894,10.16859998703003,64.59981676510078,0.060433850694154856,0.027052662412192133,0.03338118828196272,12.57766219346917,12.30049991607666,12.02333763868415,88.92713460424424,90.59803351357982,NICK
2011-04-12,12.350000381469727,12.800000190734863,12.3100004196167,12.600000381469727,11.675821304321289,8100,12.511999893188477,12.351999950408935,12.311999940872193,12.34579999923706,11.44619999885559,10.191099987030029,60.15431460461611,0.07427434495379792,0.03649699892051329,0.03777734603328463,12.617391463889211,12.311999940872193,12.006608417855174,77.60743995096418,86.75703723946144,NICK
2011-04-13,12.460000038146973,12.65999984741211,12.300000190734863,12.579999923706055,11.657289505004883,4900,12.547999954223632,12.389999961853027,12.329499959945679,12.343600006103516,11.47039999961853,10.21394998550415,59.275710132903455,0.08267612764383614,0.04573282466517786,0.03694330297865828,12.653627966672802,12.329499959945679,12.005371953218555,66.44298900245249,77.65918785255373,NICK
2011-04-14,12.369999885559082,12.579999923706055,12.369999885559082,12.399999618530273,11.490490913391113,2900,12.547999954223632,12.40999994277954,12.332499933242797,12.339599990844727,11.494499998092651,10.234799985885621,51.92512122910606,0.07395754412321942,0.05137776855678618,0.022579775566433244,12.658068597196914,12.332499933242797,12.00693126928868,53.1986629290333,65.74969729415008,NICK
2011-04-15,12.40999984741211,12.600000381469727,12.399999618530273,12.40999984741211,11.499759674072266,5500,12.53799991607666,12.444999885559081,12.333499908447266,12.341799983978271,11.519499998092652,10.256299986839295,52.27917942655744,0.06708166310905739,0.05451854746724042,0.012563115641816967,12.659890691182484,12.333499908447266,12.007109125712047,46.80133707096704,55.48099633415103,NICK
2011-04-18,12.510000228881836,12.520000457763672,12.5,12.5,11.583157539367676,2100,12.497999954223634,12.469999885559082,12.345999908447265,12.344199981689453,11.544499998092652,10.275899987220765,55.45853391411458,0.06810961279888694,0.05723676053356973,0.010872852265317215,12.677746727889298,12.345999908447265,12.014253089005232,44.10773632344033,48.03591210781364,NICK
2011-04-19,12.5,12.5,12.010000228881836,12.15999984741211,11.26809310913086,31700,12.40999984741211,12.460999870300293,12.350999879837037,12.339199981689454,11.566099996566772,10.29399998664856,43.63201630871187,0.0410162892691055,0.05399266628067688,-0.01297637701157138,12.66804248954892,12.350999879837037,12.033957270125153,36.0269340808602,42.31200249175594,NICK
2011-04-20,12.289999961853027,12.34000015258789,12.0600004196167,12.319999694824219,11.41635799407959,9600,12.357999801635742,12.452999877929688,12.355499887466431,12.339799976348877,11.589299993515015,10.31359998703003,49.12967929609897,0.032085424880992974,0.0496112180007401,-0.017525793119747127,12.668068283265713,12.355499887466431,12.042931491667149,32.996625212329214,37.710431872209995,NICK
2011-04-21,12.350000381469727,12.390000343322754,12.199999809265137,12.25,11.351493835449219,9400,12.327999877929688,12.43799991607666,12.349999904632568,12.33879997253418,11.610499992370606,10.332549986839295,46.97124446079872,0.019138641800271472,0.04351670276064638,-0.024378060960374905,12.665911282196586,12.349999904632568,12.034088527068551,24.57911484874481,31.200891380644823,NICK
2011-04-25,12.25,12.329999923706055,12.020000457763672,12.319999694824219,11.41635799407959,53700,12.30999984741211,12.423999881744384,12.348499870300293,12.33899995803833,11.633799991607667,10.35189998626709,49.366846490888896,0.014361067842092012,0.0376855757769355,-0.02332450793484349,12.664681780883624,12.348499870300293,12.032317959716961,29.73611780080007,29.10395262062478,NICK
2011-04-26,12.270000457763672,13.609999656677246,12.25,13.25,12.278145790100098,131800,12.45999984741211,12.478999900817872,12.396999883651734,12.360599956512452,11.667799987792968,10.375899987220764,69.24540468745423,0.08464235398184705,0.047076931417917814,0.03756542256392924,12.899159259155757,12.396999883651734,11.89484050814771,44.79505261437654,33.03676175464056,NICK
2011-04-27,13.0,13.0,12.5,12.84000015258789,11.898219108581543,39000,12.595999908447265,12.502999877929687,12.427499914169312,12.370599956512452,11.696699991226197,10.39859998703003,58.36621133202087,0.1060349139390162,0.058868527922137495,0.04716638601687871,12.958644956327465,12.427499914169312,11.896354872011159,53.66921351198514,42.733461309054,NICK
2011-04-28,12.850000381469727,12.850000381469727,11.550000190734863,12.489999771118164,11.573888778686523,164000,12.629999923706055,12.493999862670899,12.441999912261963,12.376399955749513,11.723399991989135,10.419499983787537,50.999981540474096,0.09366683317352553,0.0658281889724151,0.02783864420111043,12.963252291544698,12.441999912261963,11.920747532979227,58.33536220532064,52.26654277722752,NICK
2011-04-29,12.5,12.65999984741211,12.350000381469727,12.600000381469727,11.675821304321289,26000,12.7,12.513999938964844,12.461999940872193,12.383199958801269,11.748099994659423,10.440949983596802,53.00734051485749,0.09168429057135974,0.07099940929220402,0.020684881279155715,12.975209506268266,12.461999940872193,11.94879037547612,49.49232315485445,53.83229962405349,NICK
2011-05-02,12.600000381469727,12.800000190734863,12.300000190734863,12.390000343322754,11.481224060058594,38000,12.714000129699707,12.511999988555909,12.478499937057496,12.385399971008301,11.772200002670289,10.462149987220764,48.88964135482203,0.07233404143746647,0.07126633572125651,0.0010677057162099546,12.959136102893135,12.478499937057496,11.997863771221857,45.79289089623512,51.20685875213682,NICK
2011-05-03,12.489999771118164,12.680000305175781,12.489999771118164,12.600000381469727,11.675821304321289,24000,12.584000205993652,12.52200002670288,12.495999956130982,12.3903999710083,11.800200004577636,10.484349989891053,52.83530711133629,0.07310141007149795,0.0716333505913048,0.0014680594801931568,12.96748288115618,12.495999956130982,12.024517031105784,47.57283650900806,47.619350186699286,NICK
2011-05-04,12.5600004196167,13.239999771118164,12.5,13.0,12.046483993530273,87700,12.616000175476074,12.60600004196167,12.533499956130981,12.405799980163573,11.83210000038147,10.5085999917984,59.28309843143529,0.1047783617892204,0.07826235283088792,0.026516008958332477,13.038842574313042,12.533499956130981,12.02815733794892,54.04532392374447,49.13701710966262,NICK
2011-05-05,13.1899995803833,13.1899995803833,12.880000114440918,12.979999542236328,12.027948379516602,54200,12.714000129699707,12.67200002670288,12.562499952316283,12.419199962615966,11.861099996566772,10.532999987602233,58.849882316721036,0.12680695283718002,0.08797127283214634,0.03883568000503368,13.099449736455114,12.562499952316283,12.025550168177453,63.592239002573855,55.07013314510886,NICK
2011-05-06,12.979999542236328,13.0,12.8100004196167,12.979999542236328,12.027948379516602,27000,12.789999961853027,12.744999980926513,12.591499948501587,12.430799961090088,11.890799989700318,10.555399985313416,58.849882316721036,0.14262072698772243,0.09890116366326156,0.04371956332446088,13.15233056588279,12.591499948501587,12.030669331120384,69.74109433075982,62.459552419026124,NICK
2011-05-09,12.720000267028809,13.130000114440918,12.6899995803833,12.960000038146973,12.009416580200195,56000,12.90399990081787,12.809000015258789,12.616499948501588,12.445199966430664,11.920899991989137,10.57894998550415,58.355340551214084,0.15178972661434997,0.10947887625347924,0.04231085036087073,13.19592293675903,12.616499948501588,12.037076960244145,69.09384558928618,67.47572630754003,NICK
2011-05-10,13.039999961853027,13.149999618530273,12.920000076293945,13.029999732971191,12.0742826461792,20400,12.989999771118164,12.786999988555909,12.63299994468689,12.457199954986573,11.94649998664856,10.602899985313416,59.633942362263205,0.16282763956575508,0.1201486289159344,0.04267901064982067,13.23917151184143,12.63299994468689,12.02682837753235,69.90291037403505,69.57928343136042,NICK
2011-05-11,13.029999732971191,13.029999732971191,12.75,12.829999923706055,11.888952255249023,11600,12.955999755859375,12.785999965667724,12.644499921798706,12.465799961090088,11.972399988174438,10.625449986457825,54.486591642152945,0.15366559068811902,0.12685202127037132,0.026813569417747707,13.256430453023036,12.644499921798706,12.032569390574377,67.4757314514157,68.82416247157904,NICK
2011-05-12,12.819999694824219,12.819999694824219,12.420000076293945,12.520000457763672,11.601689338684082,21900,12.863999938964843,12.789000034332275,12.641499948501586,12.461199970245362,11.994499988555908,10.646399989128113,47.6247734163528,0.12000687031635415,0.1254829910795679,-0.005476120763213743,13.255251485398787,12.641499948501586,12.027748411604385,60.355995295205666,65.91154570688555,NICK
2011-05-13,12.5,13.100000381469727,12.329999923706055,13.0,12.046483993530273,50000,12.868000030517578,12.828999996185303,12.671499967575073,12.467799968719483,12.022499990463256,10.67024999141693,56.71459940425192,0.13055904011440767,0.12649820088653585,0.004060839227871815,13.293698424641274,12.671499967575073,12.049301510508872,59.87056259700724,62.56742978120962,NICK
2011-05-16,12.800000190734863,13.0,12.640000343322754,12.90999984741211,11.963083267211914,26800,12.857999992370605,12.880999946594239,12.696499967575074,12.479799957275391,12.05059998512268,10.691849989891052,54.79437178250611,0.13015905795356986,0.12723037229994266,0.0029286856536271944,13.314829083776885,12.696499967575074,12.078170851373262,65.98304492060922,62.06986760427412,NICK
2011-05-17,12.920000076293945,12.920000076293945,12.84000015258789,12.869999885559082,11.926018714904785,12600,12.826000022888184,12.907999897003174,12.714999961853028,12.487199954986572,12.076299982070923,10.712949991226196,53.92056919476934,0.12517150736117877,0.1268185993121899,-0.0016470919510111204,13.330840764046632,12.714999961853028,12.099159159659424,76.32274705412989,67.3921181905822,NICK
2011-05-18,12.850000381469727,12.920000076293945,12.59000015258789,12.899999618530273,11.953817367553711,16800,12.839999961853028,12.8979998588562,12.751999950408935,12.497399940490723,12.103499975204468,10.733749990463258,54.50653048796704,0.12223056742055327,0.12590099293386256,-0.003670425513309289,13.31682191016467,12.751999950408935,12.1871779906532,74.13654583779768,72.14744593751233,NICK
2011-05-19,12.800000190734863,12.859999656677246,12.720000267028809,12.760000228881836,11.82408618927002,8400,12.88799991607666,12.875999927520752,12.773999977111817,12.505999946594239,12.129299974441528,10.753749990463257,51.23237182047009,0.10736542877807587,0.12219388010270522,-0.014828451324629358,13.302938346157271,12.773999977111817,12.245061608066363,63.62415372744827,71.36114887312534,NICK
2011-05-20,12.720000267028809,12.899999618530273,12.6899995803833,12.739999771118164,11.805553436279297,3200,12.835999870300293,12.851999950408935,12.798499965667725,12.516599941253663,12.154499969482423,10.77439999103546,50.7632356096442,0.09289993687158926,0.11633509145648203,-0.023435154584892773,13.270401235098545,12.798499965667725,12.326598696236905,52.606962270928285,63.455887278724816,NICK
2011-05-23,12.680000305175781,12.699999809265137,12.579999923706055,12.619999885559082,11.694355010986328,4800,12.777999877929688,12.817999935150146,12.813499975204468,12.522999935150146,12.180699968338013,10.793749990463256,47.92750547378293,0.07093524508405658,0.10725512218199694,-0.036319877097940365,13.240548872669738,12.813499975204468,12.3864510777392,41.95308832589817,52.72806810809164,NICK
2011-05-24,12.649999618530273,12.779999732971191,12.359999656677246,12.579999923706055,11.657289505004883,9600,12.719999885559082,12.772999954223632,12.77999997138977,12.527999935150147,12.205099964141846,10.812899990081787,46.98530975690428,0.0497271819678371,0.09574953413916497,-0.04602235217132787,13.168174880785875,12.77999997138977,12.391825061993666,35.33094930282181,43.29699996654949,NICK
2011-05-25,12.300000190734863,12.710000038146973,12.300000190734863,12.489999771118164,11.573888778686523,13400,12.63799991607666,12.738999938964843,12.762499952316285,12.530399932861329,12.227599964141845,10.831599988937377,44.84893805691625,0.025364987217717072,0.08167262475487538,-0.05630763753715831,13.1693841821619,12.762499952316285,12.355615722470668,27.76360630800852,35.015881312242904,NICK
2011-05-26,12.489999771118164,12.630000114440918,12.350000381469727,12.5,11.583157539367676,10100,12.585999870300293,12.736999893188477,12.762999963760375,12.535799942016602,12.250799961090088,10.851349987983703,45.14738247211923,0.006786476971385014,0.06669539519817731,-0.0599089182267923,13.168565928424686,12.762999963760375,12.357433999096065,24.984030356377065,29.359528655735872,NICK
2011-05-27,12.449999809265137,12.729999542236328,12.40999984741211,12.600000381469727,11.675821304321289,6200,12.557999992370606,12.69699993133545,12.762999963760375,12.540999946594239,12.276199960708619,10.871299991607666,48.167922486951056,0.0001305637392619019,0.05338242890639423,-0.05325186516713233,13.168565928424686,12.762999963760375,12.357433999096065,27.058825289365725,26.602153984583847,NICK
2011-05-31,12.6899995803833,12.699999809265137,12.479999542236328,12.479999542236328,11.564623832702637,18400,12.529999923706054,12.65399990081787,12.767499923706055,12.54279993057251,12.30029995918274,10.890899987220765,44.9678716375318,-0.01465838752092452,0.039774265620930484,-0.054432653141855004,13.158133841182792,12.767499923706055,12.376866006229317,27.107827528003707,26.383561057915575,NICK
2011-06-01,12.359999656677246,12.550000190734863,12.329999923706055,12.449999809265137,11.536824226379395,9800,12.50399990081787,12.611999893188477,12.759999895095826,12.546799926757812,12.324099960327148,10.910349984169006,44.17770282805933,-0.028471266636769244,0.02612515916939054,-0.05459642580615978,13.16855821525428,12.759999895095826,12.351441574937372,25.514675088360065,26.560442635243245,NICK
2011-06-02,12.390000343322754,12.5,12.359999656677246,12.430000305175781,11.518291473388672,16300,12.492000007629395,12.564999961853028,12.731499910354614,12.554199924468994,12.348099966049194,10.929599986076354,43.62732283933863,-0.040564266080677314,0.012787274119376968,-0.05335154020005428,13.148550075500765,12.731499910354614,12.314449745208464,19.166623950014934,23.929708855459648,NICK
2011-06-03,12.380000114440918,12.460000038146973,12.300000190734863,12.399999618530273,11.490490913391113,13000,12.47199993133545,12.52899990081787,12.702499914169312,12.557599925994873,12.371299962997437,10.948699984550476,42.76660475159152,-0.0519697846243421,-0.00016413762936684506,-0.05180564699497525,13.126993631932105,12.702499914169312,12.278006196406519,16.428531570495863,20.369943536290364,NICK
2011-06-06,12.399999618530273,12.4399995803833,12.010000228881836,12.369999885559082,11.462691307067871,67100,12.42599983215332,12.491999912261964,12.67199993133545,12.557799930572509,12.37569995880127,10.967749981880187,41.876896271740335,-0.06270662503517954,-0.012672635110529386,-0.050033989924650156,13.099999891263606,12.67199993133545,12.243999971407293,23.365351777217835,19.65350243257629,NICK
2011-06-07,12.329999923706055,12.5,12.239999771118164,12.369999885559082,11.462691307067871,42200,12.40399990081787,12.466999912261963,12.642499923706055,12.558199920654296,12.382299957275391,10.987099981307983,41.876896271740335,-0.07040407407460769,-0.02421892290334505,-0.046185151171262644,13.068357830904057,12.642499923706055,12.216642016508052,31.135484455652442,23.643122601122126,NICK
2011-06-08,12.399999618530273,12.399999618530273,11.90999984741211,12.270000457763672,11.370026588439941,18500,12.368000030517578,12.435999965667724,12.604499959945679,12.557999935150146,12.387999963760375,11.007199983596802,38.75964214678976,-0.08360967569231725,-0.03609707346113949,-0.047512602231177765,13.020791826463809,12.604499959945679,12.18820809342755,38.494841118200235,30.998559117023586,NICK
2011-06-09,12.170000076293945,12.170000076293945,11.930000305175781,12.0,11.119830131530762,24800,12.281999969482422,12.386999988555909,12.562999963760376,12.55339994430542,12.391399965286254,11.024699983596802,31.86302137493576,-0.11454162600423601,-0.051785983969758795,-0.06275564203447721,13.04187772789174,12.562999963760376,12.084122199629013,28.33834716469317,32.65622424618203,NICK
2011-06-10,12.0,12.029999732971191,11.770000457763672,11.949999809265137,11.073497772216797,41800,12.192000007629394,12.331999969482421,12.53449993133545,12.54839994430542,12.394499959945678,11.042949981689453,30.77109979343514,-0.1414593615379598,-0.06972065948339899,-0.0717387020545608,13.083006040659267,12.53449993133545,11.985993822011633,21.09212126252407,29.30843651513924,NICK
2011-06-13,11.90999984741211,12.380000114440918,11.789999961853027,12.1899995803833,11.295893669128418,54600,12.155999946594239,12.29099988937378,12.493999910354614,12.548199939727784,12.40149995803833,11.063099980354309,41.189136856960616,-0.1417914020915596,-0.08413480800503112,-0.057656594086528484,13.01811438329329,12.493999910354614,11.969885437415938,22.832252917709315,24.087573781642266,NICK
2011-06-14,12.279999732971191,12.369999885559082,12.010000228881836,12.229999542236328,11.33296012878418,21900,12.127999877929687,12.265999889373779,12.459999895095825,12.551599922180175,12.408099956512451,11.083599977493286,42.73586713631921,-0.1372448112425264,-0.09475680865253018,-0.04248800258999623,12.959399560634663,12.459999895095825,11.960600229556986,35.77414971453899,26.566174631590872,NICK
2011-06-15,12.270000457763672,12.3100004196167,11.850000381469727,12.170000076293945,11.277362823486328,18200,12.107999801635742,12.23799991607666,12.424999904632568,12.549999923706055,12.41479995727539,11.103549976348877,40.99425084191832,-0.13690490616540885,-0.10318642815510591,-0.033718478010302935,12.902179125843602,12.424999904632568,11.947820683421533,43.722461683558926,34.10962143860249,NICK
2011-06-16,12.15999984741211,12.170000076293945,11.520000457763672,11.989999771118164,11.110564231872559,31400,12.105999755859376,12.193999862670898,12.379499912261963,12.544799919128417,12.418599958419799,11.121799974441528,36.224721216566124,-0.14943742760145895,-0.11243662804437651,-0.03700079955708244,12.840085506395766,12.379499912261963,11.91891431812816,42.808743837233216,40.76845174511046,NICK
2011-06-17,11.9399995803833,12.1899995803833,11.880000114440918,12.149999618530273,11.258828163146973,18600,12.145999717712403,12.168999862670898,12.348999881744385,12.539799919128418,12.424699954986572,11.141499972343444,42.61582340026296,-0.14478984343327816,-0.11890727112215685,-0.025882572311121316,12.78488525756261,12.348999881744385,11.91311450592616,44.63313441477084,43.72144664518774,NICK
2011-06-20,12.100000381469727,12.100000381469727,11.600000381469727,12.0,11.119830131530762,38100,12.107999801635742,12.13199987411499,12.311999893188476,12.531799926757813,12.428199958801269,11.159999971389771,38.70027402204864,-0.15146432861522996,-0.12541868262077147,-0.026045645994458494,12.734260553247186,12.311999893188476,11.889739233129767,46.27821532124932,44.573364524417876,NICK
2011-06-21,11.970000267028809,12.199999809265137,11.8100004196167,12.199999809265137,11.305159568786621,45500,12.101999855041504,12.114999866485595,12.29099988937378,12.526599922180175,12.427999954223633,11.179499969482421,45.844984224791716,-0.1390131361683693,-0.12813757333029102,-0.010875562838078279,12.691094964439747,12.29099988937378,11.890904814307811,56.45980648497487,49.12371874033176,NICK
2011-06-22,12.199999809265137,12.199999809265137,11.640000343322754,11.960000038146973,11.082764625549316,55200,12.05999984741211,12.083999824523925,12.259999895095826,12.511799926757812,12.426399955749512,11.197649970054627,39.84361016742718,-0.14681901401380593,-0.131873861466994,-0.014945152546811918,12.661795921513143,12.259999895095826,11.858203868678508,53.62918935465302,52.12240372029249,NICK
2011-06-23,11.880000114440918,12.09000015258789,11.399999618530273,11.65999984741211,10.804768562316895,31500,11.993999862670899,12.049999809265136,12.218499898910522,12.492999916076661,12.41939995765686,11.214949970245362,33.87429486415818,-0.1751932182645657,-0.14053773282650833,-0.034655485438057354,12.683226776722906,12.218499898910522,11.753773021098139,45.97401164159524,52.02100249374113,NICK
2011-06-24,11.710000038146973,12.199999809265137,11.460000038146973,11.729999542236328,10.869633674621582,1284100,11.90999984741211,12.027999782562256,12.17999987602234,12.475999908447266,12.409799957275391,11.232199969291687,36.273381920121494,-0.18984319501904423,-0.15039882526501552,-0.03944436975402871,12.671853637035893,12.17999987602234,11.688146115008786,32.84476541504386,44.149322137097464,NICK
2011-06-27,11.729999542236328,12.479999542236328,11.569999694824219,12.359999656677246,11.453423500061035,90000,11.981999778747559,12.04499979019165,12.167999839782714,12.475199909210206,12.407399950027466,11.252549967765809,52.852559337045555,-0.14890122243516934,-0.15009930469904628,0.0011980822638769373,12.629024804438826,12.167999839782714,11.706974875126603,47.50841920258532,42.10906541974156,NICK
2011-06-28,12.359999656677246,12.420000076293945,12.34000015258789,12.380000114440918,11.47195816040039,41600,12.017999839782714,12.05999984741211,12.162999868392944,12.474599914550781,12.408199949264526,11.272449970245361,53.268219521817294,-0.11353182024802067,-0.14278580780884115,0.029253987560820482,12.612404006786571,12.162999868392944,11.713595729999318,69.87655814312684,50.07658092025209,NICK
2011-06-29,12.449999809265137,12.489999771118164,11.899999618530273,12.020000457763672,11.138364791870117,82000,12.029999923706054,12.044999885559083,12.141499900817871,12.464999923706054,12.404599952697755,11.290349974632264,45.49362601852241,-0.11324486157139724,-0.13687761856135236,0.023632756989955123,12.574779323659934,12.141499900817871,11.708220477975809,78.83683158169032,65.40726964246757,NICK
2011-06-30,11.970000267028809,12.050000190734863,11.800000190734863,11.880000114440918,11.00863265991211,33000,12.073999977111816,12.033999919891357,12.113999891281129,12.459399929046631,12.399299955368042,11.307749977111817,42.87299981154227,-0.12289761522005804,-0.1340816178930935,0.01118400267303546,12.54030493130806,12.113999891281129,11.687694851254196,63.88611087471972,70.8665001998457,NICK
2011-07-01,11.920000076293945,12.109999656677246,11.899999618530273,11.979999542236328,11.101296424865723,18000,12.123999977111817,12.016999912261962,12.09299988746643,12.452599925994873,12.396199951171875,11.325649976730347,45.296925814067194,-0.12108260899279344,-0.1314818161130335,0.010399207120240062,12.501905789139508,12.09299988746643,11.684093985793352,51.37617809384172,64.69970685008401,NICK
2011-07-05,12.039999961853027,12.260000228881836,11.600000381469727,12.260000228881836,11.360761642456055,34100,12.104000091552734,12.042999935150146,12.087499904632569,12.45279993057251,12.395799951553345,11.34389997959137,51.50201335230903,-0.09594449966361118,-0.12437435282314904,0.02842985315953786,12.484129530601429,12.087499904632569,11.69087027866371,58.715619608241326,57.992636192267675,NICK
2011-07-06,12.210000038146973,12.579999923706055,12.210000038146973,12.539999961853027,11.620223045349121,40400,12.136000061035157,12.076999950408936,12.095999908447265,12.457199935913087,12.398099946975709,11.364449977874756,56.78147158747123,-0.052819854115540466,-0.11006345308162732,0.057243598966086856,12.522633325386296,12.095999908447265,11.669366491508233,76.24009861543023,62.11063210583785,NICK
2011-07-07,12.59000015258789,12.600000381469727,12.4399995803833,12.5,11.583157539367676,34300,12.231999969482422,12.130999946594239,12.107499885559083,12.442199935913086,12.401399946212768,11.384449977874755,55.84618267718729,-0.021621683146033632,-0.09237509909450858,0.07075341594847495,12.563652328408109,12.107499885559083,11.651347442710057,89.05864709870055,74.67145510745746,NICK
2011-07-08,12.470000267028809,12.5,12.430000305175781,12.470000267028809,11.555357933044434,24300,12.35,12.211999988555908,12.130999898910522,12.434799938201904,12.402699947357178,11.405049977302552,55.11296085855138,0.0006745881531262654,-0.07376516164498162,0.07443974979810788,12.610412152447346,12.130999898910522,11.651587645373699,92.48115926477082,85.9266349929673,NICK
2011-07-11,12.489999771118164,12.529999732971191,12.329999923706055,12.420000076293945,11.509024620056152,27900,12.438000106811524,12.28100004196167,12.154499912261963,12.43339994430542,12.404899950027465,11.423199977874756,53.84408583020942,0.014146869959622776,-0.05618275532406074,0.07032962528368351,12.64212591684572,12.154499912261963,11.666873907678207,88.61109609958066,90.05030082101744,NICK
2011-07-12,12.25,12.350000381469727,12.149999618530273,12.260000228881836,11.360761642456055,22400,12.438000106811524,12.271000099182128,12.157999944686889,12.426599941253663,12.404899950027465,11.439449977874755,49.88607453611797,0.011777338020618089,-0.04259073665512497,0.05436807467574306,12.647595836737265,12.157999944686889,11.668404052636513,81.94444002928856,87.67889846454678,NICK
2011-07-13,12.229999542236328,12.369999885559082,12.229999542236328,12.319999694824219,11.41635799407959,13500,12.394000053405762,12.265000057220458,12.162499952316285,12.425199928283691,12.405299949645997,11.456599974632264,51.330865910945064,0.014572934633376278,-0.031158002397424722,0.045730937030801,12.656296603415992,12.162499952316285,11.668703301216578,77.7777601171537,82.77776541534108,NICK
2011-07-14,12.279999732971191,12.399999618530273,12.220000267028809,12.270000457763672,11.370026588439941,21400,12.348000144958496,12.290000057220459,12.16749997138977,12.41859992980957,12.404499950408935,11.472899975776672,50.03627554958453,0.012608600423346772,-0.02240468183327042,0.03501328225661719,12.663519278712368,12.16749997138977,11.671480664067172,73.12864774507182,77.61694929717146,NICK
2011-07-15,12.319999694824219,12.34000015258789,12.109999656677246,12.15999984741211,11.26809310913086,20900,12.286000061035157,12.318000030517577,12.175999975204467,12.401799926757812,12.403799953460693,11.48759997367859,47.21497138266241,0.0021509269210806536,-0.017493560082400206,0.01964448700348086,12.665342533265761,12.175999975204467,11.686657417143174,68.33360043208937,73.08000276477173,NICK
2011-07-18,12.100000381469727,12.1899995803833,11.75,11.770000457763672,10.90670108795166,35700,12.156000137329102,12.297000122070312,12.157000017166137,12.37759994506836,12.398399953842164,11.500499978065491,38.850871413348855,-0.037177981429243445,-0.021430444351768854,-0.01574753707747459,12.677426826075171,12.157000017166137,11.636573208257103,48.4447282148314,63.302325463997626,NICK
2011-07-19,11.770000457763672,12.210000038146973,11.770000457763672,12.210000038146973,11.31442928314209,12400,12.146000099182128,12.292000102996827,12.167500019073486,12.362199954986572,12.39649995803833,11.515049977302551,49.6812234947208,-0.032467866386195254,-0.023637928758654135,-0.00882993762754112,12.68328588805177,12.167500019073486,11.651714150095202,45.09383444100877,53.957387695976614,NICK
2011-07-20,12.149999618530273,12.270000457763672,12.0600004196167,12.119999885559082,11.231027603149414,8800,12.1060001373291,12.250000095367431,12.163500022888183,12.345399951934814,12.39529995918274,11.529449977874755,47.815709241483056,-0.03558710048898028,-0.026027763104719364,-0.00955933738426092,12.679456482314812,12.163500022888183,11.647543563461554,43.33330790201842,45.62395685261962,NICK
2011-07-21,12.100000381469727,12.479999542236328,12.100000381469727,12.420000076293945,11.509024620056152,13900,12.136000061035157,12.242000102996826,12.186500024795532,12.33319995880127,12.39519995689392,11.545599980354309,54.01428861378253,-0.013693754721840534,-0.0235609614281436,0.009867206706303065,12.705124237877206,12.186500024795532,11.667875811713857,64.99996185302753,51.14236806535166,NICK
2011-07-22,12.430000305175781,12.430000305175781,12.260000228881836,12.289999961853027,11.388559341430664,3900,12.16200008392334,12.224000072479248,12.218000030517578,12.322399959564208,12.394099960327148,11.560799980163575,51.17742969092255,-0.006755173808720372,-0.020199803904258955,0.013444630095538583,12.678113095958905,12.218000030517578,11.757886965076251,67.66662597656268,58.666631910536296,NICK
2011-07-25,12.210000038146973,12.359999656677246,12.0,12.050000190734863,11.166163444519043,20400,12.218000030517578,12.18700008392334,12.234000062942505,12.312999954223633,12.387099962234497,11.575199980735778,46.33876719939784,-0.02038726254081702,-0.02023729563157057,-0.00014996690924645034,12.6447261550773,12.234000062942505,11.823273970807708,62.098017255876876,64.92153502848912,NICK
2011-07-26,11.989999771118164,12.350000381469727,11.890000343322754,11.9399995803833,11.064230918884277,27000,12.163999938964844,12.155000019073487,12.213000059127808,12.291799945831299,12.37979995727539,11.58889997959137,44.27266647420415,-0.03961031792830205,-0.024111900090916866,-0.015498417837385186,12.638492713992946,12.213000059127808,11.78750740426267,42.215654687768556,57.32676597340279,NICK
2011-07-27,12.050000190734863,12.430000305175781,12.050000190734863,12.199999809265137,11.305159568786621,44500,12.179999923706054,12.143000030517578,12.20400004386902,12.27759994506836,12.378699951171875,11.604049978256226,49.95270102086011,-0.03347895767517706,-0.025985311607768905,-0.007493646067408152,12.622540359549394,12.20400004386902,11.785459728188645,38.44643633824853,47.58670276063142,NICK
2011-07-28,12.270000457763672,12.390000343322754,12.109999656677246,12.279999732971191,11.379293441772461,16000,12.151999855041504,12.14399995803833,12.217000007629395,12.265799942016601,12.376499948501587,11.618999977111816,51.58777818944925,-0.02191189851825648,-0.02517062898986642,0.00325873047160994,12.627955018099053,12.217000007629395,11.806044997159736,49.33129724799917,43.331129424672184,NICK
2011-07-29,12.199999809265137,12.279999732971191,12.149999618530273,12.210000038146973,11.31442928314209,16400,12.135999870300292,12.148999977111817,12.233500003814697,12.251999950408935,12.374699945449828,11.633699975013734,50.04704544883002,-0.018183700777093748,-0.023773243347311884,0.005589542570218136,12.614408175749087,12.233500003814697,11.852591831880307,62.884917778633444,50.22088378829381,NICK
2011-08-01,12.300000190734863,12.300000190734863,12.220000267028809,12.270000457763672,11.370026588439941,30100,12.179999923706054,12.198999977111816,12.248000049591065,12.242199954986573,12.374099950790406,11.647499976158143,51.38725724712408,-0.010269168209584123,-0.021072428319766332,0.01080326011018221,12.610855378833968,12.248000049591065,11.885144720348162,67.3984781447099,59.87156439044761,NICK
2011-08-02,12.25,12.25,11.979999542236328,11.979999542236328,11.101296424865723,16300,12.18799991607666,12.175999927520753,12.23400001525879,12.226999950408935,12.371799945831299,11.660299973487854,45.09037123011848,-0.02708527221489021,-0.02227499709879111,-0.004810275116099102,12.615072238915266,12.23400001525879,11.852927791602314,55.2511779409333,61.844857954758986,NICK
2011-08-03,11.960000038146973,12.220000267028809,11.949999809265137,12.1899995803833,11.295893669128418,14400,12.185999870300293,12.182999897003175,12.216499996185302,12.21839994430542,12.370699939727784,11.673599972724915,49.87984186049487,-0.023199478609432944,-0.022459893400919476,-0.0007395852085134678,12.57097291639659,12.216499996185302,11.862027075974014,54.337914456666766,58.995856847436755,NICK
2011-08-04,12.0,12.380000114440918,11.40999984741211,11.420000076293945,10.582372665405273,37400,12.013999938964844,12.082999897003173,12.1625,12.195199947357178,12.361599941253662,11.68124997138977,37.10124333032217,-0.08131513376203436,-0.03423094147314246,-0.04708419228889191,12.63662553913059,12.1625,11.68837446086941,30.905120126212527,46.8314041746043,NICK
2011-08-05,11.5,11.640000343322754,10.859999656677246,11.399999618530273,10.563838958740234,31800,11.851999855041504,11.993999862670899,12.108999967575073,12.17339994430542,12.351899938583374,11.688299970626831,36.8372581003437,-0.1275161521361099,-0.05288798360573595,-0.07462816853037395,12.666419106537537,12.108999967575073,11.55158082861261,31.51396244905689,38.9189990106455,NICK
2011-08-08,11.25,11.430000305175781,10.569999694824219,11.119999885559082,10.304375648498535,67300,11.621999740600586,11.900999832153321,12.04399995803833,12.145799942016602,12.340799942016602,11.693699970245362,33.26842847133935,-0.1845965167159367,-0.0792296902277761,-0.10536682648816059,12.729635510240348,12.04399995803833,11.358364405836314,21.021252744960577,27.813445106743433,NICK
2011-08-09,11.119999885559082,11.119999885559082,10.510000228881836,11.119999885559082,10.304375648498535,45500,11.449999809265137,11.818999862670898,11.986999940872192,12.11619993209839,12.328599939346313,11.699349970817567,33.26842847133935,-0.22721393606804163,-0.1088265393958292,-0.11838739667221243,12.773462976242055,11.986999940872192,11.200536905502329,31.03120583615483,27.855473676724202,NICK
2011-08-10,11.020000457763672,11.729999542236328,10.539999961853027,10.670000076293945,9.887383460998535,16900,11.145999908447266,11.66599988937378,11.904499959945678,12.07999994277954,12.311399936676025,11.7028999710083,28.17980237121634,-0.2939117401620024,-0.14584357954906385,-0.14806816061293854,12.861588816857658,11.904499959945678,10.947411103033698,22.69786974334731,24.91677610815434,NICK
2011-08-11,10.510000228881836,11.229999542236328,10.25,11.039999961853027,10.230242729187012,33400,11.069999885559081,11.541999912261963,11.842999935150146,12.051799945831299,12.299299936294556,11.70839997291565,36.74673143065693,-0.31330277255384686,-0.17933541815002046,-0.1339673544038264,12.854752866643304,11.842999935150146,10.831247003656989,25.178770237456813,26.302615272319755,NICK
2011-08-12,11.119999885559082,11.470000267028809,10.8100004196167,10.890000343322754,10.091246604919434,12000,10.968000030517578,11.40999994277954,11.779499959945678,12.020999946594237,12.287599935531617,11.712849974632263,34.92777321989706,-0.33689055641820254,-0.21084644580365688,-0.12604411061454565,12.860730214105756,11.779499959945678,10.6982697057856,24.6432200487572,24.173286676520547,NICK
2011-08-15,10.869999885559082,11.09000015258789,10.710000038146973,10.890000343322754,10.091246604919434,40000,10.922000122070312,11.271999931335449,11.735499954223632,11.990799961090088,12.274199943542481,11.715299978256226,34.92777321989706,-0.3515318052416383,-0.23898351769125317,-0.11254828755038512,12.8842117222416,11.735499954223632,10.586788186205665,31.651381631827135,27.157790639347155,NICK
2011-08-16,10.8100004196167,10.949999809265137,10.470000267028809,10.520000457763672,9.748384475708008,20800,10.80200023651123,11.126000022888183,11.650999975204467,11.95379997253418,12.255799951553344,11.715649981498718,30.59526821549022,-0.3885124690625279,-0.26888930796550814,-0.11962316109701976,12.892545576226128,11.650999975204467,10.409454374182806,23.77748713494636,26.690696271843667,NICK
2011-08-17,10.90999984741211,10.989999771118164,10.800000190734863,10.8100004196167,10.017114639282227,15300,10.830000305175782,10.988000106811523,11.585500001907349,11.922599983215331,12.240399951934814,11.717449984550477,37.1732655862229,-0.3899245310072832,-0.29309635257386313,-0.09682817843342006,12.858974917532219,11.585500001907349,10.312025086282478,22.75524990022268,26.06137288899883,NICK
2011-08-18,10.729999542236328,10.899999618530273,10.300000190734863,10.380000114440918,9.618654251098633,44000,10.69800033569336,10.884000110626221,11.483500003814697,11.884799976348877,12.221399955749511,11.717899985313416,32.286894980937255,-0.42088928159332717,-0.31865493837775594,-0.10223434321557123,12.799361046321936,11.483500003814697,10.167638961307459,15.003743775472865,20.51216027021407,NICK
2011-08-19,10.390000343322754,10.630000114440918,10.149999618530273,10.369999885559082,9.609387397766113,15700,10.594000244140625,10.781000137329102,11.3875,11.852199974060058,12.20279995918274,11.717549986839295,32.18094999480943,-0.44115069382546324,-0.3431540894672974,-0.09799660435816582,12.733796529916983,11.3875,10.041203470083016,14.086623387441763,17.281872354379203,NICK
2011-08-22,10.5600004196167,10.649999618530273,10.09000015258789,10.260000228881836,9.507454872131348,35200,10.468000221252442,10.695000171661377,11.298000001907349,11.818399982452393,12.183399963378907,11.717149987220765,30.976863614696114,-0.46077256270152667,-0.36667778411414326,-0.09409477858738341,12.693329064910621,11.298000001907349,9.902670938904077,7.7974521012259475,12.295939754713627,NICK
2011-08-23,10.25,10.6899995803833,10.130000114440918,10.550000190734863,9.77618408203125,27300,10.474000167846679,10.638000202178954,11.228500032424927,11.785599994659425,12.166899967193604,11.71814998626709,37.605116314262325,-0.4477609523261048,-0.38289441775653554,-0.06486653456956926,12.627460454588293,11.228500032424927,9.82953961026156,12.45880103959036,11.44762550941946,NICK
2011-08-24,10.3100004196167,11.039999961853027,10.3100004196167,11.010000228881836,10.202445030212402,5000,10.514000129699706,10.672000217437745,11.169000053405762,11.761200008392334,12.156399965286255,11.721249985694886,46.39797641914531,-0.3957688220393223,-0.38546929861309287,-0.010299523426229418,12.497049503658255,11.169000053405762,9.840950603153269,27.86950299717928,16.041918712665296,NICK
2011-08-25,11.069999694824219,11.449999809265137,10.579999923706055,10.710000038146973,9.924449920654297,17400,10.580000114440917,10.63900022506714,11.09050006866455,11.732000007629395,12.140999965667724,11.722749986648559,42.219284094670535,-0.37445570016910423,-0.38326657892429516,0.008810878755190932,12.32918424838961,11.09050006866455,9.85181588893949,37.99660329686291,26.108302444544282,NICK
2011-08-26,10.729999542236328,10.930000305175781,10.710000038146973,10.899999618530273,10.100513458251953,13600,10.686000061035156,10.640000152587891,11.025000047683715,11.710200004577636,12.127499961853028,11.725099983215332,45.563159309933575,-0.33833342220409435,-0.374279947580255,0.035946525376160665,12.153618465960346,11.025000047683715,9.896381629407085,47.76423378830612,37.87678002744954,NICK
2011-08-29,10.960000038146973,11.59000015258789,10.630000114440918,11.5600004196167,10.712101936340332,33400,10.946000099182129,10.707000160217286,10.989500045776367,11.698400020599365,12.11909996986389,11.73184998512268,55.250999893991214,-0.2535272040855361,-0.3501293988813112,0.09660219479577514,11.997457588982115,10.989500045776367,9.981542502570619,58.94310361403952,48.23464689973628,NICK
2011-08-30,11.479999542236328,11.600000381469727,11.229999542236328,11.329999923706055,10.49897289276123,17500,11.102000045776368,10.788000106811523,10.957000064849854,11.685000019073486,12.108399972915649,11.73849998474121,51.79188653136468,-0.20254200490192353,-0.3206119200854337,0.11806991518351018,11.872818604049034,10.957000064849854,10.041181525650675,73.71453446487732,60.14062395574109,NICK
2011-08-31,11.25,11.449999809265137,11.010000228881836,11.100000381469727,10.285843849182129,12900,11.120000076293945,10.817000102996825,10.902500104904174,11.663000030517578,12.094799976348877,11.743999986648559,48.52049335303644,-0.17863570686065877,-0.29221667744047874,0.11358097057981997,11.628361573267304,10.902500104904174,10.176638636541044,79.54693197099954,70.73485668330557,NICK
2011-09-01,11.15999984741211,11.479999542236328,10.5,10.5600004196167,9.78545093536377,15800,11.09000015258789,10.835000133514404,10.859500122070312,11.635000038146973,12.073399982452393,11.746799988746643,41.838599230159005,-0.2009468867555153,-0.27396271930348604,0.07301583254797073,11.559056295630484,10.859500122070312,10.15994394851014,60.044146903717,71.10187111319806,NICK
2011-09-02,10.449999809265137,10.710000038146973,10.229999542236328,10.25,9.498187065124512,32800,10.960000228881835,10.823000144958495,10.802000141143798,11.606800041198731,12.049899978637695,11.748049988746644,38.55598797820951,-0.24086654109548888,-0.2673434836618866,0.02647694256639771,11.503444356577925,10.802000141143798,10.100555925709672,36.20309259902547,58.598057157914106,NICK
2011-09-06,10.149999618530273,11.119999885559082,10.100000381469727,10.970000267028809,10.165377616882324,17100,10.842000198364257,10.894000148773193,10.794500160217286,11.59160005569458,12.033799982070922,11.752099990844727,48.635906178804206,-0.2119617869709991,-0.2562671443237091,0.04430535735271002,11.485310575222824,10.794500160217286,10.103689745211748,33.33333333333353,43.19352427869211,NICK
2011-09-07,11.140000343322754,11.380000114440918,11.0,11.25,10.424840927124023,122000,10.826000213623047,10.964000129699707,10.801000165939332,11.569400062561035,12.02229998588562,11.758399991989135,51.93799655599211,-0.1645639321125607,-0.23792650188147943,0.07336256976891872,11.506234903988632,10.801000165939332,10.095765427890031,48.56510984094924,39.367178591102856,NICK
2011-09-08,11.220000267028809,11.399999618530273,10.539999961853027,10.760000228881836,9.970780372619629,14300,10.75800018310547,10.939000129699707,10.805500173568726,11.537000064849854,12.005799989700318,11.762649993896485,46.32531215380969,-0.1646417890264864,-0.22326955931048081,0.05862777028399441,11.508478857276247,10.805500173568726,10.102521489861205,59.823391332723,47.24061150233536,NICK
2011-09-09,10.680000305175781,10.680000305175781,10.010000228881836,10.029999732971191,9.381513595581055,27400,10.652000045776367,10.87100009918213,10.755000162124634,11.497200050354003,11.98109998703003,11.762799992561341,39.48025149018448,-0.22106018612255873,-0.2228276846728964,0.0017674985503376706,11.52523401080699,10.755000162124634,9.984766313442279,40.81661996091503,49.73504037819586,NICK
2011-09-12,10.0,10.380000114440918,9.949999809265137,10.100000381469727,9.446989059448242,27100,10.622000122070313,10.791000175476075,10.715500164031983,11.46160005569458,11.960499992370606,11.763299994468689,40.389835586477666,-0.25715933227347243,-0.2296940141930116,-0.02746531808046082,11.53353385221704,10.715500164031983,9.897466475846926,18.239876732198812,39.626629341945716,NICK
2011-09-13,10.15999984741211,10.920000076293945,10.050000190734863,10.25,9.58729076385498,8700,10.478000068664551,10.660000133514405,10.683500146865844,11.427000064849853,11.939799995422364,11.76454999446869,42.38800111213518,-0.27054576687051046,-0.23786436472851138,-0.03268140214199908,11.521552131315172,10.683500146865844,9.845448162416517,9.510198126234544,22.855564939782898,NICK
2011-09-14,10.260000228881836,10.75,10.260000228881836,10.65999984741211,9.970780372619629,12600,10.360000038146973,10.593000125885009,10.690500116348266,11.395000057220459,11.923899993896484,11.767199993133545,47.562099265798636,-0.24524403102767245,-0.2393402979883436,-0.00590373303932884,11.525304975878935,10.690500116348266,9.855695256817597,23.434351491093548,17.061475449842405,NICK
2011-09-15,10.630000114440918,10.739999771118164,10.300000190734863,10.520000457763672,9.839832305908203,15000,10.31200008392334,10.535000133514405,10.676000118255615,11.354600067138671,11.905900001525879,11.769849996566773,46.0415557954828,-0.23379397242159072,-0.23823103287499303,0.004437060453402308,11.512071954844135,10.676000118255615,9.839928281667095,31.91919857476813,21.621249397365514,NICK
2011-09-16,10.5600004196167,10.920000076293945,10.350000381469727,10.920000076293945,10.213971138000488,63000,10.490000152587891,10.571000099182129,10.703000116348267,11.32300006866455,11.882600002288818,11.775199995040893,50.87400505854617,-0.1902500085321126,-0.22863482800641693,0.03838481947430433,11.533953852606377,10.703000116348267,9.872046380090158,45.45454895748039,33.60269967444746,NICK
2011-09-19,10.869999885559082,10.869999885559082,10.430000305175781,10.4399995803833,9.765006065368652,19900,10.557999992370606,10.59000005722046,10.706500101089478,11.28240005493164,11.858599996566772,11.777649993896484,45.596744773730315,-0.19225691389326194,-0.22135924518378594,0.029102331290524003,11.532388191493377,10.706500101089478,9.88061201068558,41.01010065980772,39.46128273068552,NICK
2011-09-20,10.529999732971191,10.739999771118164,9.949999809265137,10.180000305175781,9.521815299987793,19300,10.544000053405762,10.511000061035157,10.702500104904175,11.237600059509278,11.835500001907349,11.779449996948243,42.995107422189555,-0.21237899658429704,-0.21956319546388817,0.007184198879591125,11.537721702946438,10.702500104904175,9.867278506861911,34.505844961913084,40.32349819306717,NICK
2011-09-21,10.229999542236328,10.470000267028809,9.899999618530273,10.0600004196167,9.409573554992676,20600,10.42400016784668,10.392000102996827,10.678000116348267,11.193600063323975,11.810100002288818,11.779099998474122,41.80939284520746,-0.2352965280639321,-0.22270986198389695,-0.012586666080035142,11.557263469635474,10.678000116348267,9.79873676306106,18.285431256841182,31.267125626187426,NICK
2011-09-22,9.899999618530273,10.100000381469727,9.65999984741211,9.6899995803833,9.063495635986328,38600,10.257999992370605,10.285000038146972,10.61200008392334,11.141000061035156,11.783099994659423,11.777649998664856,38.30196506722534,-0.2800861535430741,-0.23418512029573238,-0.04590103324734171,11.575776107791187,10.61200008392334,9.648224060055492,8.961157018382728,20.584144412379096,NICK
2011-09-23,9.729999542236328,9.890000343322754,9.260000228881836,9.800000190734863,9.166383743286133,54500,10.034000015258789,10.26200008392334,10.566500091552735,11.09160005569458,11.755099992752076,11.777649998664856,39.915775090936236,-0.3032108979953474,-0.2479902758356554,-0.05522062215969201,11.591454331536935,10.566500091552735,9.541545851568534,12.361468851548556,13.202685708924255,NICK
2011-09-26,9.829999923706055,9.989999771118164,9.579999923706055,9.770000457763672,9.138324737548828,60900,9.900000190734863,10.229000091552734,10.510000133514405,11.04380006790161,11.722799997329712,11.777449998855591,39.61147014211483,-0.3202663215155397,-0.2624454849716322,-0.05782083654390746,11.578831345378378,10.510000133514405,9.441168921650432,16.929855426313857,12.750827098748479,NICK
2011-09-27,9.899999618530273,9.949999809265137,9.760000228881836,9.949999809265137,9.306686401367188,54000,9.854000091552734,10.199000072479247,10.429500102996826,11.00740005493164,11.6925,11.776799998283387,42.446604431377274,-0.3156201515438859,-0.273080418286083,-0.042539733257802914,11.408631908358185,10.429500102996826,9.450368297635467,27.102807903199544,18.798044060354083,NICK
2011-09-28,9.949999809265137,10.210000038146973,9.579999923706055,9.59000015258789,8.96996021270752,19400,9.760000038146973,10.092000102996826,10.342500114440918,10.95500005722046,11.658600006103516,11.774699997901916,38.54858949567657,-0.3371011003717559,-0.28588455470321755,-0.05121654566853834,11.294968039445804,10.342500114440918,9.390032189436033,25.31809624634705,23.116919858620246,NICK
2011-09-29,9.75,9.970000267028809,9.600000381469727,9.949999809265137,9.306686401367188,19800,9.81200008392334,10.035000038146972,10.285000085830688,10.91160005569458,11.628500003814697,11.774699997901916,44.07903231285825,-0.32137137427265117,-0.29298191861710426,-0.028389455655546902,11.185011253542122,10.285000085830688,9.384988918119255,31.22957971617227,27.883494621906383,NICK
2011-09-30,9.829999923706055,9.859999656677246,9.649999618530273,9.770000457763672,9.138324737548828,24100,9.806000137329102,9.920000076293945,10.245500087738037,10.858600063323975,11.595900011062621,11.771199998855591,42.04170007504132,-0.31974408557663203,-0.2983343520090098,-0.021409733567622213,11.162941633163886,10.245500087738037,9.328058542312188,30.722889028301726,29.090188330273776,NICK
2011-10-03,9.729999542236328,10.09000015258789,9.079999923706055,9.34000015258789,8.736125946044922,50200,9.720000076293946,9.810000133514404,10.200000095367432,10.799600067138671,11.56100001335144,11.76670000076294,37.57385534816577,-0.34912735569403885,-0.3084929527460156,-0.04063440294802323,11.198699233606632,10.200000095367432,9.201300957128232,28.806532610443313,30.253000451639195,NICK
2011-10-04,9.300000190734863,10.739999771118164,9.119999885559082,10.739999771118164,10.045608520507812,36900,9.878000068664551,9.866000080108643,10.1885000705719,10.773400058746338,11.543200006484986,11.768849997520446,54.52031798020099,-0.25648889569592725,-0.29809214133599793,0.041603245640070674,11.156286639774544,10.1885000705719,9.220713501369255,45.02357658612666,34.850999408290654,NICK
2011-10-05,10.550000190734863,10.550000190734863,10.079999923706055,10.25,9.58729076385498,20400,10.010000038146973,9.885000038146973,10.138500070571899,10.739600067138673,11.515700006484986,11.769099998474122,49.45956140574154,-0.22007425612055442,-0.28248856429290925,0.06241430817235483,10.976360961029178,10.138500070571899,9.30063918011462,55.97825899166245,43.26945606274423,NICK
2011-10-06,10.289999961853027,10.289999961853027,10.229999542236328,10.25,9.58729076385498,31000,10.070000076293946,9.941000080108642,10.113000059127808,10.700600070953369,11.489100008010864,11.769849996566773,49.45956140574154,-0.18903629911853237,-0.2637981112580339,0.0747618121395015,10.903344178432716,10.113000059127808,9.3226559398229,73.05582169059223,58.019219089460535,NICK
2011-10-07,10.119999885559082,10.180000305175781,9.829999923706055,9.979999542236328,9.334746360778809,16700,10.111999893188477,9.95900001525879,10.110500049591064,10.654600067138672,11.460200004577636,11.76824999332428,46.689952241192316,-0.18410304967509283,-0.24785909894144567,0.06375604926635284,10.902193704611394,10.110500049591064,9.318806394570734,61.05564633840819,63.36324234022104,NICK
2011-10-10,9.979999542236328,10.359999656677246,9.90999984741211,10.300000190734863,9.63405704498291,33700,10.303999900817871,10.011999988555909,10.12050004005432,10.61640007019043,11.434200010299683,11.768849992752076,50.245997591969726,-0.15261281049103204,-0.22880984125136294,0.07619703076033091,10.916451581453025,10.12050004005432,9.324548498655616,64.3579941218378,66.15648738361283,NICK
2011-10-11,10.170000076293945,10.170000076293945,9.859999656677246,9.949999809265137,9.306686401367188,16400,10.145999908447266,10.011999988555909,10.105500030517579,10.57000005722046,11.406100006103516,11.767699990272522,46.58572507198059,-0.15412205169779014,-0.2138722833406484,0.059750231642858254,10.902430939019116,10.105500030517579,9.308569122016042,60.0401615654663,61.81793400857086,NICK
2011-10-12,10.020000457763672,10.399999618530273,10.0,10.220000267028809,9.559229850769043,32300,10.139999961853027,10.075,10.083500051498413,10.534800071716308,11.380900011062622,11.767699990272522,49.633840775492885,-0.13200963092196005,-0.19749975285691074,0.06549012193495068,10.841319903483564,10.083500051498413,9.325680199513263,64.85945367095725,63.08586978608721,NICK
2011-10-13,10.25,10.25,10.069999694824219,10.140000343322754,9.484402656555176,7400,10.118000030517578,10.094000053405761,10.064500045776366,10.493800086975098,11.356100015640259,11.768399991989135,48.74622531492026,-0.11956246176734098,-0.18191229463899677,0.0623498328716558,10.796195927174116,10.064500045776366,9.332804164378617,61.64660503402224,62.18207342348202,NICK
2011-10-14,10.1899995803833,10.270000457763672,10.100000381469727,10.170000076293945,9.512459754943848,17800,10.156000137329102,10.134000015258788,10.027000045776367,10.468800086975097,11.332000017166138,11.768549990653991,49.11372765820911,-0.10605472989331588,-0.1667407816898606,0.06068605179654471,10.647970136601309,10.027000045776367,9.406029954951425,66.06428148485209,64.19011339661061,NICK
2011-10-17,10.0,10.079999923706055,9.699999809265137,9.739999771118164,9.110262870788574,30000,10.044000053405762,10.173999977111816,9.99200005531311,10.435600090026856,11.304500017166138,11.766049990653991,44.21950024392347,-0.12856516681636876,-0.15910565871516222,0.03054049189879346,10.59454794949503,9.99200005531311,9.389452161131189,56.42571642395865,61.37886764761108,NICK
2011-10-18,9.760000228881836,10.289999961853027,9.760000228881836,10.09000015258789,9.43763542175293,28400,10.072000122070312,10.10900001525879,9.987500047683715,10.415000095367432,11.280400018692017,11.765599989891053,48.700536977355085,-0.11681616056400834,-0.15064775908493144,0.0338315985209231,10.585693118131609,9.987500047683715,9.389306977235822,55.42169643739435,59.303898115401786,NICK
2011-10-19,10.170000076293945,10.170000076293945,10.100000381469727,10.109999656677246,9.456341743469238,14900,10.05,10.094999980926513,9.990000009536743,10.394800090789795,11.255500011444092,11.765849986076354,48.952886614382265,-0.10468445835273599,-0.14145509893849234,0.03677064058575635,10.589799909794658,9.990000009536743,9.390200109278828,54.2168686234995,55.35476049495093,NICK
2011-10-20,10.399999618530273,10.399999618530273,10.020000457763672,10.069999694824219,9.418927192687988,26000,10.035999870300293,10.076999950408936,10.009000015258788,10.3828000831604,11.23140001296997,11.765849986076354,48.43965203022792,-0.09717745832531044,-0.13259957081585597,0.035422112490545526,10.593462039611506,10.009000015258788,9.424537990906071,60.84337372470006,56.8273129285314,NICK
2011-10-21,10.350000381469727,10.350000381469727,10.119999885559082,10.260000228881836,9.596643447875977,62800,10.053999900817871,10.105000019073486,10.032000017166137,10.367200088500976,11.209500017166137,11.766799988746643,51.064140998070265,-0.07503173241517835,-0.12108600313572045,0.04605427072054209,10.617955556159597,10.032000017166137,9.446044478172677,64.01904161119619,59.693094653132015,NICK
2011-10-24,10.300000190734863,10.569999694824219,10.210000038146973,10.5,9.821125030517578,20300,10.205999946594238,10.125,10.068499994277953,10.359400081634522,11.19020001411438,11.769149990081788,54.233130553826506,-0.0376807490925124,-0.10440495232707883,0.06672420323456643,10.675204982984601,10.068499994277953,9.461795005571306,73.98766648429678,66.28336060673111,NICK
2011-10-25,10.289999961853027,10.289999961853027,9.930000305175781,10.010000228881836,9.362807273864746,13000,10.189999961853028,10.13100004196167,10.071500015258788,10.341800079345703,11.166300020217896,11.768799991607667,47.47361423110891,-0.047076048754066235,-0.0929391716124763,0.04586312285841007,10.676422265270034,10.071500015258788,9.466577765247543,65.98556345634869,67.99742385061398,NICK
2011-10-26,10.15999984741211,10.539999961853027,9.970000267028809,10.529999732971191,9.849186897277832,12100,10.273999977111817,10.161999988555909,10.118499994277954,10.342000064849854,11.147900018692017,11.761799988746644,54.02277217820224,-0.012419117407652891,-0.07683516077151162,0.06441604336385873,10.712445203136015,10.118499994277954,9.524554785419893,74.32953215508887,71.43425403191155,NICK
2011-10-27,10.640000343322754,11.600000381469727,10.640000343322754,11.600000381469727,10.850006103515625,91500,10.580000114440917,10.307999992370606,10.201000022888184,10.357800064086915,11.140200023651124,11.761249990463257,63.9760310560483,0.10023145452355386,-0.04142183771249852,0.14165329223605239,11.072112018685862,10.201000022888184,9.329888027090506,77.01151315248619,72.44220292130802,NICK
2011-10-28,11.75,11.75,10.850000381469727,11.289999961853027,10.560049057006836,38200,10.786000061035157,10.419999980926514,10.276999998092652,10.376000061035157,11.130400018692017,11.759199991226197,59.928249788296384,0.16261883262531818,-0.0006137036449351818,0.16323253627025336,11.244349041966625,10.276999998092652,9.309650954218679,90.98775948906139,80.77626826554558,NICK
2011-10-31,11.1899995803833,11.529999732971191,11.109999656677246,11.359999656677246,10.625521659851074,22800,10.957999992370606,10.581999969482421,10.377999973297118,10.395800056457519,11.124000015258789,11.757699990272522,60.535441093286344,0.21522864773233508,0.042554766630518874,0.1726738811018162,11.354700594123408,10.377999973297118,9.40129935247083,86.17885687179678,84.72604317111488,NICK
2011-11-01,11.149999618530273,11.329999923706055,10.760000228881836,11.079999923706055,10.363626480102539,23100,11.17199993133545,10.680999946594238,10.394999980926514,10.412200050354004,11.115300016403198,11.754899988174438,56.826224540031134,0.23165825468477586,0.08037546424137026,0.1512827904434056,11.407492013998954,10.394999980926514,9.382507947854073,75.28454770177713,84.15038802087851,NICK
2011-11-02,11.239999771118164,11.489999771118164,11.140000343322754,11.359999656677246,10.625521659851074,36400,11.33799991607666,10.805999946594238,10.450499963760375,10.428400039672852,11.107000017166138,11.754249987602234,59.49877157471318,0.26422663478840924,0.11714569835077807,0.14708093643763118,11.543596025688604,10.450499963760375,9.357403901832146,76.42275401578281,79.29538619645233,NICK
2011-11-03,11.479999542236328,11.720000267028809,11.350000381469727,11.6899995803833,10.934187889099121,25700,11.355999755859376,10.967999935150146,10.522499942779541,10.44200002670288,11.101600017547607,11.75484998703003,62.44907619932708,0.31305682240412125,0.1563279231614467,0.15672889924267455,11.73631822634427,10.522499942779541,9.308681659214812,81.78860593452109,77.83196921736042,NICK
2011-11-04,11.5600004196167,11.649999618530273,11.460000038146973,11.640000343322754,10.887419700622559,5800,11.42599983215332,11.105999946594238,10.605499982833862,10.460600032806397,11.096300020217896,11.755549988746644,61.71553020478713,0.3437579496605583,0.19381392846126902,0.14994402119928926,11.884835314576438,10.605499982833862,9.326164651091286,90.8403745797674,83.01724484335718,NICK
2011-11-07,11.5,11.579999923706055,11.420000076293945,11.489999771118164,10.747118949890137,122900,11.451999855041503,11.204999923706055,10.664999961853027,10.472400035858154,11.091300020217895,11.754949989318847,59.45904003140351,0.351928212267822,0.22543678522257962,0.12649142704524238,11.991777958178053,10.664999961853027,9.338221965528001,92.4199332345142,88.34963791626764,NICK
2011-11-08,11.510000228881836,11.720000267028809,11.420000076293945,11.529999732971191,10.78453254699707,13200,11.541999816894531,11.35699987411499,10.74399995803833,10.471800022125244,11.085100021362305,11.754899988174438,59.88029790046181,0.3575097173954873,0.25185137165716115,0.10565834573832616,12.079206208439329,10.74399995803833,9.408793707637331,89.36624012730265,90.87551598052816,NICK
2011-11-09,11.350000381469727,11.550000190734863,11.0,11.220000267028809,10.494573593139648,30500,11.513999938964844,11.425999927520753,10.79399995803833,10.4696000289917,11.077300024032592,11.75274999141693,55.10165382698619,0.33307920455827755,0.26809693823738445,0.0649822663208931,12.12184627998453,10.79399995803833,9.466153636092132,81.50182420810103,87.76266585663937,NICK
2011-11-10,11.399999618530273,11.399999618530273,11.210000038146973,11.3100004196167,10.578755378723145,14800,11.438000106811524,11.396999931335449,10.852499961853027,10.473800029754639,11.06840003013611,11.74819999217987,56.19464074009055,0.3173222143132488,0.2779419934525573,0.039380220860691484,12.162917852825602,10.852499961853027,9.542082070880452,78.20513223587426,83.02439885709272,NICK
2011-11-11,11.399999618530273,11.430000305175781,11.25,11.390000343322754,10.653585433959961,18500,11.388000106811523,11.406999969482422,10.913499975204468,10.490400028228759,11.062700033187866,11.74454999446869,57.1921996248548,0.30774254676092383,0.2839021041142306,0.023840442646693216,12.204596856047974,10.913499975204468,9.622403094360962,75.64104042042739,78.4493322881343,NICK
2011-11-14,11.449999809265137,11.600000381469727,11.220000267028809,11.3100004196167,10.578755378723145,27800,11.35200023651123,11.402000045776367,10.992000007629395,10.511600036621093,11.059200038909912,11.739299998283386,55.823177302051505,0.29034831135436256,0.285191345562257,0.005156965792105561,12.174499102786214,10.992000007629395,9.809500912472576,77.10830311177371,76.98482525602519,NICK
2011-11-15,11.239999771118164,11.75,11.180000305175781,11.680000305175781,10.924833297729492,11500,11.382000350952149,11.46200008392334,11.071500015258788,10.525800037384034,11.058700046539307,11.734250001907348,60.52912585153906,0.30292719686271674,0.28873851582234894,0.014188681040367801,12.213853392887742,11.071500015258788,9.929146637629835,83.0648112485112,78.6047182602375,NICK
2011-11-16,11.569999694824219,11.75,11.34000015258789,11.34000015258789,10.606816291809082,10000,11.406000328063964,11.460000133514404,11.133000040054322,10.527600040435791,11.048500051498413,11.72795000076294,54.7567744648898,0.2822077679592585,0.28743236624973084,-0.005224598290472338,12.191000089212846,11.133000040054322,10.074999990895797,75.8535008008924,78.67553838705918,NICK
2011-11-17,11.460000038146973,11.5,11.289999961853027,11.390000343322754,10.653585433959961,26300,11.422000312805176,11.43000020980835,11.199000072479247,10.54020004272461,11.038600053787231,11.72340000152588,55.42992005358113,0.26674717343016496,0.28329532768581767,-0.016548154255652703,12.141950745252432,11.199000072479247,10.256049399706063,71.97199118965086,76.96343441301822,NICK
2011-11-18,11.369999885559082,11.479999542236328,11.239999771118164,11.239999771118164,10.513280868530273,11500,11.392000198364258,11.390000152587891,11.248000049591065,10.564400043487549,11.030800046920776,11.717699999809264,52.887683674213534,0.2396284605784551,0.27456195426434515,-0.03493349368589005,12.08677536757433,11.248000049591065,10.4092247316078,56.90235592931908,68.24261597328751,NICK
2011-11-21,11.140000343322754,11.399999618530273,11.0,11.140000343322754,10.419747352600098,16200,11.358000183105469,11.355000209808349,11.280000066757202,10.58520004272461,11.023400049209595,11.711350002288818,51.20173015962769,0.20767363478128864,0.26118429036773383,-0.05351065558644519,12.04803652561617,11.280000066757202,10.511963607898233,43.59597193563485,57.490106351535,NICK
2011-11-22,11.109999656677246,11.25,11.020000457763672,11.050000190734863,10.335566520690918,5100,11.232000160217286,11.307000255584716,11.332000064849854,10.601200046539306,11.01410005569458,11.705150003433227,49.66714614517614,0.17309165214366296,0.24356576272291966,-0.0704741105792567,11.848782488973756,11.332000064849854,10.815217640725953,24.606072665498957,41.70146684348436,NICK
2011-11-23,11.050000190734863,11.229999542236328,10.630000114440918,10.630000114440918,9.942720413208008,22200,11.09000015258789,11.248000240325927,11.33700008392334,10.600600051879884,10.99780005455017,11.696800003051758,43.16536615549624,0.11052067217171846,0.21695674461267941,-0.10643607244096095,11.823707339600292,11.33700008392334,10.850292828246387,8.44446818033871,25.548837593824242,NICK
2011-11-25,10.609999656677246,10.739999771118164,10.010000228881836,10.010000228881836,9.362807273864746,8800,10.814000129699707,11.11800022125244,11.257500076293946,10.590400047302246,10.97250005722046,11.685300002098083,35.729707459283865,0.010779649446288175,0.17572132557940118,-0.164941676133113,11.999089477263514,11.257500076293946,10.515910675324378,2.2222306993274246,11.7575905150551,NICK
2011-11-28,10.970000267028809,10.970000267028809,10.380000114440918,10.5,9.821125030517578,44900,10.666000175476075,11.029000186920166,11.218000078201294,10.582000045776367,10.952500057220458,11.676950001716614,43.947710958610095,-0.028399570656189255,0.13489714633228309,-0.16329671698847234,12.029334697725151,11.218000078201294,10.406665458677438,9.386970030141393,6.684556303269244,NICK
2011-11-29,10.510000228881836,10.699999809265137,10.399999618530273,10.5600004196167,9.87724781036377,25600,10.550000190734863,10.954000186920165,11.178000116348267,10.584400062561036,10.933400058746338,11.668050003051757,44.87717081810005,-0.05398554073108741,0.09712060891960898,-0.1511061496506964,12.034985420263677,11.178000116348267,10.321014812432857,19.923373537470983,10.510858088980003,NICK
2011-11-30,10.859999656677246,11.119999885559082,10.680000305175781,11.079999923706055,10.363626480102539,60100,10.556000137329102,10.894000148773193,11.178000116348267,10.60240005493164,10.92000005722046,11.662450003623963,52.264862891681965,-0.03193486692245706,0.07130951375119576,-0.10324438067365282,12.034985420263677,11.178000116348267,10.321014812432857,40.42145467872332,23.243932748778633,NICK
2011-12-01,11.010000228881836,11.5600004196167,11.010000228881836,11.210000038146973,10.485220909118652,29000,10.672000122070312,10.881000137329101,11.170500135421753,10.625400047302247,10.90950005531311,11.657200002670288,53.9273044840608,-0.003924388377132715,0.05626273332553007,-0.060187121702662785,12.023599686901223,11.170500135421753,10.317400583942282,54.022989765721455,38.12260599397199,NICK
2011-12-02,11.350000381469727,11.850000381469727,11.3100004196167,11.84000015258789,11.07448959350586,28800,11.038000106811523,10.926000118255615,11.178000164031982,10.668400058746338,10.904700059890747,11.655000004768372,61.01337458011251,0.0683222850069658,0.05867464366181722,0.009647641345148582,12.05162706549046,11.178000164031982,10.304373262573504,76.63875604004885,57.027733494831274,NICK
2011-12-05,12.0,12.0,11.640000343322754,11.970000267028809,11.196084022521973,25600,11.332000160217286,10.99900016784668,11.194500160217284,10.711800060272218,10.901700057983398,11.653100004196167,62.301831388157716,0.13451758200111108,0.07384323132967599,0.06067435067143509,12.113684017207769,11.194500160217284,10.2753163032268,88.97150008436365,73.21108196337805,NICK
2011-12-06,11.920000076293945,11.989999771118164,11.850000381469727,11.869999885559082,11.10254955291748,12800,11.594000053405761,11.072000122070312,11.213500165939331,10.753800048828126,10.898800058364868,11.65130000591278,60.64160425774697,0.17686979187072183,0.09444854343788515,0.08242124843283667,12.17123234868195,11.213500165939331,10.255767983196712,97.13877169430953,87.5830092729074,NICK
2011-12-07,11.8100004196167,11.979999542236328,11.680000305175781,11.899999618530273,11.130609512329102,16900,11.757999992370605,11.157000064849854,11.232000160217286,10.792800045013427,10.900100049972535,11.64925000190735,60.97755958747392,0.2104292536081953,0.11764468547194719,0.09278456813624812,12.22703977711855,11.232000160217286,10.236960543316021,95.64488678750395,93.91838618872576,NICK
2011-12-08,11.800000190734863,11.899999618530273,11.800000190734863,11.850000381469727,11.083842277526855,15900,11.886000061035157,11.279000091552735,11.26350016593933,10.838000049591065,10.896500053405761,11.646500005722046,60.05744551102884,0.23033568188647813,0.14018288475485338,0.09015279713162475,12.294272154774614,11.26350016593933,10.232728177104047,93.63483822199323,95.47283223460228,NICK
2011-12-09,11.729999542236328,11.989999771118164,11.399999618530273,11.930000305175781,11.25363826751709,28800,11.904000091552735,11.47100009918213,11.294500160217286,10.877600059509277,10.894600057601929,11.644950008392334,61.0696558233358,0.24968873861796226,0.16208405552747515,0.0876046830904871,12.365508529366881,11.294500160217286,10.22349179106769,94.63987049197159,94.6398651671563,NICK
2011-12-12,11.729999542236328,11.930000305175781,11.729999542236328,11.859999656677246,11.187605857849121,20300,11.881999969482422,11.607000064849853,11.31800012588501,10.91940004348755,10.889000053405761,11.64210000514984,59.64533258579232,0.25642183687644504,0.18095161179726912,0.07547022507917592,12.416628276055773,11.31800012588501,10.219371975714248,93.96985430346801,94.081521005811,NICK
2011-12-13,11.880000114440918,11.949999809265137,11.850000381469727,11.850000381469727,11.17817211151123,8700,11.878000068664551,11.736000061035156,11.34500012397766,10.969600048065185,10.88460005760193,11.639350008964538,59.432099152915676,0.2579772071549815,0.1963567308688116,0.0616204762861699,12.467791230144812,11.34500012397766,10.22220901781051,93.96985430346801,94.19319303296926,NICK
2011-12-14,11.850000381469727,11.949999809265137,11.850000381469727,11.949999809265137,11.272502899169922,24900,11.888000106811523,11.823000049591064,11.358500099182129,10.993800048828126,10.883600053787232,11.635350008010864,60.936166794193504,0.26423305324116164,0.2099319953432816,0.054301057897880034,12.503354138055636,11.358500099182129,10.213646060308621,94.30485441049679,94.081521005811,NICK
2011-12-15,11.949999809265137,11.949999809265137,11.850000381469727,11.9399995803833,11.263069152832031,22000,11.905999946594239,11.896000003814697,11.388500070571899,11.027600040435791,10.883600053787232,11.631700005531311,60.69382603956517,0.2653254152127964,0.22101067931718457,0.04431473589561183,12.560955040672676,11.388500070571899,10.216045100471122,95.41534243494566,94.56335038297021,NICK
2011-12-16,11.949999809265137,12.0,11.300000190734863,12.0,11.319670677185059,59900,11.919999885559083,11.911999988555909,11.419000053405762,11.062600040435791,10.88160005569458,11.630150003433227,61.6785672066686,0.26794396116896735,0.23039733568754112,0.03754662548142623,12.62137921310414,11.419000053405762,10.216620893707384,97.92789914822255,95.88269866455505,NICK
2011-12-19,12.029999732971191,12.050000190734863,11.899999618530273,11.960000038146973,11.281935691833496,76300,11.939999961853028,11.910999965667724,11.455000066757203,11.102200050354003,10.878400058746339,11.627450003623963,60.58877556944784,0.26375115593075016,0.23706809973618292,0.026683056194567234,12.676744563907876,11.455000066757203,10.233255569606529,96.57563846004454,96.63962668107098,NICK
2011-12-20,12.130000114440918,12.899999618530273,12.130000114440918,12.899999618530273,12.168643951416016,29900,12.149999809265136,12.013999938964844,11.543000030517579,11.154200038909913,10.885300054550171,11.63,72.76648600748481,0.3324462048951382,0.256143720767974,0.07630248412716423,12.90661413194175,11.543000030517579,10.179385929093408,97.8102150825812,97.43791756361615,NICK
2011-12-21,12.489999771118164,12.850000381469727,11.84000015258789,12.75,12.027148246765137,11800,12.30999984741211,12.098999977111816,11.628000020980835,11.21020004272461,10.890100049972535,11.63210000038147,69.09742641410203,0.37051276992869475,0.27901753060011814,0.09149523932857662,13.0678970454061,11.628000020980835,10.18810299655557,94.68522191228253,96.35702515163615,NICK
2011-12-22,12.710000038146973,12.789999961853027,12.470000267028809,12.779999732971191,12.05544662475586,10100,12.477999877929687,12.191999912261963,11.735500001907349,11.261400032043458,10.898100051879883,11.634949998855591,69.4294270073052,0.3985077751358368,0.3029155795072619,0.0955921956285749,13.182323543997493,11.735500001907349,10.288676459817205,94.37500831981816,95.62348177156069,NICK
2011-12-23,12.760000228881836,12.890000343322754,12.59000015258789,12.829999923706055,12.102612495422363,10700,12.6439998626709,12.281999874114991,11.87649998664856,11.315200023651123,10.904500055313111,11.637599997520446,70.00777842129624,0.4198884038309849,0.3263101443720065,0.09357825945897841,13.164090954922091,11.87649998664856,10.588909018375027,92.91668082277505,93.99230368495864,NICK
2011-12-27,12.789999961853027,12.920000076293945,12.550000190734863,12.90999984741211,12.178077697753906,22900,12.833999824523925,12.386999893188477,11.996999979019165,11.370000019073487,10.919400053024292,11.640499997138978,70.95460006858372,0.4382363159096485,0.34869537867953493,0.08954093723011358,13.194699214522492,11.996999979019165,10.799300743515838,95.83590795216266,94.37586569825201,NICK
2011-12-28,12.90999984741211,12.90999984741211,12.390000343322754,12.489999771118164,11.781888008117676,7500,12.751999855041504,12.45099983215332,12.093499946594239,11.425000019073487,10.930300054550171,11.641099996566773,60.20827009340534,0.4141130350599713,0.36177890995562223,0.052334125104349094,13.10979256981578,12.093499946594239,11.077207323372699,89.48816293216744,92.74691723570176,NICK
2011-12-29,12.489999771118164,12.920000076293945,12.369999885559082,12.880000114440918,12.14977741241455,12100,12.777999877929688,12.543999862670898,12.183499956130982,11.480800018310546,10.94790005683899,11.644349999427796,65.44218014917158,0.4216049303281668,0.37374411403013114,0.04786081629803568,13.142004381094056,12.183499956130982,11.224995531167908,90.12344588849602,91.81583892427541,NICK
2011-12-30,12.850000381469727,12.850000381469727,12.430000305175781,12.819999694824219,12.093179702758789,18500,12.785999870300293,12.63199987411499,12.263999938964844,11.535000019073486,10.96490005493164,11.646749997138977,64.04644679400101,0.4178836759924778,0.38257202642260046,0.03531164956987731,13.149604652783186,12.263999938964844,11.378395225146502,88.2715907661559,89.29439986227317,NICK
2012-01-03,12.920000076293945,12.920000076293945,12.670000076293945,12.84000015258789,12.112046241760254,23600,12.78799991607666,12.71599988937378,12.313999938964844,11.59040002822876,10.98660005569458,11.648999996185303,64.31962399580847,0.41180143431469673,0.3884179080010197,0.023383526313677017,13.211048318143101,12.313999938964844,11.416951559786588,95.47324521460537,91.28942728975248,NICK
2012-01-04,12.800000190734863,12.899999618530273,12.619999885559082,12.8100004196167,12.083745956420898,15000,12.768000030517578,12.800999927520753,12.355999946594238,11.641400032043457,11.004300060272216,11.651799998283387,63.53977512939747,0.3999501103208445,0.39072434846498466,0.009225761855859826,13.263290381089137,12.355999946594238,11.44870951209934,94.03292217408735,92.59258605161625,NICK
2012-01-05,12.720000267028809,12.850000381469727,12.6899995803833,12.850000381469727,12.121479034423828,22300,12.84000015258789,12.796000003814697,12.40499997138977,11.688400039672851,11.023900060653686,11.655749998092652,64.16367837573395,0.38929792910230354,0.3904390645924484,-0.0011411354901448845,13.307851009420014,12.40499997138977,11.502148933359527,94.65022029682052,94.71879589517113,NICK
2012-01-06,12.880000114440918,12.899999618530273,12.8100004196167,12.850000381469727,12.121479034423828,25100,12.834000205993652,12.80600004196167,12.452500009536744,11.74520004272461,11.043500061035155,11.658850002288819,64.16367837573395,0.37651575943988647,0.38765440356193603,-0.011138644122049568,13.343967891231339,12.452500009536744,11.561032127842148,94.85598633773158,94.5130429362132,NICK
2012-01-09,12.890000343322754,12.890000343322754,12.819999694824219,12.869999885559082,12.140344619750977,9900,12.844000244140625,12.815000057220459,12.503499984741211,11.792000045776367,11.06700005531311,11.661400003433227,64.51577530679806,0.36380586319936903,0.3828846954894226,-0.019078832290053582,13.367543422967044,12.503499984741211,11.639456546515378,95.57613804652574,95.027448227026,NICK
2012-01-10,12.920000076293945,12.920000076293945,12.850000381469727,12.899999618530273,12.168643951416016,34500,12.8560001373291,12.82200002670288,12.551999950408936,11.818000030517577,11.087900047302247,11.66414999961853,65.07016882765315,0.3520951726131951,0.3767267909141771,-0.024631618300981983,13.39034599583929,12.551999950408936,11.713653904978582,96.39916296431058,95.61042911618934,NICK
2012-01-11,12.850000381469727,12.899999618530273,12.850000381469727,12.899999618530273,12.168643951416016,4200,12.873999977111817,12.821000003814698,12.603999948501587,11.850200023651123,11.11310004234314,11.667249999046327,65.07016882765316,0.3389076495315688,0.36916296263765547,-0.030255313106086645,13.391690220867417,12.603999948501587,11.816309676135756,97.22218788209541,96.39916296431062,NICK
2012-01-12,12.949999809265137,12.949999809265137,12.770000457763672,12.850000381469727,12.121479034423828,7100,12.873999977111817,12.857000064849853,12.653999948501587,11.880000038146973,11.137900047302246,11.670350003242493,63.16269395588792,0.32072480598949227,0.35947533130802284,-0.03875052531853057,13.367341478462462,12.653999948501587,11.940658418540712,93.01830944709327,95.54655343116646,NICK
2012-01-13,12.630000114440918,12.779999732971191,12.5,12.550000190734863,11.838486671447754,11000,12.813999938964844,12.824000072479247,12.683999967575073,11.90940004348755,11.160800046920777,11.672100005149842,53.10389544840965,0.27889236570856646,0.34335873818813156,-0.0644663724795651,13.32298047158399,12.683999967575073,12.045019463566154,70.64712072231244,86.96253935050042,NICK
2012-01-17,12.170000076293945,12.819999694824219,12.170000076293945,12.579999923706055,11.866785049438477,10900,12.755999946594239,12.800000095367432,12.715999984741211,11.933800048828125,11.181100044250488,11.674000005722046,53.894606373874666,0.245332542298609,0.32375349901022704,-0.07842095671161803,13.259742540281577,12.715999984741211,12.172257429200846,55.45245251057562,73.03929422666049,NICK
2012-01-18,12.59000015258789,12.720000267028809,12.510000228881836,12.6899995803833,11.970550537109375,16900,12.713999938964843,12.785000038146972,12.750499963760376,11.953800048828125,11.197900037765503,11.67715000152588,56.77265518134115,0.225018322298693,0.3040064636679202,-0.07898814136922722,13.18466465724869,12.750499963760376,12.316335270272061,50.08842212179616,58.72933178489478,NICK
2012-01-19,12.729999542236328,12.920000076293945,12.710000038146973,12.850000381469727,12.121479034423828,13100,12.704000091552734,12.789000034332275,12.794999980926514,11.978000049591065,11.21930004119873,11.680150003433228,60.62303983358734,0.21930190817119666,0.2870655525685755,-0.06776364439737886,13.03495834211968,12.794999980926514,12.555041619733348,68.80342768599017,58.11476743945403,NICK
2012-01-20,12.850000381469727,12.949999809265137,12.5,12.899999618530273,12.168643951416016,13200,12.713999938964843,12.79399995803833,12.794999980926514,12.006200046539307,11.23930004119873,11.683400001525879,61.76904508235381,0.216312612216635,0.2729149644981874,-0.056602352281552415,13.03495834211968,12.794999980926514,12.555041619733348,82.47863300113683,67.12349426964109,NICK
2012-01-23,12.710000038146973,12.920000076293945,12.699999809265137,12.899999618530273,12.168643951416016,7500,12.783999824523926,12.798999881744384,12.802499961853027,12.033600044250488,11.252700033187866,11.685900001525878,61.76904508235381,0.2115054702326713,0.2606330656450842,-0.049127595412412906,13.045717973878679,12.802499961853027,12.559281949827374,91.4529966780335,80.91168578838688,NICK
2012-01-24,12.760000228881836,12.9399995803833,12.760000228881836,12.899999618530273,12.168643951416016,15200,12.847999763488769,12.801999855041505,12.808499956130982,12.067200031280517,11.268400030136108,11.68840000152588,61.7690450823538,0.2053288721514157,0.2495722269463505,-0.0442433547949348,13.055098792703062,12.808499956130982,12.561901119558902,93.5897169420302,89.17378220706688,NICK
2012-01-25,12.539999961853027,12.869999885559082,12.539999961853027,12.829999923706055,12.102612495422363,4400,12.87599983215332,12.794999885559083,12.808499956130982,12.097600021362304,11.285700025558471,11.690250000953675,58.77784870381893,0.19256570572398246,0.2381709227018769,-0.045605216977894436,13.055098792703062,12.808499956130982,12.561901119558902,90.59827596817352,91.88032986274578,NICK
2012-01-26,12.850000381469727,12.869999885559082,12.609999656677246,12.8100004196167,12.083745956420898,16100,12.867999839782716,12.785999965667724,12.803499984741212,12.126000022888183,11.308200025558472,11.690800004005432,57.914925191824096,0.17877619089508912,0.22629197634051934,-0.047515785445430225,13.045679653654922,12.803499984741212,12.561320315827501,86.75215503978349,90.31338264999577,NICK
2012-01-27,12.670000076293945,12.949999809265137,12.649999618530273,12.859999656677246,12.13090991973877,11700,12.859999847412109,12.786999893188476,12.821999979019164,12.157000007629394,11.334300022125245,11.692100000381469,59.51514640268735,0.16992364757933132,0.21501831058828175,-0.04509466300895043,13.017611733981989,12.821999979019164,12.62638822405634,85.04275437539017,87.46439512778244,NICK
2012-01-30,12.829999923706055,12.859999656677246,12.649999618530273,12.789999961853027,12.064881324768066,6400,12.83799991607666,12.810999870300293,12.81749997138977,12.17920000076294,11.352500019073487,11.693150000572205,56.2882352743597,0.15546742120545964,0.20310813271171732,-0.04764071150625768,13.011703358288397,12.81749997138977,12.623296584491143,83.33335371099685,85.0427543753902,NICK
2012-01-31,12.90999984741211,12.989999771118164,12.890000343322754,12.9399995803833,12.206376075744629,21500,12.845999908447265,12.846999835968017,12.823499965667725,12.211199989318848,11.36940001487732,11.69585000038147,61.14935605092482,0.15433539095250026,0.1933535843598739,-0.03901819340737364,13.024922250618559,12.823499965667725,12.622077680716892,87.28370682361994,85.2199383033357,NICK
2012-02-01,12.989999771118164,13.6899995803833,12.989999771118164,13.449999809265137,12.687461853027344,79600,12.969999885559082,12.922999858856201,12.853999948501587,12.252399978637696,11.396300010681152,11.701050000190735,72.39143820639008,0.19237344373118148,0.1931575562341354,-0.000784112502953932,13.19355244905969,12.853999948501587,12.514447447943484,85.86671391479722,85.49459148313804,NICK
2012-02-02,13.399999618530273,13.399999618530273,13.199999809265137,13.390000343322754,12.630864143371582,32500,13.085999870300293,12.976999855041504,12.88299994468689,12.295399990081787,11.429900016784668,11.705500001907348,69.8313173641703,0.21519676479336347,0.19756539794598102,0.01763136684738245,13.294100898786217,12.88299994468689,12.471898990587563,86.12538378865496,86.42526817569075,NICK
2012-02-03,13.470000267028809,13.9399995803833,13.470000267028809,13.899999618530273,13.11194896697998,29700,13.293999862670898,13.076999855041503,12.935499906539917,12.350599975585938,11.467900009155274,11.71420000076294,77.20930197096347,0.2713096022256636,0.21231423880191752,0.05899536342374606,13.539336708638178,12.935499906539917,12.331663104441656,87.40461746253919,86.46557172199716,NICK
2012-02-06,14.0,14.0,13.609999656677246,13.699999809265137,12.923288345336914,17400,13.47599983215332,13.156999874114991,12.977999877929687,12.403599967956543,11.502400007247925,11.721100001335143,69.98145314379846,0.2962264034380748,0.229096671729149,0.06712973170892583,13.665621779698158,12.977999877929687,12.290377976161215,86.0011011498594,86.51036746701789,NICK
2012-02-07,13.699999809265137,13.699999809265137,13.4399995803833,13.600000381469727,12.828957557678223,24900,13.607999992370605,13.226999950408935,13.01449990272522,12.46299997329712,11.531800012588501,11.727850003242493,66.62316974465966,0.3043951519890413,0.24415636778112745,0.06023878420791387,13.751072369059468,13.01449990272522,12.277927436390971,83.69115352179114,85.69895737806327,NICK
2012-02-08,13.569999694824219,13.600000381469727,13.300000190734863,13.539999961853027,12.772359848022461,12800,13.626000022888183,13.297999954223632,13.046499919891357,12.533599967956542,11.562000007629395,11.733950004577636,64.61944050407395,0.30253991977904704,0.2558330781807114,0.04670684159833566,13.815298328565442,13.046499919891357,12.277701511217272,74.22222561306444,81.30482676157169,NICK
2012-02-09,13.5600004196167,13.75,13.40999984741211,13.420000076293945,12.659162521362305,6400,13.631999969482422,13.358999919891357,13.07249994277954,12.591999969482423,11.587000007629394,11.734800004959107,60.688203273140495,0.2880660014527816,0.26227966283512544,0.025786338617656168,13.854775465933551,13.07249994277954,12.29022441962553,67.64688947372242,75.18675620285937,NICK
2012-02-10,13.279999732971191,13.600000381469727,13.279999732971191,13.350000381469727,12.593131065368652,11500,13.522000122070313,13.407999992370605,13.09749994277954,12.647799968719482,11.616100015640258,11.737350006103515,58.45421004331065,0.26785921227724785,0.2633955727235499,0.00446363955369794,13.881690660566829,13.09749994277954,12.313309224992253,61.69559633420394,67.85490380699697,NICK
2012-02-13,13.550000190734863,13.550000190734863,13.220000267028809,13.350000381469727,12.593131065368652,17900,13.45200023651123,13.464000034332276,13.137499952316285,12.693199977874755,11.647800016403199,11.741650009155274,58.45421004331065,0.2489751556607782,0.26051148931099555,-0.011536333650217334,13.88673634853713,13.137499952316285,12.388263556095438,57.077645852834316,62.14004388692026,NICK
2012-02-14,13.300000190734863,13.479999542236328,13.279999732971191,13.369999885559082,12.611998558044434,5900,13.406000137329102,13.507000064849853,13.176999950408936,12.736399974822998,11.680900011062622,11.74550000667572,58.954857241710556,0.23293803293237225,0.25499679803527087,-0.022058765102898614,13.886763407791904,13.176999950408936,12.467236493025968,55.21174021551991,57.99499413418609,NICK
2012-02-15,13.479999542236328,13.5,13.260000228881836,13.260000228881836,12.508234977722168,12600,13.350000190734864,13.488000106811523,13.205499982833862,12.764799976348877,11.716600017547607,11.749850006103516,55.02715450871263,0.20894386977281698,0.2457862123827801,-0.03684234260996311,13.879635796455672,13.205499982833862,12.531364169212052,51.78031964296142,54.68990190377192,NICK
2012-02-16,13.460000038146973,13.600000381469727,13.359999656677246,13.4399995803833,12.67802906036377,26200,13.354000091552734,13.493000030517578,13.234999942779542,12.794199962615966,11.753000011444092,11.754050002098083,59.75238952974375,0.20212281989837955,0.23705353388589998,-0.03493071398752043,13.895832844197557,13.234999942779542,12.574167041361527,52.79332624667534,53.2617953683856,NICK
2012-02-17,13.4399995803833,14.0,13.4399995803833,13.670000076293945,12.894989967346191,32400,13.418000030517579,13.470000076293946,13.273499965667725,12.830199966430664,11.792000007629394,11.757400002479553,64.83642513390903,0.21282291645232299,0.23220741039918458,-0.019384493946861592,13.94146036593788,13.273499965667725,12.605539565397569,57.991328244617314,54.18832471141806,NICK
2012-02-21,13.760000228881836,13.789999961853027,13.260000228881836,13.65999984741211,12.885557174682617,10300,13.479999923706055,13.466000080108643,13.311499977111817,12.865399971008301,11.829100008010863,11.760800004005432,64.45519060331017,0.21798311154586614,0.2293625506285209,-0.011379439082654763,13.976609759557844,13.311499977111817,12.64639019466579,65.04179776324571,58.60881741817949,NICK
2012-02-22,13.6899995803833,13.6899995803833,13.470000267028809,13.520000457763672,12.753494262695312,11200,13.510000038146973,13.458000087738037,13.342500019073487,12.89879997253418,11.868400011062622,11.763500008583069,59.20658359228638,0.20837381893727525,0.22516480429027178,-0.01679098535299653,13.985426914888746,13.342500019073487,12.699573123258228,58.86898855268637,60.634038186849835,NICK
2012-02-23,13.520000457763672,13.760000228881836,13.449999809265137,13.699999809265137,12.923288345336914,316000,13.597999954223633,13.474000072479248,13.38600001335144,12.934199962615967,11.905900011062622,11.76720000743866,63.339990953006364,0.21282946309376882,0.22269773605097118,-0.009868272957202356,14.001480269575142,13.38600001335144,12.770519757127738,55.95837387600667,59.956386730646294,NICK
2012-02-24,13.869999885559082,13.869999885559082,13.59000015258789,13.619999885559082,12.847823143005371,12900,13.634000015258788,13.494000053405761,13.42649998664856,12.969399967193603,11.944400005340576,11.770150008201599,60.41023161897694,0.2075131851077039,0.21966082586231772,-0.012147640754613831,13.98939521321824,13.42649998664856,12.86360476007888,50.94017179183911,55.25584474017742,NICK
2012-02-27,13.539999961853027,13.819999694824219,13.520000457763672,13.640000343322754,12.866690635681152,9800,13.628000068664551,13.523000049591065,13.465500020980835,13.005199966430665,11.987400007247924,11.774200010299683,60.89719566888919,0.20257866553728832,0.21624439379731183,-0.013665728260023519,13.971166888663264,13.465500020980835,12.959833153298407,55.55554197044688,54.151362546097594,NICK
2012-02-28,13.640000343322754,13.649999618530273,13.3100004196167,13.479999542236328,12.715761184692383,16900,13.592000007629395,13.535999965667724,13.5,13.035799961090088,12.014800004959106,11.779000005722047,55.062274517605815,0.18364040350186706,0.20972359573822288,-0.02608319223635583,13.89964980684278,13.5,13.10035019315722,46.15381793862023,50.88317723363544,NICK
2012-02-29,13.5,13.510000228881836,12.970000267028809,12.970000267028809,12.234675407409668,23900,13.481999969482422,13.496000003814697,13.501500034332276,13.056399974822998,12.042000007629394,11.77885000705719,41.434335974179,0.12602626281936224,0.19298412915445076,-0.06695786633508852,13.892870468950369,13.501500034332276,13.110129599714183,29.059811294686885,43.5897237345847,NICK
2012-03-01,13.050000190734863,13.6899995803833,12.90999984741211,13.140000343322754,12.395036697387695,16600,13.370000076293945,13.48400001525879,13.486000061035156,13.079199981689452,12.070900011062623,11.780000009536742,46.213112012303306,0.09301204172894728,0.17298971166935007,-0.07997766994040278,13.907682134507619,13.486000061035156,13.064317987562694,18.144737265454264,31.11945549958716,NICK
2012-03-02,13.199999809265137,13.420000076293945,12.899999618530273,12.899999618530273,12.168643951416016,24200,13.226000022888183,13.430000019073486,13.461500024795532,13.097999973297119,12.100100011825562,11.780150008201598,41.11277872204077,0.046940875743279875,0.14777994448413603,-0.10083906874085616,13.95368990537824,13.461500024795532,12.969310144212823,7.033653324560899,18.07940062823405,NICK
2012-03-05,12.8100004196167,13.449999809265137,12.720000267028809,13.350000381469727,12.593131065368652,25300,13.168000030517579,13.398000049591065,13.434000062942506,13.106999988555907,12.13060001373291,11.782400012016296,51.844403684581245,0.04620779088080873,0.12746551376347057,-0.08125772288266184,13.884839216401417,13.434000062942506,12.983160909483594,23.439909727404938,16.206100105806737,NICK
2012-03-06,13.260000228881836,13.369999885559082,12.899999618530273,12.90999984741211,12.178077697753906,17900,13.054000091552734,13.323000049591064,13.394500064849854,13.11019998550415,12.16020001411438,11.783150010108947,43.497371694065386,0.010007094429766994,0.10397382989672985,-0.09396673546696285,13.882125961476264,13.394500064849854,12.906874168223444,21.354163174206487,17.275908742057478,NICK
2012-03-07,12.970000267028809,13.40999984741211,12.970000267028809,13.199999809265137,12.451637268066406,15900,13.1,13.29099998474121,13.374500036239624,13.118599987030029,12.190000009536742,11.785450010299682,49.292125886927735,0.004664584544094907,0.08411198082620286,-0.07944739628210795,13.859576323375384,13.374500036239624,12.889423749103864,33.8541538609788,26.21607558753011,NICK
2012-03-08,13.239999771118164,13.489999771118164,13.229999542236328,13.489999771118164,12.725194931030273,10200,13.169999885559083,13.269999980926514,13.372000026702882,13.131799983978272,12.223500003814697,11.789800009727479,54.33558965960239,0.023559599857907898,0.07200150463254387,-0.048441904774635974,13.854145229755325,13.372000026702882,12.889854823650438,37.499972060317134,30.902763031834173,NICK
2012-03-09,13.289999961853027,13.579999923706055,13.289999961853027,13.510000228881836,12.83923625946045,16600,13.292000007629394,13.259000015258788,13.376500034332276,13.143799991607667,12.256900005340576,11.794450011253357,54.670448372661696,0.039690379428419575,0.06553927959171901,-0.025848900163299438,13.862021410545434,13.376500034332276,12.890978658119117,55.45062250362787,42.26824947497463,NICK
2012-03-12,13.489999771118164,13.800000190734863,13.489999771118164,13.729999542236328,13.04831314086914,10200,13.367999839782716,13.267999935150147,13.395499992370606,13.16859998703003,12.296800003051757,11.800650010108948,58.29333916539995,0.0694259453489412,0.06631661274316344,0.0031093326057777537,13.904556911816204,13.395499992370606,12.886443072925008,72.22598283822727,55.05885913405746,NICK
2012-03-13,13.90999984741211,14.40999984741211,13.5600004196167,14.380000114440918,13.66604232788086,30600,13.661999893188476,13.357999992370605,13.446999979019164,13.198599987030029,12.339700002670288,11.810050010681152,66.74912531375944,0.143783759789045,0.08181004215233975,0.061973717636705256,14.111803715387401,13.446999979019164,12.782196242650928,84.91553071296907,70.86404535160811,NICK
2012-03-14,14.25,14.25,13.960000038146973,14.109999656677246,13.409446716308594,8200,13.843999862670898,13.47199993133545,13.483999967575073,13.22439998626709,12.379700002670289,11.81760000705719,61.19870059578789,0.17886424729471173,0.10122088318081415,0.07764336411389758,14.207336627031085,13.483999967575073,12.760663308119062,89.43314183709094,82.1915517960958,NICK
2012-03-15,14.170000076293945,14.170000076293945,13.920000076293945,14.100000381469727,13.399943351745605,9500,13.965999984741211,13.567999935150146,13.525999975204467,13.249599990844727,12.420000009536743,11.825700011253357,60.99641096405241,0.20351295774790046,0.12167929809423142,0.08183365965366904,14.28889973647477,13.525999975204467,12.763100213934164,87.37673474247703,87.24180243084572,NICK
2012-03-16,14.079999923706055,14.25,13.90999984741211,14.050000190734863,13.352425575256348,38800,14.073999977111816,13.682999992370606,13.556500005722047,13.27439998626709,12.457900009155274,11.833700013160705,59.92966478950831,0.2165167702922286,0.14064679253383086,0.07586997775839774,14.3513151225217,13.556500005722047,12.761684888922392,80.86785889152941,85.89257849036584,NICK
2012-03-19,14.100000381469727,14.15999984741211,13.75,13.789999961853027,13.105335235595703,15800,14.086000061035156,13.726999950408935,13.5625,13.293199977874757,12.490800008773803,11.840500011444092,54.58391926740187,0.20349675593276828,0.15321678521361834,0.05027997071914994,14.362446912530151,13.5625,12.762553087469849,74.55622626276782,80.93360663225813,NICK
2012-03-20,13.75,13.8100004196167,13.510000228881836,13.609999656677246,12.934271812438965,10900,13.931999969482423,13.79699993133545,13.559999990463258,13.308399963378907,12.526800003051758,11.846550011634827,51.18020828615207,0.17661783992848257,0.1578969961565912,0.01872084377189137,14.359024434459593,13.559999990463258,12.760975546466922,64.89151528729043,73.43853348052926,NICK
2012-03-21,13.6899995803833,13.699999809265137,13.539999961853027,13.569999694824219,12.896257400512695,6800,13.823999977111816,13.833999919891358,13.562499952316283,13.322399959564208,12.557200002670289,11.852550010681153,50.42767122734902,0.15035524108866127,0.1563886451430052,-0.006033404054343938,14.361321001839206,13.562499952316283,12.76367890279336,55.42404753399907,64.95726302801914,NICK
2012-03-22,13.40999984741211,13.779999732971191,13.300000190734863,13.75,13.067319869995117,18200,13.75399990081787,13.859999942779542,13.564999961853028,13.339399967193604,12.57869999885559,11.859450011253356,53.72505928977589,0.14242467954910687,0.15359585202422554,-0.011171172475118674,14.365837074138744,13.564999961853028,12.764162849567311,54.635093455403876,58.3168854255645,NICK
2012-03-23,13.779999732971191,14.390000343322754,13.5,14.020000457763672,13.323915481567383,14800,13.747999954223634,13.910999965667724,13.584999990463256,13.36179998397827,12.606000003814698,11.868200011253357,58.21487381305735,0.1561267014175094,0.1541020219028823,0.0020246795146270924,14.409948575388956,13.584999990463256,12.760051405537556,61.804937092790965,57.28802602739802,NICK
2012-03-26,14.09000015258789,14.100000381469727,13.59000015258789,13.8100004196167,13.12434196472168,23400,13.752000045776366,13.919000053405762,13.593499994277954,13.38099998474121,12.630500011444092,11.877250013351441,53.83942601145289,0.14833054227228182,0.1529477259767622,-0.004617183704480388,14.424024646755065,13.593499994277954,12.762975341800843,64.48411186280053,60.308047470331836,NICK
2012-03-27,13.789999961853027,13.819999694824219,13.520000457763672,13.539999961853027,12.867746353149414,15100,13.738000106811523,13.835000038146973,13.596500015258789,13.400799980163574,12.655100011825562,11.88520001411438,48.764580251441956,0.11899356577253961,0.1461568939359177,-0.027163328163378075,14.42579560673383,13.596500015258789,12.767204423783747,52.92560196704926,59.73821697421363,NICK
2012-03-28,13.630000114440918,13.65999984741211,13.329999923706055,13.380000114440918,12.715691566467285,15400,13.700000190734864,13.76200008392334,13.617000007629395,13.416799983978272,12.675300016403199,11.891150016784668,45.997652342684106,0.08188918250171895,0.13330335164907794,-0.051414169147358996,14.402445253203796,13.617000007629395,12.831554762054994,30.88010162195476,49.4299384839349,NICK
2012-03-29,13.300000190734863,13.449999809265137,13.279999732971191,13.279999732971191,12.62065601348877,46800,13.6060001373291,13.680000019073486,13.623999977111817,13.42859998703003,12.691200017929077,11.896400017738342,44.3055814090076,0.04390834828338441,0.11542435097593924,-0.07151600269255483,14.394672629136412,13.623999977111817,12.853327325087221,11.435647979259985,31.747117189421378,NICK
2012-03-30,13.430000305175781,13.5,13.15999984741211,13.1899995803833,12.535124778747559,33700,13.439999961853028,13.59399995803833,13.638499975204468,13.435399971008302,12.706700010299683,11.901500015258788,42.78028975821212,0.006471405047953738,0.09363376179034213,-0.0871623567423884,14.363711187077849,13.638499975204468,12.913288763331087,3.47856912280495,15.264772908006607,NICK
2012-04-02,13.149999618530273,13.600000381469727,13.149999618530273,13.600000381469727,12.924768447875977,27600,13.397999954223632,13.575,13.650999975204467,13.449399986267089,12.727800016403199,11.909550018310547,51.048094274856524,0.009773335020843987,0.07686167643644251,-0.06708834141559852,14.36441173741015,13.650999975204467,12.937588212998785,12.89678051121131,9.27033253775879,NICK
2012-04-03,13.5,13.600000381469727,13.270000457763672,13.40999984741211,12.74420166015625,20400,13.371999931335449,13.555000019073486,13.675999975204467,13.459599990844726,12.746600017547607,11.915850019454956,47.61457671308501,-0.0029077976035196684,0.06090778162845008,-0.06381557923196975,14.314949360441542,13.675999975204467,13.037050589967393,19.88602989049018,12.087126508168856,NICK
2012-04-04,13.300000190734863,13.449999809265137,13.170000076293945,13.180000305175781,12.52562141418457,11100,13.331999969482421,13.516000080108643,13.675,13.465200004577637,12.766200017929076,11.921750020980834,43.776142820702766,-0.031157562457943655,0.04249471281117133,-0.07365227526911498,14.316981479508584,13.675,13.033018520491417,19.892506610984615,17.558439004228745,NICK
2012-04-05,13.319999694824219,13.539999961853027,13.140000343322754,13.140000343322754,12.4876070022583,26900,13.304000091552734,13.455000114440917,13.65750002861023,13.471400012969971,12.784500017166138,11.926450023651123,43.125023221280344,-0.056126377321247034,0.022770494784687654,-0.07889687210593468,14.33670186431831,13.65750002861023,12.978298192902148,7.79571897900527,15.858085160160066,NICK
2012-04-09,12.920000076293945,13.149999618530273,12.140000343322754,12.420000076293945,11.803353309631348,30300,13.150000190734863,13.295000076293945,13.603000020980835,13.463600006103515,12.79480001449585,11.928750023841857,33.47373624741627,-0.13248514101050723,-0.008280632374351324,-0.12420450863615591,14.469812641167819,13.603000020980835,12.73618740079385,4.954613791892195,10.880946460627404,NICK
2012-04-10,12.449999809265137,12.75,12.449999809265137,12.600000381469727,11.974417686462402,28400,12.950000190734864,13.174000072479249,13.546500062942505,13.458400020599365,12.80770001411438,11.933450026512146,37.254370258700185,-0.17644158233695428,-0.04191282236687192,-0.13452875997008237,14.514266055925402,13.546500062942505,12.578734069959607,10.962959572121141,7.904430781006245,NICK
2012-04-11,12.600000381469727,12.899999618530273,12.529999732971191,12.899999618530273,12.259521484375,25300,12.848000144958496,13.110000038146973,13.472500038146972,13.46060001373291,12.819900007247925,11.939300026893616,43.062077461607316,-0.18493809629059932,-0.07051787715161739,-0.11442021913898193,14.399492540948739,13.472500038146972,12.545507535345205,22.222208093714027,12.713260485909165,NICK
2012-04-12,12.84000015258789,13.300000190734863,12.84000015258789,13.109999656677246,12.459096908569336,10000,12.83400001525879,13.082999992370606,13.422500038146973,13.464000015258788,12.837600002288818,11.943050026893616,46.775838580497954,-0.1727352127691617,-0.09096134427512625,-0.08177386849403545,14.313743693293246,13.422500038146973,12.5312563830007,32.444424099392556,21.876530588409285,NICK
2012-04-13,12.989999771118164,12.989999771118164,12.529999732971191,12.600000381469727,11.974417686462402,13200,12.726000022888183,13.015000057220458,13.347500038146972,13.44700002670288,12.849700002670287,11.94415002822876,39.95928402911464,-0.201889759453886,-0.1131470273108782,-0.08874273214300779,14.250448013860382,13.347500038146972,12.444552062433562,33.45273846763657,29.373123553581095,NICK
2012-04-16,12.600000381469727,13.180000305175781,12.600000381469727,12.890000343322754,12.250019073486328,5000,12.820000076293946,12.985000133514404,13.289500045776368,13.437000026702881,12.866200008392333,11.948500027656555,44.87830798872347,-0.1992970026692671,-0.13037702238255597,-0.06891998028671112,14.152644849190272,13.289500045776368,12.426355242362463,37.07444807121009,34.32387021274645,NICK
2012-04-17,13.029999732971191,13.170000076293945,12.789999961853027,12.8100004196167,12.173990249633789,15200,12.86200008392334,12.906000137329102,13.24050006866455,13.41520004272461,12.882900009155273,11.953150029182433,43.811952523131055,-0.20137620989810578,-0.14457685988566593,-0.05679935001243985,14.095660232453595,13.24050006866455,12.385339904875506,37.39707679630948,35.97475444505209,NICK
2012-04-18,12.760000228881836,13.0600004196167,12.75,12.789999961853027,12.154984474182129,6600,12.84000015258789,12.844000148773194,13.19950008392334,13.397000045776368,12.900300006866456,11.957200031280518,43.53345348997908,-0.20230581094004485,-0.15612265009654172,-0.04618316084350313,14.058487272928836,13.19950008392334,12.340512894917843,44.41412059941265,39.62854848897745,NICK
2012-04-19,12.789999961853027,13.0,12.619999885559082,12.800000190734863,12.164487838745117,8000,12.778000259399414,12.806000137329102,13.161000108718872,13.38100004196167,12.922000007629395,11.959900031089783,43.72606978229045,-0.19993091246164596,-0.16488430256956257,-0.035046609892083386,14.019135318990905,13.161000108718872,12.302864898446838,44.60165174747894,42.13761638106706,NICK
2012-04-20,13.109999656677246,13.119999885559082,12.75,13.0600004196167,12.411579132080078,17100,12.870000267028809,12.798000144958497,13.126500129699707,13.371400051116943,12.952500009536744,11.962500033378602,48.63222227636534,-0.17505106305965867,-0.1669176546675818,-0.00813340839207688,13.941540655043863,13.126500129699707,12.311459604355552,50.91323022764311,46.643000858178276,NICK
2012-04-23,12.850000381469727,12.920000076293945,12.640000343322754,12.760000228881836,12.126473426818848,14900,12.844000244140625,12.832000160217286,13.063500118255615,13.358200054168702,12.975100011825562,11.963800034523011,43.87865558109992,-0.177495058794106,-0.16903313549288662,-0.008461923301219365,13.781560645227582,13.063500118255615,12.345439591283647,50.228304835237715,48.58106227011996,NICK
2012-04-24,12.720000267028809,12.859999656677246,12.680000305175781,12.829999923706055,12.192997932434082,7000,12.848000144958496,12.855000114440918,13.014500093460082,13.347800045013427,12.997800006866456,11.965600032806396,45.224035100216256,-0.17180311331467024,-0.16958713105724335,-0.0022159822574268906,13.651256592335438,13.014500093460082,12.377743594584727,51.58838147613162,50.90997217967085,NICK
2012-04-25,12.920000076293945,13.170000076293945,12.720000267028809,13.109999656677246,12.459096908569336,14700,12.91200008392334,12.876000118255615,12.993000078201295,13.343000030517578,13.018100004196167,11.969050030708313,50.35113976025792,-0.14304958059872597,-0.16427962096553989,0.021230040366813918,13.58478031377364,12.993000078201295,12.401219842628949,53.6790421125095,51.831909474626315,NICK
2012-04-26,13.020000457763672,13.260000228881836,13.020000457763672,13.180000305175781,12.52562141418457,2800,12.988000106811523,12.88300018310547,12.983000087738038,13.339200038909912,13.037800006866455,11.973650031089782,51.5715664523669,-0.1133075920595843,-0.15408521518434876,0.04077762312476446,13.55470268467526,12.983000087738038,12.411297490800816,69.40885425981878,58.22542594948667,NICK
2012-04-27,13.15999984741211,13.489999771118164,13.15999984741211,13.460000038146973,12.791719436645508,15400,13.068000030517577,12.969000148773194,12.992000102996826,13.343200035095215,13.054000005722045,11.979350032806396,56.2085154572962,-0.06637804864164742,-0.13654378187580848,0.07016573323416106,13.587301615619241,12.992000102996826,12.396698590374411,85.352091740834,69.4799960377208,NICK
2012-04-30,13.390000343322754,13.390000343322754,13.119999885559082,13.229999542236328,12.573138236999512,15000,13.161999893188476,13.003000068664551,12.994000101089478,13.339000034332276,13.066599998474121,11.98415002822876,51.81937100950657,-0.047201060752756874,-0.11867523765119817,0.0714741768984413,13.592210665161693,12.994000101089478,12.395789537017263,86.56241166834978,80.4411192230009,NICK
2012-05-01,13.1899995803833,13.1899995803833,12.600000381469727,12.680000305175781,12.050445556640625,31000,13.131999969482422,12.99000005722046,12.94800009727478,13.319200038909912,13.074700002670289,11.986750030517578,43.14353252537695,-0.07551303432893519,-0.11004279698674557,0.03452976265781038,13.49174984115182,12.94800009727478,12.40425035339774,61.88570435673046,77.93340258863812,NICK
2012-05-02,12.600000381469727,13.1899995803833,12.600000381469727,13.050000190734863,12.40207576751709,53800,13.120000076293945,13.016000080108643,12.930000114440919,13.307000045776368,13.086200008392334,11.993150029182434,49.29393347916731,-0.06731857222203885,-0.10149795203380423,0.03417937981176537,13.43374591980902,12.930000114440919,12.426254309072817,47.56947169425221,65.33919590644419,NICK
2012-05-03,13.069999694824219,13.210000038146973,12.859999656677246,12.869999885559082,12.231012344360352,20000,13.057999992370606,13.023000049591065,12.914500093460083,13.294000034332276,13.096400003433228,11.996450028419495,46.65010937875724,-0.07449024508995095,-0.09609641064503358,0.02160616555508263,13.405436769869802,12.914500093460083,12.423563417050364,33.37627163930969,47.61048256343082,NICK
2012-05-04,12.739999771118164,12.75,12.550000190734863,12.600000381469727,11.974417686462402,30400,12.886000061035157,12.977000045776368,12.887500095367432,13.272000045776368,13.103100004196166,11.998850030899048,42.93064105464974,-0.1007986074056717,-0.0970368499971612,-0.0037617574085105077,13.385209610935368,12.887500095367432,12.389790579799497,29.940975845254545,36.96223972627218,NICK
2012-05-07,12.649999618530273,13.489999771118164,12.649999618530273,13.289999961853027,12.630159378051758,42000,12.898000144958496,13.030000019073487,12.931000089645385,13.265400047302245,13.117400007247925,12.003200030326843,53.20002444620838,-0.06521916853521148,-0.09067331370477125,0.025454145169559766,13.409367875784495,12.931000089645385,12.452632303506276,38.126543462050535,33.81459698220496,NICK
2012-05-08,13.319999694824219,13.489999771118164,12.960000038146973,13.270000457763672,12.611151695251465,25100,13.016000175476075,13.074000072479247,12.964500093460083,13.258000049591065,13.131600008010864,12.008100032806396,52.902874451233984,-0.03819570343829959,-0.08017779165147691,0.041982088213177324,13.43928301896148,12.964500093460083,12.489717167958688,53.54613131019033,40.53788353916517,NICK
2012-05-09,13.079999923706055,13.239999771118164,13.079999923706055,13.09000015258789,12.440089225769043,8600,13.02400016784668,13.072000122070312,12.974000120162964,13.250200061798095,13.143000011444093,12.013300032615662,50.18590738575184,-0.030947192981086502,-0.07033167191739884,0.039384478936312334,13.450839521883575,12.974000120162964,12.497160718442354,70.92201747524437,54.19823074916178,NICK
2012-05-10,13.109999656677246,13.329999923706055,12.949999809265137,13.100000381469727,12.449594497680664,27000,13.070000267028808,13.064000129699707,12.973500156402588,13.252800064086914,13.154600019454955,12.019100036621094,50.33850448568795,-0.024117746951601404,-0.06108888692423935,0.03697113997263794,13.449788780622924,12.973500156402588,12.497211532182252,64.1844406951276,62.88419649352081,NICK
2012-05-11,13.050000190734863,13.109999656677246,12.850000381469727,12.920000076293945,12.278529167175293,16900,13.134000205993653,13.010000133514405,12.989500141143798,13.248400058746338,13.163800020217895,12.022700037956238,47.516936776119664,-0.032851193957318614,-0.0554413483308552,0.022590154373536585,13.435032284601753,12.989500141143798,12.543967997685844,51.77307410965857,62.29317742667689,NICK
2012-05-14,12.84000015258789,13.5,12.579999923706055,12.649999618530273,12.02193546295166,13900,13.006000137329101,12.952000141143799,12.977500104904175,13.243400058746339,13.170700016021728,12.024550037384033,43.57172047461811,-0.06085776366708018,-0.0565246313981002,-0.004333132268979981,13.445469085064994,12.977500104904175,12.509531124743356,36.13288330100798,50.6967993685981,NICK
2012-05-15,12.75,12.84000015258789,12.699999809265137,12.710000038146973,12.07895565032959,9100,12.894000053405762,12.955000114440917,12.972500085830688,13.230600051879883,13.168800020217896,12.027050037384033,44.67110309115995,-0.0773203387845971,-0.060683772875399576,-0.016636565909197522,13.449569256767763,12.972500085830688,12.495430914893614,22.24335259257225,36.716436667746315,NICK
2012-05-16,12.819999694824219,12.979999542236328,12.649999618530273,12.649999618530273,12.02193546295166,7300,12.805999946594238,12.915000057220459,12.96550006866455,13.225400047302246,13.167800016403199,12.028950033187867,43.7530970486947,-0.09412358252091124,-0.06737173480450191,-0.02675184771640933,13.456966287370156,12.96550006866455,12.474033849958944,12.631535974777671,23.669257289452677,NICK
2012-05-17,12.670000076293945,12.710000038146973,12.449999809265137,12.449999809265137,11.831864356994629,36800,12.67599983215332,12.873000049591065,12.948000049591064,13.210400047302246,13.164500017166137,12.03130003452301,40.74718382710259,-0.12217028439221167,-0.07833144472204387,-0.0438388396701678,13.484641552857187,12.948000049591064,12.41135854632494,9.122783417842468,14.665890661730842,NICK
2012-05-18,12.40999984741211,12.84000015258789,12.40999984741211,12.630000114440918,12.002927780151367,14800,12.617999839782716,12.876000022888183,12.926500034332275,13.1932000541687,13.162500019073486,12.0335000371933,44.44638784908675,-0.1283929434580724,-0.08834374446924957,-0.04004919898882282,13.477726916457128,12.926500034332275,12.375273152207422,10.236588527309081,10.663635973309786,NICK
2012-05-21,12.640000343322754,13.029999732971191,12.640000343322754,13.010000228881836,12.36406135559082,23200,12.689999961853028,12.848000049591064,12.939000034332276,13.1832000541687,13.163500022888183,12.041450037956238,51.351404973222095,-0.10149167925560398,-0.09097333142652045,-0.010518347829083535,13.485878535493162,12.939000034332276,12.39212153317139,25.076468920720988,14.811946955290892,NICK
2012-05-22,13.010000228881836,13.069999694824219,12.479999542236328,12.579999923706055,11.95541000366211,27000,12.663999938964844,12.778999996185302,12.926500034332275,13.160200061798095,13.164400024414062,12.047350039482117,44.59644989409673,-0.11356060852119043,-0.09549078684545445,-0.01806982167573598,13.493819262011577,12.926500034332275,12.359180806652972,30.27524728450773,21.86276824417931,NICK
2012-05-23,12.520000457763672,12.65999984741211,12.40999984741211,12.529999732971191,11.907893180847168,14000,12.639999961853027,12.722999954223633,12.897500038146973,13.1232000541687,13.160900020599366,12.054400038719177,43.8737426646237,-0.12571080354833342,-0.10153479018603025,-0.02417601336230317,13.483328667095217,12.897500038146973,12.311671409198729,27.217132071333847,27.522949425520903,NICK
2012-05-24,12.5600004196167,12.859999656677246,12.5600004196167,12.710000038146973,12.07895565032959,9700,12.692000007629394,12.683999919891358,12.874000024795532,13.095200061798096,13.159800024032593,12.062350039482117,47.19155454563917,-0.11943858666328744,-0.10511554948148169,-0.014323037181805748,13.450243159080998,12.874000024795532,12.297756890510065,18.04281559616029,25.178398317334,NICK
2012-05-25,12.630000114440918,12.729999542236328,12.489999771118164,12.600000381469727,12.069378852844238,9700,12.686000061035156,12.651999950408936,12.83100004196167,13.065200061798096,13.157400026321412,12.072000041007996,45.42438780411541,-0.12193823451776886,-0.10848008648873912,-0.01345814802902974,13.351572912456515,12.83100004196167,12.310427171466824,18.654450304534304,21.304799324009526,NICK
2012-05-29,12.720000267028809,12.720000267028809,12.279999732971191,12.359999656677246,11.839484214782715,14100,12.555999946594238,12.622999954223634,12.787500047683716,13.031400051116943,13.152900018692016,12.078600039482117,41.75085030485635,-0.1416523955323008,-0.11511454829745146,-0.026537847234849338,13.312814494306036,12.787500047683716,12.262185601061397,17.17051933411017,17.955928411601633,NICK
2012-05-30,12.270000457763672,13.119999885559082,12.069999694824219,12.15999984741211,11.647906303405762,21400,12.47199993133545,12.567999935150146,12.761500024795533,12.998800048828125,13.14600001335144,12.084950037002564,38.92574864637436,-0.17143809170407032,-0.12637925697877522,-0.045058834725295094,13.352847067072501,12.761500024795533,12.170152982518564,10.094108065952808,15.306359234865807,NICK
2012-05-31,12.170000076293945,12.880000114440918,12.170000076293945,12.710000038146973,12.174745559692383,42000,12.507999992370605,12.573999977111816,12.744500017166137,12.98080005645752,13.144600009918213,12.094050035476684,49.12153443157247,-0.14894609381188673,-0.13089262434539753,-0.018053469466489197,13.321058170302267,12.744500017166137,12.167941864030007,19.20211473133382,15.488914043798978,NICK
2012-06-01,12.460000038146973,12.489999771118164,12.25,12.319999694824219,11.801169395446777,34900,12.429999923706054,12.560999965667724,12.717000007629395,12.95580005645752,13.139100008010864,12.103050031661986,43.56746081213622,-0.1607379052575837,-0.13686168052783476,-0.02387622472974893,13.318900633306033,12.717000007629395,12.115099381952756,22.84382952841834,17.3800174419017,NICK
2012-06-04,12.359999656677246,12.630000114440918,12.359999656677246,12.630000114440918,12.098114013671875,8700,12.435999870300293,12.560999965667724,12.718499994277954,12.933400058746338,13.13640001296997,12.112150030136108,48.5474519516787,-0.1434153547654713,-0.13817241537536207,-0.005242939390109225,13.319375503122247,12.718499994277954,12.11762448543366,38.523712190969796,26.85655215024069,NICK
2012-06-05,12.899999618530273,12.899999618530273,12.319999694824219,12.760000228881836,12.222640037536621,11600,12.51599998474121,12.535999965667724,12.692000007629394,12.9082000541687,13.135000019073486,12.124050030708313,50.51942009778811,-0.11783881343003344,-0.13410569498629635,0.016266881556262908,13.233538917834489,12.692000007629394,12.1504610974243,45.51006733334834,35.62586968424554,NICK
2012-06-06,12.789999961853027,13.0,12.319999694824219,12.789999961853027,12.251376152038574,22500,12.642000007629395,12.556999969482423,12.667999982833862,12.887800045013428,13.13440001487732,12.136150031089782,50.986261298556336,-0.0940641791161898,-0.12609739181227503,0.03203321269608522,13.14346215865849,12.667999982833862,12.192537807009234,62.53970993168381,48.85782981866736,NICK
2012-06-07,12.859999656677246,12.970000267028809,12.460000038146973,12.579999923706055,12.05021858215332,14900,12.615999984741212,12.561999988555907,12.642499971389771,12.868600044250488,13.13470001220703,12.147750029563904,47.600672908500115,-0.09111751220833675,-0.11910141589148737,0.027983903683150624,13.077695619038021,12.642499971389771,12.207304323741521,60.95240257764515,56.33405994755915,NICK
2012-06-08,12.510000228881836,12.899999618530273,12.510000228881836,12.899999618530273,12.356742858886719,15900,12.731999969482422,12.580999946594238,12.632499933242798,12.859000034332276,13.137900009155274,12.159500026702881,52.74943547420209,-0.06224345265400366,-0.10772982324399064,0.045486370589986974,13.032993550284537,12.632499933242798,12.232006316201058,65.39682683850985,62.96297978261299,NICK
2012-06-11,12.9399995803833,12.9399995803833,12.470000267028809,12.470000267028809,11.94485092163086,19000,12.7,12.567999935150146,12.609999942779542,12.842800045013428,13.135700016021728,12.166800026893617,46.182569306031716,-0.07321394169669126,-0.10082664693453076,0.0276127052378395,12.993562324747293,12.609999942779542,12.22643756081179,55.23810821325384,60.529112543136335,NICK
2012-06-12,12.510000228881836,12.8100004196167,12.510000228881836,12.6899995803833,12.155585289001465,8700,12.685999870300293,12.600999927520752,12.611999940872192,12.832800045013428,13.134100008010865,12.176700024604797,49.63710172237665,-0.063424904505883,-0.09334629844880121,0.029921393942918206,12.996790915925818,12.611999940872192,12.227208965818566,58.73016017184319,59.788365074535676,NICK
2012-06-13,12.609999656677246,12.90999984741211,12.550000190734863,12.550000190734863,12.021482467651367,14600,12.63799991607666,12.639999961853027,12.603999948501587,12.81180004119873,13.13060001373291,12.18495002746582,47.54556347335468,-0.0662006824678798,-0.08791717525261693,0.021716492784737126,12.986956976066365,12.603999948501587,12.221042920936808,47.619069244311824,53.86244587646967,NICK
2012-06-14,12.579999923706055,12.800000190734863,12.550000190734863,12.760000228881836,12.222640037536621,9800,12.673999977111816,12.644999980926514,12.609499979019166,12.798800048828125,13.129200019836425,12.190950026512146,50.888445075231544,-0.05086887375438209,-0.08050751495296996,0.02963864119858786,12.998060279597384,12.609499979019166,12.220939678440947,56.82541556729249,54.39154832781588,NICK
2012-06-15,12.710000038146973,12.899999618530273,12.630000114440918,12.890000343322754,12.34716510772705,32300,12.672000122070312,12.702000045776368,12.631500005722046,12.793000049591065,13.12910002708435,12.19875002861023,52.88997084601929,-0.027906691145904716,-0.06998735019155691,0.0420806590456522,13.031113734878712,12.631500005722046,12.23188627656538,63.174644983447116,55.873043265017195,NICK
2012-06-18,12.850000381469727,12.979999542236328,12.5600004196167,12.789999961853027,12.251376152038574,31700,12.736000061035156,12.718000030517578,12.639499998092651,12.78600004196167,13.12870002746582,12.207200026512146,51.16264952381847,-0.017575590573933653,-0.05950499826803226,0.04192940769409861,13.045035607259964,12.639499998092651,12.233964388925338,70.79368395238913,63.5979148343763,NICK
2012-06-19,12.819999694824219,12.979999542236328,12.680000305175781,12.779999732971191,12.241796493530273,25600,12.754000091552735,12.719999980926513,12.627999973297118,12.793200035095214,13.128400020599365,12.218300023078918,50.98333271784464,-0.010078870884768776,-0.049619772791379566,0.03954090190661079,13.00273198276352,12.627999973297118,12.253267963830718,73.38688950414245,69.11840614665961,NICK
2012-06-20,12.829999923706055,12.890000343322754,12.699999809265137,12.8100004196167,12.27053451538086,1900,12.806000137329102,12.722000026702881,12.639499998092651,12.797400035858153,13.12790002822876,12.231100025177001,51.53214985268871,-0.001697296457038533,-0.04003527752451136,0.038337981067472826,13.021676800341945,12.639499998092651,12.257323195843357,72.24403515238944,72.14153620297373,NICK
2012-06-21,12.5,12.779999732971191,12.5,12.609999656677246,12.07895565032959,16300,12.776000022888184,12.725,12.643499994277954,12.791600036621094,13.126100025177003,12.239300022125244,47.69799910046215,-0.011065670271428019,-0.03424135607389469,0.02317568580246667,13.022671592259485,12.643499994277954,12.264328396296424,63.60256599492947,69.7444968838205,NICK
2012-06-22,12.720000267028809,12.869999885559082,12.630000114440918,12.859999656677246,12.318428039550781,97200,12.769999885559082,12.721000003814698,12.650999975204467,12.786600036621094,13.125300025939941,12.24735002040863,52.45953824401476,0.001663560161988542,-0.027060372826718044,0.028723932988706586,13.04091800692057,12.650999975204467,12.261081943488364,65.57516004892642,67.14058706541516,NICK
2012-06-25,12.779999732971191,12.949999809265137,12.710000038146973,12.800000190734863,12.260953903198242,11300,12.771999931335449,12.753999996185303,12.660999965667724,12.790600032806397,13.118800029754638,12.257550020217895,51.25354459636422,0.0068313638148502775,-0.02028202549840438,0.027113389313254656,13.055405966323967,12.660999965667724,12.26659396501148,64.21567802473588,64.46446802286397,NICK
2012-06-26,12.829999923706055,12.829999923706055,12.6899995803833,12.800000190734863,12.260953903198242,11400,12.776000022888184,12.765000057220458,12.682999992370606,12.788800029754638,13.11290002822876,12.271400022506715,51.25354459636421,0.010802362530739629,-0.014065147892575576,0.024867510423315205,13.056314958538724,12.682999992370606,12.309685026202487,71.79490236138564,67.1952468116827,NICK
2012-06-27,12.779999732971191,12.890000343322754,12.579999923706055,12.699999809265137,12.165165901184082,6400,12.75399990081787,12.780000019073487,12.709999990463256,12.786600017547608,13.100900030136108,12.284400019645691,49.072895050652406,0.005813201606509111,-0.010089477992758639,0.01590267959926775,12.99600704073784,12.709999990463256,12.423992940188672,60.356999058939834,65.4558598150205,NICK
2012-06-28,12.600000381469727,12.65999984741211,12.550000190734863,12.5600004196167,12.031062126159668,11500,12.744000053405761,12.760000038146973,12.702500009536744,12.782000026702882,13.089500036239624,12.295950021743774,46.11480420410777,-0.009329974948322217,-0.009937577383871354,0.0006076024355491372,12.99588543555834,12.702500009536744,12.409114583515146,42.70994481865255,58.287282079659384,NICK
2012-06-29,12.819999694824219,12.819999694824219,12.630000114440918,12.819999694824219,12.280112266540527,16300,12.736000061035156,12.752999973297118,12.727500009536744,12.782400016784669,13.081700029373168,12.306750020980836,51.91222934744678,-0.0003472796405592504,-0.008019517835208934,0.007672238194649683,12.966403641278234,12.727500009536744,12.488596377795254,43.13726467948933,48.73473618569395,NICK
2012-07-02,12.75,12.869999885559082,12.5600004196167,12.869999885559082,12.32800579071045,18100,12.75,12.760999965667725,12.73949999809265,12.778600006103515,13.07500002861023,12.318500018119812,52.96035636165372,0.010683021410077487,-0.004279009986151649,0.014962031396229137,12.981696082665925,12.73949999809265,12.497303913519376,53.799054497570545,46.54875466523752,NICK
2012-07-03,12.84000015258789,12.960000038146973,12.84000015258789,12.960000038146973,12.414216995239258,19800,12.781999969482422,12.778999996185302,12.749499988555907,12.782600002288818,13.07040002822876,12.328700017929076,54.86725364644389,0.02638275068570728,0.0018533421482201367,0.02452940853748714,13.010074250112842,12.749499988555907,12.488925726998973,79.86116078169597,58.93249331958532,NICK
2012-07-05,12.880000114440918,12.880000114440918,12.720000267028809,12.859999656677246,12.318428039550781,7900,12.813999938964844,12.783999919891357,12.752999973297118,12.783199996948243,13.065500020980835,12.340800018310548,52.32892313969435,0.030405211844975355,0.00756371608757118,0.022841495757404174,13.017506933464064,12.752999973297118,12.488493013130173,82.63893855947374,72.0997179462468,NICK
2012-07-06,12.699999809265137,12.760000228881836,12.670000076293945,12.739999771118164,12.203481674194336,12600,12.849999809265137,12.79699993133545,12.760999965667725,12.77579999923706,13.059400014877319,12.353600015640259,49.376881601704454,0.02363757416908996,0.010778487703874936,0.012859086465215023,13.01349933217097,12.760999965667725,12.508500599164481,73.6111442248344,78.70374785533475,NICK
2012-07-09,12.880000114440918,12.960000038146973,12.640000343322754,12.6899995803833,12.155585289001465,18800,12.823999786376953,12.779999923706054,12.750499963760376,12.76599998474121,13.052600011825561,12.366750011444092,48.15782726529235,0.01407730067016999,0.011438250297133946,0.0026390503730360435,12.996384001809288,12.750499963760376,12.504615925711464,54.861094554249725,70.370392446186,NICK
2012-07-10,12.75,12.75,12.619999885559082,12.739999771118164,12.203481674194336,7800,12.79799976348877,12.773999881744384,12.763999938964844,12.751599979400634,13.047400007247925,12.382000012397766,49.50050300166152,0.010415252025419264,0.01123365064279101,-0.0008183986173717454,12.973799838109143,12.763999938964844,12.554200039820545,47.25238087420743,58.574873217763894,NICK
2012-07-11,12.649999618530273,12.770000457763672,12.5,12.699999809265137,12.165165901184082,35700,12.745999717712403,12.763999843597412,12.764499950408936,12.740999984741212,13.040000009536744,12.396500010490417,48.42009891602137,0.004236553115751107,0.00983423113738303,-0.005597678021631922,12.973638637268797,12.764499950408936,12.555361263549075,45.07845280750552,49.063976078654264,NICK
2012-07-12,12.640000343322754,12.770000457763672,12.640000343322754,12.680000305175781,12.146008491516113,18000,12.70999984741211,12.761999893188477,12.770999956130982,12.740999984741212,13.030100011825562,12.411050009727479,47.85766379348445,-0.002247989696567032,0.0074177869705930165,-0.009665776667160049,12.960198261283832,12.770999956130982,12.581801650978132,44.92752421330531,45.752785965006126,NICK
2012-07-13,12.729999542236328,12.890000343322754,12.520000457763672,12.890000343322754,12.34716510772705,12700,12.739999961853027,12.794999885559083,12.777499961853028,12.737799987792968,13.022400016784667,12.425750012397765,53.91141989383969,0.00944928595447081,0.007824086767368576,0.0016251991871022338,12.973548471170638,12.777499961853028,12.581451452535418,55.79712999340048,48.601035671403814,NICK
2012-07-16,12.800000190734863,12.989999771118164,12.800000190734863,12.960000038146973,12.414216995239258,6900,12.794000053405762,12.808999919891358,12.780999946594239,12.739599990844727,13.0168000125885,12.442600011825562,55.75539972408714,0.024090155228817522,0.011077300459658365,0.013012854769159157,12.987194046500601,12.780999946594239,12.574805846687877,72.59692561219444,57.77385993963345,NICK
2012-07-17,12.989999771118164,13.25,12.859999656677246,13.15999984741211,12.605792999267578,23000,12.878000068664551,12.83799991607666,12.799499940872192,12.750799980163574,13.01140001296997,12.458650012016296,60.60516024862424,0.05124079080988331,0.019109998529703354,0.032130792280179954,13.06380845869224,12.799499940872192,12.535191423052144,88.88675287046107,72.42693615868536,NICK
2012-07-18,13.079999923706055,13.199999809265137,12.960000038146973,13.180000305175781,12.624951362609863,6300,12.974000167846679,12.859999942779542,12.819499969482422,12.74859998703003,13.007000017166138,12.475700011253357,61.06477895975237,0.07352419376981523,0.02999283757772573,0.0435313561920895,13.13117133781758,12.819499969482422,12.507828601147263,90.8480965559985,84.11059167955138,NICK
2012-07-19,12.90999984741211,13.140000343322754,12.90999984741211,12.930000305175781,12.385479927062988,8500,13.02400016784668,12.867000007629395,12.825499963760375,12.741799983978272,12.999900016784668,12.493650012016296,52.77618092508591,0.0702017978692524,0.03803462963603106,0.03216716823322134,13.140807842924156,12.825499963760375,12.510192084596595,78.66668701171895,86.13384547939286,NICK
2012-07-20,12.800000190734863,13.119999885559082,12.800000190734863,12.920000076293945,12.375901222229004,11500,13.030000114440918,12.885000038146973,12.840999984741211,12.738399982452393,12.994300022125245,12.504550013542175,52.46938409345194,0.0660010215934026,0.043627908027505366,0.022373113565897232,13.1425891653234,12.840999984741211,12.539410804159022,68.00003051757834,79.17160469509862,NICK
2012-07-23,12.789999961853027,13.100000381469727,12.789999961853027,12.960000038146973,12.414216995239258,11800,13.030000114440918,12.91200008392334,12.846000003814698,12.735599975585938,12.994200019836425,12.51810001373291,53.630510613151785,0.06514854686306748,0.047932035794617786,0.017216511068449694,13.151967384619546,12.846000003814698,12.54003262300985,58.2222408718535,68.2963194670503,NICK
2012-07-24,12.710000038146973,13.140000343322754,12.710000038146973,12.869999885559082,12.32800579071045,13800,12.972000122070312,12.925000095367432,12.849499988555909,12.73459997177124,12.991500015258788,12.531200013160706,50.6333428350449,0.056558720621598724,0.049657372760013974,0.00690134786158475,13.154883421059864,12.849499988555909,12.544116556051954,55.55555555555576,60.59260898166257,NICK
2012-07-25,12.979999542236328,13.119999885559082,12.819999694824219,12.890000343322754,12.34716510772705,20100,12.914000129699707,12.944000148773194,12.853999996185303,12.73939998626709,12.991400022506713,12.545750017166137,51.28488751965145,0.0507797340645979,0.04988184502093076,0.0008978890436671452,13.158985324231981,12.853999996185303,12.549014668138625,54.22223409016948,56.00001017252629,NICK
2012-07-26,13.100000381469727,13.239999771118164,12.899999618530273,13.170000076293945,12.615373611450195,25600,12.96200008392334,12.99300012588501,12.877500009536742,12.74859998703003,12.989600019454956,12.560100016593934,59.36959020343539,0.0680095126508089,0.05350737854690639,0.014502134103902511,13.20313023913051,12.877500009536742,12.551869779942974,63.55556911892381,57.77778625488306,NICK
2012-07-27,13.1899995803833,13.5,12.9399995803833,13.470000267028809,12.902738571166992,25900,13.072000122070312,13.051000118255615,12.923000001907349,12.765,12.995200023651122,12.577700018882751,65.8995316182719,0.10466522889348795,0.0637389486162227,0.04092628027726525,13.307453070965096,12.923000001907349,12.538546932849602,79.44447199503601,65.74075840137647,NICK
2012-07-30,13.449999809265137,13.449999809265137,13.210000038146973,13.369999885559082,12.8069486618042,10100,13.154000091552735,13.092000102996826,12.950500011444092,12.783400001525878,12.996900024414062,12.593450016975403,62.30497273863843,0.12421409034650921,0.07583397696228,0.048380113384229206,13.377839603285238,12.950500011444092,12.523160419602945,91.11111958821634,78.03705356739209,NICK
2012-07-31,13.390000343322754,13.489999771118164,13.069999694824219,13.220000267028809,12.6632661819458,29300,13.224000167846679,13.098000144958496,12.968000030517578,12.795200004577637,12.994200029373168,12.608850016593934,57.25969065663627,0.1261488231651633,0.08589694620285666,0.04025187696230663,13.409162299510905,12.968000030517578,12.52683776152425,85.14286686310851,85.23281948212032,NICK
2012-08-01,13.270000457763672,13.449999809265137,12.739999771118164,12.75,12.21306037902832,29800,13.196000099182129,13.055000114440919,12.95750002861023,12.79,12.98660002708435,12.621750016212463,44.97139314807517,0.08873414725536932,0.0864643864133592,0.002269760842010124,13.408803862084353,12.95750002861023,12.506196195136107,60.63264196454603,78.962209471957,NICK
2012-08-02,12.779999732971191,13.119999885559082,12.779999732971191,12.960000038146973,12.414216995239258,15500,13.154000091552735,13.058000087738037,12.962500047683715,12.797600002288819,12.978900032043457,12.637850017547608,50.121992495787694,0.07516157917531352,0.08420382496575006,-0.00904224579043654,13.411582595607568,12.962500047683715,12.513417499759862,42.18116949535416,62.65222610766961,NICK
2012-08-03,13.149999618530273,13.470000267028809,13.149999618530273,13.460000038146973,12.893160820007324,27700,13.152000045776367,13.11200008392334,12.998500061035156,12.816200008392334,12.969700031280517,12.654700016975402,59.77568070370183,0.10355729843822914,0.08807451966024588,0.015482778777983264,13.484392131862004,12.998500061035156,12.512607990208307,50.017212200174775,50.94367455335837,NICK
2012-08-06,13.5,13.5,13.25,13.390000343322754,12.826108932495117,6100,13.156000137329102,13.155000114440918,13.03350009918213,12.82980001449585,12.962500038146972,12.67110002040863,58.08084378948982,0.11904049544241957,0.09426771481668061,0.024772780625738955,13.526258740613223,13.03350009918213,12.540741457751036,70.88609224888103,54.361491314803374,NICK
2012-08-07,13.25,13.470000267028809,13.15999984741211,13.4399995803833,12.874001502990723,32900,13.2,13.21200008392334,13.068500089645386,12.84659999847412,12.955900030136108,12.687950019836427,58.97558551287182,0.1338031616306754,0.10217480417947958,0.03162835745119583,13.572217231009333,13.068500089645386,12.56478294828144,91.13923846889008,70.68084763931535,NICK
2012-08-08,13.359999656677246,13.430000305175781,13.25,13.399999618530273,12.835686683654785,7200,13.329999923706055,13.263000011444092,13.103500080108642,12.867399997711182,12.949400024414063,12.703650016784668,57.91064718213326,0.14065365058612578,0.10987057346080882,0.030783077125316957,13.597110105712192,13.103500080108642,12.609890054505092,88.60757507167666,83.54430192981597,NICK
2012-08-09,13.359999656677246,13.449999809265137,13.300000190734863,13.449999809265137,12.883581161499023,10700,13.427999877929688,13.29099998474121,13.14200005531311,12.893199996948242,12.946000022888184,12.718400015830994,58.90947505834223,0.1484065713866407,0.11757777304597519,0.030828798340665514,13.617251426274612,13.14200005531311,12.666748684351608,91.13919822946552,90.29533725667748,NICK
2012-08-10,13.470000267028809,13.470000267028809,13.260000228881836,13.34000015258789,12.778213500976562,20100,13.40399990081787,13.277999973297119,13.164500045776368,12.905799999237061,12.94330002784729,12.735050015449524,55.773650004170264,0.14401465271892633,0.12286514898056541,0.021149503738360914,13.632451863865418,13.164500045776368,12.696548227687318,86.91981288667591,88.8888620626061,NICK
2012-08-13,13.279999732971191,13.449999809265137,13.220000267028809,13.359999656677246,12.797371864318848,9700,13.39799976348877,13.276999950408936,13.184500026702882,12.92659999847412,12.94120002746582,12.749200015068054,56.22985209120029,0.14052790021181671,0.12639769922681568,0.014130200985001035,13.649966326291771,13.184500026702882,12.719033727113992,84.99887438291553,87.68596183301905,NICK
2012-08-14,13.380000114440918,13.470000267028809,13.3100004196167,13.34000015258789,12.778213500976562,14500,13.377999877929687,13.288999938964844,13.19350004196167,12.940799999237061,12.937100028991699,12.757900013923646,55.61207759853682,0.1345992544716328,0.1280380102757791,0.006561244195853688,13.66366052629377,13.19350004196167,12.72333955762957,80.09105212022787,84.00324646327316,NICK
2012-08-15,13.319999694824219,13.390000343322754,13.270000457763672,13.350000381469727,12.78779411315918,14300,13.368000030517578,13.348999977111816,13.202000045776368,12.952600002288818,12.93040002822876,12.768200016021728,55.873138281487996,0.12921814852363944,0.12827403792535116,0.000944110598288278,13.676998891504043,13.202000045776368,12.727001200048692,80.2631722042504,81.78436623579798,NICK
2012-08-16,13.380000114440918,13.5,13.319999694824219,13.479999542236328,12.91231632232666,32300,13.373999977111817,13.400999927520752,13.229500007629394,12.966399993896484,12.927100019454956,12.778800015449525,59.22999431276651,0.13389991425490066,0.12939921319126108,0.0045007010636395894,13.70200279499057,13.229500007629394,12.756997220268218,85.52632349459645,81.96018260635829,NICK
2012-08-17,13.420000076293945,13.729999542236328,13.420000076293945,13.699999809265137,13.123053550720215,37400,13.445999908447266,13.424999904632568,13.268499994277954,12.988799991607666,12.928700017929078,12.791900014877319,64.19420632748395,0.1535919182317773,0.13423775419936432,0.019354164032412996,13.76073048845528,13.268499994277954,12.776269500100629,91.53376629563213,85.77442066482638,NICK
2012-08-20,13.710000038146973,13.75,13.479999542236328,13.569999694824219,12.998527526855469,11000,13.48799991607666,13.442999839782715,13.298999977111816,13.002199993133544,12.93060001373291,12.802950015068054,59.57784741289971,0.15689941172570343,0.13877008570463215,0.018129326021071285,13.786561083934462,13.298999977111816,12.81143887028917,92.17209216663247,89.74406065228708,NICK
2012-08-21,13.529999732971191,13.720000267028809,13.399999618530273,13.550000190734863,12.9793701171875,23500,13.529999923706054,13.453999900817871,13.332999992370606,13.023799991607666,12.933300018310547,12.812250018119812,58.87638397708793,0.15610732326252652,0.14223753321621102,0.0138697900463155,13.790038102896288,13.332999992370606,12.875961881844924,86.17646117505414,89.96077321243963,NICK
2012-08-22,13.489999771118164,13.680000305175781,13.430000305175781,13.489999771118164,12.921896934509277,7900,13.557999801635741,13.46299991607666,13.362999963760377,13.039799995422364,12.936300020217896,12.821500015258788,56.71880335014201,0.14892138203833483,0.14357430298063578,0.005347079057699045,13.776477761995558,13.362999963760377,12.949522165525195,72.74210545124392,83.69688626431024,NICK
2012-08-23,13.640000343322754,13.640000343322754,13.399999618530273,13.470000267028809,12.902738571166992,8100,13.555999946594238,13.464999961853028,13.377999973297118,13.058199996948241,12.935000019073486,12.831400017738343,55.982381112994325,0.13999885930526368,0.14285921424556136,-0.0028603549402976824,13.784083597882844,13.377999973297118,12.971916348711392,62.863518374264366,73.9273616668542,NICK
2012-08-24,13.470000267028809,13.649999618530273,13.470000267028809,13.569999694824219,12.998527526855469,5000,13.529999923706054,13.48799991607666,13.38299994468689,13.074399986267089,12.936600017547608,12.841600017547607,58.85872342022536,0.13939001255157635,0.14216537390676437,-0.002775361355188022,13.79589687989571,13.38299994468689,12.970103009478072,59.56685602455159,65.05749328335335,NICK
2012-08-27,13.569999694824219,13.819999694824219,13.430000305175781,13.6899995803833,13.113472938537598,13000,13.553999900817871,13.520999908447266,13.3989999294281,13.090399971008301,12.941700010299682,12.85395001411438,62.06242183856475,0.14689714613614768,0.14311172835264102,0.0037854177835066616,13.832907564777031,13.3989999294281,12.96509229407917,66.78906853340942,63.073147644075185,NICK
2012-08-28,13.5600004196167,13.6899995803833,13.40999984741211,13.470000267028809,13.016838073730469,15400,13.53799991607666,13.533999919891357,13.4114999294281,13.103999977111817,12.945000009536743,12.86475001335144,53.792180397648806,0.13355495917685012,0.14120037451748285,-0.007645415340632733,13.8384084322414,13.4114999294281,12.9845914266148,63.16382719641394,63.1732505847917,NICK
2012-08-29,13.479999542236328,13.880000114440918,13.479999542236328,13.8100004196167,13.3454008102417,23300,13.602000045776368,13.579999923706055,13.464499950408936,13.124599990844727,12.95890001296997,12.876850013732911,62.180069279807284,0.14870220425362213,0.1427007404647107,0.006001463788911421,13.80399804714547,13.464499950408936,13.125001853672401,69.79799439354987,66.58363004112447,NICK
2012-08-30,13.760000228881836,13.869999885559082,13.65999984741211,13.739999771118164,13.277755737304688,15900,13.655999946594239,13.605999946594238,13.503499937057494,13.143199977874756,12.970300006866456,12.889000010490417,59.77427150304003,0.15329099462723583,0.14481879129721573,0.008472203330020106,13.774518312451526,13.503499937057494,13.232481561663462,69.94950381631341,67.63710846875912,NICK
2012-08-31,13.789999961853027,13.890000343322754,13.739999771118164,13.770000457763672,13.306746482849121,22300,13.696000099182129,13.613000011444091,13.51899995803833,13.166399993896484,12.979000015258789,12.899450011253357,60.480001618734036,0.1575325120070339,0.14736153543917935,0.01017097656785454,13.812795830143013,13.51899995803833,13.225204085933647,82.94232707392882,74.22994176126409,NICK
2012-09-04,13.819999694824219,13.829999923706055,13.550000190734863,13.829999923706055,13.364726066589355,14100,13.724000167846679,13.639000034332275,13.540999937057496,13.18579999923706,12.986200017929077,12.911900010108948,61.918947782383924,0.16384667804066133,0.15065856395947574,0.013188114081185587,13.85785326869217,13.540999937057496,13.224146605422822,83.25183640663148,78.71455576562461,NICK
2012-09-05,13.90999984741211,14.020000457763672,13.529999732971191,13.90999984741211,13.442034721374512,26800,13.81200008392334,13.675,13.564499950408935,13.207999992370606,12.9993000125885,12.924500007629394,63.81099156847895,0.17330823590634203,0.155188498348849,0.01811973755749302,13.91575342529099,13.564499950408935,13.21324647552688,85.08444385822025,83.75953577959356,NICK
2012-09-06,13.960000038146973,14.300000190734863,13.880000114440918,13.989999771118164,13.519344329833984,41200,13.847999954223633,13.725,13.59399995803833,13.231799983978272,13.010300006866455,12.938250007629394,65.64899522493731,0.185127875032288,0.1611763736855368,0.023951501346751197,13.982195719817465,13.59399995803833,13.205804196259194,80.0545620764539,82.79694744710191,NICK
2012-09-07,14.09000015258789,14.199999809265137,13.5600004196167,13.760000228881836,13.29708194732666,37600,13.852000045776368,13.753999996185303,13.609499979019166,13.252999992370606,13.019800004959107,12.95135000705719,56.72842714590769,0.1739310148524833,0.1637273019189261,0.010203712933557207,13.998214471000363,13.609499979019166,13.220785487037968,63.2804058120343,76.13980391556953,NICK
2012-09-10,13.550000190734863,13.960000038146973,13.550000190734863,13.75,13.287418365478516,32300,13.847999954223633,13.77200002670288,13.62999997138977,13.276799983978272,13.029400005340577,12.964850006103516,56.36977093964721,0.16237868716716264,0.1634575789685734,-0.0010788918014107696,14.002612340236162,13.62999997138977,13.257387602543378,48.14815992189785,63.82770927012873,NICK
2012-09-11,13.710000038146973,13.869999885559082,13.529999732971191,13.640000343322754,13.181118965148926,38900,13.810000038146972,13.767000102996827,13.644000005722045,13.293199996948243,13.037800006866455,12.979900007247926,52.44219541210268,0.14270234742615173,0.15930653266008907,-0.016604185233937335,13.995419898544068,13.644000005722045,13.292580112900023,35.18522639330866,48.87126404241365,NICK
2012-09-12,13.630000114440918,13.75,13.550000190734863,13.710000038146973,13.248764038085938,12900,13.770000076293945,13.791000080108642,13.6625,13.31,13.044300003051758,12.99840000629425,54.60956092885779,0.13124419539366095,0.15369406520680345,-0.02244986981314251,13.98578773659486,13.6625,13.33921226340514,33.33336865458205,38.88891832326289,NICK
2012-09-13,13.619999885559082,13.84000015258789,13.420000076293945,13.649999618530273,13.190781593322754,34800,13.702000045776368,13.775,13.677499961853027,13.323799991607666,13.053199996948242,13.014150004386902,52.40498146563725,0.11598499214643176,0.1461522505947291,-0.030167258448297346,13.967525848286384,13.677499961853027,13.38747407541967,29.359151809870607,32.62591561925382,NICK
2012-09-14,13.649999618530273,13.850000381469727,13.600000381469727,13.649999618530273,13.190781593322754,23100,13.679999923706054,13.76599998474121,13.685999965667724,13.339599990844727,13.061399993896485,13.02960000038147,52.404981465637256,0.1027080096348243,0.13746340240274815,-0.03475539276792386,13.961999938799792,13.685999965667724,13.409999992535656,29.45899373335887,30.717171399270555,NICK
2012-09-17,13.640000343322754,13.75,13.619999885559082,13.6899995803833,13.229435920715332,13900,13.667999839782714,13.757999897003174,13.685499954223634,13.35859998703003,13.067199993133546,13.042649998664857,53.845586620272776,0.0943262338589097,0.12883596869398045,-0.03450973483507075,13.961432890609245,13.685499954223634,13.409567017838022,28.46438134956671,29.09417563093211,NICK
2012-09-18,13.6899995803833,13.75,13.630000114440918,13.710000038146973,13.248764038085938,14100,13.681999778747558,13.745999908447265,13.69249997138977,13.378999996185303,13.072499990463257,13.055149998664856,54.58577189853521,0.0882798507921585,0.12072474511361606,-0.03244489432145756,13.963415037894723,13.69249997138977,13.421584904884817,30.46047495578715,29.46128334623762,NICK
2012-09-19,13.720000267028809,13.729999542236328,13.460000038146973,13.630000114440918,13.171456336975098,19600,13.665999794006348,13.717999935150146,13.696499967575074,13.396800003051759,13.074199991226196,13.064099998474122,51.058571095861495,0.07615485760043761,0.11181076761098037,-0.03565591001054276,13.961171428650186,13.696499967575074,13.431828506499961,29.426268815706596,29.45037504035353,NICK
2012-09-20,13.600000381469727,13.699999809265137,13.550000190734863,13.670000076293945,13.21010971069336,6900,13.669999885559083,13.685999965667724,13.705499982833862,13.416200008392334,13.078599996566773,13.072599997520447,52.70418566560999,0.06897823758265709,0.10324426160531572,-0.03426602402265863,13.953167025109114,13.705499982833862,13.45783294055861,28.409087214588823,29.431943662027567,NICK
2012-09-21,13.800000190734863,13.800000190734863,13.529999732971191,13.59000015258789,13.13280200958252,36800,13.657999992370605,13.66899995803833,13.711499977111817,13.434400005340576,13.087699995040893,13.08119999885559,49.14503932765965,0.05618769251431033,0.09383294778711464,-0.03764525527280431,13.941219334224956,13.711499977111817,13.481780619998679,23.863637595137334,27.232997875144296,NICK
2012-09-24,13.59000015258789,13.800000190734863,13.59000015258789,13.699999809265137,13.239100456237793,13600,13.660000038146972,13.663999938964844,13.717999982833863,13.450599994659424,13.094199991226196,13.090199999809265,53.768093483600886,0.05430119599895633,0.08592659742948297,-0.03162540143052664,13.938508412445021,13.717999982833863,13.497491553222705,26.515140842145087,26.262621883957127,NICK
2012-09-25,13.739999771118164,13.75,13.25,13.380000114440918,12.929866790771484,37600,13.594000053405761,13.63799991607666,13.702500009536744,13.458999996185304,13.099299993515015,13.097849998474121,41.84941792613813,0.02667731343258417,0.07407674063010321,-0.04739942719751904,13.967745082139315,13.702500009536744,13.437254936934172,21.172432114301543,23.850403517194703,NICK
2012-09-26,13.380000114440918,13.5,13.260000228881836,13.470000267028809,13.016838073730469,8300,13.56200008392334,13.613999938964843,13.702500009536744,13.465200004577637,13.107999992370605,13.105549998283387,45.50801319267877,0.011910154780100157,0.0616434234601026,-0.04973326868000244,13.967745082139315,13.702500009536744,13.437254936934172,22.452345287285272,23.37997274791068,NICK
2012-09-27,13.470000267028809,13.569999694824219,13.329999923706055,13.390000343322754,12.939530372619629,17700,13.506000137329101,13.588000011444091,13.681500005722047,13.469400005340576,13.108999996185302,13.113200001716613,42.92289548145487,-0.006177044970106849,0.04807932977406071,-0.05425637474416756,13.974434961885303,13.681500005722047,13.38856504955879,18.41908189357911,20.68128643172202,NICK
2012-09-28,13.34000015258789,13.390000343322754,12.829999923706055,12.90999984741211,12.475677490234375,59500,13.370000076293945,13.514000034332275,13.640000009536744,13.468999996185303,13.105399990081787,13.118499999046326,31.3981119268368,-0.05856817214083243,0.02674982939108208,-0.08531800153191452,14.084162079228808,13.640000009536744,13.19583793984468,16.85619509606089,19.24254075897514,NICK
2012-10-01,13.0,13.520000457763672,12.890000343322754,13.470000267028809,13.016838073730469,21100,13.32400016784668,13.492000102996826,13.625,13.48,13.109199991226197,13.126100001335145,48.70294902181258,-0.054275509844872616,0.010544761543891137,-0.06482027138876376,14.070847397874434,13.625,13.179152602125566,30.051920444203645,21.77573247794793,NICK
2012-10-02,13.529999732971191,13.550000190734863,13.359999656677246,13.510000228881836,13.055492401123047,9300,13.350000190734864,13.472000122070312,13.60900001525879,13.491000003814698,13.113299989700318,13.133950004577637,49.67936189022761,-0.04710290841281228,-0.000984772447449548,-0.04611813596536274,14.047173382628419,13.60900001525879,13.170826647889161,45.70135694807857,30.869824162781082,NICK
2012-10-03,13.569999694824219,13.569999694824219,13.430000305175781,13.510000228881836,13.055492401123047,10800,13.358000183105469,13.460000133514404,13.589000034332276,13.503800010681152,13.119199991226196,13.141500005722046,49.67936189022762,-0.040946563605212205,-0.00897713067900208,-0.03196943292621013,14.006415791908688,13.589000034332276,13.171584276755864,65.35947895746635,47.037585449916236,NICK
2012-10-04,13.520000457763672,13.600000381469727,13.359999656677246,13.5600004196167,13.103811264038086,14700,13.392000198364258,13.44900016784668,13.567500066757201,13.51720001220703,13.128299999237061,13.149500007629394,51.030646761734744,-0.03166796982433695,-0.013515298508069054,-0.018152671316267896,13.942193218550198,13.567500066757201,13.192806914964205,69.53036523312981,60.19706704622496,NICK
2012-10-05,13.640000343322754,13.789999961853027,13.550000190734863,13.609999656677246,13.152128219604492,4300,13.532000160217285,13.451000118255616,13.560000038146972,13.526000003814698,13.137299995422364,13.153050007820129,52.406970267781276,-0.02004898461997051,-0.014822035730449346,-0.005226948889521165,13.924856087608896,13.560000038146972,13.195143988685048,74.11225016716625,69.66736478592085,NICK
2012-10-08,13.550000190734863,13.550000190734863,13.25,13.3100004196167,12.862221717834473,9300,13.500000190734863,13.412000179290771,13.538000059127807,13.522800006866454,13.143900003433227,13.155850009918213,44.35220590325469,-0.03464887569693431,-0.01878740372374634,-0.015861471973187973,13.90741027186398,13.538000059127807,13.168589846391633,68.38488580654463,70.67583373561361,NICK
2012-10-09,13.319999694824219,13.449999809265137,13.239999771118164,13.260000228881836,12.813902854919434,10900,13.450000190734864,13.400000190734863,13.519000053405762,13.52060001373291,13.152000007629395,13.158250012397765,43.16152133487408,-0.049681297018738135,-0.024966182382744697,-0.02471511463599344,13.904221903684462,13.519000053405762,13.133778203127061,58.075603739582284,66.85757990443109,NICK
2012-10-10,13.239999771118164,13.470000267028809,13.210000038146973,13.470000267028809,13.016838073730469,3100,13.442000198364259,13.400000190734863,13.507000064849853,13.52560001373291,13.160400009155273,13.16145001411438,49.315917962379814,-0.044140526669183444,-0.028801051240032446,-0.015339475429150998,13.882504887734468,13.507000064849853,13.131495241965238,53.26462947468965,59.908373006938895,NICK
2012-10-11,13.460000038146973,13.460000038146973,13.109999656677246,13.210000038146973,12.765585899353027,9600,13.372000122070313,13.382000160217284,13.485000085830688,13.53480001449585,13.162400007247925,13.162950015068054,43.09431793605884,-0.060037200332679674,-0.03504828105856189,-0.024988919274117782,13.875666061318833,13.485000085830688,13.094334110342542,49.828191194934114,53.72280813640206,NICK
2012-10-12,13.199999809265137,13.4399995803833,13.199999809265137,13.369999885559082,12.920201301574707,6400,13.32400016784668,13.428000164031982,13.47100009918213,13.543000011444091,13.170300006866455,13.16735001564026,47.48497077339084,-0.059044153975390756,-0.03984745564192767,-0.01919669833346309,13.857051839177597,13.47100009918213,13.084948359186662,53.80155040360565,52.29812369107652,NICK
2012-10-15,13.420000076293945,13.550000190734863,13.420000076293945,13.539999961853027,13.08448314666748,4200,13.370000076293945,13.435000133514404,13.463500118255615,13.544600009918213,13.180400009155273,13.17065001487732,51.74515718477591,-0.044031998703633946,-0.040684364254268926,-0.0033476344493650195,13.837894280542432,13.463500118255615,13.089105955968797,56.46119563495167,53.3636457444972,NICK
2012-10-16,13.600000381469727,13.729999542236328,13.479999542236328,13.550000190734863,13.094146728515625,26500,13.42800006866455,13.439000129699707,13.45550012588501,13.547800006866455,13.188800010681152,13.174300017356872,51.99187767471136,-0.03097081037531879,-0.038741653478478896,0.007770843103160105,13.815026202337345,13.45550012588501,13.095974049432675,68.40278433152916,59.555176790028874,NICK
2012-10-17,13.539999961853027,13.59000015258789,13.319999694824219,13.460000038146973,13.00717544555664,4100,13.426000022888184,13.43400011062622,13.447000122070312,13.54820001602173,13.197400007247925,13.177400016784668,49.53709614308548,-0.027564241260424893,-0.0365061710348681,0.008941929774443205,13.797548264314276,13.447000122070312,13.096451979826348,71.52778950554325,65.46392315734141,NICK
2012-10-18,13.40999984741211,13.59000015258789,13.109999656677246,13.119999885559082,12.67861270904541,11100,13.407999992370605,13.390000057220458,13.41950011253357,13.542600021362304,13.205000009536743,13.17895001411438,41.5549348312896,-0.05170367374140561,-0.0395456715761756,-0.012158002165230011,13.781852196771503,13.41950011253357,13.057148028295636,55.39351655775281,65.10803013160846,NICK
2012-10-19,13.100000381469727,13.15999984741211,12.880000114440918,12.9399995803833,12.504668235778809,19800,13.32199993133545,13.323000049591064,13.38700008392334,13.532400016784669,13.212800006866456,13.179400010108948,38.05853688354197,-0.08438611756541015,-0.04851376077402251,-0.03587235679138764,13.795955001790437,13.38700008392334,12.978045166056242,32.59129128310443,53.170865782133546,NICK
2012-10-22,12.949999809265137,13.550000190734863,12.920000076293945,13.220000267028809,12.775248527526855,26700,13.257999992370605,13.314000034332276,13.363000106811523,13.530000019073487,13.217900009155274,13.181250009536743,45.7106816585346,-0.0866941185775616,-0.056149832334730324,-0.030544286242831273,13.751489683760562,13.363000106811523,12.974510529862483,23.170508310519637,37.05177205045901,NICK
2012-10-23,13.140000343322754,13.220000267028809,13.010000228881836,13.109999656677246,12.668949127197266,13400,13.169999885559083,13.298999977111816,13.34950008392334,13.525000019073486,13.225800008773804,13.182450008392333,43.44021878722854,-0.09628939177948581,-0.06417774422368142,-0.032111647555804396,13.75315735739644,13.34950008392334,12.945842810450241,23.07689620528404,26.27956526630275,NICK
2012-10-24,12.970000267028809,13.460000038146973,12.970000267028809,13.260000228881836,12.813902854919434,12300,13.129999923706055,13.277999973297119,13.33900008201599,13.523400020599365,13.232100009918213,13.184250011444092,47.28534483216131,-0.09074388335123196,-0.06949097204919152,-0.021252911302040434,13.74049252310588,13.33900008201599,12.937507640926102,34.79853364689331,27.015312720899043,NICK
2012-10-25,13.399999618530273,13.489999771118164,13.15999984741211,13.489999771118164,13.036165237426758,5100,13.203999900817871,13.305999946594238,13.344000053405761,13.526200008392333,13.239400005340576,13.18720001220703,52.60577806013932,-0.06701745163102757,-0.06899626796555873,0.001978816334531161,13.75036953711237,13.344000053405761,12.937630569699152,46.265884782451316,34.713771544876266,NICK
2012-10-26,13.380000114440918,13.380000114440918,13.15999984741211,13.239999771118164,12.794576644897461,2600,13.263999938964844,13.292999935150146,13.360500049591064,13.52140001296997,13.243900003433227,13.189150009155274,47.04738977988192,-0.06760765525045542,-0.06871854542253807,0.001110890172082643,13.719023596620001,13.360500049591064,13.001976502562126,51.958634811692825,44.34101774701253,NICK
2012-10-31,13.239999771118164,13.239999771118164,12.8100004196167,13.010000228881836,12.57231330871582,34200,13.22199993133545,13.239999961853027,13.337500047683715,13.507600021362304,13.248200006484986,13.191450009346008,42.588939712275845,-0.08564714971472398,-0.07210426628097524,-0.013542883433748737,13.722980395772874,13.337500047683715,12.952019699594556,45.28559117790358,47.83670359068262,NICK
2012-11-01,12.960000038146973,13.010000228881836,12.699999809265137,12.739999771118164,12.311397552490234,27800,13.147999954223632,13.158999919891357,13.299000024795532,13.491000022888183,13.246600008010864,13.192250008583068,38.032501579529814,-0.12034311893466132,-0.08175203681171246,-0.03859108212294886,13.755197509783951,13.299000024795532,12.842802539807114,22.658517393469197,39.96758112768858,NICK
2012-11-02,12.739999771118164,12.899999618530273,11.779999732971191,12.010000228881836,11.605955123901367,43100,12.897999954223632,13.013999938964844,13.224000024795533,13.460200023651122,13.242000007629395,13.188850011825561,28.999026683432504,-0.2043887207647508,-0.10627937360232012,-0.09810934716243067,13.937453613235489,13.224000024795533,12.510546436355577,12.472507087834472,26.805538553069127,NICK
2012-11-05,12.010000228881836,12.199999809265137,11.9399995803833,12.149999618530273,11.741246223449707,41500,12.629999923706055,12.916999912261963,13.153499984741211,13.433400020599365,13.236600008010864,13.185350008010865,32.319148379371576,-0.25673915583614537,-0.13637133004908517,-0.1203678257870602,13.988515626352061,13.153499984741211,12.318484343130361,11.5509152634162,15.560646581573335,NICK
2012-11-06,12.239999771118164,12.319999694824219,12.0600004196167,12.229999542236328,11.818553924560547,17900,12.427999877929688,12.845999908447265,13.084499979019165,13.408600006103516,13.23340000152588,13.182000007629394,34.212287796889015,-0.2884468913276521,-0.16678644230479855,-0.12166044902285356,13.982887057032888,13.084499979019165,12.186112901005442,17.948722964757128,13.99071510533598,NICK
2012-11-07,12.079999923706055,12.079999923706055,11.75,11.850000381469727,11.451339721679688,38300,12.195999908447266,12.708999919891358,13.011499977111816,13.374200019836426,13.224300003051757,13.176750011444092,29.929780917537897,-0.3403153135393868,-0.2014922165517162,-0.13882309698767062,14.050928234547733,13.011499977111816,11.972071719675899,15.828691134813534,15.109443120995666,NICK
2012-11-08,11.869999885559082,12.039999961853027,11.800000190734863,11.800000190734863,11.403020858764648,9900,12.007999992370605,12.57799997329712,12.938499975204468,13.336400032043457,13.213400001525878,13.171250014305114,29.408157033874797,-0.38106334828196786,-0.23740644289776652,-0.14365690538420134,14.096209339723334,12.938499975204468,11.780790610685603,10.409706629312199,14.729040242960998,NICK
2012-11-09,11.800000190734863,12.069999694824219,11.800000190734863,11.880000114440918,11.480329513549805,11200,11.981999969482422,12.439999961853028,12.858999967575073,13.304600028991699,13.204300003051758,13.166500015258789,31.466231749655112,-0.40226408417174575,-0.27037797115256235,-0.1318861130191834,14.076618892710414,12.858999967575073,11.641381042439733,5.124810716609392,10.454402826911753,NICK
2012-11-12,11.970000267028809,12.180000305175781,11.970000267028809,12.029999732971191,11.625283241271973,11800,11.957999992370606,12.29399995803833,12.799999952316284,13.26900001525879,13.196800003051758,13.162600011825562,35.27648611597286,-0.4023243597106454,-0.29676724886417893,-0.10555711084646646,14.057568999141132,12.799999952316284,11.542430905491436,8.498389444026037,8.010968929982587,NICK
2012-11-13,11.979999542236328,12.100000381469727,11.779999732971191,12.079999923706055,11.673601150512695,18300,11.92800006866455,12.17799997329712,12.735499954223632,13.235800018310547,13.189499998092652,13.158700013160706,36.542957481760155,-0.3937980719436336,-0.3161734134800699,-0.0776246584635637,14.00180913131135,12.735499954223632,11.469190777135914,13.91442741282413,9.179209191153232,NICK
2012-11-14,11.850000381469727,12.050000190734863,11.75,11.880000114440918,11.480329513549805,14100,11.934000015258789,12.064999961853028,12.652499961853028,13.198000011444092,13.182200002670289,13.154150013923646,33.7022000973125,-0.39858460537873697,-0.3326556518598033,-0.06592895351893369,13.914607278906884,12.652499961853028,11.390392644799173,13.997442117125745,12.13675299132535,NICK
2012-11-15,11.920000076293945,12.0,11.75,11.850000381469727,11.451339721679688,14900,11.944000053405762,11.976000022888183,12.56749997138977,13.158400020599366,13.172100009918212,13.148700017929077,33.28423356929133,-0.40018560479848553,-0.3461616424475397,-0.05402396235094581,13.805124579007348,12.56749997138977,11.329875363772192,10.727978798465406,12.87994944280514,NICK
2012-11-16,11.770000457763672,11.90999984741211,11.729999542236328,11.770000457763672,11.374031066894531,14600,11.922000122070312,11.952000045776368,12.482999992370605,13.115600032806396,13.1618000125885,13.14030002117157,32.13956409805154,-0.4032611896560532,-0.3575815518892424,-0.04567963776681078,13.695865815360932,12.482999992370605,11.270134169380277,5.214239371334224,9.979886762308503,NICK
2012-11-19,11.829999923706055,12.0,11.8100004196167,11.979999542236328,11.576964378356934,13900,11.91200008392334,11.935000038146972,12.425999975204467,13.07540002822876,13.153600006103515,13.133250017166137,38.152369098248265,-0.38432320308047707,-0.36292988212748933,-0.021393320952987738,13.62077845447703,12.425999975204467,11.231221495931905,8.242578355837097,8.061598841878954,NICK
2012-11-20,11.920000076293945,11.930000305175781,11.739999771118164,11.84000015258789,11.441675186157227,21200,11.864000129699708,11.896000099182128,12.371000003814697,13.03700002670288,13.145000009536743,13.122950019836425,35.87049702519907,-0.3762740400877451,-0.3655987137195405,-0.010675326368204618,13.567342624771566,12.371000003814697,11.174657382857827,9.191459674946922,7.549425800706126,NICK
2012-11-21,11.869999885559082,12.100000381469727,11.75,12.09000015258789,11.68326473236084,19800,11.906000137329102,11.920000076293945,12.314499998092652,13.003800029754638,13.140300006866456,13.114900021553039,42.48571360905034,-0.3457366726138069,-0.3616263054983938,0.01588963288458689,13.450325054173867,12.314499998092652,11.178674942011437,18.639787628142855,12.02460855297567,NICK
2012-11-23,12.149999618530273,12.300000190734863,12.149999618530273,12.239999771118164,11.828218460083008,11600,11.98400001525879,11.964000034332276,12.271000003814697,12.975800018310547,13.134500007629395,13.108100018501283,46.07967590677819,-0.30590558411057067,-0.3504821612208292,0.04457657711025853,13.346674524948018,12.271000003814697,11.195325482681376,41.9345894690978,23.25527892406257,NICK
2012-11-26,12.239999771118164,12.600000381469727,12.079999923706055,12.550000190734863,12.127788543701172,17400,12.139999961853027,12.03100004196167,12.235500001907349,12.952600021362304,13.131300010681151,13.10315001964569,52.663134236437735,-0.24648340911313582,-0.3296824107992905,0.08319900168615468,13.221389755732522,12.235500001907349,11.249610248082176,70.48761083907323,43.68732931210467,NICK
2012-11-27,12.520000457763672,12.520000457763672,12.380000114440918,12.520000457763672,12.098798751831055,10500,12.248000144958496,12.080000114440917,12.187000036239624,12.930000038146973,13.12690001487732,13.09865002155304,52.00144089346858,-0.19951178735372288,-0.30364828611017697,0.10413649875645409,13.001864311873803,12.187000036239624,11.372135760605445,90.49938897612522,67.64052976143212,NICK
2012-11-28,12.3100004196167,12.5,12.3100004196167,12.5,12.196369171142578,4000,12.380000114440918,12.122000122070313,12.150000047683715,12.907000045776368,13.123300018310546,13.094400019645692,51.536527088427476,-0.1620324987045194,-0.27532512862904546,0.11329262992452604,12.825544197406192,12.150000047683715,11.474455897961239,91.18772896382855,84.05824292634237,NICK
2012-11-29,12.550000190734863,12.850000381469727,12.550000190734863,12.850000381469727,12.53786849975586,24900,12.532000160217285,12.219000148773194,12.14200005531311,12.890200061798096,13.124400024414063,13.09190001964569,58.52464799714233,-0.10290160111334679,-0.24084042312590573,0.13793882201255894,12.779325662707395,12.14200005531311,11.504674447918825,93.10344323597114,91.59685372530835,NICK
2012-11-30,12.890000343322754,12.890000343322754,12.619999885559082,12.75,12.44029712677002,21500,12.634000205993653,12.30900011062622,12.142500066757203,12.871000061035156,13.125000028610229,13.088800020217896,56.03837269654942,-0.06337854538436183,-0.20534804757759695,0.14196950219323512,12.781714416034418,12.142500066757203,11.503285717479987,92.14557586261908,92.14558268747298,NICK
2012-12-03,12.789999961853027,12.880000114440918,12.609999656677246,12.880000114440918,12.567138671875,16700,12.700000190734864,12.420000076293945,12.186000061035156,12.856000061035155,13.126400032043456,13.086900019645691,58.506230094600355,-0.021320546206714752,-0.1685425473034205,0.14722200109670575,12.89754486564878,12.186000061035156,11.474455256421532,95.68964170645124,93.64622026834722,NICK
2012-12-04,13.039999961853027,13.359999656677246,12.859999656677246,13.079999923706055,12.762280464172363,31100,12.81200008392334,12.530000114440918,12.232500076293945,12.844200057983398,13.130200033187867,13.085100021362305,62.03705905765634,0.027828247577055265,-0.12926838832732535,0.1570966359043806,13.043200358651893,12.232500076293945,11.421799793935998,89.9636761990351,92.5996312560352,NICK
2012-12-05,13.100000381469727,13.220000267028809,12.829999923706055,13.140000343322754,12.820823669433594,25700,12.94000015258789,12.660000133514405,12.278000116348267,12.835200061798096,13.134800033569336,13.082450022697449,63.052803980751634,0.07080436452718786,-0.0892538377564227,0.16005820228361056,13.180033391584182,12.278000116348267,11.375966841112351,89.48770864471742,91.71367551673465,NICK
2012-12-06,13.1899995803833,13.319999694824219,13.0600004196167,13.319999694824219,12.996451377868652,14800,13.034000015258789,12.783000087738037,12.351500082015992,12.827600059509278,13.13910002708435,13.08075002193451,65.99249021576102,0.11802714670729841,-0.04779764086367848,0.1658247875709769,13.337690185149158,12.351500082015992,11.365309978882825,88.95707627268241,89.46948703881169,NICK
2012-12-07,13.300000190734863,13.300000190734863,13.020000457763672,13.239999771118164,12.918395042419434,27900,13.131999969482422,12.883000087738036,12.423500061035156,12.824800052642821,13.141900024414063,13.079350018501282,63.57154170040371,0.14729825396921115,-0.008778461897100548,0.1560767158663117,13.447653782452537,12.423500061035156,11.399346339617775,92.21390815795495,90.21956435845165,NICK
2012-12-10,13.279999732971191,13.279999732971191,13.15999984741211,13.239999771118164,12.918395042419434,15000,13.203999900817871,12.952000045776368,12.491500043869019,12.82020004272461,13.142700023651123,13.077050018310548,63.57154170040371,0.16855284508359603,0.026687799499038767,0.14186504558455726,13.542523721696952,12.491500043869019,11.440476366041086,94.24373768322499,91.80490737128751,NICK
2012-12-11,13.279999732971191,13.489999771118164,13.1899995803833,13.350000381469727,13.025723457336426,31400,13.257999992370605,13.035000038146972,12.557500076293945,12.81940004348755,13.144400024414063,13.0757000207901,65.58487325034093,0.1920594498299355,0.05976212956521811,0.13229732026471738,13.649303544311415,12.557500076293945,11.465696608276474,92.3797517583157,92.94579919983194,NICK
2012-12-12,13.850000381469727,14.140000343322754,13.770000457763672,13.8100004196167,13.474550247192383,116100,13.392000007629395,13.166000080108642,12.644000101089478,12.83740005493164,13.153200025558471,13.07655002117157,72.4436119229846,0.24498275345967535,0.09680625434410955,0.1481764991155658,13.839933183864916,12.644000101089478,11.44806701831404,89.5090818774507,92.04419043966385,NICK
2012-12-13,13.859999656677246,14.050000190734863,13.829999923706055,13.930000305175781,13.591634750366211,38800,13.514000129699706,13.274000072479248,12.74650011062622,12.84660005569458,13.16330002784729,13.078800024986267,73.90466313115532,0.293227694428321,0.13609054236095183,0.15713715206736914,14.012300663525021,12.74650011062622,11.48069955772742,88.58015732207791,90.1563303192815,NICK
2012-12-14,13.899999618530273,14.050000190734863,13.84000015258789,13.989999771118164,13.650177001953125,46200,13.664000129699707,13.398000049591065,12.853500080108642,12.856200046539307,13.173600025177002,13.083900022506715,74.62898601514094,0.3324710933885786,0.17536665256647718,0.15710444082210143,14.15924545884648,12.853500080108642,11.547754701370804,88.52988734573722,88.87304218175534,NICK
2012-12-17,14.229999542236328,14.619999885559082,14.0600004196167,14.529999732971191,14.1770601272583,107100,13.922000122070312,13.563000011444093,12.991500043869019,12.876600036621094,13.190200023651123,13.090850019454956,80.00755005468986,0.4025054217999777,0.2207944064131773,0.18171101538680043,14.390117563060391,12.991500043869019,11.592882524677647,92.57098704794686,89.89367723858739,NICK
2012-12-18,14.800000190734863,14.800000190734863,14.140000343322754,14.739999771118164,14.381958961486816,108100,14.2,13.728999996185303,13.12950005531311,12.900200023651124,13.208700017929077,13.100050020217896,81.63783229181992,0.469540805543712,0.27054368623928426,0.19899711930442776,14.641709881571403,13.12950005531311,11.617290229054818,95.08015012003068,92.06034150457164,NICK
2012-12-19,13.0,13.0,12.020000457763672,12.449999809265137,12.147583961486816,81200,13.927999877929688,13.65999994277954,13.160000038146972,12.87700002670288,13.20150001525879,13.095550017356873,41.702389484286385,0.3340324533370662,0.28324143965884063,0.05079101367822558,14.589279464945978,13.160000038146972,11.730720611347966,69.63493577967304,85.76202431588358,NICK
2012-12-20,12.449999809265137,12.5600004196167,12.289999961853027,12.460000038146973,12.157341003417969,31100,13.633999824523926,13.573999977111816,13.178500032424926,12.860000019073487,13.191400012969972,13.093300018310547,41.83619653133749,0.22485604233568424,0.2715643601942094,-0.04670831785852514,14.560705056905194,13.178500032424926,11.796295007944659,42.876081099019,69.19705566624096,NICK
2012-12-21,12.539999961853027,12.720000267028809,12.170000076293945,12.6899995803833,12.381752967834473,92700,13.373999786376952,13.51899995803833,13.201000022888184,12.848600006103515,13.184600009918213,13.090750017166137,44.96493615052178,0.15510404799920074,0.24827229775520765,-0.0931682497560069,14.535179816487789,13.201000022888184,11.86682022928858,18.465206264108833,43.65874104760034,NICK
2012-12-24,12.529999732971191,12.550000190734863,12.220000267028809,12.390000343322754,12.089041709899902,28300,12.945999908447266,13.434000015258789,13.193000030517577,12.827000007629394,13.176300010681153,13.08525002002716,41.80605238590043,0.07475591901850365,0.21356902200786684,-0.1388131029893632,14.544504252448128,13.193000030517577,11.841495808587027,17.74578813814308,26.362358500423685,NICK
2012-12-26,12.40999984741211,12.5,12.40999984741211,12.479999542236328,12.176854133605957,13500,12.493999862670899,13.34699993133545,13.190999984741211,12.812399997711182,13.173600006103516,13.080100016593933,43.09755057934742,0.018132609684640144,0.1744817395432215,-0.15634912985858135,14.54659428815063,13.190999984741211,11.835405681331792,17.985590368483347,18.065528256911804,NICK
2012-12-27,12.5,12.5,12.149999618530273,12.359999656677246,12.059769630432129,24200,12.47599983215332,13.201999855041503,13.183999967575073,12.792199993133545,13.167600002288818,13.073250017166139,41.766570153831275,-0.036009661828764195,0.13238345926882436,-0.16839312109758856,14.555151318717943,13.183999967575073,11.812848616432202,14.028756370836888,16.586711625821156,NICK
2012-12-28,12.279999732971191,12.40999984741211,11.710000038146973,11.880000114440918,11.591429710388184,26300,12.359999847412109,12.996999835968017,13.135499954223633,12.758999996185302,13.151800003051758,13.060750017166137,36.86258105994204,-0.11630901567915863,0.08264496427922777,-0.1989539799583864,14.614830546502294,13.135499954223633,11.656169361944972,11.426179917685106,14.480175552335163,NICK
2012-12-31,12.0,12.569999694824219,11.880000114440918,12.399999618530273,12.098797798156738,61400,12.301999855041505,12.837999820709229,13.117999935150147,12.73599998474121,13.141899995803833,13.052200016975403,44.46935007848516,-0.1364147140598977,0.03883302861140267,-0.17524774267130036,14.623212247218087,13.117999935150147,11.612787623082207,13.353963637085885,12.936299975202678,NICK
2013-01-02,12.789999961853027,13.050000190734863,12.600000381469727,12.949999809265137,12.635437965393066,74100,12.41399974822998,12.679999828338623,13.121499919891358,12.725799980163574,13.136999998092652,13.046450014114379,51.17037710267597,-0.10673779912510462,0.009718863064101212,-0.11645666218920583,14.624806651851308,13.121499919891358,11.618193187931407,22.653714391531377,15.811285982100841,NICK
2013-01-03,13.0,13.0,12.819999694824219,12.960000038146973,12.645195960998535,27000,12.509999847412109,12.501999855041504,13.115499925613403,12.722599983215332,13.132600002288818,13.041000013351441,51.28548332323651,-0.0814725307141071,-0.008519415691540452,-0.07295311502256664,14.620378366901905,13.115499925613403,11.6106214843249,34.304198430089855,23.437292152902426,NICK
2013-01-04,12.960000038146973,13.050000190734863,12.890000343322754,13.039999961853027,12.723252296447754,26500,12.645999908447266,12.560999870300293,13.110499906539918,12.724599990844727,13.128500003814697,13.037250013351441,52.25511455536059,-0.05436758256695562,-0.017689049066623486,-0.036678533500332136,14.615683987343264,13.110499906539918,11.605315825736572,41.20819316276272,32.72203532812804,NICK
2013-01-07,12.970000267028809,13.079999923706055,12.800000190734863,12.970000267028809,12.654953002929688,10500,12.863999938964843,12.611999893188477,13.092999935150146,12.719599990844726,13.124800004959106,13.034050016403198,51.29306355896901,-0.0380959597303292,-0.02177043119936463,-0.01632552853096457,14.596171288852569,13.092999935150146,11.589828581447724,41.42394782054077,38.978779804464494,NICK
2013-01-08,12.949999809265137,13.100000381469727,12.920000076293945,13.100000381469727,12.7817964553833,11500,13.004000091552735,12.652999973297119,13.085999965667725,12.719400005340576,13.122200012207031,13.031700019836427,53.02283362720428,-0.01454301578919015,-0.02032494811732973,0.0057819323281395815,14.587671078526782,13.085999965667725,11.584328852808667,42.93419956174217,41.8554468483486,NICK
2013-01-09,13.079999923706055,13.970000267028809,13.079999923706055,13.9399995803833,13.60138988494873,54300,13.202000045776368,12.807999897003175,13.120999956130982,12.732999992370605,13.128200006484985,13.032650017738343,62.33164171345974,0.0710843608961369,-0.0020430863146364033,0.0731274472107733,14.667362143406883,13.120999956130982,11.57463776885508,61.47768940197327,48.611945594752115,NICK
2013-01-10,13.9399995803833,13.949999809265137,13.640000343322754,13.829999923706055,13.494062423706055,41600,13.376000022888183,12.942999935150146,13.144999933242797,12.739799995422363,13.133000001907348,13.031700015068054,60.63713583237886,0.12858635735743995,0.02408280241977887,0.10450355493766109,14.71947761503908,13.144999933242797,11.570522251446514,79.15388631794248,61.188591760552676,NICK
2013-01-11,13.880000114440918,13.899999618530273,13.680000305175781,13.75,13.416006088256836,10800,13.518000030517578,13.081999969482421,13.141999912261962,12.75,13.135700006484985,13.031400012969971,59.3729638228507,0.16579064719692482,0.052424371375208056,0.11336627582171677,14.711618928695835,13.141999912261962,11.57238089582809,94.24776906342747,78.29311492778112,NICK
2013-01-14,13.84000015258789,13.859999656677246,13.75,13.8100004196167,13.474550247192383,4900,13.686000061035156,13.275,13.135999917984009,12.766000003814698,13.136800012588502,13.03275001525879,60.04575428372772,0.19783631348278874,0.0815067597967242,0.11632955368606454,14.694401621250579,13.135999917984009,11.577598214717439,92.3303775058918,88.57734429575396,NICK
2013-01-15,13.789999961853027,13.869999885559082,13.65999984741211,13.6899995803833,13.357462882995605,19300,13.803999900817871,13.403999996185302,13.120999908447265,12.785,13.138000011444092,13.034300012588501,57.97779925694434,0.21111605558007085,0.10742861895339353,0.10368743662667732,14.651763065489176,13.120999908447265,11.590236751405355,90.26547589609534,92.28120748847158,NICK
2013-01-16,13.699999809265137,13.699999809265137,13.199999809265137,13.350000381469727,13.025723457336426,13300,13.686000061035156,13.444000053405762,13.061999940872193,12.811800003051758,13.13600001335144,13.034650015830994,52.464602804563164,0.1919920877306467,0.12434131270884416,0.06765077502180253,14.45582345928784,13.061999940872193,11.668176422456545,84.36577710523609,88.98721016907444,NICK
2013-01-17,13.430000305175781,13.699999809265137,13.109999656677246,13.380000114440918,13.054994583129883,12100,13.59600009918213,13.486000061035156,12.99399995803833,12.836400012969971,13.134900016784668,13.035600018501281,52.89027617166193,0.17721411910864937,0.1349158739888052,0.042298245119844174,14.16930253433257,12.99399995803833,11.81869738174409,78.02359035556883,84.21828111896679,NICK
2013-01-18,13.329999923706055,13.489999771118164,13.050000190734863,13.460000038146973,13.133050918579102,21300,13.538000106811523,13.52800006866455,13.044499969482422,12.861000022888184,13.13480001449585,13.034900016784668,54.07141059247964,0.1699981647390949,0.14193233213886314,0.028065832600231766,14.20870747838266,13.044499969482422,11.880292460582183,74.01941922671746,78.80292889584082,NICK
2013-01-22,13.579999923706055,13.680000305175781,13.380000114440918,13.479999542236328,13.152563095092773,23400,13.47199993133545,13.578999996185303,13.095499944686889,12.893600006103515,13.13390001296997,13.03525001525879,54.379349509915265,0.1640027402488311,0.14634641376085672,0.017656326487974383,14.242050892322384,13.095499944686889,11.948948997051394,71.24179963557013,74.42826973928551,NICK
2013-01-23,13.479999542236328,13.479999542236328,13.119999885559082,13.25,12.928152084350586,13600,13.384000015258788,13.59399995803833,13.123499965667724,12.922600002288819,13.129500017166137,13.03560001373291,50.21003707015465,0.13908895142138356,0.14489492129296208,-0.005805969871578526,14.256341973695491,13.123499965667724,11.990657957639957,59.43103911871288,68.23075266033352,NICK
2013-01-24,13.239999771118164,13.380000114440918,13.149999618530273,13.1899995803833,12.869607925415039,11900,13.351999855041504,13.51899995803833,13.163499927520752,12.948799991607666,13.126700010299682,13.035850009918214,49.151325481832856,0.11319818366497003,0.13855557376736366,-0.02535739010239363,14.245262899670776,13.163499927520752,12.081736955370728,45.34277313146382,58.67187062858232,NICK
2013-01-25,13.279999732971191,13.34000015258789,12.760000228881836,13.270000457763672,12.94766616821289,28300,13.329999923706055,13.463000011444091,13.20299997329712,12.973600006103515,13.121300010681152,13.040100011825562,50.645625903720095,0.09800522269339318,0.13044550355256956,-0.032440280859176385,14.238762509161898,13.20299997329712,12.167237437432341,37.9811921873162,47.58500147916434,NICK
2013-01-28,13.319999694824219,13.369999885559082,13.0,13.369999885559082,13.045235633850098,13600,13.311999893188476,13.425,13.253499984741211,12.999400005340576,13.117600011825562,13.043950009346009,52.52374107351929,0.09296219938944361,0.12294884271994437,-0.02998664333050076,14.215815376622954,13.253499984741211,12.291184592859468,41.96508336264004,41.763016227140064,NICK
2013-01-29,13.0,13.40999984741211,13.0,13.359999656677246,13.035479545593262,27400,13.28799991607666,13.379999923706055,13.327499961853027,13.028999996185302,13.113500003814698,13.046250009536744,52.309366565119106,0.08715397541555525,0.11578986925906655,-0.028635893843511298,14.054902865534165,13.327499961853027,12.600097058171889,47.38289970052551,42.44305841682729,NICK
2013-01-30,13.300000190734863,13.300000190734863,12.75,12.779999732971191,12.469568252563477,36700,13.193999862670898,13.288999938964844,13.346499967575074,13.047599983215331,13.103000001907349,13.044600009918213,41.68311026499737,0.03534236470828667,0.09970036834891058,-0.06435800364062391,13.991147860743435,13.346499967575074,12.701852074406712,34.166633109634724,41.1715387242668,NICK
2013-01-31,12.850000381469727,13.140000343322754,12.850000381469727,13.069999694824219,12.752523422241211,24700,13.169999885559083,13.260999870300292,13.352499961853027,13.073599967956543,13.094600000381469,13.046950006484986,47.43310967092432,0.017480360516129778,0.08325636678235442,-0.06577600626622464,13.984382001081341,13.352499961853027,12.720617922624713,26.63759193376607,36.06237491464215,NICK
2013-02-01,13.079999923706055,13.199999809265137,13.029999732971191,13.119999885559082,12.801308631896973,16700,13.139999771118164,13.234999847412109,13.360499954223632,13.096399974822997,13.085900001525879,13.048100004196167,48.3781822091484,0.007275325603504967,0.06806015854658452,-0.060784832943079556,13.976145088258802,13.360499954223632,12.744854820188463,21.120585079355152,27.308270040918696,NICK
2013-02-04,13.0,13.239999771118164,12.829999923706055,12.930000305175781,12.615924835205078,19300,13.051999855041505,13.18199987411499,13.35499997138977,13.118199977874756,13.077600002288818,13.048700003623962,45.0627780129594,-0.015959643496547216,0.051256198137958175,-0.06721584163450539,13.983824169684313,13.35499997138977,12.726175773095227,25.644411518181087,24.46752951043415,NICK
2013-02-05,12.979999542236328,13.0,12.9399995803833,12.9399995803833,12.625680923461914,2900,12.967999839782715,13.127999877929687,13.353499937057496,13.135199966430664,13.06949999809265,13.049450001716615,45.275332672656795,-0.03318413985756585,0.03436813053885337,-0.06755227039641923,13.986122243322466,13.353499937057496,12.720877630792526,23.035708250022072,23.266901615852817,NICK
2013-02-06,12.880000114440918,12.970000267028809,12.770000457763672,12.890000343322754,12.576896667480469,5600,12.989999961853027,13.091999912261963,13.342999935150146,13.148199977874755,13.061999998092652,13.049900002479554,44.351294786518714,-0.05028949193034471,0.01743660604501375,-0.06772609797535846,13.998655295812846,13.342999935150146,12.687344574487447,16.93609950333293,21.872073090512075,NICK
2013-02-07,12.829999923706055,13.0,12.5,12.819999694824219,12.508596420288086,26500,12.939999961853028,13.054999923706054,13.286999940872192,13.153599967956543,13.053099994659425,13.048699998855591,43.027272444495715,-0.06870211874017862,0.00020886108797527406,-0.06891097982815389,13.920059250513638,13.286999940872192,12.653940631230746,20.61848408016394,20.19676394450636,NICK
2013-02-08,12.880000114440918,13.0,12.789999961853027,12.930000305175781,12.615924835205078,12400,12.902000045776367,13.020999908447266,13.241999959945678,13.161799964904786,13.04590000152588,13.04954999923706,45.76713797932418,-0.07357005836382591,-0.014546922802384963,-0.05902313556144095,13.841319614300643,13.241999959945678,12.642680305590714,26.09872893308082,21.217770838859277,NICK
2013-02-11,12.930000305175781,13.0,12.710000038146973,12.960000038146973,12.645195960998535,8100,12.907999992370605,12.979999923706055,13.202499961853027,13.170999965667725,13.039000005722047,13.050199999809266,46.522474560424534,-0.07415242485913787,-0.026468023213735543,-0.04768440164540232,13.765736174945484,13.202499961853027,12.63926374876057,36.83270230803477,27.84997177375989,NICK
2013-02-12,13.0,13.119999885559082,12.930000305175781,13.010000228881836,12.693981170654297,16200,12.922000122070312,12.944999980926514,13.162499952316285,13.174199962615967,13.032200012207031,13.049700002670289,47.82673688581536,-0.0697750338226637,-0.03512942533552117,-0.03464560848714253,13.65690352925414,13.162499952316285,12.668096375378429,46.47449544179327,36.46864222763634,NICK
2013-02-13,13.100000381469727,13.100000381469727,12.789999961853027,12.9399995803833,12.625680923461914,7700,12.931999969482423,12.960999965667725,13.124999952316283,13.177999954223633,13.024500007629394,13.048499999046326,46.130460853878105,-0.07113439418630563,-0.042330419105678065,-0.028803975080627563,13.564385897095086,13.124999952316283,12.685614007537481,50.44480075627272,44.583999502033635,NICK
2013-02-14,12.930000305175781,12.979999542236328,12.760000228881836,12.829999923706055,12.518353462219238,9800,12.934000015258789,12.936999988555907,13.0989999294281,13.176999950408936,13.016500005722046,13.045349998474121,43.518460407224715,-0.08016367313279815,-0.049897069911102085,-0.030266603221696067,13.543562600443707,13.0989999294281,12.654437258412493,46.886444967044326,47.935247055036825,NICK
2013-02-15,12.930000305175781,13.140000343322754,12.899999618530273,13.079999923706055,12.762280464172363,20500,12.963999938964843,12.932999992370606,13.083999919891358,13.176999950408936,13.010600004196167,13.04460000038147,50.39325250392882,-0.06638132845403533,-0.053193921619688736,-0.01318740683434659,13.50945960842131,13.083999919891358,12.658540231361407,49.45053678249119,48.927260835269465,NICK
2013-02-19,13.079999923706055,13.25,13.079999923706055,13.25,12.928152084350586,20200,13.021999931335449,12.964999961853028,13.073499917984009,13.17919994354248,13.007200002670288,13.04744999885559,54.453065127810326,-0.041265453135784114,-0.05080822792290781,0.009542774787123696,13.47075416143197,13.073499917984009,12.676245674536048,64.58332588275475,53.640102544096806,NICK
2013-02-20,13.220000267028809,13.5,13.0,13.15999984741211,12.840336799621582,60600,13.051999855041505,12.986999988555908,13.057499933242799,13.175999946594239,13.001800003051757,13.047999997138977,52.025556491221344,-0.028297010820679702,-0.04630598450246219,0.01800897368178249,13.41138550026294,13.057499933242799,12.703614366222657,74.49540947634075,62.843090713862274,NICK
2013-02-21,13.149999618530273,13.399999618530273,13.140000343322754,13.270000457763672,12.94766616821289,14500,13.118000030517578,13.025,13.058499956130982,13.176599960327149,13.000700006484985,13.05,54.684573163285556,-0.009039099795666417,-0.038852607561103036,0.02981350776543662,13.414661483820502,13.058499956130982,12.702338428441461,78.91666938861412,72.66513491590325,NICK
2013-02-22,13.289999961853027,13.329999923706055,13.220000267028809,13.329999923706055,13.006207466125488,19400,13.218000030517578,13.076000022888184,13.065499973297118,13.178399963378906,12.999300003051758,13.053649997711181,56.11340135564304,0.010938299000482488,-0.02889442624878593,0.03983272524926842,13.436901439486862,13.065499973297118,12.694098507107375,75.33334096272809,76.24847327589436,NICK
2013-02-25,13.329999923706055,13.399999618530273,13.149999618530273,13.170000076293945,12.850095748901367,21800,13.236000061035156,13.1,13.060499954223634,13.17479995727539,12.99710000038147,13.053049998283386,51.454198490998756,0.013701933602760619,-0.02037515427847662,0.03407708788123724,13.423348425352659,13.060499954223634,12.697651483094608,75.66668192545596,76.63889742559944,NICK
2013-02-26,13.289999961853027,13.380000114440918,13.15999984741211,13.229999542236328,12.908636093139648,30600,13.231999969482422,13.126999950408935,13.053499937057495,13.163199939727782,13.000299997329712,13.052849993705749,53.02921581903539,0.020497309179976497,-0.012200661586785995,0.032697970766762494,13.397085432396628,13.053499937057495,12.709914441718363,74.3333180745445,75.11111365424289,NICK
2013-02-27,13.260000228881836,13.4399995803833,13.220000267028809,13.430000305175781,13.103779792785645,10700,13.286000061035157,13.16899995803833,13.056999969482423,13.153199939727783,12.999899997711182,13.054549994468688,57.929085846245165,0.04154221063102881,-0.0014520871432230336,0.042994297774251844,13.414161111703512,13.056999969482423,12.699838827261333,77.66666412353538,75.88888804117865,NICK
2013-02-28,13.470000267028809,13.600000381469727,13.460000038146973,13.550000190734863,13.220864295959473,8900,13.342000007629395,13.230000019073486,13.095499992370605,13.144399948120117,13.000299997329712,13.056799993515014,60.585791396404176,0.06712960622125408,0.01226425152967239,0.054865354691581686,13.489072211777351,13.095499992370605,12.70192777296386,86.79399598313789,79.59799272707262,NICK
2013-03-01,13.4399995803833,13.600000381469727,13.350000381469727,13.520000457763672,13.191593170166016,15000,13.380000114440918,13.299000072479249,13.118000030517578,13.124199962615966,13.00039999961853,13.059799995422363,59.57297206472969,0.08401856017918519,0.026615113259574948,0.05740344691961024,13.552493023569347,13.118000030517578,12.683507037465809,92.79776057355154,85.75280689340832,NICK
2013-03-04,13.520000457763672,13.619999885559082,13.270000457763672,13.5,13.172079086303711,18100,13.446000099182129,13.341000080108643,13.137000036239623,13.099399967193603,12.999799995422363,13.064049997329711,58.86643305060969,0.09469769203198197,0.04023162901405636,0.054466063017925614,13.602321597736877,13.137000036239623,12.67167847474237,90.47992352255433,90.02389335974796,NICK
2013-03-05,13.529999732971191,13.539999961853027,13.369999885559082,13.470000267028809,13.142807960510254,7600,13.494000244140626,13.363000106811523,13.164000034332275,13.119799976348878,12.998400001525878,13.067849998474122,57.75987235039548,0.0995922161579017,0.05210374644282543,0.047488469715076274,13.64067204842077,13.164000034332275,12.68732802024378,86.53864809609858,89.93877739740152,NICK
2013-03-06,13.59000015258789,13.640000343322754,13.430000305175781,13.489999771118164,13.162322044372559,16700,13.506000137329101,13.396000099182128,13.191500043869018,13.1403999710083,13.000199995040894,13.072049999237061,58.32233977098178,0.10388740528752649,0.06246047821176564,0.04142692707576085,13.676691894501486,13.191500043869018,12.70630819323655,83.85305964714281,86.95721042193195,NICK
2013-03-07,13.449999809265137,13.59000015258789,13.3100004196167,13.380000114440918,13.054994583129883,16600,13.472000122070312,13.407000064849854,13.216000032424926,13.154199981689453,13.001399993896484,13.076700000762939,54.05857233627561,0.09729377851411769,0.06942713827223605,0.027866640241881638,13.687101057257651,13.216000032424926,12.7448990075922,76.79250930826966,82.39473901717038,NICK
2013-03-08,13.420000076293945,13.430000305175781,13.180000305175781,13.34000015258789,13.015965461730957,37400,13.436000061035156,13.408000087738037,13.24200005531311,13.173199977874756,13.000099992752075,13.080250000953674,52.55398583836106,0.08782819045534573,0.07310734870885799,0.014720841746487745,13.67897159136764,13.24200005531311,12.80502851925858,66.98144877978794,75.87567257840017,NICK
2013-03-11,13.279999732971191,13.279999732971191,12.899999618530273,12.960000038146973,12.645195960998535,11900,13.32800006866455,13.38700008392334,13.24350004196167,13.182799987792968,12.997599992752075,13.08,40.90605006331923,0.04909784093304026,0.06830544715369444,-0.019207606220654178,13.676363942744702,13.24350004196167,12.81063614117864,42.032673520965425,61.93554386967437,NICK
2013-03-12,12.920000076293945,13.020000457763672,12.640000343322754,12.640000343322754,12.332969665527344,8000,13.16200008392334,13.328000164031982,13.227500057220459,13.18840000152588,12.990299997329712,13.080300002098083,34.060020991637415,-0.007333010740589785,0.053177755574837594,-0.06051076631542738,13.720567076370108,13.227500057220459,12.73443303807081,20.41105073830974,43.14172434635439,NICK
2013-03-13,12.6899995803833,13.220000267028809,12.670000076293945,13.220000267028809,12.898880004882812,11400,13.108000183105469,13.307000160217285,13.238000059127808,13.215200004577637,12.987100000381469,13.08375000476837,50.296763925775664,-0.005193849212146162,0.04150343461744084,-0.046697283829587,13.720932869690635,13.238000059127808,12.75506724856498,22.036049747381686,28.159924668885637,NICK
2013-03-14,13.59000015258789,13.59000015258789,13.0,13.130000114440918,12.811066627502441,7500,13.058000183105468,13.265000152587891,13.247500085830689,13.229800014495849,12.98289999961853,13.085850005149842,48.30894132905236,-0.010638178144597887,0.031075112065033092,-0.04171329020963098,13.713799386744494,13.247500085830689,12.781200784916884,35.66665649414085,26.037918993277447,NICK
2013-03-15,13.15999984741211,13.329999923706055,13.069999694824219,13.199999809265137,12.879365921020508,92300,13.030000114440918,13.233000087738038,13.266000080108643,13.23480001449585,12.980299997329713,13.088850002288819,49.965270756188154,-0.009198423981541026,0.02302040485571827,-0.032218828837259295,13.692211315365858,13.266000080108643,12.839788844851428,54.333305358886946,37.34533720013652,NICK
2013-03-18,13.069999694824219,13.25,13.069999694824219,13.170000076293945,12.850095748901367,7100,13.072000122070312,13.200000095367432,13.270500087738037,13.239000015258789,12.98079999923706,13.092900004386902,49.23710586720653,-0.010358727207828267,0.01634457844300896,-0.026703305650837228,13.690617934651257,13.270500087738037,12.850382240824818,52.6666323343915,47.55553139580646,NICK
2013-03-19,13.0,13.300000190734863,12.949999809265137,13.220000267028809,12.898880004882812,34400,13.188000106811524,13.175000095367432,13.269000101089478,13.242600021362305,12.983600006103515,13.098200006484985,50.53110113390471,-0.007161129309883663,0.011643436892430435,-0.018804566202314098,13.689613939561328,13.269000101089478,12.848386262617629,55.666637420654524,54.22219170464435,NICK
2013-03-20,13.210000038146973,13.279999732971191,13.069999694824219,13.239999771118164,13.036730766296387,16200,13.192000007629394,13.150000095367432,13.27300009727478,13.248000011444091,12.98380000114441,13.10085000514984,51.06839027796454,-0.002978878444709565,0.008718973825002436,-0.011697852269712001,13.690904385364208,13.27300009727478,12.855095809185352,56.9999694824221,55.111079745822735,NICK
2013-03-21,14.75,15.149999618530273,14.600000381469727,14.84000015258789,14.612166404724121,305700,13.534000015258789,13.296000099182129,13.351500082015992,13.282800006866456,13.001100006103515,13.11345000743866,74.72218703816809,0.12796711922723958,0.03256860290544987,0.09539851632178971,14.152181690827339,13.351500082015992,12.550818473204645,68.54978508380128,60.405463995626,NICK
2013-03-22,14.859999656677246,14.989999771118164,14.640000343322754,14.75,14.523548126220703,56600,13.844000053405761,13.43700008392334,13.422500085830688,13.29900001525879,13.016000003814698,13.124050006866455,72.59633089623372,0.22192232324551853,0.0704393469734636,0.15148297627205493,14.428479702562996,13.422500085830688,12.41652046909838,77.23770616564495,67.59582024395614,NICK
2013-03-25,14.899999618530273,15.010000228881836,14.729999542236328,14.779999732971191,14.55308723449707,39000,14.16599998474121,13.619000053405761,13.503000068664551,13.318000011444092,13.028900003433227,13.134150004386902,72.87336867035819,0.2953980620923513,0.11543108999724114,0.17996697209511017,14.66139715419694,13.503000068664551,12.344602983132162,85.65738005452306,77.14829043465646,NICK
2013-03-26,14.760000228881836,14.9399995803833,13.880000114440918,14.350000381469727,14.12968921661377,89700,14.392000007629395,13.790000057220459,13.55900011062622,13.330000019073486,13.040000009536744,13.141950006484985,63.036488486038756,0.31529622189995443,0.15540411637778379,0.15989210552217065,14.766441967389348,13.55900011062622,12.351558253863093,79.15007709819515,80.68172110612107,NICK
2013-03-27,14.010000228881836,14.800000190734863,14.010000228881836,14.630000114440918,14.405390739440918,54400,14.670000076293945,13.93100004196167,13.619000101089478,13.346400012969971,13.056200008392334,13.15220000743866,66.23286042057693,0.3496289899417899,0.19424909109058502,0.1553798988512049,14.911128521067234,13.619000101089478,12.326871681111722,77.55645265980878,80.787969937509,NICK
2013-03-28,14.710000038146973,14.869999885559082,14.369999885559082,14.699999809265137,14.474315643310547,81300,14.642000007629395,14.088000011444091,13.676500082015991,13.366600017547608,13.075800008773804,13.161200008392335,67.00111743296046,0.3781275275680436,0.23102477838607674,0.14710274918196684,15.050956606893129,13.676500082015991,12.302043557138854,76.49403636755123,77.73352204185174,NICK
2013-04-01,14.460000038146973,14.800000190734863,14.460000038146973,14.739999771118164,14.513701438903809,16600,14.639999961853027,14.242000007629395,13.737500047683715,13.394400005340577,13.103100004196166,13.17255000591278,67.45675676457907,0.39933717619719644,0.26468725794830067,0.13464991824889577,15.185103117173892,13.737500047683715,12.28989697819354,81.67331262605656,78.57460055113887,NICK
2013-04-02,14.890000343322754,14.890000343322754,14.5600004196167,14.789999961853027,14.562933921813965,34000,14.642000007629395,14.403999996185302,13.802000045776367,13.422600002288819,13.129500007629394,13.18305000782013,68.0506129311577,0.4153921904672959,0.2948282444520997,0.12056394601519621,15.315004872971876,13.802000045776367,12.288995218580858,83.74031256972592,80.63588718777793,NICK
2013-04-03,14.75,14.880000114440918,14.569999694824219,14.640000343322754,14.415237426757812,29000,14.7,14.546000003814697,13.860500049591064,13.446200008392333,13.153600015640258,13.193500008583069,64.26201964103791,0.41127130967971937,0.31811685749762364,0.09315445218209573,15.407722959986154,13.860500049591064,12.313277139195973,81.98914496442096,82.46759005340117,NICK
2013-04-04,14.6899995803833,14.850000381469727,14.569999694824219,14.850000381469727,14.622013092041016,14400,14.744000053405761,14.707000064849854,13.928500080108643,13.473600025177001,13.183600015640259,13.20395000934601,67.02950489648056,0.4201079866392998,0.33851508332595887,0.08159290331334096,15.523420394086049,13.928500080108643,12.333579766131237,82.8885882486461,82.87268192759768,NICK
2013-04-05,14.600000381469727,14.770000457763672,14.40999984741211,14.720000267028809,14.494009017944336,13300,14.748000144958496,14.695000076293946,13.995500087738037,13.503000030517578,13.212800016403198,13.213100008964538,63.73894914547642,0.41187337414067215,0.3531867414889015,0.058686632651770654,15.605139448141433,13.995500087738037,12.385860727334641,81.2121519503872,82.02996172115144,NICK
2013-04-08,14.720000267028809,14.779999732971191,14.449999809265137,14.550000190734863,14.326618194580078,16000,14.710000228881835,14.675000095367432,14.056000089645385,13.530200042724609,13.239500017166138,13.221900010108948,59.61734801888535,0.38716678134889015,0.35998274946089925,0.0271840318879909,15.65345303401811,14.056000089645385,12.45854714527266,79.8485131565888,81.31641778520738,NICK
2013-04-09,14.529999732971191,15.199999809265137,14.4399995803833,14.770000457763672,14.543241500854492,59500,14.706000328063965,14.67400016784668,14.14650011062622,13.56020004272461,13.266900024414063,13.23185001373291,62.955764195181715,0.3809474860032225,0.3641756967693639,0.01677178923385858,15.689487789401612,14.14650011062622,12.60351243185083,77.66470257088774,79.57512255928793,NICK
2013-04-10,14.770000457763672,15.289999961853027,14.649999618530273,14.9399995803833,14.710630416870117,32300,14.766000175476075,14.733000087738038,14.261500072479247,13.591600036621093,13.295500020980835,13.242500009536743,65.34017027241228,0.38529472038863055,0.3683995014932172,0.016895218895413344,15.675689233755689,14.261500072479247,12.847310911202806,75.90560323304277,77.8062729868398,NICK
2013-04-11,14.960000038146973,14.960000038146973,14.680000305175781,14.800000190734863,14.57278060913086,16800,14.756000137329101,14.750000095367431,14.34050006866455,13.620400047302246,13.324700021743775,13.253450012207031,61.81163888901975,0.3731418077512405,0.36934796274482184,0.0037938450064186613,15.688097594932781,14.34050006866455,12.992902542396319,73.41258424978868,75.66096335123974,NICK
2013-04-12,14.609999656677246,14.770000457763672,14.609999656677246,14.739999771118164,14.513701438903809,9000,14.760000038146973,14.754000091552735,14.421000051498414,13.659600048065185,13.353600015640259,13.262850012779236,60.30847984917153,0.3545816084476652,0.36639469188539053,-0.011813083437725358,15.657509686914247,14.421000051498414,13.18449041608258,67.13946823294746,72.15255190525966,NICK
2013-04-15,14.529999732971191,14.649999618530273,14.170000076293945,14.270000457763672,14.050918579101562,40400,14.704000091552734,14.707000160217286,14.47450008392334,13.683600063323974,13.37860001564026,13.27020001411438,50.04248266444768,0.298506502988408,0.352817054105994,-0.05431055111758604,15.580799736708776,14.47450008392334,13.368200431137904,51.300243761887316,63.9507654148745,NICK
2013-04-16,14.359999656677246,14.789999961853027,14.359999656677246,14.640000343322754,14.415237426757812,16000,14.67800006866455,14.692000198364259,14.54800009727478,13.714000072479248,13.405200023651123,13.27940001487732,56.34286671582688,0.2806868926818691,0.33839102182116904,-0.05770412913929995,15.479356058813545,14.54800009727478,13.616644135736015,45.95708702395458,54.798933006263134,NICK
2013-04-17,14.380000114440918,14.5,14.380000114440918,14.380000114440918,14.159229278564453,25200,14.566000175476074,14.666000175476075,14.606000089645386,13.74300006866455,13.430600023269653,13.287800016403198,51.434081929298095,0.24278618950888564,0.31927005535871233,-0.0764838658498267,15.317966394784529,14.606000089645386,13.894033784506243,31.876125446956646,43.04448541093286,NICK
2013-04-18,14.359999656677246,14.670000076293945,14.359999656677246,14.59000015258789,14.366004943847656,15400,14.52400016784668,14.640000152587891,14.673500108718873,13.776000080108643,13.455600023269653,13.297950015068054,54.855236971718604,0.22707725200891282,0.3008314946887524,-0.0737542426798396,15.013398380129077,14.673500108718873,14.333601837308668,35.156261724688065,37.663158065199774,NICK
2013-04-19,14.619999885559082,15.0,14.619999885559082,15.0,14.769709587097168,13700,14.576000213623047,14.66800012588501,14.681500101089478,13.818200073242188,13.483200025558471,13.308850016593933,60.67912868260505,0.24488844547617994,0.2896428848462379,-0.04475443937005796,15.043509518474771,14.681500101089478,14.319490683704185,43.45238652764612,36.82825789976363,NICK
2013-04-22,15.0,15.0,14.84000015258789,14.850000381469727,14.622013092041016,13600,14.692000198364259,14.698000144958495,14.686500120162965,13.858800086975098,13.50620002746582,13.318750019073486,57.744149369985365,0.24408655118200961,0.2805316181133922,-0.03644506693138261,15.054862494979044,14.686500120162965,14.318137745346885,57.44049114232334,45.34971313155253,NICK
2013-04-23,15.010000228881836,15.010000228881836,14.600000381469727,14.770000457763672,14.543241500854492,30700,14.718000221252442,14.698000144958495,14.686000156402589,13.895600090026855,13.52870002746582,13.32780002117157,56.18331377347733,0.23429491300709593,0.271284277092133,-0.03698936408503706,15.053880388383012,14.686000156402589,14.318119924422165,62.79764362946931,54.56350709981294,NICK
2013-04-24,14.800000190734863,14.890000343322754,14.680000305175781,14.789999961853027,14.562933921813965,93400,14.800000190734863,14.683000183105468,14.708000135421752,13.932200088500977,13.551600027084351,13.337450022697448,56.499872319217005,0.22554877615345603,0.2621371769043976,-0.03658840075094155,15.044130900051437,14.708000135421752,14.371869370792067,56.54764185552136,58.928592209104686,NICK
2013-04-25,14.789999961853027,14.949999809265137,14.6899995803833,14.75,14.523548126220703,25700,14.832000160217286,14.678000164031982,14.714000129699707,13.96700008392334,13.570600023269654,13.347500023841858,55.634145310757496,0.21293515315844402,0.25229677215520685,-0.039361618996762826,15.048628114595338,14.714000129699707,14.379372144804076,53.57143972195869,57.63890840231647,NICK
2013-04-26,14.760000228881836,14.960000038146973,14.699999809265137,14.75,14.523548126220703,21500,14.782000160217285,14.679000186920167,14.71650013923645,14.003200092315673,13.590600023269653,13.357800025939941,55.634145310757496,0.20062607356795326,0.24196263243775612,-0.041336558869802864,15.051419359978615,14.71650013923645,14.381580918494285,52.97618794197933,54.3650898398198,NICK
2013-04-29,14.75,14.75,14.600000381469727,14.710000038146973,14.484162330627441,17300,14.754000091552735,14.723000144958496,14.71500015258789,14.040800094604492,13.608900022506713,13.367650027275085,54.66275364613657,0.18550499062338943,0.23067110407488278,-0.04516611345149335,15.049753626514462,14.71500015258789,14.380246678661319,50.59523758839603,52.380955084111356,NICK
2013-04-30,14.729999542236328,14.770000457763672,14.600000381469727,14.619999885559082,14.395543098449707,18600,14.723999977111816,14.72100009918213,14.706500148773193,14.071600093841553,13.624300022125244,13.377250027656554,52.44396064737676,0.16436447197749438,0.2174097776554051,-0.053045305677910715,15.041837149290158,14.706500148773193,14.371163148256228,51.19046537784438,51.587296969406594,NICK
2013-05-01,14.550000190734863,14.59000015258789,14.199999809265137,14.239999771118164,14.021377563476562,49800,14.613999938964843,14.707000064849854,14.686500120162965,14.091400089263916,13.635300016403198,13.385050024986267,44.2727414409129,0.11561488872998105,0.1970507998703203,-0.08143591114033924,15.078279362828214,14.686500120162965,14.294720877497715,36.70632628582232,46.16400975068759,NICK
2013-05-02,14.350000381469727,14.65999984741211,14.350000381469727,14.420000076293945,14.198615074157715,19200,14.547999954223632,14.690000057220459,14.665000104904175,14.116600093841553,13.646300020217895,13.392700023651123,48.37589798189618,0.0904622209149828,0.17573308407925278,-0.08527086316426999,15.065624567394826,14.665000104904175,14.264375642413524,30.555530326081065,39.484107329915936,NICK
2013-05-03,14.600000381469727,15.130000114440918,13.819999694824219,14.489999771118164,14.267539978027344,42600,14.495999908447265,14.639000034332275,14.653500080108643,14.141000080108643,13.658800020217896,13.40035002231598,49.920159788361644,0.07530882753120594,0.1556482327696434,-0.08033940523843747,15.060305902907476,14.653500080108643,14.246694257309809,29.746740817979088,32.33619914329417,NICK
2013-05-06,14.449999809265137,14.539999961853027,14.270000457763672,14.420000076293945,14.198615074157715,16600,14.43799991607666,14.596000003814698,14.647000074386597,14.1628000831604,13.670600023269653,13.406650023460388,48.36218989364618,0.05699426928122797,0.13591744007196033,-0.07892317079073236,15.06423380037445,14.647000074386597,14.229766348398744,42.23615604371248,34.179475729257554,NICK
2013-05-07,14.399999618530273,14.399999618530273,14.119999885559082,14.229999542236328,14.011530876159668,34000,14.359999847412109,14.541999912261963,14.62000002861023,14.184000072479249,13.67940001487732,13.41190001964569,44.31906597750747,0.02683901130549593,0.11410175431866745,-0.08726274301317152,15.070466500297572,14.62000002861023,14.169533556922888,42.74808567535549,38.24366084568236,NICK
2013-05-08,14.329999923706055,14.350000381469727,14.149999618530273,14.260000228881836,14.041070938110352,16700,14.363999938964843,14.488999938964843,14.586000061035156,14.204600086212158,13.683900012969971,13.418550019264222,45.099521716619925,0.005300456426653,0.09234149474026457,-0.08704103831361157,15.037371393164323,14.586000061035156,14.134628728905989,36.895681895117896,40.62664120472863,NICK
2013-05-09,14.170000076293945,14.479999542236328,14.170000076293945,14.34000015258789,14.119843482971191,15500,14.347999954223633,14.447999954223633,14.563000059127807,14.2228000831604,13.688000011444093,13.42565001964569,47.223854242515664,-0.005253123498187406,0.07282257109257417,-0.07807569459076158,15.015287643531899,14.563000059127807,14.110712474723716,34.860061078816614,38.16794288309668,NICK
2013-05-10,14.350000381469727,14.489999771118164,14.09000015258789,14.1899995803833,13.972145080566406,30400,14.28799991607666,14.391999912261962,14.535500049591064,14.23560007095337,13.690000009536742,13.431800017356872,43.801511550587705,-0.025427590754787843,0.053172538723101764,-0.07860012947788961,15.007833775602313,14.535500049591064,14.063166323579816,33.842250670665976,35.19933121486684,NICK
2013-05-13,14.079999923706055,14.09000015258789,13.75,13.859999656677246,13.647211074829102,54100,14.17599983215332,14.30699987411499,14.515000009536744,14.242400054931641,13.683300008773804,13.436750016212464,37.382905450080564,-0.06726880441950378,0.029084270094580655,-0.09635307451408444,15.061425019645082,14.515000009536744,13.968574999428405,25.303308232252505,31.335206660578375,NICK
2013-05-14,13.859999656677246,14.25,13.800000190734863,14.0,13.785062789916992,36100,14.129999923706055,14.244999885559082,14.482999992370605,14.252400054931641,13.675900011062621,13.44230001449585,41.31207123688755,-0.08811566745962374,0.005644282583739776,-0.09375995004336352,15.069859662609478,14.482999992370605,13.896140322131732,18.110395502001,25.751984801639836,NICK
2013-05-15,14.0,14.039999961853027,13.899999618530273,13.920000076293945,13.706291198730469,8900,14.061999893188476,14.21299991607666,14.459999990463256,14.261400051116944,13.69060001373291,13.44605001449585,39.77612821982921,-0.10982627295809522,-0.017449828524627224,-0.09237644443346799,15.095263918552671,14.459999990463256,13.824736062373841,12.801924855538124,18.738542863263884,NICK
2013-05-16,13.920000076293945,13.930000305175781,13.649999618530273,13.699999809265137,13.489668846130371,32200,13.933999824523926,14.140999889373779,14.41549997329712,14.265600051879883,13.703000011444091,13.44720001220703,35.83088331571933,-0.14313430400383353,-0.04258672362046849,-0.10054758038336505,15.128086318152313,14.41549997329712,13.702913628441927,11.271058582398943,14.061126313312698,NICK
2013-05-17,13.729999542236328,13.829999923706055,13.630000114440918,13.680000305175781,13.469975471496582,49700,13.831999969482421,14.059999942779541,14.349499988555909,14.27160005569458,13.712900018692016,13.448750014305114,35.48630107096862,-0.16919458159945933,-0.06790829521626665,-0.10128628638319268,15.077661511192808,14.349499988555909,13.62133846591901,6.343527089841525,10.138836842592873,NICK
2013-05-20,13.680000305175781,14.0,13.600000381469727,13.960000038146973,13.74567699432373,10100,13.852000045776368,14.013999938964844,14.30499997138977,14.284000053405762,13.728600015640259,13.452450013160705,43.65600128113818,-0.16534787359150016,-0.08739621089131336,-0.0779516627001868,15.013900606563821,14.30499997138977,13.59609933621572,10.080376538236804,9.2316540701591,NICK
2013-05-21,13.9399995803833,14.039999961853027,13.739999771118164,14.010000228881836,13.79490852355957,22900,13.854000091552734,13.992000007629395,14.266999959945679,14.30500005722046,13.743900022506715,13.458750014305116,44.99552656621939,-0.15646114556548518,-0.10120919782614772,-0.05525194773933746,14.95323897531967,14.266999959945679,13.580760944571688,17.886706601871662,11.436870076650004,NICK
2013-05-22,13.979999542236328,14.050000190734863,13.630000114440918,13.770000457763672,13.558594703674316,23100,13.82400016784668,13.943000030517577,14.215999984741211,14.327600059509278,13.758000030517579,13.462800016403198,40.07107274428284,-0.16686085725178934,-0.11433952971127605,-0.05252132754051329,14.890696877406981,14.215999984741211,13.541303092075442,20.479297264491944,16.148793468200143,NICK
2013-05-23,13.6899995803833,13.789999961853027,13.649999618530273,13.699999809265137,13.489668846130371,15800,13.82400016784668,13.878999996185303,14.163499975204468,14.337200050354005,13.776200027465821,13.464000015258788,38.73934062498311,-0.1786913285984717,-0.12720988948871517,-0.05148143910975653,14.827134608060799,14.163499975204468,13.499865342348137,16.182246703347833,18.182750189903818,NICK
2013-05-24,13.710000038146973,14.050000190734863,13.710000038146973,14.0,13.785062789916992,46200,13.888000106811523,13.860000038146973,14.125999975204468,14.354600048065185,13.792200031280517,13.467050013542176,46.88631726639309,-0.1619922088416832,-0.13416635335930877,-0.02782585548237443,14.735373357038394,14.125999975204468,13.516626593370543,22.231055990057232,19.63086665263234,NICK
2013-05-28,14.0,14.25,14.0,14.149999618530273,13.932759284973145,45500,13.926000022888184,13.889000034332275,14.097999954223633,14.373600044250487,13.804200029373169,13.470600013732911,50.43557992823038,-0.13509700631367494,-0.134352483950182,-0.0007445223634929277,14.645817346846979,14.097999954223633,13.550182561600288,39.12658646630637,25.846629719903813,NICK
2013-05-29,14.25,14.25,14.130000114440918,14.1899995803833,13.972145080566406,18300,13.961999893188477,13.907999992370605,14.076499938964844,14.394000034332276,13.816500024795532,13.474550013542176,51.36883530786527,-0.10929481926996587,-0.12934095101413878,0.020046131744172913,14.571929947761195,14.076499938964844,13.581069930168493,57.677869311525455,39.67850392262969,NICK
2013-05-30,14.279999732971191,14.819999694824219,14.279999732971191,14.819999694824219,14.592473030090332,41600,14.171999740600587,13.997999954223634,14.105499935150146,14.426000022888184,13.834300022125245,13.48140001296997,63.140659509868726,-0.03757748616898127,-0.11098825804510729,0.07341077187612602,14.694820588844664,14.105499935150146,13.516179281455628,76.0299332498959,57.611463009242584,NICK
2013-05-31,14.680000305175781,14.979999542236328,14.680000305175781,14.84000015258789,14.612166404724121,22200,14.399999809265136,14.111999988555908,14.126499938964844,14.458000030517578,13.853000020980835,13.488900012969971,63.443198448490335,0.020635019143924183,-0.08466360260730099,0.10529862175122517,14.785021676158895,14.126499938964844,13.467978201770794,85.38240026890543,73.03006761010893,NICK
2013-06-03,14.789999961853027,14.970000267028809,14.649999618530273,14.6899995803833,14.464468002319336,49900,14.537999725341797,14.21299991607666,14.136499929428101,14.455000019073486,13.86890001296997,13.4955500125885,59.498810140347445,0.0540420928269576,-0.056922463520449273,0.11096455634740687,14.822306624277825,14.136499929428101,13.450693234578377,89.61353591783859,83.67528981221331,NICK
2013-06-04,14.760000228881836,14.819999694824219,14.609999656677246,14.640000343322754,14.415237426757812,35100,14.635999870300292,14.280999946594239,14.147499942779541,14.452800025939942,13.875900020599365,13.502050013542176,58.199920860445076,0.07561131862134829,-0.03041570709208976,0.10602702571343806,14.857763899509468,14.147499942779541,13.437235986049615,81.4009898868999,85.46564202454796,NICK
2013-06-05,14.670000076293945,14.779999732971191,14.210000038146973,14.270000457763672,14.050918579101562,17100,14.652000045776367,14.306999969482423,14.149499988555908,14.44260004043579,13.880300025939942,13.506650013923645,49.575095554558004,0.06213295686441711,-0.011905974300788384,0.07403893116520549,14.860906290151258,14.149499988555908,13.438093686960558,67.63287294332197,79.54913291602014,NICK
2013-06-06,14.239999771118164,14.380000114440918,14.1899995803833,14.380000114440918,14.159229278564453,11300,14.564000129699707,14.367999935150147,14.155499982833863,14.443200035095215,13.88660002708435,13.511150016784669,51.85919839580493,0.05963982032979942,0.0024031846253291765,0.05723663570447024,14.872534798730648,14.155499982833863,13.438465166937078,60.14495858424909,69.72627380482363,NICK
2013-06-07,14.430000305175781,14.869999885559082,14.430000305175781,14.75,14.523548126220703,11300,14.546000099182129,14.472999954223633,14.175999975204467,14.445600032806396,13.896000022888183,13.516400017738341,58.6448977304618,0.0865225125443736,0.01922705020913806,0.06729546233523553,14.935167888128726,14.175999975204467,13.416832062280209,62.801956738174056,63.5265960885817,NICK
2013-06-10,14.850000381469727,15.020000457763672,14.699999809265137,14.75,14.523548126220703,56500,14.558000183105468,14.547999954223632,14.203999996185303,14.446600036621094,13.90660002708435,13.522300019264222,58.644897730461786,0.106598439350158,0.03670132803734205,0.06989711131281595,15.003409730438053,14.203999996185303,13.404590261932553,73.47687398536091,65.474596435928,NICK
2013-06-11,14.699999809265137,14.890000343322754,14.65999984741211,14.65999984741211,14.434928894042969,27800,14.56200008392334,14.598999977111816,14.244000005722047,14.445000038146972,13.919700021743774,13.527850017547607,56.40211249526743,0.11393314545195032,0.0521476915202637,0.06178545393168662,15.050582826214516,14.244000005722047,13.437417185229577,79.33651657122886,71.87178243158793,NICK
2013-06-12,14.770000457763672,14.829999923706055,14.630000114440918,14.640000343322754,14.415237426757812,4400,14.636000061035157,14.644000053405762,14.276000022888184,14.442000045776368,13.932300024032592,13.533600020408631,55.89059924786228,0.11678592460204484,0.06507533813661993,0.05171058646542491,15.092048976589313,14.276000022888184,13.459951069187055,75.6463252350814,76.15323859722372,NICK
2013-06-13,14.510000228881836,15.100000381469727,14.5,15.020000457763672,14.789403915405273,48800,14.764000129699706,14.664000129699707,14.33100004196167,14.449600048065186,13.94790002822876,13.541350021362305,62.79481249481136,0.1480035136966702,0.08166097324862999,0.06634254044804021,15.190765139804311,14.33100004196167,13.471234944119027,80.20269183288686,78.39517787973237,NICK
2013-06-14,14.949999809265137,14.989999771118164,14.640000343322754,14.680000305175781,14.454623222351074,8800,14.750000190734863,14.648000144958496,14.380000066757201,14.446200046539307,13.959900035858155,13.546900024414063,54.56520869207644,0.1436525697473101,0.09405929254836601,0.0495932771989441,15.201169958899277,14.380000066757201,13.558830174615126,76.10852723695076,77.319181434973,NICK
2013-06-17,14.859999656677246,15.100000381469727,14.720000267028809,14.989999771118164,14.75986385345459,32600,14.798000144958497,14.678000164031982,14.445500040054322,14.451600036621095,13.977300033569335,13.553400025367736,59.7453090459623,0.16333594633227655,0.10791462330514812,0.05542132302712843,15.241476798744046,14.445500040054322,13.649523281364598,81.57417778792,79.2951322859192,NICK
2013-06-18,15.029999732971191,15.140000343322754,14.829999923706055,15.0,14.769709587097168,37500,14.866000175476074,14.714000129699707,14.497500038146972,14.460600032806397,13.995400037765503,13.561050024032593,59.9041209500896,0.17769375597395154,0.1218704498389088,0.055823306135042744,15.295694871450985,14.497500038146972,13.69930520484296,78.58035190916003,78.7543523113436,NICK
2013-06-19,14.90999984741211,15.270000457763672,14.729999542236328,15.100000381469727,14.988080024719238,42900,14.958000183105469,14.797000122070312,14.552000045776367,14.467200031280518,14.013700037002563,13.567500023841857,61.53819819261705,0.1948949904717221,0.13647535796547144,0.05841963250625065,15.358414398650194,14.552000045776367,13.74558569290254,86.06071086220815,82.07174685309606,NICK
2013-06-20,15.029999732971191,15.369999885559082,15.029999732971191,15.239999771118164,15.127041816711426,39400,15.002000045776366,14.883000087738036,14.625500011444093,14.473200035095214,14.032400035858155,13.575000023841858,63.76465566500132,0.2173187580932492,0.152644037991027,0.0646747201022222,15.400780078253437,14.625500011444093,13.850219944634748,86.16848085717307,83.60318120951375,NICK
2013-06-21,15.300000190734863,15.550000190734863,14.819999694824219,14.979999542236328,14.86896800994873,133800,15.061999893188476,14.90600004196167,14.689499998092652,14.476800022125245,14.048600034713745,13.581050019264222,57.14827920717905,0.21166991095608623,0.16444921258403883,0.0472206983720474,15.351692604097522,14.689499998092652,14.027307392087781,77.11017180027883,83.11312117322002,NICK
2013-06-24,14.880000114440918,15.069999694824219,14.260000228881836,14.970000267028809,14.85904312133789,23900,15.057999992370606,14.92800006866455,14.738000011444091,14.481400032043457,14.070500040054322,13.586750020980835,56.90373328597116,0.20403432032259694,0.17236623413175045,0.03166808619084649,15.329391652379226,14.738000011444091,14.146608370508957,68.14140544800692,77.14001936848628,NICK
2013-06-25,15.0,15.369999885559082,14.920000076293945,15.239999771118164,15.127041816711426,43200,15.105999946594238,14.986000061035156,14.792500019073486,14.500800018310548,14.09220004081726,13.593400020599365,61.67289853230824,0.2172652645077875,0.18134604020695785,0.03591922430082964,15.35740260268481,14.792500019073486,14.227597435462163,64.2156780247359,69.82241842434057,NICK
2013-06-26,15.25,15.319999694824219,14.979999542236328,15.130000114440918,15.017857551574707,9500,15.111999893188477,15.035000038146972,14.839500045776367,14.51060001373291,14.11230004310608,13.599100022315978,58.817151371249835,0.21638053005175806,0.1883529381759179,0.02802759187584017,15.349851714805387,14.839500045776367,14.329148376747346,67.33356041412327,66.56354796228871,NICK
2013-06-27,15.270000457763672,15.270000457763672,14.5600004196167,15.0,14.88882064819336,56600,15.063999938964844,15.032999992370605,14.848500061035157,14.523000011444092,14.133000040054322,13.60530002117157,55.543761249896185,0.20285110754474545,0.1912525720496834,0.01159853549506204,15.363486293186762,14.848500061035157,14.333513828883552,67.33734678513589,66.29552840799836,NICK
2013-06-28,15.0,16.959999084472656,15.0,15.119999885559082,15.007930755615234,101800,15.092000007629395,15.076999950408936,14.862500047683715,14.533600006103516,14.154800043106079,13.612150020599366,57.87433235725084,0.1995120795562748,0.19290447355100168,0.006607606005273131,15.390851069312045,14.862500047683715,14.334149026055385,52.21934375455704,62.296750317938745,NICK
2013-07-01,15.239999771118164,15.630000114440918,14.920000076293945,15.149999618530273,15.037708282470703,49700,15.127999877929687,15.092999935150146,14.885500049591064,14.536599998474122,14.177400035858154,13.619700016975402,58.46062020241782,0.19701553114641435,0.19372668507008423,0.003288846076330121,15.421801009974702,14.885500049591064,14.349199089207426,40.72637733482387,53.42768929150561,NICK
2013-07-02,15.3100004196167,15.3100004196167,15.079999923706055,15.170000076293945,15.057560920715332,8800,15.113999938964843,15.109999942779542,14.912000036239624,14.542999992370605,14.200900039672852,13.627000017166138,58.87159312692704,0.19440983279907975,0.19386331461588333,0.0005465181831964261,15.449534923314008,14.912000036239624,14.374465149165239,32.83950643447888,41.92840917461994,NICK
2013-07-03,15.050000190734863,15.289999961853027,15.050000190734863,15.25,15.136967658996582,6300,15.13799991607666,15.124999904632569,14.961000013351441,14.552599983215332,14.224100036621094,13.635000019073486,60.55273520568599,0.19653459487046554,0.19439757066679977,0.002137024203665766,15.429781270593969,14.961000013351441,14.492218756108914,34.44444679919706,36.00344352283329,NICK
2013-07-05,15.479999542236328,15.479999542236328,15.130000114440918,15.229999542236328,15.117115020751953,16300,15.183999824523926,15.123999881744385,15.003499984741211,14.561399974822997,14.246800031661987,13.642900018692016,59.8935947656851,0.194364105903988,0.1943908777142374,-2.6771810249404115e-05,15.402863039705796,15.003499984741211,14.604136929776626,35.4321005969064,34.23868461019413,NICK
2013-07-08,15.199999809265137,15.359999656677246,15.149999618530273,15.25,15.136967658996582,25200,15.20999984741211,15.150999927520752,15.028499984741211,14.571399974822999,14.269200029373168,13.6507000207901,60.35830378835506,0.1920440829067953,0.193921518752749,-0.0018774358459536789,15.42383636394549,15.028499984741211,14.633163605536932,36.41975439461575,35.432100596906416,NICK
2013-07-09,15.350000381469727,15.359999656677246,15.229999542236328,15.300000190734863,15.186596870422363,18300,15.239999961853027,15.183999919891358,15.055999994277954,14.582399978637696,14.292800035476684,13.65865002155304,61.5575137927943,0.1920264837179655,0.1935425117457923,-0.001516028027826799,15.446507196125873,15.055999994277954,14.665492792430035,37.037040961624584,36.29629865104893,NICK
2013-07-10,15.34000015258789,15.430000305175781,15.210000038146973,15.329999923706055,15.216374397277832,18100,15.271999931335449,15.192999935150146,15.089499998092652,14.594799976348877,14.317800035476685,13.667150020599365,62.294531241292994,0.19221750027464246,0.19327750945156233,-0.0010600091769198683,15.452348234514552,15.089499998092652,14.726651761670752,38.271614095642256,37.242803150627545,NICK
2013-07-11,15.460000038146973,15.460000038146973,14.989999771118164,15.270000457763672,15.156820297241211,18500,15.276000022888184,15.206999969482421,15.121000003814697,14.60779998779297,14.339700040817261,13.675150022506713,59.82418530316003,0.18539036211396187,0.19170007998404223,-0.006309717870080361,15.427261226455238,15.121000003814697,14.814738781174155,38.518533431950594,37.942396163072495,NICK
2013-07-12,15.220000267028809,15.220000267028809,15.010000228881836,15.010000228881836,14.898746490478516,5700,15.232000160217286,15.207999992370606,15.120499992370606,14.623199996948243,14.357300043106079,13.682250022888184,50.48187372579903,0.15718799501614278,0.18479766299046235,-0.027609667974319574,15.4274510386206,15.120499992370606,14.813548946120612,34.93828547181372,37.24281099980221,NICK
2013-07-15,14.979999542236328,15.34000015258789,14.979999542236328,15.220000267028809,15.107190132141113,11500,15.226000213623047,15.218000030517578,15.147499990463256,14.639200000762939,14.377900047302246,13.689850025177002,56.40372222118276,0.15005294697098748,0.17784871978656738,-0.027795772815579906,15.380898814911392,15.147499990463256,14.91410116601512,30.895076744030323,34.783965215931566,NICK
2013-07-16,15.1899995803833,15.300000190734863,15.050000190734863,15.220000267028809,15.107190132141113,18200,15.210000228881835,15.225000095367431,15.159000015258789,14.653800010681152,14.397400045394898,13.699050025939941,56.40372222118276,0.1427528045199864,0.17082953673325119,-0.028076732213264788,15.382687304066685,15.159000015258789,14.935312726450892,27.592602477647944,31.14198823116401,NICK
2013-07-17,15.25,15.350000381469727,15.119999885559082,15.25,15.136967658996582,15500,15.194000244140625,15.233000087738038,15.17150001525879,14.670400009155273,14.416600046157837,13.707950024604797,57.25073339556738,0.1377996481982997,0.1642235590262609,-0.026423910827961195,15.3860017673452,15.17150001525879,14.95699826317238,27.91667213042904,28.80145045070245,NICK
2013-07-18,15.25,15.270000457763672,15.010000228881836,15.199999809265137,15.0873384475708,11800,15.180000114440919,15.228000068664551,15.17649998664856,14.68980001449585,14.43690004348755,13.71700002193451,55.32155210958548,0.12835998460333187,0.15705084414167508,-0.028690859538343216,15.388752220836706,15.17649998664856,14.964247752460414,23.32516374338896,26.27814611715533,NICK
2013-07-19,15.109999656677246,15.25,15.029999732971191,15.1899995803833,15.077411651611328,17200,15.215999984741211,15.224000072479248,15.173999977111816,14.70840000152588,14.456500043869019,13.728400020599365,54.92292338166196,0.11870370586908585,0.14938141648715725,-0.030677710618071397,15.384371111082098,15.173999977111816,14.963628843141533,26.834526471267157,26.0254541150284,NICK
2013-07-22,15.180000305175781,15.239999771118164,15.149999618530273,15.229999542236328,15.117115020751953,13700,15.217999839782715,15.222000026702881,15.186499977111817,14.726199989318848,14.474500036239624,13.737200016975402,56.279952549842406,0.11297637668529781,0.14210040852678535,-0.02912403184148754,15.37815323307226,15.186499977111817,14.994846721151374,33.91786030130614,28.02585017198744,NICK
2013-07-23,15.199999809265137,15.199999809265137,15.0,15.039999961853027,14.928524017333984,18200,15.181999778747558,15.196000003814698,15.189999961853028,14.743199996948242,14.489400033950806,13.744850015640258,48.76959914437642,0.09204501120662201,0.13208932906275267,-0.04004431785613066,15.367763841616167,15.189999961853028,15.012236082089888,33.34272701589227,31.36503792948854,NICK
2013-07-24,15.119999885559082,15.119999885559082,14.819999694824219,15.010000228881836,14.898746490478516,21700,15.133999824523926,15.164000034332275,15.178499984741212,14.766200008392333,14.504300031661987,13.752350015640259,47.687515633332474,0.07220370615062244,0.12011220448032663,-0.04790849832970419,15.370986305405193,15.178499984741212,14.98601366407723,30.262683428212892,32.50775691513712,NICK
2013-07-25,15.010000228881836,15.210000038146973,14.949999809265137,15.1899995803833,15.077411651611328,19100,15.13199977874756,15.155999946594239,15.18149995803833,14.79,14.52120002746582,13.760500011444092,54.2469960695861,0.0701946124954631,0.11012868608335392,-0.03993407358789082,15.372735375625883,15.18149995803833,14.990264540450777,32.866833796743244,32.15741474694949,NICK
2013-07-26,15.180000305175781,15.949999809265137,15.180000305175781,15.9399995803833,15.821852684020996,103500,15.281999778747558,15.248999881744385,15.228499937057496,14.830399990081787,14.545900020599365,13.772150011062623,70.72090718136361,0.12764965749503254,0.11363288036568965,0.014016777129342892,15.597567520698297,15.228499937057496,14.859432353416695,61.90514718309129,41.67822146934916,NICK
2013-07-29,15.989999771118164,16.110000610351562,15.289999961853027,15.90999984741211,15.792075157165527,19500,15.417999839782714,15.317999839782715,15.267999935150147,14.874599990844727,14.570100021362304,13.7851500082016,69.64076372373235,0.1688164558474785,0.12466959546204742,0.044146860385431086,15.737578315428477,15.267999935150147,14.798421554871817,80.47451702656583,58.41549933546681,NICK
2013-07-30,15.899999618530273,15.899999618530273,15.569999694824219,15.720000267028809,15.603484153747559,13600,15.553999900817871,15.367999839782716,15.296499967575073,14.915399990081788,14.593500022888184,13.797450008392333,63.07054076833049,0.18398914950217815,0.13653350627007357,0.04745564323210458,15.80180274105971,15.296499967575073,14.791197194090437,84.45951222559698,75.61305881175139,NICK
2013-07-31,15.710000038146973,15.800000190734863,15.5600004196167,15.569999694824219,15.454595565795898,27200,15.665999794006348,15.399999809265136,15.316499948501587,14.947599983215332,14.615800018310546,13.80795000553131,58.3871657658251,0.18181398749450217,0.14558960251495928,0.03622438497954289,15.831758011616824,15.316499948501587,14.80124188538635,70.80100207196094,78.57834377470793,NICK
2013-08-01,15.670000076293945,15.880000114440918,15.210000038146973,15.489999771118164,15.375188827514648,18400,15.72599983215332,15.42899980545044,15.328499937057495,14.977199974060058,14.641100015640259,13.819350004196167,55.998844292196594,0.17165608616726935,0.15080289924542128,0.020853186921848066,15.84816411877812,15.328499937057495,14.80883575533687,59.94829462453374,71.73626964069723,NICK
2013-08-02,15.350000381469727,15.630000114440918,15.300000190734863,15.470000267028809,15.355337142944336,21500,15.631999969482422,15.45699987411499,15.340499973297119,15.011199970245361,14.669400014877318,13.829850006103516,55.38886902738711,0.16014601971667197,0.15267152333967143,0.007474496377000539,15.861593881728979,15.340499973297119,14.819406064865259,53.4883508888142,61.41254919510297,NICK
2013-08-05,15.380000114440918,15.859999656677246,15.380000114440918,15.699999809265137,15.583632469177246,38000,15.589999961853028,15.50399990081787,15.362999963760377,15.051199970245362,14.694200010299683,13.840650005340576,60.69172222638506,0.16765067735153316,0.15566735414204377,0.011983323209489388,15.904962914985095,15.362999963760377,14.821037012535658,56.84752458851593,56.76139003395463,NICK
2013-08-06,15.760000228881836,15.770000457763672,15.569999694824219,15.65999984741211,15.543928146362305,20400,15.577999877929688,15.56599988937378,15.380999946594239,15.084399967193603,14.719500007629394,13.851200003623962,59.369968693785644,0.1684289656942557,0.15821967645248616,0.010209289241769531,15.937125683158907,15.380999946594239,14.82487421002957,61.2402883002236,57.19205459251793,NICK
2013-08-07,15.720000267028809,15.75,15.550000190734863,15.65999984741211,15.543928146362305,8200,15.595999908447265,15.630999851226807,15.397499942779541,15.11459997177124,14.744100008010864,13.862200002670289,59.369968693785644,0.1671193173508705,0.15999960463216303,0.007119712718707455,15.966037385554895,15.397499942779541,14.828962500004188,66.14983469656937,61.412549195102976,NICK
2013-08-08,15.75,15.880000114440918,15.359999656677246,15.630000114440918,15.514151573181152,19100,15.623999977111817,15.674999904632568,15.415499925613403,15.143399982452392,14.768700008392335,13.874750003814697,58.266232873485244,0.161795604852216,0.16035880467617364,0.0014368001760423632,15.989519845597167,15.415499925613403,14.84148000562964,64.3410583362414,63.91039377767813,NICK
2013-08-09,15.600000381469727,15.789999961853027,15.5,15.609999656677246,15.494298934936523,13400,15.651999855041504,15.641999912261962,15.445499897003174,15.159199981689452,14.792600002288818,13.888100004196167,57.49875826980253,0.15418530236241068,0.15912410421342105,-0.004938801851010366,15.993750664144928,15.445499897003174,14.89724912986142,63.04906466055156,64.51331923112078,NICK
2013-08-12,15.630000114440918,15.630000114440918,15.140000343322754,15.510000228881836,15.395040512084961,12500,15.613999938964843,15.601999950408935,15.459999895095825,15.172599983215331,14.815300006866455,13.899550004005432,53.69082431542614,0.13848855486264533,0.15499699434326591,-0.016508439480620585,15.998887588248683,15.459999895095825,14.921112201942966,59.173108276211714,62.18774375766822,NICK
2013-08-13,15.59000015258789,15.609999656677246,15.3100004196167,15.40999984741211,15.295781135559082,13000,15.563999938964844,15.570999908447266,15.469499874114991,15.186999988555907,14.821000003814698,13.911050004959106,50.11644972356066,0.1166350777599714,0.14732461102660702,-0.03068953326663562,15.997722350052124,15.469499874114991,14.941277398177858,51.461262501948376,57.89447847957055,NICK
2013-08-14,15.399999618530273,15.640000343322754,15.399999618530273,15.510000228881836,15.395040512084961,9000,15.534000015258789,15.564999961853028,15.482499885559083,15.20439998626709,14.828600006103516,13.922300004959107,53.45356421676587,0.10616147139779741,0.13909198310084508,-0.03293051170304767,16.001185724670673,15.482499885559083,14.963814046447492,43.762610482192486,51.46566042011753,NICK
2013-08-15,15.430000305175781,15.670000076293945,15.0,15.1899995803833,15.077411651611328,25600,15.445999908447266,15.53499994277954,15.48199987411499,15.222799968719482,14.832700004577637,13.930800004005432,43.43908619616001,0.07121871985036776,0.12551733045074961,-0.05429861060038185,16.001792166029425,15.48199987411499,14.962207582200557,31.63884193891508,42.28757164101865,NICK
2013-08-16,15.100000381469727,15.510000228881836,15.100000381469727,15.25,15.136967658996582,23800,15.373999977111817,15.51299991607666,15.484999895095825,15.240199966430664,14.84170000076294,13.94085000514984,45.50080690786855,0.04781666912194282,0.10997719818498826,-0.062160529063045436,15.998672923626732,15.484999895095825,14.971326866564919,27.679722350492636,34.36039159053341,NICK
2013-08-19,15.229999542236328,15.380000114440918,15.130000114440918,15.300000190734863,15.186596870422363,14800,15.331999969482421,15.472999954223633,15.488499927520753,15.251199970245361,14.84840000152588,13.952300004959106,47.227145807450746,0.03292542899023765,0.09456684434603814,-0.06164141535580049,15.996093191328706,15.488499927520753,14.9809066637128,26.328595261723915,28.549053183710555,NICK
2013-08-20,15.3100004196167,15.760000228881836,15.239999771118164,15.510000228881836,15.395040512084961,18800,15.352000045776368,15.457999992370606,15.511999940872192,15.266399974822997,14.856500005722046,13.966150007247926,53.84060247193416,0.03763542419233268,0.08318056031529705,-0.045545136122964375,15.976008483578141,15.511999940872192,15.047991398166243,39.94109327017241,31.31647029412967,NICK
2013-08-21,15.4399995803833,15.520000457763672,15.279999732971191,15.5,15.385114669799805,15400,15.35,15.442000007629394,15.5364999294281,15.283199977874755,14.864100008010864,13.983600006103515,53.496790570057826,0.040098958594370515,0.07456423997111175,-0.034465281376741236,15.939651250268993,15.5364999294281,15.133348608587207,49.62122156271823,38.63030336487153,NICK
2013-08-22,15.350000381469727,15.949999809265137,15.3100004196167,15.699999809265137,15.583632469177246,12700,15.452000045776368,15.448999977111816,15.561999940872193,15.304399967193604,14.873200006484986,14.00135000705719,59.1193392836985,0.05752651069011705,0.07115669411491281,-0.013630183424795758,15.937850880640589,15.561999940872193,15.186149001103797,62.81898119967847,50.793765344189715,NICK
2013-08-23,15.670000076293945,16.0,15.40999984741211,15.930000305175781,15.811927795410156,14500,15.588000106811524,15.48100004196167,15.561499977111817,15.322599964141846,14.886100006103515,14.019850010871886,64.44352156263793,0.08887262085840142,0.07469987946361054,0.014172741394790883,15.935359626179562,15.561499977111817,15.187640328044072,74.50080339651886,62.31366871963852,NICK
2013-08-26,16.0,16.639999389648438,15.930000305175781,15.979999542236328,15.861556053161621,24000,15.723999977111816,15.527999973297119,15.564999961853028,15.348599948883056,14.897399997711181,14.040500006675721,65.49555453102339,0.11640728880865758,0.08304136133261994,0.03336592747603764,15.952891677297325,15.564999961853028,15.17710824640873,75.48010921603232,70.93329793740988,NICK
2013-08-27,15.9399995803833,15.960000038146973,15.40999984741211,15.529999732971191,15.414892196655273,21700,15.727999877929687,15.539999961853027,15.555499935150147,15.359399948120117,14.905499992370606,14.059150004386902,50.89891798481,0.1007560348817691,0.08658429604244977,0.014171738839319326,15.936995629967802,15.555499935150147,15.174004240332492,61.691063773694886,70.55732546208202,NICK
2013-08-28,15.5600004196167,16.18000030517578,15.510000228881836,15.899999618530273,15.782149314880371,40600,15.807999801635741,15.578999900817871,15.57199993133545,15.377399940490722,14.91899998664856,14.079250001907349,58.9915262812092,0.1168610999137698,0.09263965681671378,0.024221443097056025,15.982053492997286,15.57199993133545,15.161946369673613,48.98373558245512,62.05163619072744,NICK
2013-08-29,15.609999656677246,16.200000762939453,15.550000190734863,16.1200008392334,16.000520706176758,16400,15.892000007629395,15.67200002670288,15.60349998474121,15.397799949645997,14.932499990463256,14.09970000743866,62.90629292830838,0.14569723285916325,0.10325117202520367,0.042446060833959576,16.07561342844907,15.60349998474121,15.13138654103335,51.829291458486715,54.168030271545575,NICK
2013-08-30,16.100000381469727,16.200000762939453,15.800000190734863,16.149999618530273,16.030296325683594,39900,15.935999870300293,15.761999988555909,15.637499952316285,15.415999946594239,14.944599990844727,14.12005000591278,63.4190951444784,0.16902234240007274,0.1164054061001775,0.05261693629989525,16.161365438457224,15.637499952316285,15.113634466175347,64.43091983860438,55.08131562651541,NICK
2013-09-03,16.170000076293945,16.190000534057617,16.0,16.190000534057617,16.07000160217285,15600,15.978000068664551,15.851000022888183,15.661999988555909,15.440199966430663,14.958499994277954,14.141600008010863,64.13115753658882,0.1885617765565275,0.1308366801914475,0.05772509636508,16.238458289396302,15.661999988555909,15.085541687715518,70.32524958363985,62.19515362691032,NICK
2013-09-04,16.149999618530273,16.200000762939453,15.970000267028809,16.139999389648438,16.020370483398438,18100,16.1,15.913999938964844,15.685999965667724,15.463599948883056,14.972499990463257,14.163050003051758,62.493610006612066,0.19773290260593335,0.1442159246743447,0.05351697793158866,16.29894047043026,15.685999965667724,15.073059460905188,70.73172433684745,68.49596458636388,NICK
2013-09-05,16.100000381469727,16.139999389648438,15.890000343322754,16.0,15.88140869140625,27000,16.120000076293945,15.963999938964843,15.70299997329712,15.478799953460694,14.98979998588562,14.184200000762939,58.025970433790604,0.19149684888230567,0.15367210951593688,0.03782473936636879,16.33079298410806,15.70299997329712,15.075206962486178,66.83826342129862,69.29841244726197,NICK
2013-09-06,16.049999237060547,16.100000381469727,15.729999542236328,15.920000076293945,15.802001953125,5000,16.079999923706055,15.985999965667725,15.71749997138977,15.494599952697754,15.002599983215331,14.203900003433228,55.58076608973145,0.17804699123758816,0.15854708586026714,0.01949990537732102,16.351246827560214,15.71749997138977,15.083753115219329,60.090552821892054,65.88684686001271,NICK
2013-09-09,15.970000267028809,16.200000762939453,15.90999984741211,16.149999618530273,16.030296325683594,15300,16.079999923706055,16.007999897003174,15.744499969482423,15.51759994506836,15.020299978256226,14.22545000076294,60.707329931493604,0.1838278697714042,0.16360324264249454,0.020224627128909656,16.40314934778663,15.744499969482423,15.085850591178215,58.586493834067404,61.83843669241936,NICK
2013-09-10,16.200000762939453,16.200000762939453,16.030000686645508,16.1200008392334,16.000520706176758,10200,16.06599998474121,16.02200002670288,15.775,15.537599964141846,15.03559998512268,14.245600004196167,59.73888767172119,0.18386907859590984,0.1676564098331776,0.016212668762732252,16.443805017223013,15.775,15.106194982776985,59.69423766999143,59.45709477531696,NICK
2013-09-11,16.149999618530273,16.170000076293945,15.930000305175781,15.960000038146973,15.841705322265625,16100,16.030000114440917,16.06500005722046,15.802500009536743,15.55379997253418,15.04519998550415,14.264200005531311,54.724502608991344,0.1690423939290575,0.16793360665235357,0.0011087872767039375,16.45401756840187,15.802500009536743,15.150982450671616,58.5456664152145,58.94213263975777,NICK
2013-09-12,15.930000305175781,16.110000610351562,15.779999732971191,16.0,15.88140869140625,21500,16.030000114440917,16.075000095367432,15.826999998092651,15.570399971008301,15.056699981689453,14.281450004577637,55.72505691255194,0.15869051664354217,0.1660849886505913,-0.007394472007049124,16.469467239796586,15.826999998092651,15.184532756388718,52.86816745528501,57.03602384683031,NICK
2013-09-13,15.880000114440918,16.100000381469727,15.800000190734863,16.100000381469727,15.980668067932129,11500,16.066000175476074,16.073000049591066,15.872500038146972,15.587399978637695,15.069999980926514,14.299350004196167,58.211405201151976,0.1567488709485616,0.16421776511018535,-0.007468894161623746,16.454079849965837,15.872500038146972,15.290920226328108,50.97910827370735,54.130980714735614,NICK
2013-09-16,16.1299991607666,16.200000762939453,15.869999885559082,16.190000534057617,16.07000160217285,22300,16.074000358581543,16.0770001411438,15.919500064849853,15.60659999847412,15.083999986648559,14.317800006866456,60.36850708449081,0.16062082599855287,0.16349837728785885,-0.002877551289305974,16.441092933816755,15.919500064849853,15.39790719588295,67.59976163816698,57.14901245571978,NICK
2013-09-17,16.200000762939453,16.209999084472656,16.030000686645508,16.190000534057617,16.07000160217285,8600,16.088000297546387,16.0770001411438,15.96400008201599,15.625400009155273,15.098399991989135,14.334500007629394,60.368507084490794,0.1618239722514101,0.1631634962805691,-0.0013395240291589894,16.41346220145288,15.96400008201599,15.514537962579103,83.99161151267474,67.52349380818303,NICK
2013-09-18,16.1200008392334,16.200000762939453,15.960000038146973,16.190000534057617,16.190000534057617,12600,16.134000396728517,16.082000255584717,15.99800009727478,15.643200016021728,15.112799997329711,14.351700010299682,60.36850708449081,0.1609224603725803,0.16271528909897132,-0.001792828726391027,16.40590236521872,15.99800009727478,15.59009782933084,97.61570693012493,83.06902669365556,NICK
2013-09-19,16.190000534057617,16.190000534057617,15.970000267028809,16.1200008392334,16.1200008392334,7600,16.158000564575197,16.094000339508057,16.02900013923645,15.659000034332275,15.126900005340577,14.367900013923645,57.48592700863365,0.15279825221518095,0.16073188172221325,-0.007933629507032303,16.36946491952574,16.02900013923645,15.688535358947165,91.78777292489133,91.13169712256366,NICK
2013-09-20,16.110000610351562,16.200000762939453,15.90999984741211,16.190000534057617,16.190000534057617,29800,16.176000595092773,16.121000385284425,16.053500175476074,15.677400035858154,15.14260001182556,14.383450016975402,59.565197336097,0.15027586247994762,0.15864067787376013,-0.008364815393812508,16.365030657960478,16.053500175476074,15.74196969299167,91.35129685860647,93.58492557120758,NICK
2013-09-23,16.200000762939453,16.229999542236328,16.020000457763672,16.110000610351562,16.110000610351562,36400,16.160000610351563,16.11700048446655,16.062500190734863,15.699400043487548,15.161300020217896,14.398300018310547,56.18327666854069,0.14020532546889797,0.15495360739278768,-0.014748281923889717,16.369608081636045,16.062500190734863,15.755392299833682,84.36139755799395,89.16682244716391,NICK
2013-09-24,16.149999618530273,16.5,16.149999618530273,16.459999084472656,16.459999084472656,7500,16.21400032043457,16.15100030899048,16.08650016784668,15.724200019836426,15.181700010299682,14.41400001525879,65.43073256632674,0.15863762830501393,0.15569041157523295,0.002947216729780988,16.43614436378331,16.08650016784668,15.736855971910048,88.87964132460014,88.19744524706685,NICK
2013-09-25,16.479999542236328,16.790000915527344,16.110000610351562,16.209999084472656,16.209999084472656,19700,16.21800003051758,16.17600021362305,16.120500135421754,15.743999996185302,15.198900003433227,14.428850011825562,56.2919706164366,0.15132803504777925,0.15481793626974222,-0.0034899012219629655,16.362861275561542,16.120500135421754,15.878138995281963,72.02940321100196,81.75681403119869,NICK
2013-09-26,16.290000915527344,16.440000534057617,16.200000762939453,16.209999084472656,16.209999084472656,6300,16.23599967956543,16.197000122070314,16.13600010871887,15.763199977874756,15.216799993515014,14.443700008392334,56.2919706164366,0.1438766097317412,0.15262967096214203,-0.008753061230400816,16.35883601773635,16.13600010871887,15.91316419970139,60.88737979336302,73.93214144298837,NICK
2013-09-27,16.149999618530273,16.549999237060547,16.149999618530273,16.389999389648438,16.389999389648438,18100,16.275999450683592,16.226000022888183,16.149500036239623,15.786999969482421,15.238399991989136,14.458900003433227,60.85717614980756,0.15075797766360566,0.15225533230243476,-0.001497354638829107,16.398053414396582,16.149500036239623,15.900946658082663,49.41766509444875,60.778149366271236,NICK
2013-09-30,16.25,16.479999542236328,16.040000915527344,16.290000915527344,16.290000915527344,45000,16.31199951171875,16.236000061035156,16.156500101089478,15.808999996185303,15.25869999885559,14.47130000591278,57.27793254712419,0.1464542369092392,0.15109511322379565,-0.0046408763145564524,16.41248999866588,16.156500101089478,15.900510203513074,51.15506191164607,53.82003559981928,NICK
2013-10-01,16.239999771118164,16.489999771118164,16.239999771118164,16.489999771118164,16.489999771118164,15100,16.317999649047852,16.26599998474121,16.171500062942506,15.834200000762939,15.280199995040894,14.484100003242492,62.081358018330015,0.1573676907595356,0.15234962873094365,0.005018062028591952,16.465865112529706,16.171500062942506,15.877135013355309,60.39599784589487,53.6562416173299,NICK
2013-10-02,16.3799991607666,16.510000228881836,16.3799991607666,16.450000762939453,16.450000762939453,11600,16.36599998474121,16.292000007629394,16.187000131607057,15.862400016784669,15.302800006866455,14.496400008201599,60.61353133834185,0.1609339494968296,0.15406649288412083,0.006867456612708767,16.504811149981734,16.187000131607057,15.86918911323238,62.149544675817424,57.90020147778612,NICK
2013-10-03,16.399999618530273,16.469999313354492,16.299999237060547,16.399999618530273,16.399999618530273,27500,16.404000091552735,16.31999988555908,16.20700011253357,15.890200004577636,15.328200006484986,14.505750007629395,58.743750750496595,0.15790532645213418,0.1548342595977235,0.0030710668544106645,16.52556532233175,16.20700011253357,15.888434902735389,64.52070956417235,62.35541736196154,NICK
2013-10-04,16.360000610351562,16.510000228881836,16.360000610351562,16.5,16.5,25100,16.42600021362305,16.35099983215332,16.236000108718873,15.916400012969971,15.353200006484986,14.514550008773803,61.31403353040561,0.1617102211474375,0.1562094519076663,0.005500769239771192,16.55034987638186,16.236000108718873,15.921650341055885,63.436856009041605,63.36903674967712,NICK
2013-10-07,16.360000610351562,16.5,16.360000610351562,16.399999618530273,16.399999618530273,16200,16.447999954223633,16.379999732971193,16.248500108718872,15.925600013732911,15.378000001907349,14.534300007820129,57.45895215753794,0.15487117406899742,0.15594179633993252,-0.001070622270935101,16.568016504872134,16.248500108718872,15.928983712565609,60.111905742683355,62.68982377196576,NICK
2013-10-08,16.459999084472656,16.459999084472656,16.360000610351562,16.3799991607666,16.3799991607666,16300,16.42599983215332,16.371999740600586,16.26150002479553,15.935,15.404799995422364,14.553900003433228,56.691215297629896,0.14615255452418197,0.15398394797678241,-0.00783139345260045,16.58020164673251,16.26150002479553,15.942798402858552,58.71202105016781,60.753594267297586,NICK
2013-10-09,16.360000610351562,16.489999771118164,16.360000610351562,16.3799991607666,16.3799991607666,13400,16.41199951171875,16.38899974822998,16.282499980926513,15.948199977874756,15.431799983978271,14.572350001335144,56.691215297629896,0.1376561710685671,0.15071839259513936,-0.01306222152657227,16.57307646285588,16.282499980926513,15.991923498997147,54.166540232725424,57.663489008525524,NICK
2013-10-10,16.5,16.5,16.399999618530273,16.5,16.5,13200,16.431999588012694,16.417999839782716,16.307499980926515,15.966799983978271,15.457199983596801,14.592899999618531,60.375337138770725,0.13900344560978084,0.14837540319806766,-0.009371957588286822,16.582153755094744,16.307499980926515,16.032846206758286,56.38515397952475,56.42123842080599,NICK
2013-10-11,16.43000030517578,16.809999465942383,16.3799991607666,16.809999465942383,16.809999465942383,17900,16.493999481201172,16.45999984741211,16.342999935150146,15.993199977874756,15.485199975967408,14.614549999237061,67.95824287866655,0.16320421986272038,0.15134116653099822,0.011863053331722162,16.678087443718912,16.342999935150146,16.00791242658138,71.91550462780576,60.82239961335197,NICK
2013-10-14,16.75,16.989999771118164,16.75,16.940000534057617,16.940000534057617,42500,16.60199966430664,16.524999809265136,16.380499935150148,16.022599983215333,15.516899976730347,14.637450003623963,70.50716872944287,0.19067551885797585,0.15920803699639374,0.0314674818615821,16.796743635488017,16.380499935150148,15.964256234812277,85.69149396760388,71.33071752497813,NICK
2013-10-15,16.899999618530273,17.200000762939453,16.790000915527344,16.989999771118164,16.989999771118164,28300,16.723999786376954,16.574999809265137,16.420499897003175,16.04839998245239,15.549799976348877,14.66300000190735,71.44793039369154,0.21401421910287155,0.1701692734176893,0.04384494568518224,16.90413078510257,16.420499897003175,15.93686900890378,92.21112663849748,83.27270841130236,NICK
2013-10-16,17.100000381469727,17.110000610351562,16.829999923706055,16.989999771118164,16.989999771118164,18200,16.845999908447265,16.628999710083008,16.460499858856203,16.074999980926513,15.579699974060059,14.685950002670289,71.44793039369155,0.22986061708274264,0.18210754215069996,0.04775307493204267,16.9912906634021,16.460499858856203,15.929709054310305,86.17661458547757,88.0264117305263,NICK
2013-10-17,17.0,17.100000381469727,16.75,16.899999618530273,16.899999618530273,14900,16.92599983215332,16.67899971008301,16.499499797821045,16.099799976348876,15.607199974060059,14.705700001716615,66.98721704201131,0.23247689259178017,0.192181412238916,0.04029548035286418,17.039035698861486,16.499499797821045,15.959963896780604,79.31025221948572,85.89933114782025,NICK
2013-10-18,17.079999923706055,17.079999923706055,16.809999465942383,17.0,17.0,19300,16.963999938964843,16.72899971008301,16.539999771118165,16.12719997406006,15.635299978256226,14.72590000152588,69.28204462990728,0.23985461018656906,0.2017160518284466,0.038138558358122465,17.101675948986998,16.539999771118165,15.978323593249334,78.40030051176107,81.29572243890811,NICK
2013-10-21,17.030000686645508,17.030000686645508,16.780000686645508,16.780000686645508,16.780000686645508,13900,16.931999969482423,16.766999816894533,16.573499774932863,16.150599994659423,15.654899988174439,14.744600005149842,59.48529716696598,0.22535168461362076,0.20644317838548143,0.018908506228139332,17.107851120024876,16.573499774932863,16.03914842984085,68.87928055669948,75.52994442931542,NICK
2013-10-22,16.8700008392334,17.030000686645508,16.700000762939453,16.950000762939453,16.950000762939453,18200,16.92400016784668,16.823999977111818,16.597999858856202,16.179400005340575,15.675999994277953,14.764500007629394,63.750816547974296,0.22498214291907814,0.21015097129220078,0.01483117162687736,17.15379160132804,16.597999858856202,16.042208116384362,68.240760670231,71.84011391289717,NICK
2013-10-23,16.81999969482422,17.040000915527344,16.81999969482422,16.950000762939453,16.950000762939453,9400,16.916000366210938,16.881000137329103,16.63499994277954,16.210200023651122,15.698600006103515,14.783750009536742,63.750816547974296,0.2221287168858126,0.21254652041092315,0.009582196474889448,17.180985696503278,16.63499994277954,16.089014189055803,65.26459131244597,67.46154417979214,NICK
2013-10-24,17.040000915527344,17.09000015258789,16.889999389648438,17.06999969482422,17.06999969482422,10800,16.950000381469728,16.938000106811522,16.67799997329712,16.241400012969972,15.72289999961853,14.799400010108947,66.62721681007262,0.2269343096666745,0.2154240782620734,0.011510231404601085,17.21876262337065,16.67799997329712,16.137237323223587,75.6613517133746,69.7222345653505,NICK
2013-10-25,17.100000381469727,17.200000762939453,16.90999984741211,17.200000762939453,17.200000762939453,12900,16.990000534057618,16.97700023651123,16.71850004196167,16.281600036621093,15.752200002670287,14.816250014305115,69.4549960436268,0.2384836848327616,0.22003599957621106,0.01844768525655055,17.28750910964719,16.71850004196167,16.149490974276148,84.92059527431782,75.28217943337944,NICK
2013-10-28,17.18000030517578,17.190000534057617,16.8799991607666,17.010000228881836,17.010000228881836,33900,17.036000442504882,16.984000205993652,16.754500007629396,16.316800041198732,15.778500003814697,14.832550015449524,61.282044830801794,0.22965784003996959,0.22196036766896277,0.007697472371006819,17.30118044492317,16.754500007629396,16.207819570335623,87.30152603000619,82.62782433923284,NICK
2013-10-29,17.110000610351562,17.190000534057617,16.700000762939453,17.0,17.0,30400,17.046000289916993,16.985000228881837,16.780000019073487,16.350800037384033,15.801000003814698,14.84850001335144,60.87601175819475,0.2193280819577197,0.22143391052671416,-0.0021058285689944667,17.322513127129984,16.780000019073487,16.23748691101699,84.33020120769321,85.51744083733905,NICK
2013-10-30,17.030000686645508,17.149999618530273,16.8700008392334,16.899999618530273,16.899999618530273,17700,17.036000061035157,16.976000213623045,16.802499961853027,16.378600025177,15.8225,14.864550013542175,56.82168568063407,0.20075826292181986,0.2172987810057353,-0.016540518083915434,17.32537237619257,16.802499961853027,16.279627547513485,72.13505656349444,81.25559460039794,NICK
2013-10-31,16.8700008392334,16.8700008392334,15.520000457763672,16.049999237060547,16.049999237060547,57100,16.83199996948242,16.891000175476073,16.784999942779542,16.38960000991821,15.836399993896485,14.878050007820129,35.30082964764328,0.11611511771465999,0.19706204834752022,-0.08094693063286024,17.379155412243684,16.784999942779542,16.1908444733154,56.85727247834799,71.10751008317854,NICK
2013-11-01,15.920000076293945,16.0,15.0600004196167,15.239999771118164,15.239999771118164,90100,16.439999771118163,16.71500015258789,16.72199993133545,16.380400009155274,15.842399988174439,14.887350006103516,25.420362745601516,-0.016139328009597165,0.15442177307609675,-0.17056110108569392,17.615478990259756,16.72199993133545,15.828520872411143,34.457763341208825,54.48336412768375,NICK
2013-11-04,15.1899995803833,15.869999885559082,15.09000015258789,15.779999732971191,15.779999732971191,33200,16.193999671936034,16.61500005722046,16.690999937057494,16.37739999771118,15.849999980926514,14.898950004577637,37.89942273630982,-0.07649663949178276,0.10823809056252084,-0.1847347300543036,17.66629315686884,16.690999937057494,15.715706717246148,24.534515428463067,38.61651708267329,NICK
2013-11-05,15.930000305175781,15.930000305175781,15.430000305175781,15.59000015258789,15.59000015258789,22700,15.911999702453613,16.4789999961853,16.65149998664856,16.369600009918212,15.859099979400634,14.909500007629395,35.63977786429536,-0.13807003650137517,0.05897646514974164,-0.1970465016511168,17.73226438687195,16.65149998664856,15.570735586425167,22.274114772754718,27.088797847475533,NICK
2013-11-06,15.59000015258789,15.75,15.4399995803833,15.550000190734863,15.550000190734863,22200,15.641999816894531,16.338999938964843,16.61000003814697,16.370000019073487,15.864699983596802,14.92100000858307,35.164439450280085,-0.1879287344031333,0.00959542523916665,-0.19752415964229994,17.78859264217805,16.61000003814697,15.431407434115894,27.102780970308768,24.63713705717551,NICK
2013-11-07,15.619999885559082,15.619999885559082,15.289999961853027,15.350000381469727,15.350000381469727,45800,15.502000045776366,16.167000007629394,16.55250005722046,16.359000034332276,15.868199987411499,14.931800012588502,32.80827292726961,-0.24080457954499934,-0.04048457571766656,-0.20032000382733278,17.852867451589088,16.55250005722046,15.252132662851832,20.404972831427663,23.260622858163714,NICK
2013-11-08,15.319999694824219,15.869999885559082,15.319999694824219,15.720000267028809,15.720000267028809,19400,15.598000144958496,16.01899995803833,16.49800009727478,16.351000022888183,15.87439998626709,14.944050011634827,40.721541014250995,-0.24997165162528034,-0.08238199089918932,-0.16758966072609102,17.841288736710254,16.49800009727478,15.154711457839305,22.42989640751564,23.31255006975069,NICK
2013-11-11,15.699999809265137,15.899999618530273,15.59000015258789,15.729999542236328,15.729999542236328,12000,15.588000106811524,15.890999889373779,16.437500047683717,16.342600021362305,15.879299983978271,14.955850009918214,40.92403053262557,-0.25350748783543864,-0.11660709028643919,-0.13690039754899946,17.80449508722072,16.437500047683717,15.070505008146714,25.233624174243968,22.689497804395756,NICK
2013-11-12,15.65999984741211,15.850000381469727,15.010000228881836,15.600000381469727,15.600000381469727,23200,15.59000015258789,15.750999927520752,16.368000078201295,16.330800018310548,15.885499992370605,14.967050013542176,39.05613897082109,-0.2637590590830641,-0.14603748404576417,-0.11772157503729991,17.756734899680573,16.368000078201295,14.979265256722016,29.69670475910083,25.786741780286814,NICK
2013-11-13,15.5,15.979999542236328,15.5,15.970000267028809,15.970000267028809,11800,15.67400016784668,15.657999992370605,16.317000102996825,16.327400035858155,15.895499992370606,14.983000016212463,46.53580212814352,-0.23926945526856613,-0.16468387829032455,-0.07458557697824159,17.685387643442464,16.317000102996825,14.948612562551187,34.028204116839355,29.652844350061383,NICK
2013-11-14,15.930000305175781,16.110000610351562,15.710000038146973,15.880000114440918,15.880000114440918,10900,15.780000114440918,15.641000080108643,16.26600012779236,16.32500003814697,15.901899995803833,14.997050018310548,45.086286568633,-0.22453522564577355,-0.17665414776141436,-0.04788107788435919,17.619623628600554,16.26600012779236,14.912376626984168,36.894831067308466,33.53991331441622,NICK
2013-11-15,15.850000381469727,16.059999465942383,15.649999618530273,15.960000038146973,15.960000038146973,17100,15.82800006866455,15.713000106811524,16.214000129699706,16.325800037384035,15.910199995040893,15.011250019073486,46.67625083778705,-0.2040507472622366,-0.1821334676615788,-0.021917279600657785,17.5302283132706,16.214000129699706,14.89777194612881,42.44060677882365,37.78788065432382,NICK
2013-11-18,16.0,16.049999237060547,15.760000228881836,15.869999885559082,15.869999885559082,10600,15.8560001373291,15.722000122070312,16.168500089645384,16.320200042724608,15.918899993896485,15.025950016975402,45.09439299062573,-0.19285578922217717,-0.1842779319736985,-0.008577857248478676,17.466102310723908,16.168500089645384,14.870897868566862,41.224374717520085,40.186604187884065,NICK
2013-11-19,15.829999923706055,15.90999984741211,15.569999694824219,15.720000267028809,15.720000267028809,9300,15.880000114440918,15.735000133514404,16.107000064849853,16.31220003128052,15.924899997711181,15.03985002040863,42.508677854233966,-0.19385280546418038,-0.18619290667179486,-0.007659898792385517,17.366652504872025,16.107000064849853,14.84734762482768,40.64563688126205,41.43687279253526,NICK
2013-11-20,15.90999984741211,15.920000076293945,15.600000381469727,15.65999984741211,15.65999984741211,4200,15.818000030517577,15.74600009918213,16.042500019073486,16.30620002746582,15.93,15.053700017929078,41.48399948356063,-0.19721115302532333,-0.18839655594250054,-0.008814597082822784,17.254075460189448,16.042500019073486,14.830924577957523,45.81659925394456,42.56220361757556,NICK
2013-11-21,15.920000076293945,16.0,15.899999618530273,15.970000267028809,15.970000267028809,10000,15.836000061035156,15.808000087738037,15.987500047683715,16.305600032806396,15.938000001907348,15.0694500207901,48.40417641304451,-0.1728655382616342,-0.18529035240632727,0.01242481414469307,17.103616165379126,15.987500047683715,14.871383929988305,61.5118623102098,49.324699481805474,NICK
2013-11-22,16.0,16.059999465942383,15.710000038146973,15.880000114440918,15.880000114440918,22200,15.820000076293946,15.824000072479247,15.92150001525879,16.30120002746582,15.944300003051758,15.084200019836425,46.6782480791441,-0.15900086036818983,-0.18003245399869977,0.021031593630509937,16.88926590703699,15.92150001525879,14.953734123480592,75.15147521805928,60.826645594071216,NICK
2013-11-25,16.0,16.0,15.75,15.779999732971191,15.779999732971191,22100,15.802000045776367,15.829000091552734,15.859999990463256,16.293000011444093,15.949800004959107,15.098300018310546,44.76816477291675,-0.15430348378409242,-0.1748866599557783,0.02058317617168587,16.689746778378744,15.859999990463256,15.03025320254777,78.787834125461,71.81705721791003,NICK
2013-11-26,15.869999885559082,16.100000381469727,15.729999542236328,16.030000686645508,16.030000686645508,29300,15.864000129699708,15.872000122070313,15.811500024795532,16.28980001449585,15.957600011825562,15.113400020599364,50.24919918731262,-0.128921662705336,-0.16569366050568984,0.03677199780035384,16.46336718025651,15.811500024795532,15.159632869334557,80.60602802876771,78.18177912409601,NICK
2013-11-27,16.100000381469727,16.100000381469727,15.9399995803833,16.040000915527344,16.040000915527344,13900,15.940000343322755,15.879000186920166,15.768500089645386,16.286800022125245,15.965000019073486,15.128900027275085,50.460973597103056,-0.10676868875612833,-0.15390866615577753,0.0471399773996492,16.205548220836793,15.768500089645386,15.33145195845398,85.45453547118171,81.6161325418035,NICK
2013-11-29,16.100000381469727,16.100000381469727,15.979999542236328,16.010000228881836,16.010000228881836,7600,15.94800033569336,15.892000198364258,15.76650013923645,16.28460000991821,15.971800022125244,15.144800028800965,49.77642692880146,-0.09058885010945694,-0.14124470294651342,0.05065585283705648,16.19871672756046,15.76650013923645,15.334283550912442,92.42424505144379,86.16160285046442,NICK
2013-12-02,15.960000038146973,15.960000038146973,15.529999732971191,15.5600004196167,15.5600004196167,11000,15.884000396728515,15.85200023651123,15.782500171661377,16.272000007629394,15.974700021743775,15.157200031280517,40.829273140769736,-0.11277740746316489,-0.1355512438498437,0.02277383638667882,16.155159633351253,15.782500171661377,15.409840709971501,78.18181765637827,85.3535327263346,NICK
2013-12-03,15.5600004196167,15.890000343322754,15.5600004196167,15.729999542236328,15.729999542236328,15200,15.874000358581544,15.838000202178955,15.780000162124633,16.26439998626709,15.981900014877318,15.169600028991699,44.86141526724245,-0.11531520862859956,-0.1315040368055949,0.016188828176995324,16.153363372652358,15.780000162124633,15.406636951596909,59.53795488190176,76.71467252990796,NICK
2013-12-04,15.75,16.0,15.699999809265137,15.8100004196167,15.8100004196167,20900,15.830000305175782,15.847000217437744,15.791000175476075,16.25140001296997,15.987800016403199,15.182850031852722,46.702068735420724,-0.109607544581106,-0.1271247383606971,0.0175171937795911,16.154147649879594,15.791000175476075,15.427852701072556,45.32690423032928,61.015558922869786,NICK
2013-12-05,15.829999923706055,15.829999923706055,15.319999694824219,15.4399995803833,15.4399995803833,15600,15.710000038146973,15.825000190734864,15.785500144958496,16.236000022888184,15.990000009536743,15.19370002746582,40.04402313972568,-0.13340237565560642,-0.12838026581967896,-0.005022109835927463,16.16599872819504,15.785500144958496,15.405001561721953,33.78843328680387,46.217764133011656,NICK
2013-12-06,15.609999656677246,15.710000038146973,15.25,15.279999732971191,15.279999732971191,30600,15.563999938964844,15.756000137329101,15.78200011253357,16.217400035858155,15.990300006866455,15.203450026512145,37.55096023860611,-0.16328831517242826,-0.1353618756902288,-0.027926439482199444,16.179371847111014,15.78200011253357,15.384628377956128,22.396624454331587,33.83732065715493,NICK
2013-12-09,15.470000267028809,15.470000267028809,15.25,15.350000381469727,15.350000381469727,13000,15.521999931335449,15.703000164031982,15.763500118255616,16.19660005569458,15.9918000125885,15.214350028038025,39.33060123536089,-0.17925829223361767,-0.1441411589989066,-0.03511713323471108,16.202921617100692,15.763500118255616,15.324078619410539,10.226237138767594,22.137098293301037,NICK
2013-12-10,15.380000114440918,15.489999771118164,15.25,15.350000381469727,15.350000381469727,52300,15.446000099182129,15.660000228881836,15.744500160217285,16.177800045013427,15.993400020599365,15.224950032234192,39.33060123536088,-0.1897275529825997,-0.1532584377956452,-0.036469115186954476,16.219494064147916,15.744500160217285,15.269506256286652,9.019623242715914,13.880828278605051,NICK
2013-12-11,15.34000015258789,15.680000305175781,15.149999618530273,15.170000076293945,15.170000076293945,26500,15.318000030517577,15.57400016784668,15.723000144958496,16.151400051116944,15.99280002593994,15.233650031089782,36.24987115575998,-0.21012682659787352,-0.16463211555609086,-0.045494711041782654,16.257419678864956,15.723000144958496,15.188580611052036,8.544933538440288,9.263597973307952,NICK
2013-12-12,15.1899995803833,15.630000114440918,15.050000190734863,15.210000038146973,15.210000038146973,52600,15.272000122070313,15.491000080108643,15.685000133514404,16.126600036621095,15.99450002670288,15.241950030326842,37.42290218511314,-0.220523675617601,-0.17581042756839288,-0.04471324804920812,16.250915537615594,15.685000133514404,15.119084729413215,9.702711023978722,9.089089268378329,NICK
2013-12-13,15.210000038146973,15.649999618530273,15.149999618530273,15.300000190734863,15.300000190734863,11800,15.276000213623046,15.420000076293945,15.656000137329102,16.104600048065187,15.997400026321412,15.2508500289917,40.09386643954581,-0.2189767653768424,-0.1844436951300828,-0.03453307024675961,16.238182443964835,15.656000137329102,15.073817830693368,13.717635691712815,10.655093418043961,NICK
2013-12-16,15.3100004196167,15.600000381469727,15.079999923706055,15.34000015258789,15.34000015258789,11200,15.27400016784668,15.398000049591065,15.625000143051148,16.081400051116944,15.998900032043457,15.26005002975464,41.29320566934551,-0.21207845680248028,-0.1899706474645623,-0.022107809337917977,16.20515550992329,15.625000143051148,15.044844776179005,22.22221213043265,15.214186282041416,NICK
2013-12-17,15.220000267028809,15.510000228881836,15.020000457763672,15.279999732971191,15.279999732971191,5500,15.260000038146973,15.353000068664551,15.595500135421753,16.05900005340576,15.992300033569336,15.26910002708435,39.99958880185058,-0.20904330883697675,-0.1937851797390452,-0.015258129097931561,16.182781439172615,15.595500135421753,15.008218831670892,25.167522372574098,20.369123398239875,NICK
2013-12-18,15.670000076293945,15.75,15.630000114440918,15.739999771118164,15.739999771118164,1826600,15.373999977111817,15.346000003814698,15.59650011062622,16.046200065612794,15.990600032806396,15.280350027084351,52.32961486251102,-0.16758792423875235,-0.1885457286389866,0.02095780440023426,16.18469336315717,15.59650011062622,15.00830685809527,39.453218477042945,28.947650993349914,NICK
2013-12-19,15.6899995803833,15.890000343322754,15.6899995803833,15.789999961853027,15.789999961853027,82200,15.489999961853027,15.38100004196167,15.603000116348266,16.034400081634523,15.991300029754639,15.292400026321411,53.449397050624846,-0.12921018121299,-0.1766786191537873,0.0474684379407973,16.196703996406367,15.603000116348266,15.009296236290167,56.4373437105503,40.35269485338913,NICK
2013-12-20,15.729999542236328,15.84000015258789,15.6899995803833,15.84000015258789,15.84000015258789,514100,15.597999954223633,15.43700008392334,15.59650011062622,16.021200084686278,15.994000034332275,15.30490002632141,54.59793457282377,-0.09368104902634222,-0.1600791051282983,0.06639805610195607,16.17668221842862,15.59650011062622,15.01631800282382,76.3038332663591,57.39813181798414,NICK
2013-12-23,15.75,15.75,15.720000267028809,15.729999542236328,15.729999542236328,51900,15.67599983215332,15.475,15.58900008201599,15.999600086212158,15.996400032043457,15.318750023841858,51.582628099929096,-0.07355222151184293,-0.1427737284050072,0.06922150689316428,16.158101343403523,15.58900008201599,15.019898820628457,78.23127067106294,70.3241492159908,NICK
2013-12-24,15.720000267028809,15.789999961853027,15.720000267028809,15.729999542236328,15.729999542236328,37100,15.765999794006348,15.51299991607666,15.586500072479248,15.975400066375732,15.999000024795532,15.334200019836425,51.58262809992911,-0.056943570649920616,-0.1256076968539899,0.06866412620406928,16.15265485850995,15.586500072479248,15.020345286448546,79.24383274932052,77.9263122289142,NICK
2013-12-26,15.75,15.789999961853027,15.720000267028809,15.75,15.75,56100,15.767999839782714,15.570999908447266,15.572500038146973,15.950600070953369,15.999500026702881,15.346850018501282,52.13999629331705,-0.04168668721114166,-0.10882349492542025,0.06713680771427859,16.107060721518803,15.572500038146973,15.037939354775144,79.32200843803032,78.93237061947127,NICK
2013-12-27,15.75,15.760000228881836,15.720000267028809,15.75,15.75,87900,15.759999847412109,15.624999904632569,15.557999992370606,15.925800075531006,16.00040002822876,15.359950017929076,52.13999629331705,-0.029258226543026566,-0.09291044124894152,0.06365221470591495,16.055497682936323,15.557999992370606,15.060502301804888,83.14170323332205,80.56918147355765,NICK
2013-12-30,15.75,15.75,15.720000267028809,15.739999771118164,15.739999771118164,44600,15.739999771118164,15.668999862670898,15.544499969482422,15.902600078582763,16.00120002746582,15.372650017738342,51.79424655469982,-0.019985140556665115,-0.07832538111048623,0.058340240553821116,16.005519373388566,15.544499969482422,15.083480565576275,83.52485381559329,81.99618849564858,NICK
2013-12-31,15.770000457763672,15.779999732971191,15.720000267028809,15.739999771118164,15.739999771118164,129300,15.74199981689453,15.708999824523925,15.553499937057495,15.877400074005127,16.002300024032593,15.385500016212463,51.79424655469982,-0.012492151358728165,-0.06515873516013462,0.05266658380140646,16.022339861562205,15.553499937057495,15.084660012552785,83.14170323332206,83.26942009407917,NICK
2014-01-02,15.75,15.779999732971191,15.699999809265137,15.720000267028809,15.720000267028809,206700,15.739999961853027,15.752999877929687,15.55299997329712,15.856200065612793,16.00340003013611,15.398000016212464,51.00969365223688,-0.008074617112672655,-0.05374191155064223,0.045667294437969574,16.021106718393778,15.55299997329712,15.084893228200459,81.99228802575902,82.88628169155815,NICK
2014-01-03,15.710000038146973,15.75,15.680000305175781,15.710000038146973,15.710000038146973,294300,15.731999969482422,15.749999904632569,15.547999954223632,15.831400051116944,16.00540002822876,15.410350017547607,50.596987662858574,-0.005319306635680476,-0.04405739056764988,0.038738083931969404,16.007068448277536,15.547999954223632,15.088931460169729,80.84287281819597,81.99228802575904,NICK
2014-01-06,15.710000038146973,15.739999771118164,15.699999809265137,15.729999542236328,15.729999542236328,83500,15.727999877929687,15.743999862670899,15.562499952316283,15.80700002670288,16.008600025177003,15.41480001449585,51.44310948149163,-0.0015045666863411356,-0.03554682579138813,0.034042259105047,16.025311832362227,15.562499952316283,15.099688072270338,80.45972223592474,81.09829435995994,NICK
2014-01-07,15.739999771118164,15.75,15.699999809265137,15.720000267028809,15.720000267028809,79800,15.723999977111816,15.73199987411499,15.584499979019165,15.780000038146973,16.01070002555847,15.419650015830994,50.97304866499811,0.0007036727638087825,-0.02829672608034875,0.029000398844157532,16.03311877783699,15.584499979019165,15.135881180201341,80.45972223592474,80.58743909668185,NICK
2014-01-08,15.75,15.75,15.710000038146973,15.710000038146973,15.710000038146973,55800,15.718000030517578,15.729999923706055,15.602499961853027,15.750200023651123,16.01590003013611,15.424300017356872,50.476295758014025,0.0016280167781808075,-0.022311777508642838,0.023939794286823645,16.04080906493295,15.602499961853027,15.164190858773106,64.27934467275345,75.066263048201,NICK
2014-01-09,15.75,15.75,15.699999809265137,15.720000267028809,15.720000267028809,74900,15.718000030517578,15.728999996185303,15.620999956130982,15.724400024414063,16.020600032806396,15.431150016784668,50.990651298745206,0.0031314040873855475,-0.01722314118943716,0.02035454527682271,16.046153960480126,15.620999956130982,15.19584595178184,43.425510178792855,62.72152569582369,NICK
2014-01-10,15.75,15.75,15.710000038146973,15.739999771118164,15.739999771118164,28500,15.723999977111816,15.72799997329712,15.649499940872193,15.699200019836425,16.02500002861023,15.436700015068054,52.062949507103454,0.005868988156285226,-0.012604715320292684,0.01847370347657791,16.023209646076424,15.649499940872193,15.27579023566796,29.105491245898467,45.60344869914827,NICK
2014-01-13,15.710000038146973,15.739999771118164,15.710000038146973,15.720000267028809,15.720000267028809,52400,15.722000122070312,15.725,15.674999952316284,15.675600032806397,16.0271000289917,15.441800017356872,50.86445586221363,0.0063515338879671646,-0.008813465478640713,0.015164999366607878,15.990309273028428,15.674999952316284,15.35969063160414,30.970338192929816,34.500446539207054,NICK
2014-01-14,15.75,15.75,15.720000267028809,15.739999771118164,15.739999771118164,18300,15.726000022888183,15.725,15.69699993133545,15.66940004348755,16.02950002670288,15.446800017356873,52.053100883413286,0.008252616666208468,-0.005400249049670877,0.013652865715879346,15.961960310396377,15.69699993133545,15.432039552274523,42.80285214555605,34.29289386146146,NICK
2014-01-15,15.75,15.75,15.720000267028809,15.75,15.75,26800,15.73400001525879,15.726000022888183,15.717499923706054,15.679600048065186,16.030000028610228,15.451600017547607,52.66965537918122,0.010445761127868991,-0.002231047014162903,0.012676808142031894,15.9262941687753,15.717499923706054,15.508705678636808,51.515046426744895,41.76274558841027,NICK
2014-01-16,15.710000038146973,15.75,15.649999618530273,15.729999542236328,15.729999542236328,45700,15.735999870300294,15.726999950408935,15.739999914169312,15.678600044250489,16.028000020980834,15.457050013542176,51.250201773610094,0.010449518578189654,0.00030506610430760866,0.010144452473882045,15.797619383140498,15.739999914169312,15.682380445198126,59.906590925996056,51.40816316609901,NICK
2014-01-17,15.75,15.75,15.720000267028809,15.729999542236328,15.729999542236328,122800,15.733999824523925,15.728999900817872,15.73949990272522,15.681400032043458,16.025500020980836,15.461450009346008,51.250201773610094,0.01033337961672487,0.0023107288067910608,0.008022650809933808,15.797284023784478,15.73949990272522,15.681715781665961,62.23766072514982,57.88643269263027,NICK
2014-01-21,15.75,15.760000228881836,15.729999542236328,15.75,15.75,37500,15.739999771118164,15.730999946594238,15.737499904632568,15.68540002822876,16.02770002365112,15.466600008010865,52.727732518756895,0.011720106353228843,0.004192604316078617,0.007527502037150226,15.790744659222963,15.737499904632568,15.684255150042173,66.66666666666698,62.93697277260429,NICK
2014-01-22,15.739999771118164,15.75,15.739999771118164,15.75,15.75,32100,15.74199981689453,15.733999919891357,15.732999897003173,15.693400020599364,16.02620002746582,15.47260000705719,52.72773251875691,0.012673010704013166,0.005888685593665527,0.006784325110347639,15.75915317456825,15.732999897003173,15.706846619438098,71.7949846556386,66.89977068248514,NICK
2014-01-23,15.739999771118164,15.75,15.729999542236328,15.739999771118164,15.739999771118164,39800,15.739999771118164,15.736999893188477,15.733499908447266,15.693800010681151,16.02240001678467,15.477450003623963,51.817031948689326,0.012477427356316184,0.007206433946195658,0.005270993410120526,15.759786656118834,15.733499908447266,15.707213160775698,78.55482394830501,72.33882509020354,NICK
2014-01-24,15.739999771118164,15.75,15.720000267028809,15.729999542236328,15.729999542236328,133600,15.739999771118164,15.737999820709229,15.733499908447266,15.693800010681151,16.01820001602173,15.481400003433228,50.87081677767843,0.0113842605792982,0.008041999272816167,0.0033422613064820333,15.759786656118834,15.733499908447266,15.707213160775698,77.15598967794885,75.83526609396417,NICK
2014-01-27,15.729999542236328,15.739999771118164,15.680000305175781,15.720000267028809,15.720000267028809,251000,15.73799991607666,15.735999870300294,15.731999921798707,15.696200008392333,16.01350001335144,15.486000003814697,49.88980893523404,0.009600392739390173,0.008353677966130967,0.0012467147732592061,15.757767939239749,15.731999921798707,15.706231904357665,72.7270888241553,76.14596748346975,NICK
2014-01-28,15.710000038146973,15.75,15.710000038146973,15.75,15.75,66100,15.73799991607666,15.738999843597412,15.731999921798707,15.691800003051759,16.009600019454957,15.491050004959106,52.82890178930624,0.010486510392555104,0.008780244451415795,0.001706265941139309,15.757767939239749,15.731999921798707,15.706231904357665,75.75744439820626,75.21350763343683,NICK
2014-01-29,15.710000038146973,15.75,15.710000038146973,15.720000267028809,15.720000267028809,41400,15.731999969482422,15.736999893188477,15.730999946594238,15.688600006103515,16.006800022125244,15.498300004005433,49.690250157864725,0.008668116631463718,0.00875781888742538,-8.970225596166212e-05,15.756999749408015,15.730999946594238,15.705000143780461,72.72737781476889,73.7373036790435,NICK
2014-01-30,15.75,15.789999961853027,15.720000267028809,15.729999542236328,15.729999542236328,96100,15.729999923706055,15.734999847412109,15.730499935150146,15.683999996185303,16.004900016784667,15.50375,50.74074799065418,0.007942330178428492,0.008594721145626002,-0.0006523909671975105,15.756170745309356,15.730499935150146,15.704829124990935,70.56273195900009,73.01585139065843,NICK
2014-01-31,15.670000076293945,15.789999961853027,15.670000076293945,15.779999732971191,15.779999732971191,64500,15.739999961853027,15.739999866485595,15.733499908447266,15.682199993133544,16.001200017929076,15.51074999809265,55.719735452772504,0.011271802387197383,0.009130137393940278,0.0021416649932571048,15.766530023880934,15.733499908447266,15.700469793013598,71.21208649536511,71.50073208971138,NICK
2014-02-03,15.6899995803833,15.84000015258789,15.6899995803833,15.760000228881836,15.760000228881836,56900,15.747999954223634,15.742999935150147,15.735999917984008,15.682999992370606,15.997600011825561,15.51659999847412,53.394935771019384,0.012156507610447065,0.009735411437241635,0.0024210961732054302,15.76910570223403,15.735999917984008,15.702894133733986,69.29818491665078,70.35766779033867,NICK
2014-02-04,15.739999771118164,15.789999961853027,15.710000038146973,15.720000267028809,15.720000267028809,54400,15.742000007629395,15.739999961853027,15.735499954223632,15.684200000762939,15.99520001411438,15.520199999809265,48.99214563080242,0.009520236881293442,0.009692376526051996,-0.0001721396447585538,15.769248879540662,15.735499954223632,15.701751028906603,62.531411751552945,67.68056105452295,NICK
2014-02-05,15.710000038146973,15.739999771118164,15.649999618530273,15.649999618530273,15.649999618530273,152400,15.727999877929687,15.729999923706055,15.731999921798707,15.67779998779297,15.991700010299683,15.524199995994568,42.402703694127,0.001762192562202003,0.008106339733281998,-0.006344147171079995,15.782039930513381,15.731999921798707,15.681959913084032,31.579079455905546,54.46955870803643,NICK
2014-02-06,15.739999771118164,15.739999771118164,15.680000305175781,15.699999809265137,15.699999809265137,81500,15.72199993133545,15.725999927520752,15.731499910354614,15.674199981689453,15.987700004577636,15.528849992752075,47.80304969358694,-0.0003475100515384355,0.006415569776317911,-0.006763079827856347,15.782597903374848,15.731499910354614,15.68040191733438,21.052719637270467,38.387736948242996,NICK
2014-02-07,15.739999771118164,15.739999771118164,15.65999984741211,15.699999809265137,15.699999809265137,113300,15.705999946594238,15.722999954223633,15.730499887466431,15.672599983215331,15.982799997329712,15.533399991989135,47.803049693586935,-0.0019964507312337787,0.004733165674807573,-0.0067296164060413515,15.783216181172008,15.730499887466431,15.677783593760854,17.543877260787678,23.391892117987904,NICK
2014-02-10,15.729999542236328,15.739999771118164,15.649999618530273,15.680000305175781,15.680000305175781,55500,15.689999961853028,15.71899995803833,15.72749991416931,15.665599975585938,15.977699995040894,15.538049993515015,45.81053389188126,-0.004861006282496305,0.002814331283346797,-0.007675337565843102,15.784376976923316,15.72749991416931,15.670622851415306,22.807140825511866,20.467912574523343,NICK
2014-02-11,15.670000076293945,15.710000038146973,15.630000114440918,15.6899995803833,15.6899995803833,76700,15.683999824523926,15.71299991607666,15.725999879837037,15.658599948883056,15.97269998550415,15.542749991416931,47.00001056909923,-0.006252257124822691,0.0010010136017128994,-0.00725327072653559,15.785126911900418,15.725999879837037,15.666872847773655,23.558925217871636,21.30331443472373,NICK
2014-02-12,15.729999542236328,15.75,15.630000114440918,15.670000076293945,15.670000076293945,92700,15.68799991607666,15.707999897003173,15.722499895095826,15.651799945831298,15.968199977874756,15.547549991607665,44.87817542011413,-0.00886641971069757,-0.000972473060769195,-0.007893946649928376,15.786021565068094,15.722499895095826,15.658978225123558,21.136185728262962,22.500750590548822,NICK
2014-02-13,15.649999618530273,15.829999923706055,15.649999618530273,15.800000190734863,15.800000190734863,66100,15.707999992370606,15.714999961853028,15.724999904632568,15.656599941253662,15.964299974441529,15.553449993133546,58.11494398006093,-0.00044313147117414076,-0.0008666047428501841,0.00042347327167604337,15.796133654542643,15.724999904632568,15.653866154722493,42.85705635608709,29.184055767407234,NICK
2014-02-14,15.84000015258789,15.850000381469727,15.630000114440918,15.770000457763672,15.770000457763672,65900,15.722000122070312,15.714000034332276,15.726999950408935,15.65739995956421,15.96089997291565,15.561099996566773,54.84206086886051,0.003768219721305144,6.0360149980881526e-05,0.003707859571324262,15.800783555126863,15.726999950408935,15.653216345691007,54.545480817442694,39.51290763393092,NICK
2014-02-18,15.75,15.850000381469727,15.75,15.819999694824219,15.819999694824219,33200,15.75,15.719999980926513,15.73149995803833,15.657599945068359,15.954499979019165,15.568099994659423,58.98766509594188,0.01101331184877452,0.00225095048973961,0.008762361359034911,15.815708099166988,15.73149995803833,15.647291816909673,76.98406194458204,58.12886637270395,NICK
2014-02-19,15.84000015258789,15.869999885559082,15.770000457763672,15.800000190734863,15.800000190734863,40300,15.772000122070313,15.72799997329712,15.733999967575073,15.66479995727539,15.950399990081786,15.574649996757508,56.74372082123915,0.014968756216743984,0.004794511635140485,0.010174244581603499,15.823084292273778,15.733999967575073,15.644915642876368,73.61107197686795,68.38020491296423,NICK
2014-02-20,15.770000457763672,15.869999885559082,15.770000457763672,15.84000015258789,15.84000015258789,18500,15.806000137329102,15.747000026702882,15.738499975204467,15.675999965667724,15.94670000076294,15.581749997138978,60.019566218392754,0.021088047123322795,0.008053218732776948,0.013034828390545847,15.838754771945077,15.738499975204467,15.638245178463858,81.56562427314869,77.38691939819957,NICK
2014-02-21,15.899999618530273,15.899999618530273,15.779999732971191,15.829999923706055,15.829999923706055,25800,15.81200008392334,15.760000038146973,15.742999982833862,15.685599956512451,15.941100006103516,15.589749999046326,58.820243387726144,0.02484430467923282,0.011411435922068123,0.013432868757164698,15.850907453531757,15.742999982833862,15.635092512135966,77.46922383320941,77.54864002774202,NICK
2014-02-24,15.779999732971191,15.869999885559082,15.739999771118164,15.829999923706055,15.829999923706055,23900,15.823999977111816,15.773000049591065,15.748000001907348,15.695199947357178,15.936499996185303,15.597599997520447,58.82024338772614,0.027504115531536755,0.01462997184396185,0.012874143687574904,15.862122817859094,15.748000001907348,15.633877185955603,78.54945943636027,79.19476918090614,NICK
2014-02-25,15.829999923706055,15.829999923706055,15.65999984741211,15.6899995803833,15.6899995803833,39600,15.797999954223632,15.773999977111817,15.746499967575073,15.705599937438965,15.928499994277955,15.604349994659424,44.411472168735,0.018106457153246325,0.015325268905818746,0.002781188247427579,15.862822920845069,15.746499967575073,15.630177014305076,56.79011473547291,70.93626600168089,NICK
2014-02-26,15.75,15.829999923706055,15.670000076293945,15.779999732971191,15.779999732971191,20300,15.793999862670898,15.782999992370605,15.747999954223634,15.71699993133545,15.921799983978271,15.612299995422363,52.47176220083735,0.01771677735215782,0.01580357059508656,0.0019132067570712605,15.865234874057325,15.747999954223634,15.630765034389942,50.6172403440301,61.98560483862112,NICK
2014-02-27,15.800000190734863,15.819999694824219,15.739999771118164,15.819999694824219,15.819999694824219,25400,15.789999771118165,15.797999954223632,15.752999925613404,15.727399921417236,15.91599998474121,15.622099995613098,55.556211152516624,0.02040045221590958,0.016722946919251164,0.0036775052966584176,15.873515582710915,15.752999925613404,15.632484268515892,49.3826419181843,52.26333233256246,NICK
2014-02-28,15.84000015258789,15.84000015258789,15.739999771118164,15.779999732971191,15.779999732971191,20500,15.779999732971191,15.795999908447266,15.755499935150146,15.736199913024903,15.908799982070922,15.630999994277953,51.92706596912428,0.01907968254862702,0.017194294045126336,0.0018853885035006838,15.87607778472144,15.755499935150146,15.634922085578852,60.49379227522413,53.497891512479534,NICK
2014-03-03,15.760000228881836,15.84000015258789,15.75,15.829999923706055,15.829999923706055,25900,15.779999732971191,15.801999855041505,15.75799994468689,15.7471999168396,15.903099985122681,15.640549993515014,55.81273339860827,0.02181607842292621,0.018118650920686312,0.0036974275022398986,15.882515081344284,15.75799994468689,15.633484808029497,66.66666666666696,58.847700286691826,NICK
2014-03-04,15.84000015258789,15.880000114440918,15.75,15.859999656677246,15.859999656677246,56000,15.81399974822998,15.805999851226806,15.76299991607666,15.749599914550782,15.897899990081788,15.651349992752076,58.00595789803186,0.026104503137837298,0.01971582136411651,0.006388681773720789,15.895227025336219,15.76299991607666,15.630772806817102,71.60494263226397,66.2551338580517,NICK
2014-03-05,15.789999961853027,15.880000114440918,15.789999961853027,15.8100004196167,15.8100004196167,31000,15.819999885559081,15.80699987411499,15.767499923706055,15.749999923706055,15.892200002670288,15.66199999332428,53.261064443829895,0.025178349708646408,0.02080832703302249,0.004370022675623919,15.899693053827859,15.767499923706055,15.63530679358425,75.30873790980137,71.19344906957745,NICK
2014-03-06,15.800000190734863,15.859999656677246,15.800000190734863,15.859999656677246,15.859999656677246,24200,15.827999877929688,15.808999824523926,15.777999925613404,15.750399913787842,15.88579999923706,15.671499991416932,57.0450683618099,0.028154341292214724,0.022277529884860935,0.005876811407353789,15.90442776775215,15.777999925613404,15.651572083474658,79.01241544955259,75.30869866387265,NICK
2014-03-07,15.819999694824219,15.859999656677246,15.789999961853027,15.84000015258789,15.84000015258789,27200,15.839999961853028,15.80999984741211,15.78499994277954,15.752599925994874,15.876100006103515,15.68064999103546,55.12266935571889,0.02856970939993886,0.02353596578787652,0.0050337436120623386,15.908854697656025,15.78499994277954,15.661145187903056,75.61742430926252,76.6461925562055,NICK
2014-03-10,15.800000190734863,15.880000114440918,15.800000190734863,15.84000015258789,15.84000015258789,18900,15.842000007629395,15.810999870300293,15.791999959945679,15.754799938201904,15.865100002288818,15.690999989509583,55.12266935571889,0.028569559519665333,0.024542684534234284,0.004026874985431049,15.911599288624659,15.791999959945679,15.672400631266699,78.39518982262909,77.67500986048141,NICK
2014-03-11,15.8100004196167,15.869999885559082,15.760000228881836,15.859999656677246,15.859999656677246,35300,15.842000007629395,15.827999877929688,15.800999927520753,15.75699993133545,15.853800001144409,15.701799988746643,56.81066496475545,0.029839265101854195,0.025602000647758267,0.0042372644540959285,15.912337293092573,15.800999927520753,15.689662561948932,77.77791023267055,77.26350812152073,NICK
2014-03-12,15.779999732971191,15.859999656677246,15.770000457763672,15.859999656677246,15.859999656677246,54300,15.851999855041504,15.835999870300293,15.809499931335449,15.759199924468994,15.8425,15.71109998703003,56.81066496475544,0.030494000072494032,0.02658040053270542,0.003913599539788613,15.911180740283465,15.809499931335449,15.707819122387432,80.55562178300208,78.9095739461006,NICK
2014-03-13,15.859999656677246,15.859999656677246,15.800000190734863,15.8100004196167,15.8100004196167,41300,15.842000007629395,15.834999942779541,15.816499948501587,15.760599937438965,15.831600008010865,15.719399991035461,51.224247342527505,0.026670915966910513,0.026598503619546437,7.241234736407587e-05,15.895563177207,15.816499948501587,15.737436719796174,78.28288739480122,78.8721398034913,NICK
2014-03-14,15.779999732971191,15.859999656677246,15.779999732971191,15.850000381469727,15.850000381469727,13700,15.844000053405761,15.842000007629395,15.81899995803833,15.762799949645997,15.820100011825561,15.727699995040894,55.03377263610288,0.026562560237513466,0.026591314943139842,-2.8754705626375665e-05,15.898974962528515,15.81899995803833,15.739024953548144,79.29303438088097,79.3771811862281,NICK
2014-03-17,15.869999885559082,15.869999885559082,15.800000190734863,15.800000190734863,15.800000190734863,27500,15.836000061035156,15.839000034332276,15.82049994468689,15.764399948120117,15.810300006866456,15.732599997520447,49.79805704381579,0.02218633970443662,0.025710319895399198,-0.0035239801909625786,15.897823999994767,15.82049994468689,15.743175889379014,72.1501916548665,76.57537114351624,NICK
2014-03-18,15.84000015258789,15.850000381469727,15.8100004196167,15.850000381469727,15.850000381469727,26400,15.834000205993652,15.838000106811524,15.821999979019164,15.767199954986573,15.799300003051759,15.737649998664857,54.46348254592469,0.022493460317432934,0.025066947979805944,-0.00257348766237301,15.900383741506074,15.821999979019164,15.743616216532255,75.61341710065325,75.68554771213358,NICK
2014-03-19,15.8100004196167,15.850000381469727,15.800000190734863,15.8100004196167,15.8100004196167,20700,15.824000358581543,15.838000106811524,15.822499990463257,15.768799972534179,15.78789999961853,15.743250002861023,50.42611022440068,0.019286866002390823,0.02391093158432292,-0.004624065581932096,15.900442366126516,15.822499990463257,15.744557614799998,63.49227253584068,70.41862709712015,NICK
2014-03-20,15.819999694824219,15.850000381469727,15.770000457763672,15.829999923706055,15.829999923706055,27100,15.828000259399413,15.835000133514404,15.821999979019164,15.770999965667725,15.775500001907348,15.74920000076294,52.32890880902675,0.0181501856999855,0.022758782407455436,-0.004608596707469936,15.899614491471459,15.821999979019164,15.74438546656687,63.37012037664238,67.49193667104544,NICK
2014-03-21,15.84000015258789,15.84000015258789,15.75,15.770000457763672,15.770000457763672,45700,15.812000274658203,15.828000164031982,15.819000005722046,15.772199974060058,15.761199998855592,15.75670000076294,46.55560231788116,0.012266502302981763,0.0206603263865607,-0.008393824083578937,15.899721771083906,15.819000005722046,15.738278240360186,42.307881080581886,56.390091331021644,NICK
2014-03-24,15.680000305175781,15.84000015258789,15.680000305175781,15.760000228881836,15.760000228881836,41500,15.804000282287598,15.820000171661377,15.815500020980835,15.77299997329712,15.74869999885559,15.763600001335144,45.65156604911086,0.006719250587655878,0.017872111226779737,-0.011152860639123859,15.89999261784404,15.815500020980835,15.73100742411763,38.97443421487026,48.21747855736484,NICK
2014-03-25,15.75,15.84000015258789,15.75,15.789999961853027,15.789999961853027,40400,15.792000198364258,15.813000202178955,15.820500040054322,15.773999977111817,15.736599998474121,15.76880000114441,48.85981688086831,0.004689681639304055,0.0152356253092846,-0.010545943669980545,15.883895439308906,15.820500040054322,15.757104640799737,36.79494491917083,39.35908673820766,NICK
2014-03-26,15.84000015258789,15.84000015258789,15.75,15.75,15.75,43100,15.780000114440918,15.80200023651123,15.819000053405762,15.77459997177124,15.72510000228882,15.773800001144409,45.041913084875276,-0.00014476029584997718,0.012159548188257685,-0.012304308484107662,15.887381139691735,15.819000053405762,15.75061896711979,43.33325386039812,39.70087766481307,NICK
2014-03-27,15.710000038146973,15.800000190734863,15.699999809265137,15.710000038146973,15.710000038146973,66100,15.756000137329101,15.792000198364258,15.8135000705719,15.773999977111817,15.721700010299683,15.779050002098083,41.545803835447565,-0.007121658936501518,0.008303306763305844,-0.015424965699807362,15.896752545163533,15.8135000705719,15.730247595980266,34.99988079059705,38.37602652338867,NICK
2014-03-28,15.710000038146973,15.789999961853027,15.710000038146973,15.729999542236328,15.729999542236328,31400,15.747999954223634,15.780000114440918,15.811000061035156,15.773599967956542,15.726600008010864,15.78449999809265,43.8908230136309,-0.010911329523199953,0.004460379506004684,-0.015371709029204636,15.90086655900743,15.811000061035156,15.721133563062882,25.438402541898643,34.590512397631265,NICK
2014-03-31,15.770000457763672,15.789999961853027,15.729999542236328,15.729999542236328,15.729999542236328,81000,15.74199981689453,15.773000049591065,15.80600004196167,15.773599967956542,15.726100006103515,15.788049993515015,43.89082301363089,-0.013756099019635926,0.0008170838008765618,-0.014573182820512488,15.90200006564603,15.80600004196167,15.710000018277311,22.543590959866908,27.660624764120865,NICK
2014-04-01,15.779999732971191,15.84000015258789,15.75,15.84000015258789,15.84000015258789,33300,15.751999855041504,15.77200002670288,15.805000066757202,15.775799980163574,15.728600006103516,15.793849992752076,55.32364987638739,-0.007053164904530007,-0.0007569659402047522,-0.0062961989643252544,15.899127717171517,15.805000066757202,15.710872416342887,45.613841358437064,31.19861162006754,NICK
2014-04-02,15.789999961853027,15.84000015258789,15.699999809265137,15.800000190734863,15.800000190734863,45000,15.761999893188477,15.771000003814697,15.80450005531311,15.776799983978272,15.731100006103516,15.797899994850159,51.235386115577455,-0.004912080547301301,-0.0015879888616240618,-0.003324091685677239,15.898622388332967,15.80450005531311,15.710377722293252,57.89468400684668,42.01737210838355,NICK
2014-04-03,15.789999961853027,15.850000381469727,15.789999961853027,15.850000381469727,15.850000381469727,29100,15.789999961853027,15.773000049591065,15.804000091552734,15.778799991607666,15.736100006103516,15.802149996757507,55.6474652672459,0.0008100045267820377,-0.001108390183942842,0.0019183947107248797,15.897037871534193,15.804000091552734,15.710962311571274,78.94750931507657,60.81867822678677,NICK
2014-04-04,15.850000381469727,15.850000381469727,15.739999771118164,15.760000228881836,15.760000228881836,33700,15.796000099182129,15.77200002670288,15.800000095367432,15.77920000076294,15.736500005722046,15.805449995994568,47.34399434488693,-0.0018956105592433659,-0.0012658342590029467,-0.0006297763002404192,15.893381171233592,15.800000095367432,15.706619019501272,66.56355116338044,67.80191482843456,NICK
2014-04-07,15.739999771118164,15.850000381469727,15.630000114440918,15.720000267028809,15.720000267028809,32300,15.794000244140625,15.768000030517578,15.794000101089477,15.77900001525879,15.736400012969971,15.80784999847412,44.188112412709614,-0.0071846722068364954,-0.0024496018485696564,-0.004735070358266839,15.89165264430231,15.794000101089477,15.696347557876644,59.14726337116423,68.21944128320708,NICK
2014-04-08,15.829999923706055,15.850000381469727,15.729999542236328,15.729999542236328,15.729999542236328,24100,15.772000122070313,15.761999988555909,15.787500095367431,15.77920000076294,15.737700004577636,15.81159999847412,45.17201424665538,-0.010448984339172185,-0.004049478346690162,-0.0063995059924820226,15.884014575822851,15.787500095367431,15.69098561491201,44.474032778330916,56.72828243762518,NICK
2014-04-09,15.800000190734863,15.850000381469727,15.75,15.829999923706055,15.829999923706055,33300,15.77800006866455,15.769999980926514,15.786000108718872,15.780799999237061,15.736300001144409,15.815899996757507,53.92080045654522,-0.004910178692115963,-0.004221618415775322,-0.0006885602763406409,15.878822815539428,15.786000108718872,15.693177401898316,59.09074489098534,54.23734701349348,NICK
2014-04-10,15.84000015258789,15.850000381469727,15.699999809265137,15.779999732971191,15.779999732971191,40700,15.763999938964844,15.776999950408936,15.784500074386596,15.781999988555908,15.735299997329712,15.818599996566773,49.65443327494105,-0.004503321349856648,-0.004277959002591587,-0.0002253623472650611,15.876690379770109,15.784500074386596,15.692309769003083,68.18156202993697,57.248779899751064,NICK
2014-04-11,15.699999809265137,15.850000381469727,15.699999809265137,15.829999923706055,15.829999923706055,69500,15.777999877929688,15.786999988555909,15.783500051498413,15.783999996185303,15.733999996185302,15.822099995613097,53.60750179527246,-0.0001446193695251452,-0.0034512910759782987,0.0033066717064531535,15.873227647228926,15.783500051498413,15.693772455767899,83.33311658943389,70.20180783678539,NICK
2014-04-14,15.850000381469727,15.850000381469727,15.760000228881836,15.829999923706055,15.829999923706055,49200,15.799999809265136,15.79700002670288,15.785000038146972,15.785,15.733599996566772,15.826249995231628,53.60750179527245,0.0032719661634370567,-0.0021066396280952273,0.005378605791532284,15.876760804817481,15.785000038146972,15.693239271476463,83.33311658943389,78.28259840293491,NICK
2014-04-15,15.850000381469727,15.850000381469727,15.729999542236328,15.829999923706055,15.829999923706055,46300,15.819999885559081,15.796000003814697,15.784000015258789,15.786399993896485,15.734699993133544,15.829799995422363,53.60750179527245,0.0059114908270014865,-0.0005030135370758845,0.006414504364077371,15.873308621398136,15.784000015258789,15.694691409119441,90.90889386918235,85.85837568268336,NICK
2014-04-16,15.850000381469727,15.850000381469727,15.760000228881836,15.819999694824219,15.819999694824219,13500,15.817999839782715,15.797999954223632,15.784499979019165,15.788399982452393,15.736299991607666,15.833149995803833,52.576272527605695,0.007114388007856576,0.0010204667719106077,0.006093921235945968,15.874494525830753,15.784499979019165,15.694505432207576,89.39370951404602,87.87857332422074,NICK
2014-04-17,15.779999732971191,15.819999694824219,15.739999771118164,15.779999732971191,15.779999732971191,13300,15.817999839782715,15.79099988937378,15.781999969482422,15.79099998474121,15.73439998626709,15.836199994087218,48.55299487032801,0.004784873024435754,0.0017733480224156372,0.003011525002020117,15.869544356593412,15.781999969482422,15.694455582371432,81.81793223429757,87.37351187250864,NICK
2014-04-21,15.739999771118164,15.800000190734863,15.739999771118164,15.789999961853027,15.789999961853027,16200,15.80999984741211,15.793999862670898,15.782999944686889,15.792799987792968,15.733499984741211,15.838899993896485,49.59154776772422,0.003702965036268324,0.0021592714251861744,0.0015436936110821498,15.870430043808405,15.782999944686889,15.695569845565373,75.75733930968543,82.32299368600968,NICK
2014-04-22,15.75,15.770000457763672,15.739999771118164,15.770000457763672,15.770000457763672,20200,15.797999954223632,15.798999881744384,15.783499956130981,15.79420000076294,15.733399991989137,15.841599998474122,47.5252773704377,0.0012177152602195207,0.0019709601921928436,-0.0007532449319733229,15.870511576809523,15.783499956130981,15.69648833545244,68.18170652587013,75.2523260232844,NICK
2014-04-23,15.779999732971191,15.789999961853027,15.729999542236328,15.739999771118164,15.739999771118164,23900,15.779999923706054,15.799999904632568,15.780999946594239,15.795399990081787,15.730499982833862,15.844049997329712,44.52811382795615,-0.003136512020487814,0.000949465749656712,-0.004085977770144526,15.869971993590147,15.780999946594239,15.692027899598331,62.12111360125798,68.68671981227119,NICK
2014-04-24,15.739999771118164,15.800000190734863,15.710000038146973,15.75,15.75,25500,15.76599998474121,15.791999912261963,15.780999946594239,15.796599998474122,15.727599973678588,15.846299996376038,45.756118359183986,-0.005714460867842774,-0.00038331957384318545,-0.005331141293999589,15.869971993590147,15.780999946594239,15.692027899598331,56.060520676645844,62.121113601257996,NICK
2014-04-25,15.699999809265137,15.779999732971191,15.699999809265137,15.729999542236328,15.729999542236328,26200,15.755999946594239,15.786999893188476,15.781999921798706,15.797799987792969,15.724799966812133,15.84829999446869,43.673728751783244,-0.009264577411814301,-0.0021595711414374085,-0.007105006270376892,15.868162768746517,15.781999921798706,15.695837074850894,49.99978325610055,56.0604725113348,NICK
2014-04-28,15.739999771118164,15.789999961853027,15.720000267028809,15.729999542236328,15.729999542236328,24500,15.743999862670899,15.776999855041504,15.781999921798706,15.796399974822998,15.72649995803833,15.850599989891052,43.67372875178325,-0.011940428522768443,-0.004115742617703615,-0.007824685905064827,15.868162768746517,15.781999921798706,15.695837074850894,39.999770733340156,48.68669155536219,NICK
2014-04-29,15.800000190734863,15.800000190734863,15.720000267028809,15.739999771118164,15.739999771118164,40900,15.737999725341798,15.767999839782714,15.782499933242798,15.795799961090088,15.726599960327148,15.854249987602234,45.12200178836003,-0.013103080752769003,-0.0059132102447166926,-0.00718987050805231,15.867558917394039,15.782499933242798,15.697440949091558,30.706838463029154,40.2354641508233,NICK
2014-04-30,15.699999809265137,15.760000228881836,15.699999809265137,15.720000267028809,15.720000267028809,38700,15.733999824523925,15.75699987411499,15.776499938964843,15.79379997253418,15.72569995880127,15.856749987602234,42.75437122802813,-0.01546006979761394,-0.007822582155296142,-0.007637487642317798,15.861417650132703,15.776499938964843,15.691582227796983,19.99995761463681,30.23552227033538,NICK
2014-05-01,15.699999809265137,15.720000267028809,15.529999732971191,15.600000381469727,15.600000381469727,70400,15.703999900817871,15.734999942779542,15.766499948501586,15.789799976348878,15.727299966812133,15.858649988174438,31.928732212004242,-0.026703170948032096,-0.011598699913843333,-0.015104471034188762,15.880214436696873,15.766499948501586,15.6527854603063,20.625095160202722,23.777297079289568,NICK
2014-05-02,15.579999923706055,15.779999732971191,15.579999923706055,15.65999984741211,15.65999984741211,15500,15.689999961853028,15.722999954223633,15.756999921798705,15.786199970245361,15.731099967956544,15.860699987411499,40.0960542991658,-0.030421276606681147,-0.015363215252410897,-0.01505806135427025,15.872948068145734,15.756999921798705,15.641051775451677,25.277899801332534,21.967650858724028,NICK
2014-05-05,15.5600004196167,15.65999984741211,15.5,15.579999923706055,15.579999923706055,54000,15.660000038146972,15.701999950408936,15.747999906539917,15.78119997024536,15.733399963378906,15.862599987983703,34.203388065379855,-0.03936940143138479,-0.020164452488205677,-0.01920494894317911,15.887226236805184,15.747999906539917,15.60877357627465,28.452402635032787,24.78513253218935,NICK
2014-05-06,15.5,15.550000190734863,15.359999656677246,15.449999809265137,15.449999809265137,53900,15.602000045776368,15.669999885559083,15.734499883651733,15.773599967956542,15.73439995765686,15.863899989128113,27.206284706769303,-0.05630176589125391,-0.027391915168815322,-0.028909850722438585,15.92491780350144,15.734499883651733,15.544081963802025,27.283133497113052,27.004478644492796,NICK
2014-05-07,15.279999732971191,15.399999618530273,14.579999923706055,14.8100004196167,14.8100004196167,112700,15.420000076293945,15.576999950408936,15.688499927520752,15.75599998474121,15.730799961090089,15.861799993515014,13.051080510164223,-0.11998033020195109,-0.045909598175442476,-0.07407073202650861,16.1342922575683,15.688499927520752,15.242707597473203,19.92429252355012,25.21994288523199,NICK
2014-05-08,14.8100004196167,14.819999694824219,14.670000076293945,14.739999771118164,14.739999771118164,40900,15.247999954223634,15.475999927520752,15.633999919891357,15.73519998550415,15.7260999584198,15.860299992561341,12.297432536428767,-0.17408774337173227,-0.07154522721470044,-0.10254251615703183,16.236308692663105,15.633999919891357,15.031691147119608,16.67684004822978,21.294755356297657,NICK
2014-05-09,14.630000114440918,14.789999961853027,14.619999885559082,14.710000038146973,14.710000038146973,35800,15.057999992370606,15.373999977111817,15.580499935150147,15.712999992370605,15.720199956893921,15.858799991607667,11.978195354885033,-0.2168888264811244,-0.10061394706798524,-0.11627487941313916,16.30009623273469,15.580499935150147,14.860903637565606,14.106304662321769,16.902479078033895,NICK
2014-05-12,14.789999961853027,15.0,14.699999809265137,14.949999809265137,14.949999809265137,30900,14.931999969482423,15.296000003814697,15.5364999294281,15.696399993896485,15.716299953460693,15.857599992752075,28.066441011933307,-0.22880549017870067,-0.12625225569012832,-0.10255323448857234,16.29619122355597,15.5364999294281,14.77680863530023,18.03277876923435,16.271974493261972,NICK
2014-05-13,14.850000381469727,14.890000343322754,14.720000267028809,14.779999732971191,14.779999732971191,23400,14.797999954223632,15.2,15.483999919891357,15.675399990081788,15.711299953460694,15.851799993515014,24.63210405497284,-0.2490956972794116,-0.150820944007985,-0.09827475327142662,16.29845428846449,15.483999919891357,14.669545551318224,19.125673662622184,17.088252364726106,NICK
2014-05-14,14.739999771118164,14.800000190734863,14.649999618530273,14.739999771118164,14.739999771118164,59800,14.783999824523926,15.101999950408935,15.429499912261964,15.652999992370605,15.701299953460694,15.845949993133544,23.891321287147356,-0.26534476592745193,-0.17372570839187837,-0.09161905753557356,16.288696606219933,15.429499912261964,14.570303218303994,19.945338318495658,19.034596916784068,NICK
2014-05-15,14.600000381469727,14.600000381469727,14.510000228881836,14.550000190734863,14.550000190734863,46100,14.745999908447265,14.996999931335449,15.365999937057495,15.627799987792969,15.688899955749513,15.840099992752075,20.705935960423304,-0.2902083074238444,-0.1970222281982716,-0.09318607922557282,16.285943363307982,15.365999937057495,14.446056510807008,10.869644816611677,16.646885599243173,NICK
2014-05-16,14.520000457763672,14.569999694824219,14.479999542236328,14.539999961853027,14.539999961853027,22100,14.711999893188477,14.88499994277954,15.303999948501588,15.601399993896484,15.675899953842164,15.83494999408722,20.5506297144056,-0.30717881195519503,-0.2190535449496563,-0.08812526700553874,16.26996886041439,15.303999948501588,14.338031036588786,6.920331716826586,12.578438283977976,NICK
2014-05-19,14.479999542236328,14.600000381469727,14.479999542236328,14.600000381469727,14.600000381469727,39000,14.642000007629395,14.786999988555909,15.244499969482423,15.576599998474121,15.664599962234497,15.830499997138977,24.223113152033,-0.3121878197871979,-0.2376803999171646,-0.07450741987003329,16.229801357002806,15.244499969482423,14.25919858196204,5.625696287556862,7.805224273665044,NICK
2014-05-20,14.569999694824219,14.600000381469727,14.489999771118164,14.520000457763672,14.520000457763672,45900,14.59000015258789,14.694000053405762,15.181999969482423,15.550200004577636,15.652499971389771,15.825749998092652,22.715429232761213,-0.31893632046646125,-0.2539315840270239,-0.06500473643943733,16.184468712191613,15.181999969482423,14.179531226773234,5.617769861652526,6.054599288678662,NICK
2014-05-21,14.5600004196167,14.600000381469727,14.539999961853027,14.579999923706055,14.579999923706055,31300,14.558000183105468,14.671000003814697,15.123999977111817,15.524600009918213,15.640799970626832,15.820149998664856,26.414682030963526,-0.31580272319735947,-0.26630581186109104,-0.049496911336268434,16.12484743749066,15.123999977111817,14.12315251673297,6.666720463671788,5.970062204293729,NICK
2014-05-22,14.539999961853027,14.579999923706055,14.479999542236328,14.529999732971191,14.529999732971191,73400,14.554000091552734,14.65,15.062999963760376,15.498000011444091,15.628599967956543,15.814499998092652,25.32673109357489,-0.3137373533933232,-0.27579212016753746,-0.037945233225785746,16.052446114244578,15.062999963760376,14.073553813276174,5.00221072062295,5.762233681982425,NICK
2014-05-23,14.539999961853027,14.579999923706055,14.399999618530273,14.569999694824219,14.569999694824219,59900,14.560000038146972,14.635999965667725,15.00499997138977,15.473199996948242,15.616899967193604,15.809049997329712,27.8856596352729,-0.3053529515654958,-0.28170428644712914,-0.023648665118366663,15.966862671438376,15.00499997138977,14.043137271341164,8.904082361918983,6.857671182071243,NICK
2014-05-27,14.65999984741211,14.65999984741211,14.529999732971191,14.550000190734863,14.550000190734863,32400,14.55,14.596000003814698,14.946000003814698,15.447199993133545,15.60499997138977,15.803649997711181,27.380442821340424,-0.2968995720942349,-0.2847433435765503,-0.012156228517684609,15.866617162889533,14.946000003814698,14.025382844739863,11.339989466231975,8.415427516257973,NICK
2014-05-28,14.59000015258789,14.59000015258789,14.569999694824219,14.579999923706055,14.579999923706055,25900,14.561999893188476,14.576000022888184,14.888000011444092,15.422799987792969,15.593599967956543,15.798499999046326,29.445372296704797,-0.2844999419911929,-0.2846946632594788,0.0001947212682859023,15.745195463342512,14.888000011444092,14.030804559545672,19.92756566137376,13.390545829841576,NICK
2014-05-29,14.59000015258789,14.59000015258789,14.539999961853027,14.59000015258789,14.59000015258789,8800,14.563999938964844,14.561000061035156,14.831500005722045,15.397599983215333,15.582399969100953,15.793899998664855,30.158297030242416,-0.27074522844420557,-0.28190477629642413,0.011159547852218565,15.606955316030897,14.831500005722045,14.056044695413194,25.555608184228273,18.94105443727801,NICK
2014-05-30,14.640000343322754,14.640000343322754,14.529999732971191,14.579999923706055,14.579999923706055,23600,14.573999977111816,14.564000034332276,14.780499982833863,15.37299997329712,15.57089997291565,15.789749999046325,29.833651614472643,-0.2576810668188312,-0.27706003440090554,0.019378967582074358,15.477248733599557,14.780499982833863,14.083751232068169,30.5555997071165,25.34625785090618,NICK
2014-06-02,14.550000190734863,14.59000015258789,14.529999732971191,14.550000190734863,14.550000190734863,23500,14.570000076293946,14.565000057220459,14.725,15.347399978637695,15.55919997215271,15.784949998855591,28.830990536948605,-0.24690221727165174,-0.2710284709750548,0.024126253703403044,15.29863739225076,14.725,14.15136260774924,30.759694575287693,28.956967488877492,NICK
2014-06-03,14.539999961853027,14.680000305175781,14.369999885559082,14.460000038146973,14.460000038146973,28900,14.552000045776367,14.551000022888184,14.669000005722046,15.321199970245361,15.54669997215271,15.781300001144409,26.007086204655504,-0.24282304854772008,-0.2653873864895878,0.02256433794186774,15.098366844684632,14.669000005722046,14.23963316675946,27.180867124007957,29.498720468804052,NICK
2014-06-04,14.40999984741211,14.569999694824219,14.380000114440918,14.479999542236328,14.479999542236328,20600,14.531999969482422,14.54699993133545,14.620499992370606,15.29559995651245,15.534299964904784,15.777449998855591,27.70173213583616,-0.23526450237172547,-0.2593628096660153,0.024098307294289856,14.865650912485345,14.620499992370606,14.375349072255867,29.008760590177943,28.983107429824532,NICK
2014-06-05,14.449999809265137,14.579999923706055,14.449999809265137,14.579999923706055,14.579999923706055,26400,14.529999923706054,14.54699993133545,14.608999967575073,15.271399955749512,15.522699966430665,15.773849997520447,35.63912532225711,-0.21868424912660345,-0.25122709755813294,0.03254284843152949,14.838599488652529,14.608999967575073,14.379400446497618,41.38527382357113,32.52496717925234,NICK
2014-06-06,14.579999923706055,14.75,14.579999923706055,14.710000038146973,14.710000038146973,26200,14.555999946594238,14.564999961853028,14.607499980926514,15.25059995651245,15.512599964141845,15.769849996566773,44.213558538132055,-0.19283151453041825,-0.23954798095259,0.046716466422171754,14.83402802198231,14.607499980926514,14.380971939870719,64.23308856691973,44.87570766022293,NICK
2014-06-09,14.6899995803833,14.739999771118164,14.619999885559082,14.680000305175781,14.680000305175781,23300,14.581999969482421,14.576000022888184,14.605999994277955,15.229999961853027,15.501999969482421,15.765749998092652,42.796619114547624,-0.17277215399230172,-0.22619281556053233,0.05342066156823061,14.830178406713074,14.605999994277955,14.381821581842836,79.59819557954228,61.738852656677714,NICK
2014-06-10,14.680000305175781,14.6899995803833,14.550000190734863,14.640000343322754,14.640000343322754,19600,14.618000030517578,14.585000038146973,14.590500020980835,15.208199977874756,15.49089997291565,15.760450000762939,40.91386671095758,-0.15827809749068855,-0.21260987194656358,0.05433177445587503,14.751307340832655,14.590500020980835,14.429692701129015,80.70182042987305,74.84436819211169,NICK
2014-06-11,14.850000381469727,15.630000114440918,14.850000381469727,15.489999771118164,15.489999771118164,92200,14.820000076293946,14.676000022888184,14.626000022888183,15.203399982452392,15.488499975204467,15.758249998092651,70.55650480967846,-0.07731239405428347,-0.18555037636810756,0.10823798231382409,15.044874616897975,14.626000022888183,14.207125428878392,80.50687584324182,80.26896395088572,NICK
2014-06-12,15.449999809265137,15.449999809265137,14.460000038146973,14.680000305175781,14.680000305175781,103600,14.84000015258789,14.685000038146972,14.623000049591065,15.180199985504151,15.477999982833863,15.751750001907348,46.576512795483964,-0.0776120152085813,-0.16396270413620231,0.08635068892762102,15.03941804118823,14.623000049591065,14.2065820579939,61.514932580361396,74.24120961782542,NICK
2014-06-13,14.6899995803833,15.0600004196167,14.3100004196167,14.369999885559082,14.369999885559082,110700,14.772000122070313,14.664000034332275,14.614000034332275,15.151599979400634,15.464199981689454,15.745950002670288,40.85374549544341,-0.10169167192044704,-0.15150849769305125,0.04981682577260421,15.04390230619029,14.614000034332275,14.18409776247426,39.345827411230296,60.45587861161116,NICK
2014-06-16,14.380000114440918,14.510000228881836,14.270000457763672,14.359999656677246,14.359999656677246,74800,14.707999992370606,14.644999980926514,14.605000019073486,15.121799964904785,15.450299978256226,15.738250002861022,40.680104001507985,-0.12019635943262053,-0.1452460700409651,0.025049710608344572,15.048057575689315,14.605000019073486,14.161942462457658,11.922069466750704,37.594276486114126,NICK
2014-06-17,14.380000114440918,14.449999809265137,14.3100004196167,14.369999885559082,14.369999885559082,54000,14.65399990081787,14.635999965667725,14.593499994277954,15.09399995803833,15.436599979400635,15.72949999809265,40.95038987786993,-0.13252683584124192,-0.14270222320102047,0.010175387359778548,15.0482647790495,14.593499994277954,14.138735209506407,6.171968640728565,19.14662183956985,NICK
2014-06-18,14.369999885559082,14.539999961853027,14.369999885559082,14.430000305175781,14.430000305175781,33300,14.442000007629394,14.63100004196167,14.58899998664856,15.06819995880127,15.423599987030029,15.720900001525878,42.63914854813542,-0.1358908299145707,-0.1413399445437305,0.0054491146291598125,15.048342998446254,14.58899998664856,14.129656974850866,8.5783961391143,8.890811415531184,NICK
2014-06-19,14.4399995803833,14.5,14.4399995803833,14.4399995803833,14.4399995803833,29400,14.3939998626709,14.617000007629395,14.581999969482421,15.042399959564209,15.410799980163574,15.712149996757507,42.93206356908852,-0.1361801613809419,-0.14030798791117277,0.00412782653023086,15.045922404284784,14.581999969482421,14.118077534680058,10.539179077876472,8.429847952573105,NICK
2014-06-20,14.5,14.520000457763672,14.4399995803833,14.460000038146973,14.460000038146973,100500,14.411999893188476,14.592000007629395,14.57849998474121,15.014999961853027,15.397899980545043,15.70375,43.55296588456462,-0.13325945679503093,-0.1388982816879444,0.00563882489291348,15.044987945646874,14.57849998474121,14.112012023835547,12.745065727578018,10.620880314856256,NICK
2014-06-23,14.40999984741211,14.460000038146973,14.390000343322754,14.390000343322754,14.390000343322754,59300,14.418000030517579,14.563000011444093,14.569500017166138,14.987199974060058,15.384599981307984,15.695700001716613,41.83728884852032,-0.13503655043256124,-0.13812593543686777,0.0030893850043065274,15.04318661395949,14.569500017166138,14.095813420372787,11.764674258196932,11.682973021217132,NICK
2014-06-24,14.399999618530273,14.529999732971191,14.390000343322754,14.399999618530273,14.399999618530273,34800,14.423999977111816,14.538999938964844,14.561999988555907,14.958599967956543,15.371299982070923,15.688099999427795,42.187633593826504,-0.13409231921540865,-0.13731921219257595,0.0032268929771673005,15.04139963253427,14.561999988555907,14.082600344577545,10.784282788815844,11.764674258196925,NICK
2014-06-25,14.399999618530273,14.430000305175781,14.319999694824219,14.359999656677246,14.359999656677246,39300,14.40999984741211,14.425999927520753,14.550999975204467,14.929199962615966,15.357099981307984,15.67914999961853,41.12058070955358,-0.1350152994726912,-0.136858429648599,0.0018431301759078145,15.038274071329448,14.550999975204467,14.063725879079486,8.333292428174929,10.294083158395894,NICK
2014-06-26,14.380000114440918,14.449999809265137,14.319999694824219,14.399999618530273,14.399999618530273,24500,14.401999855041504,14.3979998588562,14.541499948501587,14.900599956512451,15.343499975204468,15.670549993515015,42.681849332482294,-0.13100891611365206,-0.13568852694160963,0.004679610827957564,15.032754527616007,14.541499948501587,14.050245369387167,8.5783727647379,9.231982660576216,NICK
2014-06-27,14.380000114440918,14.479999542236328,14.380000114440918,14.479999542236328,14.479999542236328,71400,14.405999755859375,14.408999824523926,14.5364999294281,14.873799953460694,15.331099967956543,15.66314999103546,45.77855467014013,-0.11999527237587415,-0.13254987602846252,0.01255460365258837,15.028120790574185,14.5364999294281,14.044879068282015,10.539155703500072,9.150273632137626,NICK
2014-06-30,14.40999984741211,14.40999984741211,14.350000381469727,14.359999656677246,14.359999656677246,12100,14.399999618530273,14.408999824523926,14.526999902725219,14.845399951934814,15.318199968338012,15.654949989318848,42.10398210809974,-0.11957152217149236,-0.1299542052570685,0.010382683085576133,15.024517828964797,14.526999902725219,14.029481976485641,10.539155703500072,9.88556139057934,NICK
2014-07-01,14.460000038146973,14.489999771118164,14.380000114440918,14.40999984741211,14.40999984741211,53500,14.40199966430664,14.412999820709228,14.524499893188477,14.817799949645996,15.305299968719483,15.646499986648559,44.116786785563626,-0.11388826651488948,-0.1267410175086327,0.012852750993743223,15.023838548768952,14.524499893188477,14.025161237608001,11.307688150563573,10.795333185854565,NICK
2014-07-02,14.399999618530273,14.399999618530273,13.949999809265137,13.979999542236328,13.979999542236328,94600,14.325999641418457,14.367999744415282,14.499499893188476,14.781999931335449,15.288099966049195,15.635449981689453,33.37164144772892,-0.14243972000006622,-0.1298807580069194,-0.012558961993146822,15.052436745954989,14.499499893188476,13.946563040421964,7.061542853742593,9.636128902602072,NICK
2014-07-03,14.0,14.0,13.949999809265137,13.979999542236328,13.979999542236328,18200,14.241999626159668,14.321999740600585,14.469499874114991,14.746799926757813,15.2710999584198,15.624399976730347,33.37164144772892,-0.16318584771637212,-0.13654177594880995,-0.026644071767562172,15.065166920806973,14.469499874114991,13.873832827423008,6.550579307940397,8.306603437415513,NICK
2014-07-07,13.970000267028809,13.970000267028809,13.859999656677246,13.899999618530273,13.899999618530273,49100,14.125999641418456,14.265999698638916,14.428999853134155,14.709799919128418,15.25319995880127,15.61294997215271,31.705422235689078,-0.18396202889838875,-0.1460258265387257,-0.03793620235966305,15.06268452721066,14.428999853134155,13.79531517905765,4.556573679971447,6.056231947218138,NICK
2014-07-08,13.930000305175781,13.930000305175781,13.579999923706055,13.770000457763672,13.770000457763672,37600,14.007999801635743,14.203999710083007,14.38349986076355,14.670599937438965,15.234199962615968,15.60119997024536,29.15774632117307,-0.20851353377282145,-0.15852336798554484,-0.04999016578727661,15.067262293316864,14.38349986076355,13.699737428210236,10.252921797062728,7.12002492832485,NICK
2014-07-09,13.789999961853027,13.789999961853027,13.449999809265137,13.479999542236328,13.479999542236328,41900,13.821999740600585,14.111999702453613,14.32549982070923,14.625599937438965,15.210999956130982,15.587649965286255,24.439810963422964,-0.24850679685015464,-0.1765200537584668,-0.07198674309168784,15.102789413583727,14.32549982070923,13.548210227834732,9.483939817244996,8.097811764759717,NICK
2014-07-10,13.170000076293945,13.239999771118164,12.890000343322754,13.0600004196167,13.0600004196167,125900,13.63799991607666,13.981999778747559,14.203999853134155,14.571999950408935,15.183899955749512,15.57239996433258,19.5149029216605,-0.310512767198345,-0.20331859644644243,-0.10719417075190255,14.974853835831782,14.203999853134155,13.433145870436528,10.978445642918745,10.238435752408817,NICK
2014-07-11,13.0600004196167,13.199999809265137,13.0,13.119999885559082,13.119999885559082,48500,13.465999984741211,13.853999805450439,14.12599983215332,14.519999942779542,15.15689995765686,15.555699968338013,21.93504078019103,-0.3507680541800333,-0.23280848799316062,-0.1179595661868727,14.99753626249946,14.12599983215332,13.25446340180718,9.055994322803512,9.839459927655746,NICK
2014-07-14,13.180000305175781,13.399999618530273,13.15999984741211,13.279999732971191,13.279999732971191,23500,13.342000007629395,13.733999824523925,14.071499824523926,14.47359992980957,15.131699953079224,15.541049971580506,28.14039169384696,-0.36554621935298215,-0.25935603426512494,-0.10619018508785721,15.009012904136652,14.071499824523926,13.1339867449112,16.056896385960965,12.03044545056107,NICK
2014-07-15,13.800000190734863,13.899999618530273,13.220000267028809,13.319999694824219,13.319999694824219,34400,13.251999855041504,13.629999828338622,14.019499826431275,14.426799926757813,15.106499948501586,15.526599974632264,29.64603968919295,-0.36976790486085775,-0.2814384083842715,-0.08832949647658628,15.001548111188992,14.019499826431275,13.037451541673558,21.559932023179584,15.557607577314684,NICK
2014-07-16,13.399999618530273,13.430000305175781,13.319999694824219,13.399999618530273,13.399999618530273,26800,13.235999870300294,13.52899980545044,13.970999813079834,14.383199920654297,15.08219994544983,15.511649975776672,32.68392965406322,-0.3624798536684164,-0.29764669744110045,-0.06483315622731595,14.974591299514174,13.970999813079834,12.967408326645494,27.51013153950484,21.70898664954846,NICK
2014-07-17,13.3100004196167,13.369999885559082,13.220000267028809,13.220000267028809,13.220000267028809,27800,13.267999839782714,13.452999877929688,13.910499811172485,14.33859992980957,15.056099948883057,15.49629997253418,29.588167352996606,-0.36699794013407505,-0.31151694597969537,-0.05548099415437968,14.941624752198182,13.910499811172485,12.879374870146789,26.458312595876887,25.1761253861871,NICK
2014-07-18,13.130000114440918,13.5,13.130000114440918,13.470000267028809,13.470000267028809,44500,13.33799991607666,13.401999950408936,13.86199984550476,14.311799926757812,15.033899955749511,15.481199975013732,38.32574421982442,-0.3464124188164668,-0.31849604054704966,-0.02791637826941712,14.880107711050169,13.86199984550476,12.843891979959352,29.583325634397596,27.850589923259772,NICK
2014-07-21,13.460000038146973,13.460000038146973,13.329999923706055,13.350000381469727,13.350000381469727,18200,13.352000045776368,13.347000026702881,13.806499862670899,14.283999938964843,15.009599962234496,15.465699973106384,36.01548788285582,-0.33590908194480207,-0.32197864882660016,-0.013930433118201913,14.80906181968977,13.806499862670899,12.803937905652027,28.541674489779393,28.19443757335129,NICK
2014-07-22,13.380000114440918,13.430000305175781,13.3100004196167,13.420000076293945,13.420000076293945,12200,13.372000122070313,13.311999988555907,13.757999849319457,14.258199939727783,14.985599966049195,15.450799975395203,38.35003376884632,-0.3182679268947606,-0.3212365044402322,0.00296857754547164,14.736520839013123,13.757999849319457,12.779478859625792,33.36645259115276,30.49715090510991,NICK
2014-07-23,13.380000114440918,13.460000038146973,13.359999656677246,13.460000038146973,13.460000038146973,24000,13.384000205993653,13.310000038146972,13.710999870300293,14.22839994430542,14.962399969100952,15.435599975585937,39.70386686506433,-0.297628644050814,-0.31651493236234857,0.01888628831153455,14.651210150991854,13.710999870300293,12.770789589608732,38.400229772937465,33.43611895128986,NICK
2014-07-24,13.40999984741211,13.489999771118164,13.359999656677246,13.369999885559082,13.369999885559082,25300,13.414000129699707,13.340999984741211,13.661499881744385,14.200199947357177,14.937799968719482,15.420449976921082,37.697926143024034,-0.2852459856866325,-0.31026114302720537,0.025015157340572858,14.56328169006898,13.661499881744385,12.75971807341979,43.63169395046862,38.466125438186275,NICK
2014-07-25,13.319999694824219,13.359999656677246,13.239999771118164,13.270000457763672,13.270000457763672,26200,13.37400016784668,13.35600004196167,13.604999923706055,14.170799961090088,14.911899976730346,15.404899983406066,35.54885935852204,-0.28027096855094946,-0.3042631081319542,0.023992139581004712,14.454717192178752,13.604999923706055,12.755282655233358,44.111406274066944,42.04777666582434,NICK
2014-07-28,13.220000267028809,13.420000076293945,13.109999656677246,13.220000267028809,13.220000267028809,29600,13.348000144958496,13.350000095367431,13.541999959945679,14.144199962615966,14.885999975204468,15.389099988937378,34.49012726302359,-0.27716781115510614,-0.29884404873658454,0.021676237581478408,14.305323964054102,13.541999959945679,12.778675955837256,37.88538743365433,41.87616255272996,NICK
2014-07-29,13.220000267028809,13.369999885559082,13.170000076293945,13.199999809265137,13.199999809265137,67500,13.304000091552734,13.338000106811524,13.483999967575073,14.117399959564208,14.859399976730346,15.372599987983703,34.05323759392036,-0.27317343306082087,-0.29370992560143183,0.020536492540610962,14.161329768064297,13.483999967575073,12.80667016708585,33.30159851938069,38.43279740903398,NICK
2014-07-30,13.25,13.25,13.149999618530273,13.180000305175781,13.180000305175781,9800,13.248000144958496,13.316000175476074,13.422499990463256,14.08899995803833,14.832799978256226,15.354449992179871,33.59497409824981,-0.2685262490332718,-0.2886731902877998,0.020146941254527984,13.961605428525232,13.422499990463256,12.883394552401281,27.788788020355337,32.99192465779678,NICK
2014-07-31,13.180000305175781,13.1899995803833,13.020000457763672,13.020000457763672,13.020000457763672,29700,13.178000259399415,13.29600019454956,13.374500036239624,14.05899995803833,14.804599981307984,15.3348499917984,30.104580094352997,-0.2745886852834989,-0.2858562892869396,0.011267604003440734,13.87615600963698,13.374500036239624,12.872844062842269,16.897693613769377,25.996026717835125,NICK
2014-08-01,13.079999923706055,13.079999923706055,12.859999656677246,12.90999984741211,12.90999984741211,43000,13.1060001373291,13.240000152587891,13.321000051498412,14.025599956512451,14.775099983215332,15.31444999217987,27.95423590846645,-0.2849842189516547,-0.28568187521988264,0.0006976562682279308,13.779296764237873,13.321000051498412,12.862703338758951,8.26925106982427,17.65191090131632,NICK
2014-08-04,12.899999618530273,13.050000190734863,12.859999656677246,12.960000038146973,12.960000038146973,24700,13.054000091552734,13.201000118255616,13.274000072479248,13.994199962615967,14.746099987030028,15.294299993515015,30.388228979324587,-0.28589256522618456,-0.28572401322114305,-0.00016855200504151124,13.67426996517654,13.274000072479248,12.873730179781957,6.810920682214598,10.659288455269406,NICK
2014-08-05,12.920000076293945,13.039999961853027,12.829999923706055,12.880000114440918,12.880000114440918,46300,12.990000152587891,13.147000122070313,13.22950005531311,13.9603999710083,14.716799983978271,15.274199995994568,28.716575962960246,-0.2897279578995757,-0.28652480215682957,-0.0032031557427461554,13.595749830514544,13.22950005531311,12.863250280111677,9.29849207730237,8.12622127644707,NICK
2014-08-06,12.800000190734863,13.050000190734863,12.75,12.989999771118164,12.989999771118164,31100,12.952000045776368,13.100000095367431,13.205000066757203,13.929199962615966,14.688199977874756,15.25414999485016,34.085738793674444,-0.28065625068197164,-0.285351091861858,0.004694841179886333,13.566469261453266,13.205000066757203,12.84353087206114,18.362578296800066,11.490663685439003,NICK
2014-08-07,12.800000190734863,13.039999961853027,12.789999961853027,12.970000267028809,12.970000267028809,20500,12.942000007629394,13.060000133514404,13.200500059127808,13.896999969482422,14.659899978637695,15.235099992752076,33.59035117557865,-0.27194582796668243,-0.28267003908282284,0.010724211116140414,13.571200720146662,13.200500059127808,12.829799398108955,23.06415289260092,16.908407755567776,NICK
2014-08-08,12.930000305175781,13.050000190734863,12.930000305175781,13.0,13.0,41000,12.960000038146973,13.033000087738037,13.194500064849853,13.865199966430664,14.631399974822997,15.215349988937378,35.11373060420192,-0.25962918385909006,-0.2780618680380763,0.018432684178986247,13.573998390943384,13.194500064849853,12.815001738756322,31.837846241881095,24.42152581042735,NICK
2014-08-11,13.0,13.0,12.920000076293945,12.979999542236328,12.979999542236328,40800,12.963999938964843,13.009000015258788,13.17950005531311,13.83319995880127,14.603099966049195,15.195499982833862,34.54479030886638,-0.24861613244130787,-0.27217272091872263,0.023556588477414764,13.567905815509771,13.17950005531311,12.791094295116448,31.531532692567385,28.81117727568312,NICK
2014-08-12,13.0,13.010000228881836,12.960000038146973,12.970000267028809,12.970000267028809,49200,12.981999969482422,12.986000061035156,13.16200008392334,13.801599960327149,14.574499969482423,15.174999985694885,34.24603659924685,-0.2379521040542869,-0.2653285975458355,0.02737649349154858,13.555019219687535,13.16200008392334,12.768980948159145,31.531532692567385,31.633637209005276,NICK
2014-08-13,13.0,13.0600004196167,12.979999542236328,13.010000228881836,13.010000228881836,12200,12.986000061035156,12.969000053405761,13.142500114440917,13.772599964141845,14.546899967193603,15.154049983024597,36.60783104097754,-0.22369451102142968,-0.2570017802409543,0.03330726921952465,13.524907072183012,13.142500114440917,12.760093156698822,33.205601245473446,32.08955554353606,NICK
2014-08-14,13.050000190734863,13.050000190734863,12.979999542236328,13.029999732971191,13.029999732971191,6800,12.997999954223634,12.969999980926513,13.133000087738036,13.743599967956543,14.519599962234498,15.134149980545043,37.81059633011602,-0.20837940491709084,-0.24727730517618163,0.03889790025909079,13.516671941978311,13.133000087738036,12.749328233497762,36.77559168806885,33.837575208703214,NICK
2014-08-15,13.119999885559082,13.119999885559082,12.90999984741211,12.989999771118164,12.989999771118164,19000,12.995999908447265,12.97799997329712,13.109000062942505,13.711799964904785,14.491599960327148,15.114099979400635,36.32606731016411,-0.19719657623766906,-0.2372611593884791,0.040064583150810046,13.464353522075227,13.109000062942505,12.753646603809782,39.7688825673762,36.583358500306154,NICK
2014-08-18,13.050000190734863,13.050000190734863,12.979999542236328,13.050000190734863,13.050000190734863,31200,13.010000038146973,12.986999988555908,13.094000053405761,13.678599967956544,14.464599962234496,15.094849982261657,40.12367169103084,-0.18140148808650203,-0.2260892251280837,0.04468773704158166,13.432313585578763,13.094000053405761,12.755686521232759,46.83356198575974,41.12601208040158,NICK
2014-08-19,13.020000457763672,13.109999656677246,13.0,13.0600004196167,13.0600004196167,59100,13.02800006866455,13.005000019073487,13.076000070571899,13.64619997024536,14.438099966049194,15.07989998817444,40.75786128289725,-0.16616142654060972,-0.2141036654105889,0.04794223886997917,13.379539261712377,13.076000070571899,12.77246087943142,56.38813126927829,47.66352527413806,NICK
2014-08-20,13.039999961853027,13.100000381469727,13.0,13.029999732971191,13.029999732971191,38900,13.031999969482422,13.009000015258788,13.05450005531311,13.61399995803833,14.411099967956543,15.068849987983704,39.40930624136951,-0.15472084703859146,-0.2022271017361894,0.04750625469759795,13.301924890618837,13.05450005531311,12.807075220007382,68.71012435732605,57.310605870788,NICK
2014-08-21,13.0,13.09000015258789,12.949999809265137,12.970000267028809,12.970000267028809,45300,13.020000076293945,13.009000015258788,13.034500074386596,13.563599967956543,14.383499975204467,15.054799990653992,36.78773754377984,-0.14878051169721473,-0.19153778372839447,0.04275727203117974,13.237327751109401,13.034500074386596,12.831672397663791,68.52996164841296,64.5427390916724,NICK
2014-08-22,13.0,13.100000381469727,13.0,13.050000190734863,13.050000190734863,21300,13.032000160217285,13.014000034332275,13.023500061035156,13.530999965667725,14.355599975585937,15.042099990844726,42.299249878612436,-0.13604913810907604,-0.18044005460453078,0.044390916495454735,13.195578618319166,13.023500061035156,12.851421503751146,72.07211154728151,69.77073251767348,NICK
2014-08-25,13.050000190734863,13.0600004196167,12.989999771118164,13.0600004196167,13.0600004196167,35700,13.034000205993653,13.022000122070313,13.01550006866455,13.504799976348878,14.328199977874755,15.029649991989135,42.96865360292254,-0.12372625862797726,-0.16909729540922008,0.045371036781242824,13.163483241388644,13.01550006866455,12.867516895940458,74.77487694590461,71.79231671386634,NICK
2014-08-26,13.020000457763672,13.050000190734863,12.869999885559082,12.899999618530273,12.899999618530273,681900,13.002000045776366,13.015000057220458,13.000500059127807,13.475599975585938,14.29869997024536,15.01739998817444,35.81032229061639,-0.12542519178639822,-0.1603628746846557,0.034937682898257494,13.130342495199379,13.000500059127807,12.870657623056236,66.0661059400175,70.97103147773453,NICK
2014-08-27,12.949999809265137,13.0,12.869999885559082,12.899999618530273,12.899999618530273,20700,12.976000022888183,13.003999996185303,12.986500024795532,13.446199970245361,14.270099964141846,15.003299984931946,35.81032229061639,-0.12532691785882122,-0.15335568331948882,0.0280287654606676,13.09444007484901,12.986500024795532,12.878559974742055,43.03901776636693,61.293333550763,NICK
2014-08-28,12.899999618530273,13.0,12.850000381469727,12.859999656677246,12.859999656677246,22400,12.953999900817871,12.986999988555908,12.97849998474121,13.41479995727539,14.24149995803833,14.988949985504151,34.16030470698187,-0.12701257578009084,-0.14808706181160922,0.021074486031518375,13.098379360228,12.97849998474121,12.858620609254421,16.34552408507611,41.8168825971535,NICK
2014-08-29,12.899999618530273,13.0,12.8100004196167,12.829999923706055,12.829999923706055,33600,12.90999984741211,12.971000003814698,12.974499988555909,13.382599964141846,14.212499961853027,14.975099983215332,32.93462890433934,-0.1292789522713207,-0.1443254399035515,0.01504648763223082,13.107838147579463,12.974499988555909,12.841161829532355,7.384933099690879,22.256491650377964,NICK
2014-09-02,12.90999984741211,13.010000228881836,12.859999656677246,12.920000076293945,12.920000076293945,64900,12.88199977874756,12.957999992370606,12.972499990463257,13.351799964904785,14.183399963378907,14.959849982261657,39.901360185828906,-0.12240183960335038,-0.13994071984351128,0.017538880240160898,13.107833146257505,12.972499990463257,12.83716683466901,15.212909153133838,12.981122112633598,NICK
2014-09-03,13.0,13.0,12.890000343322754,12.949999809265137,12.949999809265137,76200,12.891999816894531,12.94699993133545,12.975999975204468,13.322999954223633,14.155099964141845,14.94519998073578,42.061859374614095,-0.1132257545170301,-0.13459772677821505,0.02137197226118495,13.105058371686198,12.975999975204468,12.846941578722738,29.032152210785238,17.20999815453664,NICK
2014-09-04,13.0,13.010000228881836,12.899999618530273,12.949999809265137,12.949999809265137,32800,12.901999855041504,12.938999938964844,12.973999977111816,13.29399995803833,14.126299962997436,14.93014997959137,42.061859374614095,-0.10474619207598579,-0.1286274198377692,0.02388122776178342,13.10336795074358,12.973999977111816,12.844632003480053,41.935387941024146,28.72681643498106,NICK
2014-09-05,12.949999809265137,12.979999542236328,12.859999656677246,12.869999885559082,12.869999885559082,13700,12.90399990081787,12.928999900817871,12.96899995803833,13.264199962615967,14.096699962615967,14.91514997959137,37.85328863443972,-0.103290731746009,-0.12356008221941717,0.020269350473408165,13.106098740349223,12.96899995803833,12.831901175727436,36.77407177245603,35.913870641421795,NICK
2014-09-08,12.920000076293945,12.930000305175781,12.890000343322754,12.930000305175781,12.930000305175781,4700,12.923999977111816,12.916999912261963,12.965499973297119,13.234799976348876,14.067699966430665,14.901199979782104,42.50017532766723,-0.0961869532075621,-0.11808545641704615,0.021898503209484055,13.10282830468846,12.965499973297119,12.828171641905778,35.053702552894826,37.92105408879166,NICK
2014-09-09,12.899999618530273,12.899999618530273,12.760000228881836,12.800000190734863,12.800000190734863,13200,12.9,12.890999889373779,12.956500005722045,13.201199989318848,14.03749997138977,14.886899981498718,36.186717900478776,-0.09989554663617284,-0.11444747446087149,0.014551927824698649,13.11132591131668,12.956500005722045,12.80167410012741,23.921541934785367,31.916438753378728,NICK
2014-09-10,12.84000015258789,12.84000015258789,12.609999656677246,12.649999618530273,12.649999618530273,11200,12.839999961853028,12.865999889373779,12.940499973297118,13.166999988555908,14.006199970245362,14.870299978256226,30.547859559204007,-0.11362858660213249,-0.11428369688912368,0.0006551102869911951,13.14470355541894,12.940499973297118,12.736296391175296,19.975999469155624,26.31708131894526,NICK
2014-09-11,12.579999923706055,12.640000343322754,10.640000343322754,12.489999771118164,12.489999771118164,27300,12.747999954223634,12.824999904632568,12.914499950408935,13.128599987030029,13.973199968338013,14.853349976539612,25.909971511196428,-0.13585669877241635,-0.11859829726578222,-0.01725840150663413,13.194890976510155,12.914499950408935,12.634108924307714,31.710387478339896,25.202642960760283,NICK
2014-09-12,12.529999732971191,12.529999732971191,12.390000343322754,12.390000343322754,12.390000343322754,10800,12.652000045776367,12.777999973297119,12.882499980926514,13.096800003051758,13.939399967193603,14.83639997959137,23.507749410298135,-0.1597008242140383,-0.12681880265543344,-0.03288202155860487,13.23869524050003,12.882499980926514,12.526304721352998,51.89350678639619,34.52663124463056,NICK
2014-09-15,12.449999809265137,12.5,12.149999618530273,12.15999984741211,12.15999984741211,30500,12.497999954223634,12.710999965667725,12.840999984741211,13.060400009155273,13.903599967956543,14.817049975395202,19.117466546587888,-0.19490978457041663,-0.14043699903843007,-0.05447278553198656,13.312249506562406,12.840999984741211,12.369750462920017,70.19593258271196,51.26660894914934,NICK
2014-09-16,12.1899995803833,12.34000015258789,12.15999984741211,12.210000038146973,12.210000038146973,25400,12.379999923706055,12.639999961853027,12.798999977111816,13.026600017547608,13.868199968338013,14.7978999710083,22.505740779676938,-0.21628533904091718,-0.1556066670389275,-0.060678672001989675,13.33371118753539,12.798999977111816,12.26428876668824,67.20976206756465,63.09973381222426,NICK
2014-09-17,12.25,12.319999694824219,12.170000076293945,12.229999542236328,12.229999542236328,28900,12.295999908447266,12.567999935150146,12.757499933242798,12.995799999237061,13.833199968338013,14.778999967575073,23.87933554454784,-0.22897237610280463,-0.17027980885170294,-0.058692567251101696,13.33209119385176,12.757499933242798,12.182908672633836,65.46793864302293,67.62454443109984,NICK
2014-09-18,12.25,12.25,11.800000190734863,12.010000228881836,12.010000228881836,100900,12.2,12.473999977111816,12.70649995803833,12.96640001296997,13.795999975204468,14.7612499666214,19.735330453492807,-0.25385279337213085,-0.18699440575578852,-0.06685838761634233,13.35198509366754,12.70649995803833,12.06101482240912,63.71306607648873,65.46358892902542,NICK
2014-09-19,12.079999923706055,12.1899995803833,12.079999923706055,12.1899995803833,12.1899995803833,81300,12.15999984741211,12.405999946594239,12.667499923706055,12.948999996185302,13.760499973297119,14.743549966812134,30.38072658940514,-0.25609416583234434,-0.20081435777109968,-0.05527980806124466,13.33834647476114,12.667499923706055,11.99665337265097,63.43176567241784,64.20425679730982,NICK
2014-09-22,12.109999656677246,12.4399995803833,12.109999656677246,12.180000305175781,12.180000305175781,31900,12.163999938964844,12.330999946594238,12.6239999294281,12.930200004577637,13.725099973678589,14.725399966239928,30.14156825825241,-0.255729437823911,-0.21179737378166194,-0.04393206404224906,13.302775283880372,12.6239999294281,11.945224574975828,62.72854148852366,63.291124412476734,NICK
2014-09-23,12.130000114440918,12.229999542236328,12.069999694824219,12.109999656677246,12.109999656677246,39200,12.1439998626709,12.261999893188477,12.576499891281127,12.906800003051758,13.690199966430663,14.708749966621399,28.452944850033496,-0.2581134839901331,-0.2210605958233562,-0.03705288816677693,13.259530591839114,12.576499891281127,11.89346919072314,64.13500326945352,63.431770143464995,NICK
2014-09-24,12.199999809265137,12.319999694824219,11.90999984741211,11.970000267028809,11.970000267028809,113000,12.092000007629395,12.19399995803833,12.529999923706054,12.87980001449585,13.653299970626831,14.692199969291687,25.389375339103175,-0.26820790470211975,-0.2304900575991089,-0.03771784710301085,13.2445066725226,12.529999923706054,11.815493174889507,61.28060599841652,62.71471691879788,NICK
2014-09-25,12.050000190734863,12.079999923706055,11.90999984741211,11.949999809265137,11.949999809265137,64400,12.079999923706055,12.139999961853027,12.482499933242797,12.850800018310547,13.616999969482421,14.675199966430664,24.975646558357738,-0.2746556166518932,-0.23932316940966575,-0.03533244724222745,13.218295400369758,12.482499933242797,11.746704466115837,58.68937710663038,61.368328791500126,NICK
2014-09-26,11.949999809265137,12.0,11.819999694824219,11.899999618530273,11.899999618530273,69700,12.021999931335449,12.09099988937378,12.434499931335449,12.824400005340577,13.581499967575073,14.657949962615966,23.925983472390776,-0.2805658834899454,-0.24757171222572166,-0.032994171264223715,13.190501970884064,12.434499931335449,11.678497891786833,56.598346346816754,58.85610981728788,NICK
2014-09-29,11.800000190734863,12.010000228881836,11.800000190734863,11.90999984741211,11.90999984741211,111000,11.967999839782715,12.06599988937378,12.388499927520751,12.793199996948243,13.552499961853027,14.641649961471558,24.6084460497501,-0.281201363369755,-0.25429764245452835,-0.026903720915226637,13.154535893524955,12.388499927520751,11.622463961516548,56.894890398637216,57.394204617361446,NICK
2014-09-30,11.90999984741211,11.90999984741211,11.5600004196167,11.59000015258789,11.59000015258789,60700,11.863999938964843,12.00399990081787,12.32199993133545,12.757999992370605,13.520999965667725,14.623549962043763,18.797295043590097,-0.30402171370749365,-0.2642424567051214,-0.039779257002372226,13.122089926102062,12.32199993133545,11.521909936568838,53.65981461762033,55.71768378769142,NICK
2014-10-01,11.800000190734863,11.8100004196167,11.34000015258789,11.479999542236328,11.479999542236328,68400,11.765999794006348,11.928999900817871,12.24849991798401,12.719199981689453,13.488699960708619,14.60444995880127,17.286149004341965,-0.3272112481174432,-0.27683621498758576,-0.050375033129857416,13.074000465281017,12.24849991798401,11.422999370687002,38.99730146490148,49.850668827053,NICK
2014-10-02,11.960000038146973,11.960000038146973,11.350000381469727,11.350000381469727,11.350000381469727,44700,11.645999908447266,11.86299991607666,12.168499946594238,12.676999988555908,13.452699966430664,14.58449995994568,15.681671715519213,-0.35202108706824475,-0.29187318940371754,-0.06014789766452722,13.016374368798338,12.168499946594238,11.320625524390138,20.042246004705557,37.56645402907578,NICK
2014-10-03,11.430000305175781,11.4399995803833,11.210000038146973,11.210000038146973,11.210000038146973,25200,11.507999992370605,11.764999961853027,12.085499954223632,12.633799991607667,13.416999969482422,14.564149961471557,14.157622837017309,-0.378615477313927,-0.30922164698575944,-0.06939383032816754,12.966782555276799,12.085499954223632,11.204217353170465,4.208915850286613,21.08282110663121,NICK
2014-10-06,11.210000038146973,11.380000114440918,11.210000038146973,11.359999656677246,11.359999656677246,30400,11.397999954223632,11.682999897003175,12.006999921798705,12.595599975585937,13.383199968338012,14.542249960899353,22.813187078686294,-0.38317105021836895,-0.32401152763228136,-0.05915952258608759,12.852366097105325,12.006999921798705,11.161633746492086,4.352394762042185,9.534518872344778,NICK
2014-10-07,11.300000190734863,11.300000190734863,10.9399995803833,10.960000038146973,10.960000038146973,100700,11.271999931335449,11.567999935150146,11.91499991416931,12.5503999710083,13.347299966812134,14.518099961280823,17.690591151111736,-0.41428241109214703,-0.3420657043242545,-0.07221670676789255,12.794920268919709,11.91499991416931,11.035079559418913,4.5094864423092496,4.356932351546008,NICK
2014-10-08,10.970000267028809,11.180000305175781,10.960000038146973,11.039999961853027,11.039999961853027,41300,11.184000015258789,11.474999904632568,11.834499931335449,12.50719997406006,13.312299966812134,14.494099960327148,21.487728941130523,-0.4275544815541146,-0.3591634597702265,-0.06839102178388806,12.725240584942098,11.834499931335449,10.9437592777288,6.731717141636506,5.1978661153293055,NICK
2014-10-09,11.199999809265137,11.199999809265137,10.899999618530273,11.010000228881836,11.010000228881836,111900,11.115999984741212,11.380999946594239,11.760499954223633,12.46379997253418,13.276399965286254,14.470499963760377,21.094728254458193,-0.43547355270516164,-0.3744254783572135,-0.06104807434794812,12.666887768250044,11.760499954223633,10.854112140197222,5.04765096730151,5.429618183749081,NICK
2014-10-10,11.039999961853027,11.130000114440918,10.989999771118164,11.0,11.0,44800,11.073999977111816,11.29099998474121,11.690999937057494,12.423399963378905,13.241199960708618,14.446849966049195,20.957130343246515,-0.437513030666441,-0.387042988819059,-0.05047004184738196,12.606770513114018,11.690999937057494,10.77522936100097,6.950623019272181,6.243330376070059,NICK
2014-10-13,10.970000267028809,11.220000267028809,10.970000267028809,11.149999618530273,11.149999618530273,31600,11.031999969482422,11.214999961853028,11.640499925613403,12.38819995880127,13.20689995765686,14.423849964141846,28.49171263721948,-0.4221592272414796,-0.3940662365035431,-0.028092990737936474,12.558638710925432,11.640499925613403,10.722361140301373,10.596936605577978,7.531736864050551,NICK
2014-10-14,11.199999809265137,11.25,11.09000015258789,11.220000267028809,11.220000267028809,52000,11.08400001525879,11.17799997329712,11.590999937057495,12.353399963378907,13.173799962997437,14.401199965476989,31.76080340409188,-0.3997348653930768,-0.3951999622814498,-0.0045349031116269645,12.487479580197782,11.590999937057495,10.694520293917208,17.255534958496938,11.601031527782359,NICK
2014-10-15,11.140000343322754,11.239999771118164,10.960000038146973,11.119999885559082,11.119999885559082,71400,11.1,11.142000007629395,11.535499954223633,12.31819995880127,13.139299964904785,14.378099966049195,29.673778059765798,-0.38558777625139307,-0.39327752507543845,0.007689748824045384,12.403865585052756,11.535499954223633,10.66713432339451,21.51471928229297,16.45573028212262,NICK
2014-10-16,10.989999771118164,11.25,10.989999771118164,11.25,11.25,38700,11.147999954223632,11.131999969482422,11.497499942779541,12.283399963378907,13.106299962997436,14.355649967193603,35.59838774979387,-0.35973933231032795,-0.38656988652241636,0.02683055421208841,12.345765707719039,11.497499942779541,10.649234177840043,26.156691183339408,21.64231514137643,NICK
2014-10-17,11.390000343322754,11.390000343322754,11.109999656677246,11.109999656677246,11.109999656677246,31900,11.169999885559083,11.121999931335449,11.443499946594239,12.246199951171874,13.071599960327148,14.332599964141846,32.42985956194824,-0.34655622746702974,-0.37856715471133906,0.03201092724430932,12.244755807319072,11.443499946594239,10.642244085869406,23.72089934971193,23.797436605114758,NICK
2014-10-20,11.09000015258789,11.25,11.09000015258789,11.210000038146973,11.210000038146973,32600,11.181999969482423,11.106999969482422,11.394999933242797,12.210399951934814,13.03779995918274,14.310099964141846,36.75976078699649,-0.32430098694586995,-0.36771392115824525,0.0434129342123753,12.12645043394434,11.394999933242797,10.663549432541254,26.862725366361236,25.580105299804178,NICK
2014-10-21,11.15999984741211,11.220000267028809,11.039999961853027,11.119999885559082,11.119999885559082,45900,11.161999893188476,11.122999954223634,11.345499944686889,12.17319995880127,13.00319995880127,14.28704996585846,34.610182207345886,-0.3103483065508801,-0.35624079823677224,0.045892491685892156,12.007390361486582,11.345499944686889,10.683609527887196,23.27045383183517,24.6180261826361,NICK
2014-10-22,11.350000381469727,12.100000381469727,11.350000381469727,11.470000267028809,11.470000267028809,176000,11.231999969482422,11.16599998474121,11.32049994468689,12.143199958801269,12.972399959564209,14.26579996585846,47.47388231701321,-0.2679597281577788,-0.33858458422097354,0.07062485606319474,11.921082045138403,11.32049994468689,10.719917844235377,32.500022942154445,27.544400713450273,NICK
2014-10-23,11.600000381469727,11.880000114440918,11.600000381469727,11.84000015258789,11.84000015258789,81800,11.35,11.248999977111817,11.314999961853028,12.11979995727539,12.946199960708618,14.246449966430664,57.085158335453244,-0.20217997098858298,-0.3113036615744954,0.10912369058591243,11.894050855504974,11.314999961853028,10.735949068201082,48.862695277816634,34.87772401726874,NICK
2014-10-24,11.880000114440918,11.960000038146973,11.710000038146973,11.829999923706055,11.829999923706055,41800,11.494000053405761,11.331999969482421,11.311499977111817,12.095799961090087,12.919699964523316,14.22699996471405,56.782735146197346,-0.14913681800626932,-0.2788702928608502,0.12973347485458087,11.877053697235418,11.311499977111817,10.745946256988216,67.77777601171562,49.713498077228884,NICK
2014-10-27,11.800000190734863,11.989999771118164,11.75,11.850000381469727,11.850000381469727,52500,11.622000122070313,11.402000045776367,11.308500003814697,12.072999973297119,12.892399969100952,14.207549967765807,57.27030445096533,-0.10428374917566074,-0.2439529841238123,0.13966923494815156,11.861827329306044,11.308500003814697,10.75517267832335,78.33332803514632,64.99126644155952,NICK
2014-10-28,11.800000190734863,12.069999694824219,11.800000190734863,12.050000190734863,12.050000190734863,107500,11.808000183105468,11.485000038146973,11.331500005722045,12.05299997329712,12.865799970626831,14.189199967384338,61.89929619393545,-0.051999636399180815,-0.20556231457888602,0.1535626781797052,11.962508062305439,11.331500005722045,10.700491949138652,84.166658719386,76.75925425541597,NICK
2014-10-29,12.029999732971191,12.199999809265137,11.920000076293945,12.15999984741211,12.15999984741211,65500,11.946000099182129,11.589000034332276,11.365500020980836,12.034999961853027,12.840599966049194,14.171299967765808,64.19664412922185,-0.0016688103419415512,-0.16478361373149714,0.16311480338955558,12.09104749591943,11.365500020980836,10.639952546042242,90.59139867644363,84.36379514365865,NICK
2014-10-30,12.15999984741211,12.199999809265137,12.010000228881836,12.180000305175781,12.180000305175781,84300,12.014000129699706,11.682000064849854,11.407000017166137,12.017999973297119,12.815999965667725,14.153449969291687,64.61442953709208,0.0393786689301141,-0.12395115719917488,0.16332982612928898,12.214566877854482,11.407000017166137,10.599433156477792,96.99821752882589,90.58542497488516,NICK
2014-10-31,12.210000038146973,12.40999984741211,12.149999618530273,12.210000038146973,12.210000038146973,95100,12.09000015258789,11.792000102996827,11.457000017166138,12.002799968719483,12.783199968338012,14.13584997177124,65.26907774662568,0.0734827562443261,-0.08446437451047467,0.15794713075480077,12.330707200880642,11.457000017166138,10.583292833451633,93.78941346336804,93.79300988954583,NICK
2014-11-03,12.279999732971191,12.300000190734863,12.119999885559082,12.170000076293945,12.170000076293945,33800,12.154000091552735,11.888000106811523,11.497500038146972,11.985199966430663,12.758099966049194,14.118049974441528,63.58007752106886,0.0961741922971644,-0.04833666114894686,0.14451085344611125,12.423024343042785,11.497500038146972,10.57197573325116,89.34744461018799,93.37835853412729,NICK
2014-11-04,12.1899995803833,12.390000343322754,12.170000076293945,12.329999923706055,12.329999923706055,53400,12.210000038146973,12.009000110626221,11.566000032424927,11.970599956512451,12.737699966430664,14.10094997406006,67.2327210054435,0.12561990133671053,-0.013545348651815378,0.13916524998852592,12.524465579004247,11.566000032424927,10.607534485845608,88.00713340662908,90.38133049339501,NICK
2014-11-05,12.420000076293945,12.5,12.279999732971191,12.479999542236328,12.479999542236328,55600,12.273999977111817,12.110000038146973,11.638000011444092,11.962199954986572,12.718899965286255,14.08459997177124,70.24555618707863,0.15922411700444883,0.021008544479437466,0.13821557252501138,12.642820404351866,11.638000011444092,10.633179618536317,92.14819933227119,89.83425911636273,NICK
2014-11-06,12.479999542236328,12.6899995803833,12.470000267028809,12.680000305175781,12.680000305175781,61200,12.373999977111817,12.194000053405762,11.721500015258789,11.957799968719483,12.701999969482422,14.069299974441527,73.71577141866817,0.19969216316660088,0.056745268216870155,0.14294689494973073,12.779824727482323,11.721500015258789,10.663175303035255,97.46343056922426,92.53958776937482,NICK
2014-11-07,12.710000038146973,12.710000038146973,12.479999542236328,12.609999656677246,12.609999656677246,19800,12.453999900817871,12.27200002670288,11.80199999809265,11.952799968719482,12.683799962997437,14.053699975013734,70.61166828768502,0.22353810585596356,0.09010383574468883,0.13343427011127473,12.873402852164983,11.80199999809265,10.730597144020319,97.34534744267906,95.65232578139148,NICK
2014-11-10,12.649999618530273,12.890000343322754,12.600000381469727,12.859999656677246,12.859999656677246,56200,12.591999816894532,12.372999954223634,11.8875,11.953399963378907,12.667999963760376,14.039399971961975,74.70788969579262,0.2596164016284721,0.12400634892144549,0.1356100527070266,13.008889687366931,11.8875,10.766110312633067,97.15261335864695,97.3204637901834,NICK
2014-11-11,12.800000190734863,12.859999656677246,12.770000457763672,12.84000015258789,12.84000015258789,57600,12.693999862670898,12.451999950408936,11.968499994277954,11.951799964904785,12.651799964904786,14.024849972724915,73.82143836893029,0.28332887916814187,0.15587085497078476,0.1274580241973571,13.118982920736887,11.968499994277954,10.81801706781902,96.06262433425918,96.85352837852837,NICK
2014-11-12,12.670000076293945,12.960000038146973,12.670000076293945,12.960000038146973,12.960000038146973,55300,12.789999961853027,12.531999969482422,12.060500001907348,11.951999969482422,12.637499961853027,14.011049971580505,75.68565862958043,0.3082508523943268,0.18634685445549318,0.12190399793883364,13.21911078165933,12.060500001907348,10.901889222155367,98.05863984126937,97.09129251139181,NICK
2014-11-13,12.949999809265137,12.949999809265137,12.40999984741211,12.880000114440918,12.880000114440918,20400,12.829999923706055,12.601999950408935,12.142000007629395,11.950599975585938,12.622299966812134,13.996799974441528,72.00433893117561,0.31788202437111934,0.2126538884386184,0.10522813593250094,13.29036579059957,12.142000007629395,10.993634224659221,96.50415079109212,96.87513832220687,NICK
2014-11-14,12.829999923706055,12.949999809265137,12.779999732971191,12.850000381469727,12.850000381469727,28700,12.878000068664551,12.66599998474121,12.229000043869018,11.95019998550415,12.607199974060059,13.98214997768402,70.61722201288025,0.3194120861173868,0.23400552797437207,0.08540655814301473,13.31330438641896,12.229000043869018,11.144695701319076,94.63523533150651,96.39934198795599,NICK
2014-11-17,12.8100004196167,12.8100004196167,12.529999732971191,12.579999923706055,12.579999923706055,19800,12.822000122070312,12.706999969482421,12.297500038146973,11.943199977874755,12.588999977111817,13.966249976158142,59.50632060731029,0.2954323306141706,0.24629088850233177,0.04914144211183885,13.284371301891655,12.297500038146973,11.310628774402291,82.45574403730011,91.19837671996623,NICK
2014-11-18,12.619999885559082,12.760000228881836,12.449999809265137,12.470000267028809,12.470000267028809,8700,12.748000144958496,12.721000003814698,12.36500005722046,11.936599979400635,12.56889998435974,13.949999976158143,55.663743528856266,0.2645031212899429,0.249933335059854,0.014569786230088921,13.192248402537206,12.36500005722046,11.537751711903713,67.46662073827639,81.51920003569433,NICK
2014-11-19,12.489999771118164,12.569999694824219,12.359999656677246,12.520000457763672,12.520000457763672,34100,12.660000228881836,12.725000095367431,12.417500066757203,11.933999996185303,12.550499992370606,13.934349980354309,57.02226961411532,0.24124517340177754,0.2481957027282387,-0.0069505293264611745,13.137163127341065,12.417500066757203,11.69783700617334,53.1672331915413,67.69653265570592,NICK
2014-11-20,12.449999809265137,12.529999732971191,12.430000305175781,12.510000228881836,12.510000228881836,25100,12.58600025177002,12.708000087738037,12.451000070571899,11.934400005340576,12.531499996185303,13.918399982452392,56.648400511616,0.2194761626566386,0.2424517947139187,-0.022975632057280093,13.120653671751057,12.451000070571899,11.78134646939274,47.48959244123685,56.04114879035151,NICK
2014-11-21,12.619999885559082,12.680000305175781,12.479999542236328,12.5,12.5,38000,12.516000175476075,12.697000122070312,12.484500074386597,11.93659999847412,12.51670000076294,13.902399983406067,56.25121657203428,0.19912177800070907,0.23378579137127678,-0.03466401337056771,13.090551975369642,12.484500074386597,11.878448173403552,45.27328507110966,48.64337023462926,NICK
2014-11-24,12.470000267028809,12.520000457763672,12.350000381469727,12.520000457763672,12.520000457763672,10300,12.504000282287597,12.663000202178955,12.518000078201293,11.943800010681151,12.502100009918212,13.886599984169006,56.9020580729148,0.1825008945961475,0.2235288120162509,-0.04102791742010342,13.049548748639367,12.518000078201293,11.98645140776322,41.16498550645983,44.64262100626877,NICK
2014-11-25,12.539999961853027,12.609999656677246,12.489999771118164,12.5,12.5,45100,12.510000228881836,12.629000186920166,12.540500068664551,11.949600009918212,12.488100013732911,13.87064998626709,56.004796305595185,0.16580357456189887,0.2119837645253805,-0.04618018996348164,13.027099505974483,12.540500068664551,12.053900631354619,33.88548929707637,40.10791995821527,NICK
2014-11-26,12.539999961853027,12.550000190734863,12.369999885559082,12.399999618530273,12.399999618530273,14800,12.486000061035156,12.573000144958495,12.55250005722046,11.953000011444091,12.474400005340577,13.854299983978272,51.62180342566805,0.14285489083307112,0.19815798978691862,-0.055303098953847496,13.012059634546299,12.55250005722046,12.09294047989462,22.693641495190377,32.58137209957551,NICK
2014-11-28,12.460000038146973,12.609999656677246,12.399999618530273,12.420000076293945,12.420000076293945,11700,12.468000030517578,12.527000141143798,12.564500045776366,11.961200008392334,12.463800010681153,13.837399983406067,52.42377410991412,0.12484265501718106,0.1834949228329711,-0.058652267815790055,12.996216436645623,12.564500045776366,12.13278365490711,14.754027452286545,23.777719414851088,NICK
2014-12-01,12.399999618530273,12.489999771118164,12.0,12.25,12.25,31400,12.418000030517579,12.467000102996826,12.566500043869018,11.962400016784668,12.455700006484985,13.81979998111725,45.51698536360317,0.09574653648251363,0.16594524556287962,-0.07019870908036599,12.991953974221536,12.566500043869018,12.1410461135165,15.237877583468796,17.561848843648562,NICK
2014-12-02,12.039999961853027,12.369999885559082,12.039999961853027,12.180000305175781,12.180000305175781,60500,12.35,12.427000141143798,12.56700005531311,11.962400016784668,12.446300010681153,13.801599984169007,43.00455484958895,0.0662752823570365,0.146011252921711,-0.07973597056467449,12.990608378591986,12.56700005531311,12.143391732034235,18.755687647270616,16.249197561008643,NICK
2014-12-03,12.100000381469727,12.359999656677246,12.079999923706055,12.09000015258789,12.09000015258789,53400,12.268000030517578,12.389000129699706,12.555000066757202,11.962000026702881,12.434400014877319,13.783049983978271,39.95116799227195,0.035250495216310185,0.12385910138063083,-0.08860860616432065,13.016670925284675,12.555000066757202,12.09332920822973,18.08846628347582,17.36067717140507,NICK
2014-12-04,12.100000381469727,12.229999542236328,12.100000381469727,12.1899995803833,12.1899995803833,26800,12.226000022888183,12.35600004196167,12.540500068664551,11.96640001296997,12.42310001373291,13.764799981117248,44.65333235427421,0.0185187730901184,0.10279103572252835,-0.08427226263240994,13.0281670012216,12.540500068664551,12.052833136107502,16.07456435461583,17.639572761787413,NICK
2014-12-05,12.149999618530273,12.359999656677246,11.899999618530273,12.199999809265137,12.199999809265137,31800,12.181999969482423,12.325,12.51650004386902,11.971400012969971,12.411100015640258,13.746649980545044,45.116176429985714,0.005996572895325514,0.08343214315708777,-0.07743557026176226,13.021288172178021,12.51650004386902,12.011711915560017,20.81356230843752,18.32553098217638,NICK
2014-12-08,12.859999656677246,12.859999656677246,11.829999923706055,12.239999771118164,12.239999771118164,43700,12.179999923706054,12.298999977111816,12.498000049591065,11.978200016021729,12.401300010681153,13.728699979782105,47.02450255343091,-0.0006917245783633064,0.06660736960999755,-0.06729909418836086,13.014705091153312,12.498000049591065,11.981295008028818,30.924268499634675,22.604131720896003,NICK
2014-12-09,12.300000190734863,12.630000114440918,12.260000228881836,12.609999656677246,12.609999656677246,59900,12.265999794006348,12.307999897003175,12.485500049591064,11.99220001220703,12.392700004577637,13.713299980163574,60.65296690369194,0.023591699605978178,0.058004235609193676,-0.0344125360032155,12.978104494625098,12.485500049591064,11.99289560455703,49.50033156697259,33.74605412501492,NICK
2014-12-10,12.40999984741211,12.600000381469727,12.260000228881836,12.390000343322754,12.390000343322754,85300,12.32599983215332,12.29699993133545,12.463000059127808,12.008200016021728,12.383100004196168,13.696349983215333,52.07464030717035,0.02479852034200114,0.05136309255575517,-0.02656457221375403,12.92918040530122,12.463000059127808,11.996819712954395,56.63431888963911,45.686306318748784,NICK
2014-12-11,12.399999618530273,12.739999771118164,12.399999618530273,12.430000305175781,12.430000305175781,33400,12.373999977111817,12.3,12.436500072479248,12.027200031280518,12.373200006484986,13.67939998626709,53.366083631885076,0.02865231109107036,0.046820936262818205,-0.018168625171747846,12.843109367641121,12.436500072479248,12.029890777317375,62.783205081079565,56.30595184589708,NICK
2014-12-12,12.289999961853027,12.510000228881836,12.289999961853027,12.369999885559082,12.369999885559082,23300,12.407999992370605,12.294999980926514,12.411000061035157,12.047600021362305,12.362300004959106,13.66234998703003,51.13995769813259,0.026558782493811606,0.04276850550901688,-0.016209723015205277,12.76352823594525,12.411000061035157,12.058471886125064,55.01622018339589,58.14458138470484,NICK
2014-12-15,12.510000228881836,12.819999694824219,12.430000305175781,12.479999542236328,12.479999542236328,32600,12.455999946594238,12.317999935150146,12.392500019073486,12.073000011444092,12.353400001525879,13.645599985122681,54.85778321661536,0.03339079073523976,0.04089296255426146,-0.0075021718190217,12.684587398650349,12.392500019073486,12.100412639496623,57.928816372586404,58.57608054568727,NICK
2014-12-16,12.5,12.739999771118164,12.5,12.670000076293945,12.670000076293945,38800,12.468000030517578,12.366999912261964,12.39700002670288,12.099200019836426,12.347399997711182,13.629649987220764,60.45503153234952,0.05351971967274771,0.043418313977958714,0.010101405694788998,12.702947817244771,12.39700002670288,12.091052236160989,65.69580127027008,59.54694594208411,NICK
2014-12-17,12.5,12.920000076293945,12.449999809265137,12.880000114440918,12.880000114440918,90700,12.565999984741211,12.445999908447266,12.417500019073486,12.137600021362305,12.343999996185303,13.614999985694885,65.54069319730831,0.08543247650248809,0.05182114648286459,0.0336113300196235,12.78833025209403,12.417500019073486,12.046669786052943,80.33016289978796,67.98492684754814,NICK
2014-12-18,12.930000305175781,12.949999809265137,12.630000114440918,12.869999885559082,12.869999885559082,38700,12.65399990081787,12.513999938964844,12.434999990463258,12.174200019836427,12.340699996948242,13.600049986839295,65.11126789212639,0.10866402013062881,0.06318972121241744,0.04547429891821138,12.853497330448775,12.434999990463258,12.01650265047774,90.24695406583106,78.75763941196303,NICK
2014-12-19,12.84000015258789,13.180000305175781,12.84000015258789,13.119999885559082,13.119999885559082,298900,12.803999900817871,12.605999946594238,12.465499973297119,12.21640001296997,12.340099992752075,13.586449985504151,70.34272428101109,0.14557005550731184,0.07966578807139632,0.06590426743591551,12.979444514923255,12.465499973297119,11.951555431670982,94.91431797025467,88.49714497862455,NICK
2014-12-22,13.09000015258789,13.34000015258789,12.930000305175781,13.229999542236328,13.229999542236328,38600,12.953999900817871,12.704999923706055,12.501999950408935,12.261000003814697,12.342199983596801,13.573399982452393,72.31013175063504,0.18160102386492483,0.10005283523010203,0.0815481886348228,13.114751014352374,12.501999950408935,11.889248886465497,93.70928904654068,92.95685369420879,NICK
2014-12-23,14.699999809265137,14.90999984741211,14.5,14.600000381469727,14.600000381469727,689400,13.339999961853028,12.903999996185302,12.605999946594238,12.330000019073486,12.359099988937379,13.567099986076355,85.34748483703697,0.31704870392594664,0.14345200896927096,0.17359669495667568,13.707115847683186,12.605999946594238,11.50488404550529,92.73526674188474,93.78629125289335,NICK
2014-12-24,14.600000381469727,14.800000190734863,14.600000381469727,14.800000190734863,14.800000190734863,50300,13.723999977111816,13.144999980926514,12.720999956130981,12.401600017547608,12.377499990463257,13.561799988746642,86.35734419048087,0.4355099912778009,0.20186360543097695,0.23364638584682393,14.177034445893963,12.720999956130981,11.264965466368,93.0262856612962,93.15694714990718,NICK
2014-12-26,14.819999694824219,14.9399995803833,14.819999694824219,14.869999885559082,14.869999885559082,25800,14.123999977111817,13.388999938964844,12.844499969482422,12.476600017547607,12.397399988174438,13.557099986076356,86.702774929012,0.5289424856132054,0.26727938146742264,0.2616631041457828,14.565563396023247,12.844499969482422,11.123436542941597,94.70429007265443,93.48861415861177,NICK
2014-12-29,14.789999961853027,14.949999809265137,14.789999961853027,14.920000076293945,14.920000076293945,72600,14.48400001525879,13.64399995803833,12.969499969482422,12.550000019073487,12.416699991226196,13.552449984550476,86.95681711448586,0.6001053669247707,0.33384457855889227,0.2662607883658784,14.899541270850865,12.969499969482422,11.03945866811398,97.6875187699161,95.13936483462221,NICK
2014-12-30,14.949999809265137,14.949999809265137,14.859999656677246,14.899999618530273,14.899999618530273,62200,14.818000030517577,13.885999965667725,13.101999950408935,12.625800018310548,12.43599998474121,13.547949981689452,86.24700760328345,0.6474254754022599,0.3965607579275658,0.25086471747469413,15.174839592779687,13.101999950408935,11.029160308038183,98.25841012761937,96.88340632339661,NICK
2014-12-31,14.859999656677246,14.949999809265137,14.850000381469727,14.899999618530273,14.899999618530273,56900,14.877999877929687,14.108999919891357,13.23799991607666,12.699600009918212,12.454999980926514,13.543199977874757,86.24700760328345,0.6771215663700669,0.45267291961606604,0.2244486467540009,15.40576930244784,13.23799991607666,11.07023052970548,98.38210605023137,98.10934498258892,NICK
2015-01-02,14.890000343322754,14.949999809265137,14.819999694824219,14.850000381469727,14.850000381469727,78700,14.88799991607666,14.305999946594238,13.375999927520752,12.774200019836426,12.473699989318847,13.538399977684021,84.25304686181322,0.6886827062930632,0.4998748769514655,0.18880782934159768,15.584885734561315,13.375999927520752,11.16711412048019,97.5007242777282,98.04708015185962,NICK
2015-01-05,14.84000015258789,14.899999618530273,14.710000038146973,14.829999923706055,14.829999923706055,54600,14.879999923706055,14.501999950408935,13.50799994468689,12.84140001296997,12.49229998588562,13.53339997768402,83.42221048614932,0.6882968653707522,0.5375592746353228,0.15073759073542936,15.73308069007954,13.50799994468689,11.282919199294241,96.53300503847822,97.4719451221459,NICK
2015-01-06,14.819999694824219,14.859999656677246,14.680000305175781,14.75,14.75,74500,14.845999908447265,14.664999961853027,13.635499954223633,12.899600009918213,12.509699983596802,13.528299975395203,80.02299265304138,0.6737689691346045,0.5648012135351792,0.10896775559942529,15.838293469380364,13.635499954223633,11.432706439066902,94.49290975708676,96.17554635776436,NICK
2015-01-07,14.800000190734863,14.920000076293945,14.75,14.869999885559082,14.869999885559082,47700,14.839999961853028,14.828999996185303,13.766999959945679,12.960400009155274,12.528099985122681,13.523849973678589,81.25671905932442,0.6642810758416573,0.5846971859964748,0.0795838898451825,15.93458943405763,13.766999959945679,11.599410485833728,94.67936984115346,95.23509487890612,NICK
2015-01-08,14.859999656677246,14.859999656677246,14.6899995803833,14.699999809265137,14.699999809265137,84100,14.8,14.838999938964843,13.871499967575073,13.017399997711182,12.54519998550415,13.518399972915649,74.25997191188894,0.6357161268526035,0.5949009741677005,0.04081515268490299,16.00718040371626,13.871499967575073,11.735819531433886,92.67471573157222,93.9489984432708,NICK
2015-01-09,14.6899995803833,14.729999542236328,14.59000015258789,14.729999542236328,14.729999542236328,105400,14.775999832153321,14.83199987411499,13.988499927520753,13.070999984741212,12.561999979019165,13.51329997062683,74.67440038855128,0.6084846939289381,0.597617718119948,0.010866975808990098,16.041500424211772,13.988499927520753,11.935499430829733,91.86586164301349,93.07331573857971,NICK
2015-01-12,14.680000305175781,14.779999732971191,14.609999656677246,14.640000343322754,14.640000343322754,70200,14.73799991607666,14.808999919891358,14.0989999294281,13.120599994659424,12.577799978256225,13.50794997215271,70.9821135051402,0.5730358039024317,0.5927013352764448,-0.019665531374013057,16.03938040281879,14.0989999294281,12.158619456037409,87.81702329824653,90.78586689094406,NICK
2015-01-13,14.680000305175781,14.84000015258789,14.640000343322754,14.720000267028809,14.720000267028809,61200,14.731999969482422,14.788999938964844,14.216499948501587,13.171399993896484,12.594699983596803,13.502899975776673,72.29352959951107,0.5451138947596128,0.5831838471730784,-0.03806995241346556,16.00230268595801,14.216499948501587,12.430697211045166,74.37196744388213,84.68495079504736,NICK
2015-01-14,14.619999885559082,14.75,14.619999885559082,14.699999809265137,14.699999809265137,45000,14.697999954223633,14.76899995803833,14.327499961853027,13.221199989318848,12.611999979019165,13.497749977111816,71.42445567969511,0.5154301528487952,0.5696331083082218,-0.05420295545942655,15.934819188432071,14.327499961853027,12.720180735273983,54.69931543201245,72.296102058047,NICK
2015-01-15,14.65999984741211,14.6899995803833,14.539999961853027,14.5600004196167,14.5600004196167,99000,14.670000076293945,14.735000038146973,14.421999979019166,13.268999996185302,12.627099981307984,13.49134997844696,65.48972086773821,0.47513176952393366,0.5507328405513642,-0.07560107102743052,15.839428707950313,14.421999979019166,13.004571250088018,28.10754017474279,52.39294101687909,NICK
2015-01-16,14.510000228881836,14.6899995803833,14.430000305175781,14.529999732971191,14.529999732971191,90800,14.630000114440918,14.70299997329712,14.50449995994568,13.312999992370605,12.641799974441529,13.484999976158143,64.25755740342306,0.4357511378472765,0.5277365000105466,-0.09198536216327013,15.732774883196473,14.50449995994568,13.276225036694886,18.221443034995428,33.676099547250196,NICK
2015-01-20,14.600000381469727,14.619999885559082,14.510000228881836,14.569999694824219,14.569999694824219,48600,14.615999984741212,14.676999950408936,14.589499950408936,13.354799995422363,12.658499975204467,13.478599972724915,65.19774736253848,0.40312242180572433,0.5028136843695822,-0.09969126256385785,15.56227908155415,14.589499950408936,13.61672081926372,17.01060833347098,21.113197181069705,NICK
2015-01-21,14.569999694824219,14.600000381469727,14.529999732971191,14.550000190734863,14.550000190734863,27500,14.581999969482421,14.656999969482422,14.660999965667724,13.392199993133545,12.674999980926513,13.47254997253418,64.28720478890585,0.37136922319275634,0.476524792134217,-0.10515556894146066,15.364047750208531,14.660999965667724,13.957952181126917,23.07686194389601,19.43630443745411,NICK
2015-01-22,14.600000381469727,14.600000381469727,14.489999771118164,14.520000457763672,14.520000457763672,47700,14.546000099182129,14.622000026702882,14.725500011444092,13.430400009155273,12.691599988937378,13.466549973487854,62.86884633261558,0.3398660920402463,0.4491930521154229,-0.10932696007517656,14.993937888057653,14.725500011444092,14.457062134830531,22.435882152640843,20.841117476669243,NICK
2015-01-23,14.5600004196167,14.569999694824219,14.3100004196167,14.329999923706055,14.329999923706055,89700,14.5,14.585000038146973,14.711999988555908,13.45980001449585,12.706599988937377,13.459549975395202,54.64567448820825,0.29615429606100285,0.4185853009045389,-0.12243100484353603,15.027379004320084,14.711999988555908,14.396620972791732,14.554423435810078,20.022389177448943,NICK
2015-01-26,14.300000190734863,14.380000114440918,14.170000076293945,14.229999542236328,14.229999542236328,83500,14.439999961853028,14.535000038146972,14.683499956130982,13.487600002288819,12.719699983596803,13.451549973487854,50.87402364949423,0.2505549463183012,0.38497922998729134,-0.13442428366899012,15.059174010498703,14.683499956130982,14.30782590176326,9.528758674274954,15.506354754241926,NICK
2015-01-27,14.170000076293945,14.289999961853027,14.130000114440918,14.220000267028809,14.220000267028809,57200,14.370000076293945,14.493000030517578,14.650999975204467,13.512800006866454,12.73239998817444,13.443749976158141,50.498698708121346,0.211175970049565,0.3502185779997461,-0.13904260795018109,15.066831609052336,14.650999975204467,14.235168341356598,7.556987597895201,10.546723235993378,NICK
2015-01-28,14.180000305175781,14.3100004196167,14.140000343322754,14.140000343322754,14.140000343322754,71100,14.288000106811523,14.435000038146972,14.611999988555908,13.538000011444092,12.744299993515014,13.435299978256225,47.480601100993596,0.17153517170805266,0.3144818967414074,-0.14294672503335476,15.064309468617441,14.611999988555908,14.159690508494375,6.9207496490139135,8.002165307061324,NICK
2015-01-29,14.100000381469727,14.260000228881836,14.100000381469727,14.239999771118164,14.239999771118164,35300,14.231999969482422,14.389000034332275,14.578999996185303,13.565799999237061,12.757999992370605,13.427349977493286,51.39134456145111,0.14649991172948695,0.2808854997390233,-0.13438558800953637,15.03869113461345,14.578999996185303,14.119308857757156,10.560387481765266,8.346041576224762,NICK
2015-01-30,14.140000343322754,14.65999984741211,14.140000343322754,14.229999542236328,14.229999542236328,34200,14.211999893188477,14.355999946594238,14.545499992370605,13.598799991607667,12.770999984741211,13.419349975585938,50.982500380716836,0.12441813808357516,0.24959202740793368,-0.12517388932435852,15.004388926198061,14.545499992370605,14.086611058543149,12.61873236941083,10.033289833396637,NICK
2015-02-02,14.220000267028809,14.279999732971191,14.149999618530273,14.220000267028809,14.220000267028809,22500,14.210000038146973,14.325,14.51399998664856,13.633799991607667,12.78519998550415,13.41134997844696,50.54946076154562,0.1049020696768217,0.22065403586171128,-0.11575196618488959,14.97144503142924,14.51399998664856,14.05655494186788,17.567502549576275,13.582207466917424,NICK
2015-02-03,14.3100004196167,14.5,14.279999732971191,14.460000038146973,14.460000038146973,29500,14.257999992370605,14.314000034332276,14.495499992370606,13.672599983215331,12.803299989700317,13.40474997997284,59.45181564088007,0.1075615183968921,0.19803553236874744,-0.09047401397185534,14.929664680806882,14.495499992370606,14.06133530393433,29.72275347593489,19.969662798307297,NICK
2015-02-04,14.470000267028809,14.680000305175781,14.460000038146973,14.460000038146973,14.460000038146973,107800,14.32199993133545,14.305000019073486,14.480999994277955,13.711599979400635,12.822999992370605,13.39809998035431,59.45181564088007,0.10841935977703798,0.18011229785040556,-0.07169293807336757,14.899277384868704,14.480999994277955,14.062722603687206,44.20592488200864,30.498726969173234,NICK
2015-02-05,14.489999771118164,14.619999885559082,14.489999771118164,14.59000015258789,14.59000015258789,62600,14.392000007629395,14.311999988555907,14.467000007629395,13.753399982452393,12.844999990463258,13.39219997882843,63.57161497451019,0.11822628896443987,0.1677350960732124,-0.049508807108772535,14.849470922593916,14.467000007629395,14.084529092664873,66.48416343585806,46.804280597933825,NICK
2015-02-06,14.630000114440918,14.630000114440918,14.5600004196167,14.609999656677246,14.609999656677246,52500,14.468000030517578,14.339999961853028,14.4625,13.795199966430664,12.869499988555908,13.386549978256225,64.17466738473419,0.12615787439230175,0.15941965173703027,-0.033261777344728516,14.835909960944138,14.4625,14.089090039055863,77.33293877433692,62.67434236406783,NICK
2015-02-09,14.479999542236328,14.720000267028809,14.479999542236328,14.670000076293945,14.670000076293945,42900,14.557999992370606,14.384000015258788,14.45950002670288,13.838599967956544,12.894099988937377,13.381149978637696,65.99351624389514,0.1357207411853505,0.1546798696266943,-0.018959128441343814,14.825148840301773,14.45950002670288,14.093851213103987,87.63909804407932,77.15206675142473,NICK
2015-02-10,14.710000038146973,14.930000305175781,14.609999656677246,14.829999923706055,14.829999923706055,174100,14.631999969482422,14.444999980926514,14.469000005722046,13.887199974060058,12.920099992752075,13.376649980545045,70.32074052745817,0.15442986121636615,0.15462986794462869,-0.00020000672826253618,14.861779865639202,14.469000005722046,14.076220145804891,89.27271095500731,84.7482492578078,NICK
2015-02-11,14.819999694824219,14.920000076293945,14.760000228881836,14.899999618530273,14.899999618530273,77400,14.719999885559082,14.520999908447266,14.47799997329712,13.936799964904786,12.948999986648559,13.372499980926513,71.99944985265088,0.1729121404720395,0.15828632245011084,0.014625818021928666,14.900497225009042,14.47799997329712,14.055502721585198,92.09089029599596,89.66756643169414,NICK
2015-02-12,14.899999618530273,14.930000305175781,14.84000015258789,14.90999984741211,14.90999984741211,79600,14.783999824523926,14.58799991607666,14.488499975204467,13.989999961853027,12.976199989318848,13.368349981307983,72.24100961053185,0.18621978902507053,0.16387301576510277,0.022346773259967756,14.941855156444399,14.488499975204467,14.035144793964536,93.97584178043758,91.77981434381356,NICK
2015-02-13,14.90999984741211,14.930000305175781,14.880000114440918,14.90999984741211,14.90999984741211,30500,14.843999862670898,14.655999946594239,14.505999946594239,14.044599952697753,13.003499984741211,13.3642999792099,72.24100961053185,0.19452384656348443,0.1700031819247791,0.024520664638705336,14.99468787370773,14.505999946594239,14.017312019480748,97.18869041737258,94.41847416460199,NICK
2015-02-17,14.90999984741211,14.949999809265137,14.869999885559082,14.930000305175781,14.930000305175781,50000,14.895999908447266,14.726999950408935,14.525999975204467,14.101399955749512,13.031699991226196,13.36094997882843,72.78558300374671,0.20040855668938917,0.1760842568777011,0.02432429981168807,15.048547531313147,14.525999975204467,14.003452419095787,97.6092425753689,96.25792492439297,NICK
2015-02-18,14.930000305175781,14.930000305175781,14.859999656677246,14.90999984741211,14.90999984741211,19500,14.911999893188476,14.771999931335449,14.542999982833862,14.155799961090088,13.06109998703003,13.35719997882843,71.27965902320535,0.2011397482577184,0.18109535515370456,0.020044393104013847,15.09163823584144,14.542999982833862,13.994361729826284,96.84384687369914,97.21392662214681,NICK
2015-02-19,14.90999984741211,14.989999771118164,14.899999618530273,14.949999809265137,14.949999809265137,37500,14.92199993133545,14.820999908447266,14.562999963760376,14.210799961090087,13.091099987030029,13.354049978256226,72.50488865524161,0.20261130842906994,0.18539854580877763,0.01721276262029231,15.139648823011697,14.562999963760376,13.986351104509055,96.07845117202938,96.84384687369908,NICK
2015-02-20,14.989999771118164,14.989999771118164,14.850000381469727,14.890000343322754,14.890000343322754,40900,14.918000030517579,14.850999927520752,14.58149995803833,14.26379997253418,13.120999994277954,13.351249980926514,67.83049405891948,0.19666899722399478,0.18765263609182106,0.009016361132173717,15.174939900969644,14.58149995803833,13.988060015107017,92.89451543713174,95.27227116095337,NICK
2015-02-23,14.890000343322754,14.9399995803833,14.869999885559082,14.899999618530273,14.899999618530273,45600,14.91599998474121,14.879999923706055,14.609999942779542,14.30959997177124,13.150899991989135,13.351699976921081,68.1984637109849,0.19056976114285185,0.18823606110202723,0.0023337000408246156,15.207126330270581,14.609999942779542,14.012873555288502,90.23778339871753,93.07025000262615,NICK
2015-02-24,14.9399995803833,15.020000457763672,14.869999885559082,14.90999984741211,14.90999984741211,40700,14.911999893188476,14.90399990081787,14.64399995803833,14.359999961853028,13.184099988937378,13.352549977302552,68.58547550789332,0.1844171612619565,0.1874722811340131,-0.0030551198720565886,15.227999826326938,14.64399995803833,14.060000089749723,85.25875993789649,89.4636862579152,NICK
2015-02-25,14.9399995803833,14.989999771118164,14.920000076293945,14.949999809265137,14.949999809265137,30500,14.919999885559083,14.91599988937378,14.680499935150147,14.410399951934814,13.218799991607666,13.353749976158142,70.15024782048143,0.1806860083263171,0.1861150265724739,-0.005429018246156797,15.244856991488923,14.680499935150147,14.11614287881137,84.90597011963503,86.80083781874963,NICK
2015-02-26,14.880000114440918,14.989999771118164,14.880000114440918,14.920000076293945,14.920000076293945,20200,14.913999938964844,14.917999935150146,14.719499921798706,14.461399955749512,13.254499988555908,13.353599977493285,67.43716853619419,0.1733104994550949,0.1835541211489981,-0.010243621693903193,15.234727049358533,14.719499921798706,14.204272794238879,82.9584765809383,84.37440221282321,NICK
2015-02-27,15.020000457763672,15.020000457763672,14.869999885559082,14.890000343322754,14.890000343322754,51800,14.913999938964844,14.91599998474121,14.751999950408935,14.509599971771241,13.291299991607666,13.354149980545044,64.74070004255067,0.16316377734512244,0.17947605238822298,-0.016312275043100538,15.222174370579078,14.751999950408935,14.281825530238793,81.4814422356916,83.11529631208826,NICK
2015-03-02,14.949999809265137,14.970000267028809,14.890000343322754,14.920000076293945,14.920000076293945,18500,14.918000030517579,14.917000007629394,14.786499977111816,14.55459997177124,13.326899995803833,13.355049982070923,66.19630935309621,0.15574779111597792,0.17473040013377397,-0.018982609017796054,15.195707627633253,14.786499977111816,14.37729232659038,77.67236616537184,80.70409499400053,NICK
2015-03-03,14.90999984741211,14.949999809265137,14.869999885559082,14.9399995803833,14.9399995803833,45000,14.923999977111816,14.917999935150146,14.82249994277954,14.595799961090087,13.366699991226197,13.356999979019164,67.16936340289547,0.14975804392800995,0.16973592889262118,-0.019977884964611226,15.143116462112433,14.82249994277954,14.501883423446648,73.58870504136185,77.58083781414172,NICK
2015-03-04,14.9399995803833,14.960000038146973,14.920000076293945,14.9399995803833,14.9399995803833,77300,14.92199993133545,14.920999908447266,14.846499919891357,14.637199954986572,13.405699987411499,13.358999977111816,67.16936340289547,0.14335857768184646,0.16446045865046624,-0.021101880968619785,15.12393631559183,14.846499919891357,14.569063524190884,66.79843768334133,72.6865029633583,NICK
2015-03-05,14.930000305175781,14.949999809265137,14.880000114440918,14.930000305175781,14.930000305175781,42000,14.923999977111816,14.91899995803833,14.869999933242799,14.673399963378905,13.444899988174438,13.360649976730347,66.06662217898933,0.13591337188631236,0.15875104129763545,-0.02283766941132309,15.085127761056885,14.869999933242799,14.654872105428712,57.28145328988011,65.88953200486105,NICK
2015-03-06,14.899999618530273,14.949999809265137,14.8100004196167,14.829999923706055,14.829999923706055,88300,14.911999893188476,14.91299991607666,14.881999921798705,14.705399971008301,13.4831999874115,13.362199974060058,56.140172619742614,0.12055412469979032,0.15111165797806642,-0.030557533278276094,15.056195237803287,14.881999921798705,14.707804605794124,37.3791575506281,53.81968284128314,NICK
2015-03-09,14.890000343322754,14.920000076293945,14.880000114440918,14.90999984741211,14.90999984741211,38300,14.90999984741211,14.913999938964844,14.896999931335449,14.711599960327149,13.520799989700317,13.363849973678589,61.16691194297247,0.11352845059345462,0.14359501650114406,-0.03006656590768944,15.018671527425798,14.896999931335449,14.7753283352451,34.733698555913406,43.131436465473826,NICK
2015-03-10,14.90999984741211,14.960000038146973,14.829999923706055,14.9399995803833,14.9399995803833,78800,14.90999984741211,14.916999912261963,14.910499906539917,14.714399948120118,13.557999982833863,13.36589997291565,62.88475799960788,0.1091233746435325,0.13670068812962174,-0.027577313486089244,14.974834866701979,14.910499906539917,14.846164946377854,39.68222972042233,37.2650286089879,NICK
2015-03-11,14.9399995803833,15.09000015258789,14.930000305175781,15.0600004196167,15.0600004196167,84400,14.934000015258789,14.92799997329712,14.92199993133545,14.71819995880127,13.597399988174438,13.368349976539612,68.82541609382817,0.11400124961143199,0.1321608004259838,-0.01815955081455181,15.004365069910616,14.92199993133545,14.839634792760283,66.2696389835499,46.8951890866285,NICK
2015-03-12,15.079999923706055,15.210000038146973,15.050000190734863,15.140000343322754,15.140000343322754,93600,14.976000022888183,14.95,14.933999967575073,14.722599964141846,13.636299991607666,13.37129997730255,72.03857055893992,0.12290554727951175,0.13030974979668938,-0.007404202517177633,15.058964145427135,14.933999967575073,14.80903578972301,77.89673668824531,61.282868464072465,NICK
2015-03-13,15.140000343322754,15.140000343322754,14.869999885559082,14.920000076293945,14.920000076293945,82600,14.994000053405761,14.95299997329712,14.934499979019165,14.722999973297119,13.674399995803833,13.37299997806549,55.191587392369016,0.11093133700258129,0.12643406723786776,-0.015502730235286477,15.059155680605654,14.934499979019165,14.809844277432676,66.42859981176292,70.19832516118599,NICK
2015-03-16,14.949999809265137,15.470000267028809,14.949999809265137,15.359999656677246,15.359999656677246,22100,15.08400001525879,14.996999931335449,14.956999969482421,14.732199974060059,13.715899991989136,13.376849975585937,70.20120195222896,0.13538534006972114,0.12822432180423843,0.00716101826548271,15.179719500512885,14.956999969482421,14.734280438451957,64.44441233419093,69.58991627806634,NICK
2015-03-17,15.0,15.0,14.529999732971191,14.619999885559082,14.619999885559082,39100,15.020000076293945,14.964999961853028,14.941499948501587,14.727599964141845,13.750899991989137,13.377049975395202,43.692787951230386,0.09397028563062193,0.12137351456951513,-0.0274032289388932,15.208353844555115,14.941499948501587,14.67464605244806,40.13588542534205,57.00296585709859,NICK
2015-03-18,14.739999771118164,14.739999771118164,14.4399995803833,14.550000190734863,14.550000190734863,49700,14.918000030517579,14.926000022888184,14.923499965667725,14.721999969482422,13.781699991226196,13.377049975395202,42.07431482156233,0.05486768572078482,0.10807234879976907,-0.05320466307898425,15.240313736049442,14.923499965667725,14.606686195286008,34.52912655636333,46.36980810529872,NICK
2015-03-19,14.680000305175781,14.680000305175781,14.449999809265137,14.630000114440918,14.630000114440918,35600,14.815999984741211,14.896000003814697,14.907499980926513,14.71959997177124,13.809599990844726,13.377899975776673,44.60002444561571,0.02998823314437793,0.09245552566869084,-0.062467292524312906,15.24872564122845,14.907499980926513,14.566274320624576,12.900261387045859,29.18842445625037,NICK
2015-03-20,14.619999885559082,14.760000228881836,14.350000381469727,14.739999771118164,14.739999771118164,78000,14.779999923706054,14.886999988555909,14.899999952316284,14.716999969482423,13.838699989318847,13.37919997692108,47.959998909564504,0.018928939685327606,0.07775020847201819,-0.058821268786690584,15.24894115957886,14.899999952316284,14.551058745053707,21.3158943055877,22.91509408299892,NICK
2015-03-23,14.729999542236328,14.75,14.5600004196167,14.579999923706055,14.579999923706055,60200,14.623999977111817,14.853999996185303,14.883999967575074,14.714599971771241,13.865999984741212,13.37919997692108,43.79894821111549,-0.0027149839258377995,0.06165716999244699,-0.0643721539182848,15.25978710378514,14.883999967575074,14.508212831365007,24.601231546893857,19.605795746509095,NICK
2015-03-24,14.739999771118164,14.739999771118164,14.25,14.270000457763672,14.270000457763672,53200,14.554000091552734,14.78700008392334,14.851999998092651,14.705399990081787,13.888199987411499,13.376999979019166,37.08539006665658,-0.04437083607328596,0.040451568779300395,-0.08482240485258635,15.312851232671616,14.851999998092651,14.391148763513687,18.99881152371604,21.63864579206582,NICK
2015-03-25,14.25,14.390000343322754,13.930000305175781,13.9399995803833,13.9399995803833,113600,14.431999969482423,14.675,14.80149998664856,14.691399974822998,13.90599998474121,13.373299975395202,31.542632956551802,-0.10282639323255971,0.011795976376928374,-0.11462236960948809,15.40698410334523,14.80149998664856,14.19601586995189,7.608120179451739,17.0693877500205,NICK
2015-03-26,13.90999984741211,14.100000381469727,13.520000457763672,13.65999984741211,13.65999984741211,106200,14.23799991607666,14.526999950408936,14.738499975204467,14.670199966430664,13.920799980163574,13.368399972915649,27.75251636582221,-0.16978925696208513,-0.024521070290874327,-0.1452681866712108,15.51858398935315,14.738499975204467,13.958415961055785,3.1560472025746598,9.920992968580766,NICK
2015-03-27,13.619999885559082,13.829999923706055,13.609999656677246,13.8100004196167,13.8100004196167,61600,14.052000045776367,14.41599998474121,14.684499979019165,14.652399978637696,13.936799983978272,13.359999976158143,32.436211343615454,-0.20835226116733452,-0.06128730846616637,-0.14706495270116815,15.558970609409675,14.684499979019165,13.810029348628655,7.566851517609597,6.110339633211951,NICK
2015-03-30,13.8100004196167,13.8100004196167,13.579999923706055,13.770000457763672,13.770000457763672,70600,13.890000152587891,14.257000064849853,14.626999998092652,14.636599979400636,13.952799987792968,13.355449976921081,31.843372996638287,-0.23938193650539574,-0.09690623407401225,-0.1424757024313835,15.579703366356533,14.626999998092652,13.67429662982877,11.623921675454582,7.448940131879566,NICK
2015-03-31,13.670000076293945,14.199999809265137,13.380000114440918,14.010000228881836,14.010000228881836,282600,13.838000106811524,14.196000099182129,14.580500030517578,14.626199989318847,13.969599990844726,13.353649978637696,39.04234302768869,-0.24181965553854745,-0.1258889183669193,-0.11593073717162816,15.558016636669016,14.580500030517578,13.60298342436614,19.278617463158675,12.823130218740905,NICK
2015-04-01,13.9399995803833,14.489999771118164,13.9399995803833,14.369999885559082,14.369999885559082,39800,13.92400016784668,14.17800006866455,14.552000045776367,14.622199993133545,13.988499994277953,13.353699979782105,47.92717742508467,-0.21225584848726342,-0.14316230439098812,-0.0690935440962753,15.519111102333802,14.552000045776367,13.584888989218932,30.11082155411115,20.337786897574755,NICK
2015-04-02,14.350000381469727,14.359999656677246,14.210000038146973,14.350000381469727,14.350000381469727,18500,14.062000274658203,14.150000095367432,14.523000049591065,14.618199996948242,14.005199995040893,13.353599982261658,47.512859177354336,-0.18826985356261972,-0.15218381422531443,-0.03608603933730528,15.477737568627294,14.523000049591065,13.568262530554836,41.30781440982039,30.232417809030025,NICK
2015-04-06,14.229999542236328,14.300000190734863,14.0600004196167,14.270000457763672,14.270000457763672,29200,14.154000282287598,14.103000164031982,14.495000076293945,14.613199996948243,14.021800003051759,13.352799983024598,45.80701548379761,-0.17371364229550323,-0.1564897798393522,-0.01722386245615104,15.444915709594376,14.495000076293945,13.545084442993513,49.57273198779374,40.33045598390837,NICK
2015-04-07,14.4399995803833,14.4399995803833,14.180000305175781,14.329999923706055,14.329999923706055,31800,14.266000175476075,14.078000164031982,14.466000080108643,14.613199996948243,14.036500005722045,13.352249984741212,47.33422644114413,-0.15554327843788052,-0.15630047955905785,0.0007572011211773311,15.398724990968638,14.466000080108643,13.533275169248647,56.730116500095676,49.203554299236544,NICK
2015-04-08,14.300000190734863,14.359999656677246,14.210000038146973,14.350000381469727,14.350000381469727,27800,14.334000205993652,14.086000156402587,14.436500120162965,14.61560001373291,14.051600008010864,13.351699986457824,47.86168721757135,-0.13793918729263588,-0.15262822110577345,0.014689033813137575,15.344382738983352,14.436500120162965,13.528617501342577,64.68957515066727,56.997474546185494,NICK
2015-04-09,14.300000190734863,14.329999923706055,14.029999732971191,14.25,14.25,27600,14.310000228881837,14.117000198364257,14.396000099182128,14.616200008392333,14.064500007629395,13.350999984741211,45.412705822880426,-0.13055209004773438,-0.14821299489416564,0.017660904846431263,15.260231420669008,14.396000099182128,13.531768777695248,67.39129783776276,62.936996496175176,NICK
2015-04-10,14.260000228881836,14.260000228881836,14.050000190734863,14.180000305175781,14.180000305175781,11700,14.276000213623046,14.169000244140625,14.348000097274781,14.617000007629395,14.077500009536744,13.349899988174439,43.7260857790616,-0.12886072637975587,-0.1443425411912837,0.015481814811527828,15.1456865556356,14.348000097274781,13.550313638913963,63.9091709057999,65.33001463140992,NICK
2015-04-13,14.199999809265137,14.289999961853027,14.050000190734863,14.09000015258789,14.09000015258789,18600,14.240000152587891,14.197000217437743,14.306500101089478,14.614000015258789,14.089900007247925,13.348549990653991,41.58746347004234,-0.1332465849502622,-0.1421233499430794,0.008876764992817199,15.066296577924465,14.306500101089478,13.54670362425449,57.881180820308124,63.06054985462353,NICK
2015-04-14,14.119999885559082,14.119999885559082,13.760000228881836,13.899999618530273,13.899999618530273,49000,14.154000091552735,14.210000133514404,14.233500099182129,14.607400016784668,14.103100004196166,13.346049990653992,37.42585274382654,-0.15032105708901256,-0.14376289137226603,-0.006558165716746528,14.839347399115477,14.233500099182129,13.62765279924878,52.48229812695944,58.090883284355755,NICK
2015-04-15,13.890000343322754,13.890000343322754,13.550000190734863,13.779999732971191,13.779999732971191,29700,14.039999961853027,14.18700008392334,14.191500091552735,14.598600006103515,14.11619999885559,13.342549991607665,35.04087331832441,-0.17155807248916943,-0.14932192759564672,-0.022236144893522714,14.800803831677266,14.191500091552735,13.582196351428204,45.02957593737918,51.797684961548846,NICK
2015-04-16,13.619999885559082,13.829999923706055,13.600000381469727,13.760000228881836,13.760000228881836,23500,13.942000007629394,14.126000118255615,14.152000093460083,14.584600009918212,14.128599996566772,13.339549994468689,34.64462099152812,-0.18783708405494615,-0.15702495888750662,-0.03081212516743953,14.765631913370644,14.152000093460083,13.538368273549523,39.039028202707385,45.51696742234861,NICK
2015-04-17,13.770000457763672,13.90999984741211,13.699999809265137,13.739999771118164,13.739999771118164,24400,13.853999900817872,14.065000057220459,14.107500076293945,14.570200004577636,14.140899991989135,13.336199994087218,34.22776994097641,-0.20004617995737206,-0.16562920310147972,-0.034416976855892345,14.704890278260931,14.107500076293945,13.51010987432696,34.23422649399742,39.43427687802793,NICK
2015-04-20,13.770000457763672,13.859999656677246,13.609999656677246,13.829999923706055,13.829999923706055,17900,13.801999855041505,14.021000003814697,14.06200008392334,14.555,14.154199991226196,13.335449995994567,37.851562220817755,-0.20015248303679378,-0.17253385908854252,-0.027618623948251264,14.594901716806786,14.06200008392334,13.529098451039895,35.73573418768859,36.33632962813107,NICK
2015-04-21,13.819999694824219,13.819999694824219,13.609999656677246,13.619999885559082,13.619999885559082,12000,13.745999908447265,13.95,14.014000082015992,14.535200004577638,14.16519998550415,13.333649997711182,33.248437147367504,-0.21470696874280293,-0.1809684810193946,-0.03373848772340832,14.524074799940106,14.014000082015992,13.503925364091877,26.806575599856306,32.25884542718071,NICK
2015-04-22,13.680000305175781,13.970000267028809,13.420000076293945,13.609999656677246,13.609999656677246,27100,13.711999893188477,13.875999927520752,13.98100004196167,14.513999996185303,14.176299982070923,13.332199997901917,33.04236686529258,-0.22446099182791102,-0.1896669831810979,-0.03479400864681312,14.505744015294574,13.98100004196167,13.456256068628765,22.204911387894622,28.24907372514644,NICK
2015-04-23,13.640000343322754,13.640000343322754,13.350000381469727,13.5,13.5,32800,13.65999984741211,13.800999927520753,13.959000062942504,14.487399997711181,14.18729998588562,13.330849995613098,30.78234857306098,-0.23831997407308414,-0.19939758135949515,-0.038922392713588994,14.52411619414508,13.959000062942504,13.393883931739929,13.278547091276394,20.763344693009042,NICK
2015-04-24,13.5,13.5,13.300000190734863,13.350000381469727,13.350000381469727,21500,13.581999969482421,13.717999935150146,13.943500089645386,14.45640001296997,14.196599988937377,13.330199999809265,27.97266061626737,-0.25842803544054327,-0.21120367217570477,-0.047224363264838504,14.555620291636572,13.943500089645386,13.331379887654201,12.258281965366498,15.91391348151244,NICK
2015-04-27,13.399999618530273,13.40999984741211,13.039999961853027,13.149999618530273,13.149999618530273,109600,13.445999908447266,13.623999881744385,13.910500049591064,14.421200008392335,14.205599985122682,13.330649995803833,24.73128605022079,-0.2871916425533456,-0.22640126625123294,-0.060790376302112675,14.612425471743528,13.910500049591064,13.208574627438601,8.826912082945084,11.454580379862593,NICK
2015-04-28,13.199999809265137,13.210000038146973,13.149999618530273,13.199999809265137,13.199999809265137,16900,13.361999893188477,13.553999900817871,13.882000017166138,14.387000007629394,14.215799980163574,13.331049995422363,27.008441977426713,-0.30246577373634054,-0.24161416774825445,-0.06085160598808609,14.64780964240656,13.882000017166138,13.116190391925716,8.374127518580739,9.819773855630709,NICK
2015-04-29,13.149999618530273,13.149999618530273,12.90999984741211,12.920000076293945,12.920000076293945,22100,13.223999977111816,13.467999935150146,13.827500009536744,14.346800003051758,14.224099979400634,13.329249997138977,22.841044914126098,-0.33332194326218456,-0.25995572285104046,-0.0733662204111441,14.697209929678069,13.827500009536744,12.957790089395418,7.153684256933278,8.11824128615297,NICK
2015-04-30,12.899999618530273,12.899999618530273,12.630000114440918,12.630000114440918,12.630000114440918,70300,13.05,13.354999923706055,13.740500020980836,14.301200008392334,14.22849998474121,13.325799999237061,19.48722093632726,-0.3768323642833895,-0.2833310511375103,-0.09350131314587923,14.717259627952451,13.740500020980836,12.76374041400922,4.375914506718943,6.6345754274109225,NICK
2015-05-01,12.680000305175781,12.75,12.520000457763672,12.579999923706055,12.579999923706055,29400,12.895999908447266,13.238999938964843,13.651999998092652,14.253800010681152,14.23229998588562,13.32170000076294,18.97003021615531,-0.410615958768501,-0.3087880326637084,-0.10182792610479258,14.70925317064607,13.651999998092652,12.594746825539234,1.491540723066075,4.340379828906035,NICK
2015-05-04,12.600000381469727,12.899999618530273,12.4399995803833,12.779999732971191,12.779999732971191,57100,12.82199993133545,13.133999919891357,13.577499961853027,14.21159999847412,14.23769998550415,13.31949999809265,27.28339801570826,-0.41645080204174434,-0.3303205865393156,-0.08613021550242872,14.659754658363584,13.577499961853027,12.49524526534247,8.657396728238338,4.841617319341054,NICK
2015-05-05,12.8100004196167,12.90999984741211,12.579999923706055,12.59000015258789,12.59000015258789,36000,12.7,13.030999946594239,13.49049997329712,14.165400009155274,14.237499990463256,13.315099997520447,24.691669446814547,-0.43143304404375726,-0.35054307804020396,-0.0808899660035533,14.5962934315099,13.49049997329712,12.384706515084337,11.925381584146315,7.358106345150179,NICK
2015-05-06,12.619999885559082,12.6899995803833,12.4399995803833,12.640000343322754,12.640000343322754,51500,12.644000053405762,12.934000015258789,13.40499997138977,14.120000019073487,14.239999990463257,13.311549997329712,26.66591264989756,-0.4342660327440502,-0.3672876689809732,-0.06697836376307698,14.496081959468158,13.40499997138977,12.313917983311383,15.032705404526297,11.87182790563692,NICK
2015-05-07,12.600000381469727,13.460000038146973,12.479999542236328,13.300000190734863,13.300000190734863,53100,12.77800006866455,12.914000034332275,13.357499980926514,14.087000026702881,14.248699989318848,13.310949997901917,46.57525607354815,-0.3788871496502182,-0.3696075651148222,-0.009279584535396013,14.377713139756693,13.357499980926514,12.337286822096335,26.361686328139722,17.773257772270714,NICK
2015-05-08,13.720000267028809,13.720000267028809,13.5,13.619999885559082,13.619999885559082,33600,12.986000061035156,12.940999984741211,13.329499959945679,14.061000022888184,14.261199989318847,13.311749997138977,53.20826534590951,-0.3056542923724894,-0.3568169105663556,0.051162618193866194,14.286672237051015,13.329499959945679,12.372327682840343,48.80175758565536,30.065383106107063,NICK
2015-05-11,13.600000381469727,13.729999542236328,13.600000381469727,13.720000267028809,13.720000267028809,16900,13.17400016784668,12.998000049591065,13.310999965667724,14.037600021362305,14.273599996566773,13.313499999046325,55.08497287955939,-0.23681764393369242,-0.33281705723982297,0.09599941330613054,14.2218433980262,13.310999965667724,12.400156533309248,72.33115712847366,49.164867014089516,NICK
2015-05-12,13.720000267028809,13.720000267028809,13.600000381469727,13.670000076293945,13.670000076293945,33600,13.390000152587891,13.045000076293945,13.299499988555908,14.012600021362305,14.283599996566773,13.315499997138977,53.920482488636026,-0.18417563950113625,-0.30308877369208564,0.1189131341909494,14.185783723060684,13.299499988555908,12.413216254051132,85.3777282879788,68.83688100070255,NICK
2015-05-13,13.5,13.619999885559082,13.34000015258789,13.4399995803833,13.4399995803833,61800,13.55,13.097000026702881,13.282499980926513,13.982600021362305,14.289199991226196,13.316599993705749,48.80902560529059,-0.1591806540553815,-0.2743071497647448,0.11512649570936329,14.143960881486887,13.282499980926513,12.421039080366139,85.50946622032514,81.0727838789258,NICK
2015-05-14,13.5,13.5,13.399999618530273,13.40999984741211,13.40999984741211,34700,13.57199993133545,13.175,13.264999961853027,13.952000026702882,14.294599990844727,13.317649993896485,48.16763942918097,-0.14017680479438255,-0.24748108077067235,0.1073042759762898,14.100786912191014,13.264999961853027,12.42921301151504,82.68736066066249,84.52485172298874,NICK
2015-05-15,13.40999984741211,13.5,13.40999984741211,13.460000038146973,13.460000038146973,15700,13.539999961853027,13.263000011444092,13.250999975204468,13.922600021362305,14.297999992370606,13.31904999256134,49.361998655660635,-0.11970167343675264,-0.2219251993038884,0.10222352586713576,14.063548970675576,13.250999975204468,12.43845097973336,77.26100292534088,81.81927660210944,NICK
2015-05-18,13.5,13.710000038146973,13.449999809265137,13.619999885559082,13.619999885559082,28900,13.519999885559082,13.347000026702881,13.24049997329712,13.898400020599365,14.301899995803833,13.322049989700318,53.08726496557226,-0.089532261628678,-0.1954466117688463,0.10591435014016831,14.027887342116466,13.24049997329712,12.453112604477772,81.9121737392588,80.62017910842066,NICK
2015-05-19,13.680000305175781,13.680000305175781,13.460000038146973,13.5600004196167,13.5600004196167,15800,13.497999954223634,13.444000053405762,13.2375,13.871400032043457,14.291499996185303,13.325299992561341,51.555581726296126,-0.06966122958494836,-0.17028953533206673,0.10062830574711837,14.019519782087,13.2375,12.455480217913001,85.78815763177306,81.65377809879084,NICK
2015-05-20,13.520000457763672,13.65999984741211,13.380000114440918,13.579999923706055,13.579999923706055,12500,13.526000022888184,13.538000011444092,13.23600001335144,13.844200038909912,14.279299993515014,13.328399991989135,52.052178636461164,-0.051703494984186804,-0.14657232726249075,0.09486883227830395,14.015266322413034,13.23600001335144,12.456733704289846,88.88892996013571,85.52975377705577,NICK
2015-05-21,13.489999771118164,13.65999984741211,13.390000343322754,13.550000190734863,13.550000190734863,18600,13.554000091552734,13.563000011444093,13.238500022888184,13.814000034332276,14.266099996566773,13.331749992370606,51.20426955173456,-0.039437972272070354,-0.12514545626440668,0.08570748399233633,14.021450215388962,13.238500022888184,12.455549830387406,87.08015226261114,87.25241328483988,NICK
2015-05-22,13.5,13.670000076293945,13.430000305175781,13.479999542236328,13.479999542236328,13200,13.557999992370606,13.548999977111816,13.244999980926513,13.780800018310547,14.251699991226197,13.334199991226196,49.19071736212295,-0.034962893990130084,-0.10710894380955135,0.07214604981942127,14.033682390832585,13.244999980926513,12.456317571020442,85.01294606762146,86.99400943012267,NICK
2015-05-26,13.399999618530273,13.40999984741211,13.119999885559082,13.1899995803833,13.1899995803833,48100,13.47199993133545,13.495999908447265,13.246999979019165,13.746200008392334,14.234599990844726,13.335299987792968,41.848644763749036,-0.05419224107956211,-0.0965256032635535,0.04233336218399139,14.034911102666179,13.246999979019165,12.459088855372151,74.93541751838191,82.34283861620473,NICK
2015-05-27,13.220000267028809,13.520000457763672,13.180000305175781,13.460000038146973,13.460000038146973,29400,13.451999855041503,13.474999904632568,13.259999990463257,13.708200016021728,14.220199995040893,13.337599987983703,49.41836190495648,-0.04710189540404208,-0.08664086169165122,0.03953896628760914,14.052943834264834,13.259999990463257,12.46705614666168,72.38657691383577,77.44498016661295,NICK
2015-05-28,13.390000343322754,13.460000038146973,13.220000267028809,13.289999961853027,13.289999961853027,11000,13.3939998626709,13.459999942779541,13.278499984741211,13.681600017547607,14.204599990844727,13.339149990081786,45.41022316276134,-0.05457126718138383,-0.08022694278959774,0.025655675608213913,14.05596442225546,13.278499984741211,12.501035547226962,54.80281897577847,67.37493780266529,NICK
2015-05-29,13.25,13.279999732971191,13.069999694824219,13.100000381469727,13.100000381469727,21000,13.303999900817871,13.428999996185302,13.30199999809265,13.652600021362305,14.187299995422363,13.339799990653992,41.371501763857914,-0.07495810598701169,-0.07917317542908053,0.004215069442068842,14.026226450527943,13.30199999809265,12.577773545657358,36.93815998597026,54.709185291861395,NICK
2015-06-01,13.050000190734863,13.100000381469727,13.0,13.039999961853027,13.039999961853027,25300,13.215999984741211,13.386999988555909,13.325,13.620800018310547,14.170199995040894,13.339949989318848,40.15689223574509,-0.09486283532281448,-0.08231110740782732,-0.012551727914987154,13.9821605103558,13.325,12.667839489644198,12.656662827339794,34.79921392969607,NICK
2015-06-02,13.0,13.09000015258789,12.890000343322754,12.979999542236328,12.979999542236328,15600,13.173999977111816,13.322999954223633,13.334999990463256,13.58560001373291,14.151299991607665,13.339699988365174,38.926165305373175,-0.11416300904168075,-0.08868148773459801,-0.02548152130708274,13.964174006211872,13.334999990463256,12.70582597471464,7.025541325953054,18.873454713087604,NICK
2015-06-03,12.859999656677246,13.020000457763672,12.850000381469727,12.9399995803833,12.9399995803833,14900,13.069999885559081,13.260999870300292,13.352499961853027,13.552800006866455,14.133699989318847,13.339449987411498,38.088094281998245,-0.13117410496306725,-0.09718001118029186,-0.03399409378277539,13.913601609689112,13.352499961853027,12.791398314016943,8.998697217185507,9.56030045682602,NICK
2015-06-04,12.949999809265137,13.0,12.8100004196167,12.84000015258789,12.84000015258789,14200,12.979999923706055,13.186999893188476,13.362499952316284,13.524200000762939,14.114799995422363,13.338399987220765,36.001298324698006,-0.15098418740409514,-0.10794084642505251,-0.043043340979042624,13.877703921231035,13.362499952316284,12.847295983401533,8.257949510300309,8.094062684479525,NICK
2015-06-05,12.880000114440918,12.890000343322754,12.619999885559082,12.65999984741211,12.65999984741211,20400,12.891999816894531,13.097999858856202,13.330499935150147,13.498600006103516,14.094999990463258,13.33639998435974,32.54482583406794,-0.1791432884485058,-0.12218133482974317,-0.056961953618762634,13.92988225106333,13.330499935150147,12.731117619236965,5.822684380253439,7.69311036924632,NICK
2015-06-08,12.739999771118164,12.8100004196167,12.25,12.3100004196167,12.3100004196167,41600,12.745999908447265,12.980999946594238,13.264999961853027,13.471600017547608,14.070899991989135,13.332799987792969,27.097086536019138,-0.2270839255188477,-0.14316185296756406,-0.08392207255128364,13.995492934170617,13.264999961853027,12.534506989535437,3.732952825901125,5.937862238818192,NICK
2015-06-09,12.399999618530273,12.720000267028809,12.289999961853027,12.399999618530273,12.399999618530273,32500,12.629999923706055,12.901999950408936,13.198999929428101,13.443400001525879,14.047899990081786,13.329949984550476,30.3267440017698,-0.2548769794296408,-0.16550487825997942,-0.0893721011696614,13.989212577221458,13.198999929428101,12.408787281634744,6.142968750491497,5.232868652215255,NICK
2015-06-10,12.300000190734863,12.529999732971191,12.270000457763672,12.359999656677246,12.359999656677246,30800,12.513999938964844,12.791999912261963,13.133499908447266,13.41519998550415,14.025899982452392,13.326499981880188,29.697048651430546,-0.2769384633032441,-0.18779159526863237,-0.08914686803461175,13.972362877950768,13.133499908447266,12.294636938943764,7.5018799245509635,5.792600500314429,NICK
2015-06-11,12.449999809265137,12.5600004196167,12.289999961853027,12.449999809265137,12.449999809265137,14300,12.435999870300293,12.707999897003173,13.083999919891358,13.383999977111817,14.005099983215333,13.32344997882843,33.06470845023762,-0.28388760843021466,-0.20701079790094884,-0.07687681052926582,13.960661857854435,13.083999919891358,12.207337981928282,10.798099994314041,8.147649556452068,NICK
2015-06-12,12.460000038146973,12.460000038146973,12.270000457763672,12.350000381469727,12.350000381469727,17400,12.373999977111817,12.632999897003174,13.030999946594239,13.343599987030029,13.982899990081787,13.320699982643127,31.272235791720064,-0.29407407126345575,-0.22442345257345023,-0.06965061869000552,13.949583660104922,13.030999946594239,12.112416233083556,9.901663359911343,9.400547759592017,NICK
2015-06-15,12.369999885559082,12.510000228881836,12.270000457763672,12.420000076293945,12.420000076293945,20300,12.395999908447266,12.570999908447266,12.978999948501587,13.304999980926514,13.961599988937378,13.318299984931945,33.970647399903974,-0.2931196255056481,-0.2381626871598898,-0.054956938345758266,13.91218588501775,12.978999948501587,12.045814011985422,11.78145458485582,10.827072646360302,NICK
2015-06-16,12.40999984741211,12.779999732971191,12.369999885559082,12.65999984741211,12.65999984741211,20200,12.447999954223633,12.538999938964844,12.930999946594238,13.272799968719482,13.942999982833863,13.31729998588562,42.33088518511654,-0.26988616488818806,-0.24450738270554945,-0.025378782182638615,13.825313102271092,12.930999946594238,12.036686790917383,18.381384914307144,13.354834286358004,NICK
2015-06-17,12.640000343322754,12.789999961853027,12.5600004196167,12.75,12.75,29600,12.526000022888184,12.519999980926514,12.890499925613403,13.241199970245361,13.927199983596802,13.31689998626709,45.13621826246307,-0.24142818596563842,-0.24389154335756724,0.002463357391928822,13.739416229344073,12.890499925613403,12.041583621882733,31.93793790048619,20.70025913321629,NICK
2015-06-18,12.75,12.979999542236328,12.59000015258789,12.960000038146973,12.960000038146973,39800,12.628000068664551,12.531999969482422,12.85949993133545,13.213399963378906,13.914499988555908,13.317099986076355,51.112116510202334,-0.19962859047937265,-0.23503895278192832,0.035410362302555676,13.64861265827204,12.85949993133545,12.070387204398859,55.31912150428544,35.21281477302616,NICK
2015-06-19,13.020000457763672,14.039999961853027,12.869999885559082,13.550000190734863,13.550000190734863,98100,12.868000030517578,12.621000003814697,12.85949993133545,13.199399967193603,13.907799987792968,13.320099987983703,63.23003662262609,-0.11753911072694656,-0.21153898437093197,0.0939998736439854,13.64861265827204,12.85949993133545,12.070387204398859,68.2329303994514,51.82999660140757,NICK
2015-06-22,13.449999809265137,13.449999809265137,13.029999732971191,13.180000305175781,13.180000305175781,15700,13.020000076293945,12.707999992370606,12.844499969482422,13.179399967193604,13.898199987411498,13.321249990463256,54.163029689890486,-0.08140017460395477,-0.18551122241753654,0.10411104781358177,13.596390283884483,12.844499969482422,12.092609655080361,69.3701382372246,64.3073967136537,NICK
2015-06-23,13.09000015258789,13.390000343322754,13.09000015258789,13.220000267028809,13.220000267028809,21100,13.132000160217284,12.790000057220459,12.846000003814698,13.161999969482421,13.887999992370606,13.322999992370605,54.915706360116566,-0.04896767584576622,-0.15820251310318248,0.10923483725741626,13.600755688089084,12.846000003814698,12.091244319540312,59.59033205093464,65.73113356253677,NICK
2015-06-24,13.239999771118164,13.369999885559082,12.920000076293945,12.9399995803833,12.9399995803833,21800,13.170000076293945,12.848000049591064,12.819999980926514,13.142799968719482,13.875099992752075,13.323049988746643,48.86662905654288,-0.04533579939046639,-0.13562917036063926,0.09029337097017287,13.522367487172927,12.819999980926514,12.117632474680102,48.23091634606718,59.06379554474202,NICK
2015-06-25,12.880000114440918,13.050000190734863,12.850000381469727,12.930000305175781,12.930000305175781,21000,13.164000129699707,12.896000099182128,12.80199999809265,13.125799980163574,13.862199993133546,13.323699989318847,48.660488646900404,-0.042771327832179296,-0.11705760185494726,0.07428627402276797,13.473017236437359,12.80199999809265,12.130982759747942,43.5754227645441,50.46555705384852,NICK
2015-06-26,12.899999618530273,13.329999923706055,12.8100004196167,12.850000381469727,12.850000381469727,880000,13.02400016784668,12.946000099182129,12.789499998092651,13.107599983215332,13.846099996566773,13.324699993133544,46.95390262918974,-0.04665646422509084,-0.10297737432897598,0.05632091010388514,13.447024975426556,12.789499998092651,12.131975020758746,36.434891513104965,42.74707687457195,NICK
2015-06-29,12.890000343322754,12.899999618530273,12.640000343322754,12.6899995803833,12.6899995803833,21300,12.926000022888184,12.973000049591064,12.771999979019165,13.086599979400635,13.828399991989135,13.325699992179871,43.65617582098877,-0.06193227357429265,-0.09476835417803932,0.03283608060374667,13.420493705591525,12.771999979019165,12.123506252446806,31.495327254869263,37.168547177505985,NICK
2015-06-30,12.859999656677246,12.979999542236328,12.699999809265137,12.720000267028809,12.720000267028809,26200,12.826000022888184,12.979000091552734,12.759000015258788,13.06439998626709,13.809699993133545,13.327349991798402,44.44406862441967,-0.07080150220864923,-0.0899749837841613,0.019173481575512075,13.400682294523532,12.759000015258788,12.117317735994044,27.306954083712043,31.7457242838953,NICK
2015-07-01,12.75,12.8100004196167,12.670000076293945,12.779999732971191,12.779999732971191,43400,12.794000053405762,12.982000064849853,12.751000022888183,13.047599983215331,13.791399993896484,13.330449991226196,46.068364993396756,-0.072157191152316,-0.08641142525779225,0.014254234105476243,13.387424548754707,12.751000022888183,12.11457549702166,25.9886740816215,28.263651806734146,NICK
2015-07-02,12.649999618530273,13.020000457763672,12.630000114440918,12.930000305175781,12.930000305175781,36800,12.794000053405762,12.979000091552734,12.755500030517577,13.033999996185303,13.773999996185303,13.33404999256134,50.00387818635173,-0.06043117882516569,-0.08121537597126693,0.020784197146101246,13.395640009306796,12.755500030517577,12.11536005172836,30.50846300883099,27.93469705805472,NICK
2015-07-06,12.850000381469727,13.069999694824219,12.729999542236328,12.899999618530273,12.899999618530273,16800,12.803999900817871,12.914000034332275,12.767500019073486,13.021999988555908,13.754699993133546,13.33739999294281,49.23010879863528,-0.05294867489584121,-0.07556203575618178,0.022613360860340576,13.409025671510971,12.767500019073486,12.125974366636001,32.61272445742867,29.703287182626926,NICK
2015-07-07,12.970000267028809,13.109999656677246,12.829999923706055,12.970000267028809,12.970000267028809,69600,12.860000038146973,12.893000030517578,12.800500011444091,13.01439998626709,13.73539999961853,13.342199993133544,51.130324332913965,-0.04089881324881439,-0.06862939125470831,0.027730578005893916,13.411678592656893,12.800500011444091,12.18932143023129,32.24244929576162,31.787878920673634,NICK
2015-07-08,12.9399995803833,13.170000076293945,12.630000114440918,12.779999732971191,12.779999732971191,21300,12.871999931335449,12.848999977111816,12.819500017166138,13.006999988555908,13.71409999847412,13.345149993896484,46.08809253128403,-0.04614869287185108,-0.06413325157813686,0.017984558706285778,13.402680260831909,12.819500017166138,12.236319773500368,24.180877176015585,29.6786836430685,NICK
2015-07-09,12.970000267028809,12.970000267028809,12.770000457763672,12.859999656677246,12.859999656677246,12900,12.88799991607666,12.840999984741211,12.844500017166137,13.00019998550415,13.693599996566773,13.348549990653991,48.39563718604945,-0.043354175097144676,-0.059977436281938426,0.01662326118479375,13.388282257134026,12.844500017166137,12.300717777198248,19.039382686303696,25.15423638602684,NICK
2015-07-10,12.880000114440918,13.0,12.609999656677246,13.0,13.0,13300,12.901999855041504,12.847999954223633,12.872000026702882,13.001799983978271,13.674299993515014,13.352999992370606,52.247622531702476,-0.0295025548650365,-0.05388245999855804,0.02437990513352154,13.388124128573457,12.872000026702882,12.355875924832306,25.28135032140973,22.83387006124288,NICK
2015-07-13,13.0,13.0,12.8100004196167,12.949999809265137,12.949999809265137,15900,12.911999893188476,12.857999897003173,12.901999998092652,13.008199977874757,13.654699993133544,13.357899990081787,50.78948248518578,-0.022302553603744002,-0.04756647871959523,0.02526392511585123,13.359716245007077,12.901999998092652,12.444283751178228,35.44345156114161,26.588061522951552,NICK
2015-07-14,12.989999771118164,13.020000457763672,12.869999885559082,12.930000305175781,12.930000305175781,29500,12.90399990081787,12.881999969482422,12.927500009536743,13.01519998550415,13.634499998092652,13.36279999256134,50.186160810810584,-0.018002768855115647,-0.04165373674669932,0.02365096789158367,13.328243292539113,12.927500009536743,12.526756726534373,44.04122148409247,34.92200778888114,NICK
2015-07-15,12.9399995803833,13.010000228881836,12.890000343322754,12.949999809265137,12.949999809265137,10300,12.93799991607666,12.904999923706054,12.942000007629394,13.01859998703003,13.615099992752075,13.368049993515015,50.815361668032146,-0.01283342983575686,-0.03588967536451083,0.023056245528753967,13.323502510823054,12.942000007629394,12.560497504435734,44.305762162443294,41.263478402558995,NICK
2015-07-16,12.9399995803833,13.140000343322754,12.930000305175781,13.010000228881836,13.010000228881836,14600,12.968000030517578,12.92799997329712,12.955000019073486,13.026999988555907,13.59619999885559,13.373549995422364,52.743851519219696,-0.0038507697248313377,-0.029481894236574928,0.02563112451174359,13.327048623673658,12.955000019073486,12.582951414473314,48.29439204401091,45.5471252301821,NICK
2015-07-17,13.100000381469727,13.329999923706055,13.0,13.329999923706055,13.329999923706055,13400,13.034000015258789,12.967999935150146,12.97350001335144,13.040799980163575,13.58039999961853,13.382249994277954,61.42984043556095,0.028757851541499235,-0.017833945080960097,0.04659179662245933,13.379912550914542,12.97350001335144,12.56708747578834,67.59261344194645,53.39758921613342,NICK
2015-07-20,13.239999771118164,13.329999923706055,13.100000381469727,13.109999656677246,13.109999656677246,3300,13.065999984741211,12.988999938964843,12.95149998664856,13.036999969482421,13.561999998092652,13.390399994850158,54.071383427588856,0.036428312981009014,-0.006981493468566274,0.04340980644957529,13.268503276236771,12.95149998664856,12.63449669706035,75.00001103789334,63.629005507950104,NICK
2015-07-21,13.170000076293945,13.170000076293945,13.0,13.0,13.0,13600,13.079999923706055,12.991999912261964,12.94249997138977,13.02459997177124,13.542799997329713,13.39864999294281,50.79509624889806,0.033247894909722575,0.0010643842070914965,0.03218351070263108,13.242824888199653,12.94249997138977,12.642175054579887,74.53703765025358,72.37655404336432,NICK
2015-07-22,12.949999809265137,13.039999961853027,12.949999809265137,12.960000038146973,12.960000038146973,26700,13.081999969482421,13.00999994277954,12.929499959945678,13.009399967193604,13.523499994277953,13.40739999294281,49.617749274380635,0.027186340832434652,0.0062887755321601275,0.020897565300274524,13.201858220547335,12.929499959945678,12.657141699344022,57.40741967173332,68.98148945329328,NICK
2015-07-23,12.979999542236328,13.0600004196167,12.960000038146973,12.970000267028809,12.970000267028809,12700,13.073999977111816,13.021000003814697,12.930999994277954,12.9953999710083,13.503999996185303,13.415449995994567,49.93020861559307,0.02292518320881065,0.009616057067490233,0.013309126141320418,13.203902959221228,12.930999994277954,12.65809702933468,50.92596885106597,60.956808724350815,NICK
2015-07-24,13.0,13.020000457763672,12.899999618530273,12.920000076293945,12.920000076293945,14300,12.992000007629395,13.013000011444092,12.930499982833862,12.984999980926514,13.48380000114441,13.425249996185302,48.31674196206918,0.015336794548103327,0.010760204563612851,0.004576589984490476,13.203445083527392,12.930499982833862,12.657554882140332,47.22227005309253,51.85188619196379,NICK
2015-07-27,12.949999809265137,13.020000457763672,12.920000076293945,12.930000305175781,12.930000305175781,11800,12.956000137329102,13.011000061035157,12.934499979019165,12.975399990081787,13.463700008392333,13.434699997901916,48.6739795664583,0.010014436567491458,0.010611050964388573,-0.0005966143968971147,13.204942285040596,12.934499979019165,12.664057672997734,45.83339404174558,47.993877648634545,NICK
2015-07-28,12.949999809265137,13.140000343322754,12.9399995803833,12.960000038146973,12.960000038146973,12000,12.948000144958495,13.014000034332275,12.94800000190735,12.965399990081787,13.444000005722046,13.444449996948242,49.795082970489254,0.008123514437162527,0.010113543658943364,-0.0019900292217808375,13.194138174547524,12.94800000190735,12.701861829267175,45.37042065410581,46.14202824964783,NICK
2015-07-29,12.989999771118164,13.079999923706055,12.949999809265137,12.949999809265137,12.949999809265137,10000,12.946000099182129,13.014000034332275,12.959499979019165,12.951999988555908,13.425200004577636,13.454199995994568,49.40766510526524,0.005751708020408586,0.00924117653123641,-0.0034894685108278235,13.182343031774703,12.959499979019165,12.736656926263628,46.75929666545276,45.98770378710123,NICK
2015-07-30,13.010000228881836,13.010000228881836,12.859999656677246,12.9399995803833,12.9399995803833,29900,12.939999961853028,13.006999969482422,12.96749997138977,12.93959997177124,13.405500001907349,13.463149995803834,48.99713167915166,0.003030169543542627,0.007998975133697652,-0.004968805590155025,13.174948789397458,12.96749997138977,12.760051153382083,40.277744805549496,44.13582070836921,NICK
2015-07-31,13.020000457763672,13.4399995803833,13.020000457763672,13.09000015258789,13.09000015258789,16500,12.973999977111816,12.982999992370605,12.975499963760376,12.929799976348876,13.387000007629394,13.472499995231628,55.03270604619824,0.0128292358182307,0.008965027270604262,0.003864208547626438,13.188804971827665,12.975499963760376,12.762194955693086,37.292450494713975,41.44316398857193,NICK
2015-08-03,13.069999694824219,13.100000381469727,13.050000190734863,13.069999694824219,13.069999694824219,10200,13.001999855041504,12.978999996185303,12.983999967575073,12.920199966430664,13.36710000038147,13.482249994277954,54.11319097396261,0.018764886715336715,0.010924999159550752,0.007839887555785963,13.19814012171578,12.983999967575073,12.769859813434367,33.62067782470453,37.06362437498919,NICK
2015-08-04,13.0,13.100000381469727,12.960000038146973,13.079999923706055,13.079999923706055,21200,13.025999832153321,12.986999988555908,12.989499950408936,12.912199974060059,13.346499996185303,13.491399993896485,54.522348646687135,0.02399921964563312,0.013539843256767225,0.010459376388865894,13.2075343659563,12.989499950408936,12.771465534861571,37.931085511712375,36.28140461037682,NICK
2015-08-05,13.25,13.460000038146973,13.1899995803833,13.399999618530273,13.399999618530273,25700,13.115999794006347,13.030999946594239,13.02049994468689,12.916399974822998,13.331299991607667,13.50284999370575,65.21186951830148,0.05335373854115133,0.021502622313644047,0.03185111622750728,13.282452106476807,13.02049994468689,12.758547782896972,54.712643274985716,42.088135537134065,NICK
2015-08-06,13.390000343322754,13.539999961853027,13.15999984741211,13.510000228881836,13.510000228881836,20000,13.229999923706055,13.084999942779541,13.05299997329712,12.917399978637695,13.312799997329712,13.514349994659424,67.99661991933655,0.08451925088288093,0.03410594802749142,0.0504133028553895,13.38035904951603,13.05299997329712,12.725640897078208,74.50643282548461,55.71672053739409,NICK
2015-08-07,13.470000267028809,13.470000267028809,13.180000305175781,13.1899995803833,13.1899995803833,7900,13.249999809265137,13.111999893188477,13.062499952316283,12.9153999710083,13.298499994277954,13.524699993133545,54.36330458102917,0.08244637547685585,0.04377403351736431,0.03867234195949154,13.394154811186054,13.062499952316283,12.730845093446513,78.03919724345037,69.0860911146401,NICK
2015-08-10,13.270000457763672,13.270000457763672,13.119999885559082,13.199999809265137,13.199999809265137,12200,13.275999832153321,13.138999843597412,13.074999952316285,12.917399959564209,13.284999990463257,13.533349990844727,54.669184840014395,0.08068050701567842,0.05115532821702713,0.029525178798651283,13.407595699593253,13.074999952316285,12.742404205039316,64.70588510286616,72.41717172393358,NICK
2015-08-11,13.100000381469727,13.170000076293945,13.020000457763672,13.140000343322754,13.140000343322754,8000,13.28799991607666,13.156999874114991,13.085499954223632,12.919399967193604,13.270099992752074,13.5398499917984,52.399895821947894,0.0735912736787192,0.05564251730936555,0.017948756369353655,13.412331656447744,13.085499954223632,12.75866825199952,46.568643950528916,63.104575432281685,NICK
2015-08-12,13.029999732971191,13.100000381469727,12.949999809265137,13.0,13.0,7800,13.207999992370606,13.161999893188476,13.087999963760376,12.919799976348877,13.252699995040894,13.54569999217987,47.45047710825149,0.056030265486649355,0.05572006694482231,0.00031019854182704615,13.411394385427691,13.087999963760376,12.764605542093062,37.254943209655195,49.50982408768329,NICK
2015-08-13,13.220000267028809,13.220000267028809,12.949999809265137,12.949999809265137,12.949999809265137,14500,13.095999908447265,13.16299991607666,13.084999942779541,12.919999980926514,13.236399993896484,13.551199989318848,45.787087310294716,0.03764450008681486,0.05210495357322082,-0.014460453486405962,13.412322365265215,13.084999942779541,12.757677520293868,25.000046748720294,36.274544636301336,NICK
2015-08-14,12.949999809265137,13.199999809265137,12.949999809265137,13.050000190734863,13.050000190734863,5900,13.068000030517577,13.158999919891357,13.070999956130981,12.924199981689453,13.224199991226197,13.556199989318849,49.5930012945003,0.030787939391233365,0.04784155073682333,-0.017053611345589963,13.378564531716668,13.070999956130981,12.763435380545294,20.588276542988527,27.61442216712121,NICK
2015-08-17,13.09000015258789,13.140000343322754,13.020000457763672,13.020000457763672,13.020000457763672,7400,13.032000160217285,13.153999996185302,13.066499996185303,12.931399993896484,13.215,13.560499992370605,48.49314240063426,0.022671989328431508,0.042807638455144965,-0.020135649126713458,13.374283952939377,13.066499996185303,12.75871603943123,21.56869069924893,22.385671330319123,NICK
2015-08-18,13.0,13.050000190734863,12.949999809265137,13.020000457763672,13.020000457763672,5000,13.00800018310547,13.148000049591065,13.067500019073487,12.945599994659425,13.208600006103516,13.564699993133544,48.49314240063426,0.016054968745569553,0.03745710451322988,-0.021402135767660327,13.374542288750304,13.067500019073487,12.76045774939667,25.000093497440314,22.385686913225797,NICK
2015-08-19,12.989999771118164,13.069999694824219,12.970000267028809,13.020000457763672,13.020000457763672,10300,13.012000274658202,13.110000133514404,13.070500040054322,12.958000011444092,13.200700006484986,13.568749995231629,48.49314240063428,0.010687730753350166,0.03210322976125394,-0.021415499007903772,13.374439092085904,13.070500040054322,12.76656098802274,19.64118388325472,22.069989359981196,NICK
2015-08-20,12.970000267028809,13.09000015258789,12.970000267028809,13.0,13.0,13300,13.022000312805176,13.05900011062622,13.07200002670288,12.970800018310547,13.193000001907349,13.57289999485016,47.61386360613656,0.0047653541486294415,0.02663565463872904,-0.0218703004900996,13.374231656027186,13.07200002670288,12.769768397378575,14.62287968179711,19.75471902083059,NICK
2015-08-21,12.930000305175781,13.029999732971191,12.829999923706055,12.899999618530273,12.899999618530273,33800,12.992000198364257,13.030000114440918,13.071000003814698,12.979800014495849,13.181899995803834,13.57574999332428,43.37870873578843,-0.007906228939818405,0.01972727792301955,-0.027633506862837956,13.37536161223179,13.071000003814698,12.766638395397605,10.066077150327772,14.776713571793076,NICK
2015-08-24,12.289999961853027,12.760000228881836,12.289999961853027,12.600000381469727,12.600000381469727,14800,12.908000183105468,12.970000171661377,13.054500007629395,12.98480001449585,13.16420000076294,13.576349997520447,33.69564442686917,-0.04167557102317687,0.007446708133780266,-0.04912227915695714,13.417734002498289,13.054500007629395,12.6912660127605,14.377917131364944,13.022291321163152,NICK
2015-08-25,12.960000038146973,12.960000038146973,12.4399995803833,12.4399995803833,12.4399995803833,16800,12.792000007629394,12.900000095367432,13.028499984741211,12.985200004577637,13.145099992752074,13.575149993896485,29.866457248881055,-0.08042169415494449,-0.010126972323964685,-0.0702947218309798,13.479023054559251,13.028499984741211,12.577976914923171,15.553038156373356,13.332344146021901,NICK
2015-08-26,12.649999618530273,12.649999618530273,12.4399995803833,12.5,12.5,18400,12.68799991607666,12.850000095367431,13.005999994277953,12.982000007629395,13.127399988174439,13.574599995613099,32.9438861236709,-0.10507549852915865,-0.029116677565003482,-0.07595882096415517,13.511545273574916,13.005999994277953,12.500454714980991,18.198870617140805,16.043275301626245,NICK
2015-08-27,12.5,12.520000457763672,12.359999656677246,12.4399995803833,12.4399995803833,12800,12.57599983215332,12.799000072479249,12.980999994277955,12.975799999237061,13.108499984741211,13.57249999523163,31.457370926608974,-0.12798007390824573,-0.048889356833651934,-0.0790907170745938,13.54338430433481,12.980999994277955,12.4186156842211,15.034218020076935,16.26204226453024,NICK
2015-08-28,12.399999618530273,12.479999542236328,12.359999656677246,12.359999656677246,12.359999656677246,20600,12.467999839782715,12.730000019073486,12.944499969482422,12.963799991607665,13.088599977493287,13.570099992752075,29.543235958868223,-0.15084855196347569,-0.06928119585961669,-0.081567356103859,13.56554681305841,12.944499969482422,12.323453125906434,13.543177004578114,15.592088547265162,NICK
2015-08-31,12.359999656677246,12.479999542236328,12.359999656677246,12.380000114440918,12.380000114440918,16400,12.423999786376953,12.66599998474121,12.909999990463257,12.940399990081787,13.069899978637695,13.567199993133546,30.678901931806006,-0.16545090079524627,-0.0885151368467426,-0.07693576394850367,13.574469830834142,12.909999990463257,12.245530150092373,10.836784933532842,13.138059986062506,NICK
2015-09-01,12.359999656677246,12.369999885559082,12.25,12.270000457763672,12.270000457763672,11800,12.389999961853027,12.590999984741211,12.869500017166137,12.922199993133544,13.050799980163575,13.564149994850158,28.005257959338927,-0.18378090852321982,-0.10756829118203805,-0.07621261734118177,13.58441194343748,12.869500017166137,12.154588090894794,6.42206043902421,10.267340792378265,NICK
2015-09-02,12.380000114440918,12.430000305175781,12.289999961853027,12.34000015258789,12.34000015258789,29400,12.357999992370605,12.522999954223632,12.816500043869018,12.904599990844726,13.033299980163575,13.56159999370575,32.06278130802346,-0.1904636351215725,-0.12414735996994494,-0.06631627515162755,13.523360093352096,12.816500043869018,12.10963999438594,7.0710123518751615,8.109952574810613,NICK
2015-09-03,12.350000381469727,12.40999984741211,12.350000381469727,12.350000381469727,12.350000381469727,20100,12.34000015258789,12.457999992370606,12.758500051498412,12.892800006866455,13.01779998779297,13.560449995994567,32.64678695008348,-0.19273112476649956,-0.13786411292925588,-0.054867011837243684,13.416930775854757,12.758500051498412,12.100069327142068,7.590532684231154,7.027868491710051,NICK
2015-09-04,12.300000190734863,12.390000343322754,12.270000457763672,12.279999732971191,12.279999732971191,12200,12.32400016784668,12.396000003814697,12.713000059127808,12.879799995422363,13.002799987792969,13.55949999332428,30.659970191082902,-0.19789537921449885,-0.14987036618630448,-0.04802501302819437,13.371638172080587,12.713000059127808,12.054361946175028,8.093697297202526,7.585080777769488,NICK
2015-09-08,12.430000305175781,13.229999542236328,12.34000015258789,13.170000076293945,13.170000076293945,62400,12.482000160217286,12.45299997329712,12.711500072479248,12.886199989318847,12.99689998626709,13.562749991416931,62.17703380472439,-0.12868905113274742,-0.14563410317559305,0.016945052042845632,13.365817438751431,12.711500072479248,12.057182706207065,36.22833079113515,17.304186924189484,NICK
2015-09-09,13.270000457763672,13.890000343322754,13.210000038146973,13.640000343322754,13.640000343322754,31000,12.756000137329101,12.573000049591064,12.736500072479249,12.905200004577637,12.995899991989136,13.568399991989136,69.94590602238065,-0.03550812832984107,-0.12360890820644266,0.08810077987660159,13.485720513987662,12.736500072479249,11.987279630970836,60.73503318066363,35.019020423000306,NICK
2015-09-10,13.6899995803833,13.6899995803833,13.199999809265137,13.420000076293945,13.420000076293945,39100,12.972000122070312,12.665000057220459,12.757500076293946,12.91920000076294,12.991799993515015,13.572999992370605,63.38315356070632,0.02035164035195791,-0.09481679849476254,0.11516843884672046,13.556946933824538,12.757500076293946,11.958053218763354,83.32505218010611,60.09613871730151,NICK
2015-09-11,13.399999618530273,13.649999618530273,13.399999618530273,13.550000190734863,13.550000190734863,20400,13.21200008392334,12.776000118255615,12.787500095367431,12.934600009918213,12.991099996566772,13.578149991035461,65.44627057972208,0.07425486835888861,-0.06100246512403231,0.13525733348292093,13.655667896127698,12.787500095367431,11.919332294607164,78.45528053429038,74.1717886316866,NICK
2015-09-14,13.550000190734863,13.720000267028809,13.460000038146973,13.5600004196167,13.5600004196167,16400,13.468000221252442,12.896000194549561,12.813000106811524,12.94720001220703,12.990600004196168,13.583449993133545,65.60680432660014,0.11643827188356681,-0.025514317722512482,0.1419525896060793,13.738572588101688,12.813000106811524,11.88742762552136,76.82926616521269,79.5365329598696,NICK
2015-09-15,13.539999961853027,13.649999618530273,13.40999984741211,13.59000015258789,13.59000015258789,16100,13.55200023651123,13.017000198364258,12.841500091552735,12.961000022888184,12.991500005722045,13.589399995803833,66.11539221036027,0.15055415622814117,0.009699377067618246,0.1408547791605229,13.824155375347152,12.841500091552735,11.858844807758318,80.28455154540787,78.52303274830352,NICK
2015-09-16,13.680000305175781,14.050000190734863,13.680000305175781,13.920000076293945,13.920000076293945,20300,13.608000183105469,13.182000160217285,12.886500072479247,12.980000019073486,12.997200002670288,13.596899995803833,71.16635490999663,0.20189218880254245,0.048137939414603086,0.15375424938793936,13.974512655543235,12.886500072479247,11.79848748941526,84.78771303421281,80.633843581611,NICK
2015-09-17,13.800000190734863,14.0600004196167,13.800000190734863,14.0,14.0,16200,13.724000167846679,13.348000144958496,12.935500049591065,13.004400024414062,13.005700006484986,13.605649995803834,72.24642286709853,0.24619528870715612,0.0877494092731137,0.15844587943404242,14.126541332259777,12.935500049591065,11.744458766922353,90.39004730529525,85.15410396163851,NICK
2015-09-18,13.789999961853027,14.079999923706055,13.380000114440918,13.380000114440918,13.380000114440918,85900,13.69000015258789,13.451000118255616,12.95450005531311,13.014800033569337,13.007500009536743,13.61164999485016,55.03921260736314,0.2286413699700791,0.11592780141250678,0.11271356855757234,14.161073446765615,12.95450005531311,11.747926663860605,83.7371584503889,86.30497292996553,NICK
2015-09-21,13.520000457763672,13.539999961853027,13.350000381469727,13.399999618530273,13.399999618530273,15500,13.657999992370605,13.563000106811524,12.97950005531311,13.022800025939942,13.012300004959107,13.618199992179871,55.40815778011433,0.21387810211231795,0.135517861552469,0.07836024055984894,14.201146183127788,12.97950005531311,11.757853927498433,73.75840499837763,82.62853691802047,NICK
2015-09-22,13.34000015258789,13.420000076293945,13.319999694824219,13.319999694824219,13.319999694824219,5400,13.603999900817872,13.57800006866455,13.015500020980834,13.030200023651123,13.01920000076294,13.623849992752076,53.51638184286537,0.19349232167612485,0.14711275357720016,0.046379568098924684,14.23271786175724,13.015500020980834,11.798282180204428,60.86705974201487,72.78754106359368,NICK
2015-09-23,13.210000038146973,13.380000114440918,13.149999618530273,13.369999885559082,13.369999885559082,11600,13.493999862670899,13.551000022888184,13.062000036239624,13.03900001525879,13.02710000038147,13.629699993133546,54.560609649216005,0.17930413487817276,0.1535510298373947,0.025753105040778074,14.258605295128143,13.062000036239624,11.865394777351105,60.542001166524834,65.05582196897232,NICK
2015-09-24,13.239999771118164,13.479999542236328,13.210000038146973,13.4399995803833,13.4399995803833,5000,13.38199977874756,13.55299997329712,13.10900001525879,13.048800010681152,13.03369999885559,13.635699992179871,56.049187013112736,0.1717287033856607,0.15718656454704788,0.014542138838612828,14.287319189513438,13.10900001525879,11.930680841004142,61.141782082368955,60.85028099696944,NICK
2015-09-25,13.550000190734863,13.5600004196167,13.130000114440918,13.430000305175781,13.430000305175781,12300,13.391999816894531,13.54099998474121,13.158500051498413,13.057200012207032,13.04210000038147,13.639799995422363,55.76813796606485,0.16303885102157523,0.15835702184195335,0.004681829179621871,14.302934839032483,13.158500051498413,12.014065263964342,62.68600557619007,61.456596275027835,NICK
2015-09-28,13.479999542236328,13.479999542236328,13.0,13.0600004196167,13.0600004196167,56300,13.323999977111816,13.490999984741212,13.193500089645386,13.051800022125244,13.04630000114441,13.643149995803833,46.48057015340354,0.12485690914162184,0.15165699930188706,-0.026800090160265216,14.279433251321136,13.193500089645386,12.107566927969637,44.28004818290961,56.03594528048942,NICK
2015-09-29,13.020000457763672,13.079999923706055,12.930000305175781,13.0,13.0,11100,13.260000038146973,13.431999969482423,13.22450008392334,13.0496000289917,13.04329999923706,13.645999994277954,45.16693766388305,0.08873305329312764,0.13907221010013518,-0.05033915680700754,14.249458057721922,13.22450008392334,12.199542110124758,24.762073991938152,43.90937591701248,NICK
2015-09-30,13.100000381469727,13.100000381469727,12.899999618530273,12.979999542236328,12.979999542236328,6200,13.181999969482423,13.33799991607666,13.260000038146973,13.049200019836427,13.036899995803832,13.64904999256134,44.71329960274629,0.05782420603133076,0.1228226092863743,-0.06499840325504354,14.19554269177795,13.260000038146973,12.324457384515997,6.14072653440883,25.06094956975207,NICK
2015-10-01,13.029999732971191,13.029999732971191,12.880000114440918,13.020000457763672,13.020000457763672,20700,13.098000144958496,13.239999961853027,13.294000053405762,13.05040002822876,13.029899997711182,13.651749997138976,45.883956308358826,0.036139863620064716,0.10548606015311238,-0.06934619653304766,14.138308086320048,13.294000053405762,12.449692020491476,8.177760644359749,13.026853723568783,NICK
2015-10-02,12.899999618530273,13.050000190734863,12.8100004196167,13.020000457763672,13.020000457763672,21800,13.016000175476075,13.203999996185303,13.327500057220458,13.051400032043457,13.023400001525879,13.653499999046325,45.88395630835882,0.01873885616257631,0.08813661935500516,-0.06939776319242885,14.065846272068727,13.327500057220458,12.58915384237219,11.660597486863088,8.659694888543761,NICK
2015-10-05,13.079999923706055,13.359999656677246,13.0600004196167,13.0600004196167,13.0600004196167,6600,13.016000175476075,13.170000076293945,13.366500091552734,13.054200038909912,13.019600009918213,13.654400000572204,47.18101010674439,0.008082920140996208,0.07212587951220337,-0.06404295937120716,13.944367678143577,13.366500091552734,12.78863250496189,15.962395573106212,11.933584568109554,NICK
2015-10-06,13.079999923706055,13.079999923706055,12.989999771118164,13.039999961853027,13.039999961853027,14100,13.02400016784668,13.142000102996827,13.360000085830688,13.056400032043458,13.015900011062621,13.655250000953675,46.5798432683717,-0.001953338844421282,0.05731003584087844,-0.05926337468529972,13.949372602219224,13.360000085830688,12.770627569442151,18.110232278609455,15.244408446192788,NICK
2015-10-07,13.100000381469727,13.350000381469727,13.029999732971191,13.260000228881836,13.260000228881836,17000,13.080000305175782,13.131000137329101,13.341000080108643,13.062400035858154,13.013900012969971,13.655950002670288,53.58550784545565,0.007755634406844791,0.04739915555407171,-0.03964352114722692,13.917399184586767,13.341000080108643,12.764600975630518,24.40944132935771,19.494023060357662,NICK
2015-10-08,13.25,13.569999694824219,13.149999618530273,13.300000190734863,13.300000190734863,20000,13.13600025177002,13.117000198364257,13.33500008583069,13.06940004348755,13.010700016021728,13.656300005912781,54.747512041068035,0.018464876681361986,0.041612299779529766,-0.02314742309816778,13.910482428065416,13.33500008583069,12.759517743595962,39.33899750426097,27.286223704075912,NICK
2015-10-09,13.380000114440918,13.550000190734863,13.260000228881836,13.34000015258789,13.34000015258789,3300,13.200000190734864,13.108000183105469,13.32450008392334,13.07740005493164,13.00850001335144,13.650000004768371,55.93554151153687,0.029835762865555893,0.03925699239673499,-0.009421229531179097,13.891508829160687,13.32450008392334,12.757491338685993,56.54788624705474,40.09877502689101,NICK
2015-10-12,13.270000457763672,13.34000015258789,13.050000190734863,13.140000343322754,13.140000343322754,14100,13.216000175476074,13.116000175476074,13.303500080108643,13.078400058746338,13.004100017547607,13.64170000553131,49.00761869464787,0.02245016739480654,0.0358956273963493,-0.013445460001542758,13.865150207651363,13.303500080108643,12.741849952565923,59.21055768668534,51.69914714600022,NICK
2015-10-13,13.050000190734863,13.460000038146973,12.930000305175781,13.149999618530273,13.149999618530273,23700,13.238000106811523,13.131000137329101,13.281500053405761,13.08000005722046,13.00010001182556,13.633100004196168,49.34541707354288,0.017205552812971092,0.03215761247967366,-0.014952059666702565,13.830873224487096,13.281500053405761,12.732126882324426,52.6315789473687,56.13000762703613,NICK
2015-10-14,13.5600004196167,13.800000190734863,13.130000114440918,13.279999732971191,13.279999732971191,15600,13.242000007629395,13.161000156402588,13.249500036239624,13.084000053405761,12.99810001373291,13.624900002479553,53.64484072754044,0.02327082911806677,0.03038025580735228,-0.007109426689285509,13.714450432578786,13.249500036239624,12.784549639900462,45.21085081947175,52.3509958178418,NICK
2015-10-15,13.239999771118164,13.449999809265137,13.239999771118164,13.289999961853027,13.289999961853027,16400,13.239999961853027,13.188000106811524,13.214000034332276,13.081800060272217,12.999100017547608,13.616850004196166,53.96850700101984,0.028555370645475975,0.03001527877497702,-0.0014599081295010446,13.52834996703203,13.214000034332276,12.899650101632522,46.89876063714049,48.24706346799351,NICK
2015-10-16,13.529999732971191,13.529999732971191,13.260000228881836,13.3100004196167,13.3100004196167,5000,13.23400001525879,13.217000102996826,13.210500049591065,13.077800064086913,12.997600021362304,13.6089000082016,54.65051026609268,0.03396574174188238,0.030805371368358092,0.0031603703735242905,13.518881128925258,13.210500049591065,12.902118970256872,48.8215215764853,46.977044344365716,NICK
2015-10-19,13.25,13.34000015258789,13.180000305175781,13.229999542236328,13.229999542236328,10300,13.251999855041504,13.23400001525879,13.202000045776368,13.078600063323975,12.997000017166137,13.600800004005432,51.37185228121858,0.03143572612334644,0.03093144231935576,0.0005042838039906808,13.498148519601546,13.202000045776368,12.905851571951189,47.138013081717666,47.61943176511436,NICK
2015-10-20,13.100000381469727,13.270000457763672,13.100000381469727,13.180000305175781,13.180000305175781,2900,13.257999992370605,13.248000049591065,13.195000076293946,13.078200073242188,12.997800016403199,13.59255000591278,49.378018883484465,0.02510673513392625,0.02976650088226986,-0.004659765748343609,13.486238697599875,13.195000076293946,12.903761454988016,43.43432008143188,46.46461824654482,NICK
2015-10-21,13.100000381469727,13.100000381469727,12.970000267028809,13.0,13.0,17200,13.202000045776368,13.222000026702881,13.176500082015991,13.075400066375732,12.997400016784669,13.583800005912781,42.91975969748836,0.005503008616695837,0.024913802429155054,-0.019410793812459217,13.467929240971323,13.176500082015991,12.88507092306066,32.99659310207556,41.18964208840824,NICK
2015-10-22,12.970000267028809,13.100000381469727,12.970000267028809,13.100000381469727,13.100000381469727,3400,13.164000129699707,13.202000045776368,13.159500122070312,13.077400074005126,12.998600025177002,13.574950008392333,47.062240143586784,-0.0019415103165041359,0.019542739880023217,-0.021484250196527353,13.426069069709683,13.159500122070312,12.892931174430942,25.368618974295533,33.933177385934194,NICK
2015-10-23,13.0,13.180000305175781,13.0,13.149999618530273,13.149999618530273,10400,13.131999969482422,13.182999992370606,13.145500087738037,13.08140007019043,13.000700025558471,13.56720000743866,49.05309184797757,-0.0037634420192631524,0.014881503500165944,-0.018644945519429097,13.381421646951726,13.145500087738037,12.90957852852435,21.339801063884224,26.568337713418305,NICK
2015-10-26,13.239999771118164,13.579999923706055,13.0,13.539999961853027,13.539999961853027,284700,13.194000053405762,13.222999954223633,13.169500064849853,13.091200065612792,13.007700023651124,13.561250009536742,61.283816446356,0.025963145339298777,0.017097831867992512,0.008865313471306265,13.457630205553606,13.169500064849853,12.8813699241461,38.314144745857,28.34085492801212,NICK
2015-10-27,13.460000038146973,13.600000381469727,13.319999694824219,13.380000114440918,13.380000114440918,55800,13.23400001525879,13.246000003814697,13.1885000705719,13.098400058746337,13.014900026321412,13.554950008392334,55.407047389130604,0.03619380976866893,0.020917027448127797,0.015276782320541131,13.479517212491233,13.1885000705719,12.897482928652567,49.04210527469687,36.2320170281459,NICK
2015-10-28,13.420000076293945,13.59000015258789,13.260000228881836,13.40999984741211,13.40999984741211,36600,13.315999984741211,13.259000015258788,13.21000008583069,13.106200046539307,13.025900020599366,13.548400006294251,56.25410439230094,0.0461899636210763,0.025971614682717498,0.020218348938358804,13.499758451423602,13.21000008583069,12.920241720237776,59.00380117824494,48.78668373293281,NICK
2015-10-29,13.289999961853027,13.449999809265137,13.1899995803833,13.210000038146973,13.210000038146973,16200,13.33799991607666,13.251000022888183,13.219500064849854,13.110000038146973,13.034000024795532,13.54095000743866,49.50300027836014,0.03754092600142833,0.028285476946459664,0.009255449054968667,13.495867465772376,13.219500064849854,12.943132663927331,46.360124277299555,51.468676910080326,NICK
2015-10-30,13.239999771118164,13.359999656677246,13.170000076293945,13.279999732971191,13.279999732971191,43900,13.363999938964843,13.247999954223634,13.232500028610229,13.115600032806396,13.043200025558471,13.534550004005432,51.68836329988551,0.03592081889507348,0.02981254533618243,0.006108273558891052,13.494177248453223,13.232500028610229,12.970822808767235,42.52869153308856,49.297538996210896,NICK
2015-11-02,13.279999732971191,13.430000305175781,13.25,13.289999961853027,13.289999961853027,32100,13.313999938964844,13.253999996185303,13.244000005722047,13.123400039672852,13.051600027084351,13.528350005149841,52.00790401968105,0.03503988920522616,0.030858014109991175,0.004181875095234985,13.494311801157837,13.244000005722047,12.993688210286257,36.989296602817355,41.95937080440169,NICK
2015-11-03,13.350000381469727,13.390000343322754,13.220000267028809,13.289999961853027,13.289999961853027,15800,13.295999908447266,13.264999961853027,13.256500005722046,13.137200031280518,13.061000022888184,13.521950006484985,52.00790401968105,0.033950387149589645,0.03147648871791087,0.002473898431678778,13.489160682561712,13.256500005722046,13.02383932888238,43.192533782737506,40.90350730621435,NICK
2015-11-04,13.270000457763672,13.359999656677246,13.199999809265137,13.319999694824219,13.319999694824219,12700,13.277999877929688,13.29699993133545,13.259499979019164,13.154800033569336,13.070000019073486,13.515800004005433,53.08744798263467,0.035103030765814225,0.032201797127491535,0.0029012336383226894,13.493805299016895,13.259499979019164,13.025194659021434,48.301077135719254,42.827635840424584,NICK
2015-11-05,13.260000228881836,13.319999694824219,13.229999542236328,13.289999961853027,13.289999961853027,5400,13.293999862670898,13.31599988937378,13.258999967575074,13.170600032806396,13.076300020217895,13.509650001525879,51.831846048661575,0.033212923495742785,0.032404022401141784,0.0008089010946010014,13.492999923331693,13.258999967575074,13.025000011818454,52.380880296739264,47.958163738398554,NICK
2015-11-06,13.300000190734863,13.390000343322754,13.130000114440918,13.300000190734863,13.300000190734863,16900,13.297999954223632,13.330999946594238,13.256999969482422,13.187800045013427,13.081800022125243,13.504500002861024,52.23737841159289,0.03215131442291863,0.03235348080549715,-0.0002021663825785211,13.488870573462341,13.256999969482422,13.025129365502503,52.90999283987535,51.1973167574445,NICK
2015-11-09,13.229999542236328,13.34000015258789,13.1899995803833,13.289999961853027,13.289999961853027,13200,13.297999954223632,13.305999946594238,13.264499950408936,13.206400051116944,13.085100021362305,13.499800004959106,51.76801234378138,0.03015543362118045,0.031913871368633814,-0.0017584377474533647,13.490373799114938,13.264499950408936,13.038626101702935,51.32270566941644,52.204526268676894,NICK
2015-11-10,13.25,13.329999923706055,13.199999809265137,13.329999923706055,13.329999923706055,6400,13.305999946594238,13.300999927520753,13.273499965667725,13.225400047302246,13.082900018692017,13.495350003242493,53.56525892049103,0.03143893782893592,0.031818884660694234,-0.00037994683175831406,13.494703443332691,13.273499965667725,13.052296488002758,53.439105383011444,52.55726796410096,NICK
2015-11-11,13.529999732971191,13.529999732971191,13.210000038146973,13.210000038146973,13.210000038146973,4700,13.284000015258789,13.280999946594239,13.269999980926514,13.244200038909913,13.083200016021728,13.490700001716613,47.80961769802046,0.022513613356466067,0.0299578303998486,-0.007444217043382533,13.49289003840407,13.269999980926514,13.047109923448957,47.64545649959471,50.802422517340744,NICK
2015-11-12,13.199999809265137,13.300000190734863,13.199999809265137,13.300000190734863,13.300000190734863,7300,13.286000061035157,13.289999961853027,13.270499992370606,13.263400039672852,13.08400001525879,13.486000003814697,51.97738451647573,0.022443771729985684,0.028455018665876016,-0.006011246935890332,13.493612027785074,13.270499992370606,13.047387956956138,47.38092545750135,49.48849578003571,NICK
2015-11-13,13.170000076293945,13.34000015258789,13.149999618530273,13.300000190734863,13.300000190734863,12700,13.286000061035157,13.292000007629394,13.269999980926514,13.282400035858155,13.087600021362304,13.48135000705719,51.97738451647573,0.02213328302855544,0.0271906715384119,-0.005057388509856462,13.492800285888817,13.269999980926514,13.04719967596421,40.39006418472565,45.138815380607106,NICK
2015-11-16,13.25,13.300000190734863,13.130000114440918,13.199999809265137,13.199999809265137,8300,13.268000030517578,13.282999992370605,13.268499994277954,13.300800037384032,13.090300016403198,13.47625000476837,47.12766486852377,0.013660553096476846,0.02448464785002489,-0.010824094753548043,13.492756485463506,13.268499994277954,13.044243503092403,33.795844049526735,40.52227789725112,NICK
2015-11-17,13.210000038146973,13.289999961853027,13.149999618530273,13.289999961853027,13.289999961853027,4500,13.260000038146973,13.282999992370605,13.273999977111817,13.303200035095214,13.094700012207031,13.470400004386901,51.51254636883321,0.014046197907740421,0.022396957861567996,-0.008350759953827575,13.494671645708053,13.273999977111817,13.053328308515582,30.462510716193403,34.88280631681514,NICK
2015-11-18,13.300000190734863,13.3100004196167,13.109999656677246,13.279999732971191,13.279999732971191,29300,13.273999977111817,13.278999996185302,13.287999963760376,13.296000022888183,13.10060001373291,13.464500002861023,51.006366193594474,0.013390531590861343,0.020595672607426667,-0.007205141016565324,13.469394530214617,13.287999963760376,13.106605397306135,31.897841662888226,32.052065476202664,NICK
2015-11-19,13.289999961853027,13.289999961853027,12.5,13.25,13.25,35400,13.263999938964844,13.275,13.29549994468689,13.292600021362304,13.105900011062623,13.457800002098084,49.43695775639637,0.010331093167218697,0.018542756719385073,-0.008211663552166376,13.456431671653386,13.29549994468689,13.134568217720394,51.09725138231013,37.819201253797125,NICK
2015-11-20,13.260000228881836,13.300000190734863,13.170000076293945,13.279999732971191,13.279999732971191,5800,13.259999847412109,13.272999954223632,13.301999950408936,13.28720001220703,13.110900011062622,13.451150002479553,51.058663688039644,0.010209505087511062,0.016876106393010272,-0.00666660130549921,13.44877870492472,13.301999950408936,13.155221195893152,63.006634398075995,48.667242481091314,NICK
2015-11-23,13.09000015258789,13.119999885559082,12.600000381469727,12.899999618530273,12.899999618530273,34900,13.199999809265137,13.233999919891357,13.269999933242797,13.273999996185303,13.110600004196167,13.442300000190734,35.518774851602956,-0.020315503307404725,0.009437784452927273,-0.029753287760332,13.46606127736587,13.269999933242797,13.073938589119724,62.45954213127464,58.85447597055346,NICK
2015-11-24,12.829999923706055,12.970000267028809,12.640000343322754,12.6899995803833,12.6899995803833,15200,13.079999732971192,13.169999885559083,13.235499906539918,13.25599998474121,13.108500003814697,13.431599998474121,30.07176976509579,-0.060751732263209846,-0.00460011889030015,-0.05615161337290969,13.549409315732984,13.235499906539918,12.921590497346852,44.336546506758225,56.60090767870282,NICK
2015-11-25,12.729999542236328,12.949999809265137,12.699999809265137,12.899999618530273,12.899999618530273,7200,13.003999710083008,13.138999843597412,13.209999895095825,13.235599975585938,13.107799997329712,13.421599998474122,39.98361122817556,-0.07498807119676698,-0.018677709351593515,-0.05631036184517346,13.545201562191128,13.209999895095825,12.874798228000522,32.03880498713182,46.27829787505476,NICK
2015-11-27,12.859999656677246,13.140000343322754,12.649999618530273,12.710000038146973,12.710000038146973,2500,12.895999717712403,13.079999828338623,13.184999895095824,13.209799976348878,13.10710000038147,13.410599999427795,35.13164031027857,-0.10044399476563726,-0.03503096643440226,-0.065413028331235,13.584825018134987,13.184999895095824,12.785174772056662,25.889949658945856,34.08843371761183,NICK
2015-11-30,13.0,13.0,12.670000076293945,12.880000114440918,12.880000114440918,7700,12.815999794006348,13.037999820709228,13.16499991416931,13.199799976348878,13.107300004959107,13.40045000076294,41.922506818741226,-0.10568217387146817,-0.04916120792181544,-0.056520965949652724,13.583401768211157,13.16499991416931,12.746598060127464,32.038835850386306,29.989196832154523,NICK
2015-12-01,13.0600004196167,13.0600004196167,12.539999961853027,12.619999885559082,12.619999885559082,18300,12.759999847412109,12.979999828338624,13.131499910354615,13.184199981689453,13.103500003814696,13.388899998664856,35.75707426603527,-0.12932256409172105,-0.06519347915579657,-0.06412908493592448,13.607788808289571,13.131499910354615,12.655211012419658,22.977353469755343,26.968712993029033,NICK
2015-12-02,12.65999984741211,12.65999984741211,12.5600004196167,12.569999694824219,12.569999694824219,16100,12.735999870300294,12.907999801635743,13.095499897003174,13.169199981689452,13.099700002670287,13.377199997901917,34.70018210878611,-0.15035909513097678,-0.08222660235083261,-0.06813249278014417,13.624365811573226,13.095499897003174,12.566633982433123,18.958999131508932,24.65839615055006,NICK
2015-12-03,12.5600004196167,12.699999809265137,12.5600004196167,12.5600004196167,12.5600004196167,1900,12.668000030517579,12.835999870300293,13.057499933242799,13.152999992370605,13.096000003814698,13.365250000953674,34.480686344185635,-0.16592487678648205,-0.0989662572379625,-0.06695861954851955,13.624240678930509,13.057499933242799,12.490759187555089,9.04222621178292,16.992859604348933,NICK
2015-12-04,12.550000190734863,12.630000114440918,12.5,12.619999885559082,12.619999885559082,10200,12.65,12.7729998588562,13.0239999294281,13.136599998474122,13.092700004577637,13.353899998664856,37.05362061692267,-0.17144312579426213,-0.11346163094922243,-0.0579814948450397,13.61066514697926,13.0239999294281,12.437334711876941,10.096998100131886,12.699407814474446,NICK
2015-12-07,12.579999923706055,12.600000381469727,12.539999961853027,12.5600004196167,12.5600004196167,2500,12.586000061035156,12.700999927520751,12.986999940872192,13.11920000076294,13.088200006484985,13.342200002670289,35.550181457720896,-0.17859905462716696,-0.12648911568481133,-0.05210993894235563,13.592412164934895,12.986999940872192,12.381587716809488,9.788384728605012,9.642536346839805,NICK
2015-12-08,12.5,12.579999923706055,12.119999885559082,12.220000267028809,12.220000267028809,12300,12.506000137329101,12.632999992370605,12.933499956130982,13.102399997711181,13.077100009918214,13.328750004768372,28.494582127434427,-0.20929275400893488,-0.14304984334963605,-0.06624291065929883,13.607570327062374,12.933499956130982,12.25942958519959,10.20854600519717,10.031309611311222,NICK
2015-12-09,12.109999656677246,12.5,11.779999732971191,11.9399995803833,11.9399995803833,15900,12.380000114440918,12.557999992370606,12.863999938964843,13.081199989318847,13.065400009155274,13.313700003623962,24.22971870003755,-0.2532916586813698,-0.1650982064159828,-0.08819345226538702,13.63925216236571,12.863999938964843,12.088747715563978,8.779049194903736,9.591993309568506,NICK
2015-12-10,11.949999809265137,11.949999809265137,11.680000305175781,11.880000114440918,11.880000114440918,9800,12.244000053405761,12.45600004196167,12.797499942779542,13.059200000762939,13.054200010299683,13.298500003814697,23.420777210063758,-0.28966350254627393,-0.19001126564204102,-0.09965223690423292,13.665275794669387,12.797499942779542,11.929724090889696,10.425120106962865,9.804238435687791,NICK
2015-12-11,11.800000190734863,11.819999694824219,11.510000228881836,11.579999923706055,11.579999923706055,13800,12.036000061035157,12.343000030517578,12.7114999294281,13.030399990081786,13.040400009155274,13.281950001716615,19.85191364642039,-0.3387905919857026,-0.21976713091077332,-0.11902346107492928,13.69608658350542,12.7114999294281,11.726913275350782,9.055476731689124,9.41988201118511,NICK
2015-12-14,11.649999618530273,11.90999984741211,11.550000190734863,11.739999771118164,11.739999771118164,10100,11.871999931335449,12.228999996185303,12.633499908447266,13.004799976348878,13.028100004196167,13.266050000190734,26.302020986472197,-0.3606560948357327,-0.2479449236957652,-0.11271117113996748,13.665280343570306,12.633499908447266,11.601719473324227,10.250175995962637,9.910257611538077,NICK
2015-12-15,11.850000381469727,11.949999809265137,11.770000457763672,11.949999809265137,11.949999809265137,3600,11.817999839782715,12.161999988555909,12.570999908447266,12.982599964141846,13.01840000152588,13.251100001335145,33.82908194494523,-0.35692500605026467,-0.2697409401666651,-0.08718406588359956,13.609362039831943,12.570999908447266,11.53263777706259,15.13289908975816,11.479517272469842,NICK
2015-12-16,11.989999771118164,12.029999732971191,11.859999656677246,11.880000114440918,11.880000114440918,8300,11.805999946594238,12.093000030517578,12.50049991607666,12.959399967193603,13.00789999961853,13.235800004005432,32.63266154987687,-0.35551828814392117,-0.28689640976211633,-0.06862187838180484,13.525399349143479,12.50049991607666,11.47560048300984,21.26787188468875,15.55031565680305,NICK
2015-12-17,11.720000267028809,11.850000381469727,11.699999809265137,11.819999694824219,11.819999694824219,67500,11.793999862670898,12.01899995803833,12.427499914169312,12.93059995651245,12.996499996185303,13.220250000953675,31.600999996947344,-0.3551510265269613,-0.3005473331150853,-0.054603693411875986,13.427597391470355,12.427499914169312,11.427402436868269,23.23105945471099,19.877276809719167,NICK
2015-12-18,11.84000015258789,12.0,11.84000015258789,11.850000381469727,11.850000381469727,11400,11.847999954223633,11.942000007629394,12.357499933242797,12.901599960327149,12.985500001907349,13.205350003242494,32.74589364559006,-0.34842276362996394,-0.31012241921806105,-0.03830034441190289,13.312484141803566,12.357499933242797,11.40251572468203,21.544943996036583,22.014625111811977,NICK
2015-12-21,12.020000457763672,12.149999618530273,11.770000457763672,12.0,12.0,21900,11.9,11.885999965667725,12.293499946594238,12.87479995727539,12.976100006103515,13.190800004005432,38.3062215829244,-0.32721492126517404,-0.31354091962748365,-0.013674001637690392,13.160085724108697,12.293499946594238,11.42691416907978,27.70397332457881,24.159992258442,NICK
2015-12-22,11.9399995803833,12.0600004196167,11.449999809265137,11.699999809265137,11.699999809265137,17500,11.85,11.833999919891358,12.23349995613098,12.845999946594238,12.962200002670288,13.174600005149841,32.51600463417006,-0.33080178452784637,-0.3169930926075562,-0.013808691920290161,13.089917509990268,12.23349995613098,11.377082402271693,27.703985630052347,25.65096765022245,NICK
2015-12-23,11.710000038146973,11.960000038146973,11.65999984741211,11.760000228881836,11.760000228881836,14500,11.826000022888184,11.815999984741211,12.186999988555907,12.81819995880127,12.949100008010864,13.158100004196166,34.64379949863059,-0.32505582586646575,-0.3186056392593381,-0.00645018660712765,13.040208084844789,12.186999988555907,11.333791892267026,29.149227027045352,28.18572866055871,NICK
2015-12-24,11.899999618530273,11.90999984741211,11.699999809265137,11.770000457763672,11.770000457763672,4500,11.816000175476074,11.805000019073486,12.130500030517577,12.787999973297119,12.93600001335144,13.141250004768372,35.01159396469837,-0.3160519274504079,-0.31809489689755205,0.0020429694471441606,12.935670262087948,12.130500030517577,11.325329798947207,24.69911490311155,27.18410918673629,NICK
2015-12-28,11.640000343322754,11.949999809265137,11.640000343322754,11.779999732971191,11.779999732971191,10900,11.802000045776367,11.825,12.08400001525879,12.757799968719482,12.91980001449585,13.125550003051758,35.40304164863715,-0.30459819673807687,-0.315395556865657,0.010797360127580147,12.856694091901089,12.08400001525879,11.31130593861649,27.76695827435836,27.205100068171628,NICK
2015-12-29,11.710000038146973,11.970000267028809,11.670000076293945,11.710000038146973,11.710000038146973,18100,11.744000053405761,11.82200002670288,12.025500011444091,12.725799961090088,12.9018000125885,13.107300004959107,33.86522649646409,-0.297737292812819,-0.3118639040550894,0.014126611242270382,12.721645900815897,12.025500011444091,11.329354122072285,27.263860559376877,26.5766445789488,NICK
2015-12-30,11.710000038146973,12.0,11.630000114440918,11.770000457763672,11.770000457763672,17700,11.75800018310547,11.804000091552734,11.983000040054321,12.696599979400634,12.887600021362305,13.09305000782013,36.41477115041293,-0.2841825648926921,-0.30632763622260994,0.02214507132991783,12.630892078389689,11.983000040054321,11.335108001718954,33.226614329657906,29.419144387797587,NICK
2015-12-31,11.65999984741211,11.869999885559082,11.649999618530273,11.649999618530273,11.649999618530273,16600,11.736000061035156,11.78100004196167,11.937000036239624,12.665999965667725,12.872100019454956,13.078550004959107,33.622975801675835,-0.27989693258764703,-0.3010414954956174,0.021144562907970343,12.540791580683228,11.937000036239624,11.33320849179602,33.01590732797181,31.168794072335402,NICK
2016-01-04,11.630000114440918,11.869999885559082,11.630000114440918,11.850000381469727,11.850000381469727,11400,11.752000045776366,11.78400011062622,11.901500034332276,12.642999973297119,12.859200019836425,13.06465000629425,41.65202038352255,-0.25739505801060325,-0.29231220799861457,0.03491714998801132,12.433863745575046,11.901500034332276,11.369136323089506,43.809584792796294,36.684035483475206,NICK
2016-01-05,11.859999656677246,11.880000114440918,11.569999694824219,11.630000114440918,11.630000114440918,22100,11.722000122070312,11.76200008392334,11.852000045776368,12.613599967956542,12.845500020980834,13.049100008010864,36.4316515360685,-0.25438198603361606,-0.28472616360561487,0.03034417757199881,12.282237375209458,11.852000045776368,11.421762716343277,37.142899960899605,37.98946402722243,NICK
2016-01-06,11.529999732971191,11.619999885559082,11.449999809265137,11.569999694824219,11.569999694824219,3400,11.694000053405762,11.719000053405761,11.802500009536743,12.581999969482421,12.831700019836425,13.034050006866455,35.138170614444135,-0.2539087353540186,-0.2785626779552956,0.024653942601277012,12.104087607097878,11.802500009536743,11.500912411975609,33.33337874640865,38.09528783336805,NICK
2016-01-07,11.430000305175781,11.539999961853027,10.920000076293945,10.960000038146973,10.960000038146973,12300,11.531999969482422,11.645000076293945,11.73949999809265,12.5303999710083,12.810800018310546,13.017500004768372,25.302490025354174,-0.29930534933879827,-0.28271121223199613,-0.01659413710680213,12.166324342047066,11.73949999809265,11.312675654138236,15.369737470625246,28.615338725977693,NICK
2016-01-08,11.100000381469727,11.300000190734863,10.859999656677246,10.989999771118164,10.989999771118164,13100,11.4,11.568000030517577,11.692000007629394,12.482599964141846,12.790500011444092,13.002750005722046,26.393710922638512,-0.3290684687840013,-0.29198266354239716,-0.03708580524160415,12.218748643852813,11.692000007629394,11.165251371405976,10.157468214562927,19.620194810532134,NICK
2016-01-11,11.050000190734863,11.050000190734863,10.720000267028809,10.720000267028809,10.720000267028809,7600,11.173999977111816,11.463000011444091,11.634000015258788,12.42879997253418,12.767500009536743,12.98805000782013,23.120103583808564,-0.37017550606832117,-0.30762123204758196,-0.06255427402073921,12.301754476431926,11.634000015258788,10.966245554085651,4.443186392826504,9.99013069267142,NICK
2016-01-12,10.739999771118164,11.0,10.729999542236328,10.850000381469727,10.850000381469727,11200,11.018000030517578,11.370000076293945,11.597500038146972,12.381599979400635,12.745800008773804,12.973250007629394,27.765635394937437,-0.38779297052578343,-0.32365557974322223,-0.0641373907825612,12.34777659401065,11.597500038146972,10.847223482283294,6.593009507398605,7.064554704929205,NICK
2016-01-13,10.920000076293945,10.920000076293945,10.680000305175781,10.819999694824219,10.819999694824219,6800,10.868000030517578,11.28100004196167,11.551500034332275,12.332399978637696,12.724000005722045,12.958500003814697,27.3548368270381,-0.399569751351347,-0.33883841406484716,-0.06073133728649982,12.37082355460307,11.551500034332275,10.732176514061479,6.769172264102401,5.9351227214423625,NICK
2016-01-14,10.5600004196167,10.880000114440918,10.520000457763672,10.760000228881836,10.760000228881836,9200,10.82800006866455,11.180000019073486,11.49200005531311,12.28179998397827,12.702600011825561,12.942250003814697,26.510077161442652,-0.40902935467901536,-0.3528766021876808,-0.05615275249133456,12.358408743598892,11.49200005531311,10.625591367027328,12.174574186401117,8.512251985967234,NICK
2016-01-15,10.619999885559082,10.760000228881836,10.449999809265137,10.5,10.5,16100,10.730000114440918,11.065000057220459,11.423000049591064,12.225999984741211,12.681600008010864,12.922900004386902,23.170809197536947,-0.4325201806194272,-0.3688053178740301,-0.06371486274539712,12.370799619516099,11.423000049591064,10.475200479666029,10.016013648794507,9.653253366432535,NICK
2016-01-19,10.5600004196167,10.5600004196167,10.029999732971191,10.210000038146973,10.210000038146973,12400,10.628000068664551,10.901000022888184,11.342500066757202,12.163799991607666,12.659300012588501,12.902200002670288,20.12571646373398,-0.4691295690610797,-0.38887016811144004,-0.08025940094963968,12.407936642858603,11.342500066757202,10.2770634906558,9.526364739081455,10.572317524758885,NICK
2016-01-20,10.0,10.529999732971191,9.920000076293945,10.350000381469727,10.350000381469727,7400,10.52800006866455,10.773000049591065,11.267500066757203,12.105,12.637800016403197,12.882600002288818,25.23404752852417,-0.4812978138820849,-0.40735569726556903,-0.0739421166165159,12.389175112778616,11.267500066757203,10.145825020735789,11.011993601207402,10.184790663027648,NICK
2016-01-21,10.359999656677246,10.489999771118164,10.09000015258789,10.350000381469727,10.350000381469727,3900,10.434000205993652,10.651000118255615,11.185000085830689,12.046000003814697,12.616900024414063,12.862700004577636,25.23404752852417,-0.4853464636548708,-0.4229538505434294,-0.0623926131114414,12.32165299042207,11.185000085830689,10.048347181239308,17.249651032298175,12.596003124195539,NICK
2016-01-22,10.470000267028809,10.489999771118164,10.279999732971191,10.34000015258789,10.34000015258789,2300,10.350000190734864,10.589000129699707,11.117000102996826,11.987000007629394,12.596700029373169,12.842650003433228,25.101058960420275,-0.48378520793290036,-0.43512012202132355,-0.04866508591157681,12.284580451094115,11.117000102996826,9.949419754899537,21.346819303581203,16.536154645695454,NICK
2016-01-25,10.520000457763672,10.670000076293945,10.399999618530273,10.399999618530273,10.399999618530273,2500,10.330000114440917,10.530000114440918,11.049000072479249,11.92840000152588,12.576900024414062,12.82340000152588,27.567567325317473,-0.47226249795665964,-0.4425485972083908,-0.02971390074826885,12.217279131278477,11.049000072479249,9.88072101368002,22.619045881303165,20.40517207239404,NICK
2016-01-26,10.390000343322754,10.510000228881836,10.3100004196167,10.40999984741211,10.40999984741211,1300,10.370000076293945,10.499000072479248,10.98100004196167,11.872399997711181,12.558300018310547,12.80454999923706,27.993192892515083,-0.45705508586553734,-0.4454498949398201,-0.011605190925717213,12.131685007118708,10.98100004196167,9.83031507680463,24.91395539084685,22.959940191910267,NICK
2016-01-27,10.279999732971191,10.449999809265137,10.229999542236328,10.3100004196167,10.3100004196167,5800,10.36200008392334,10.445000076293946,10.907500076293946,11.812600002288818,12.538000020980835,12.785650000572204,26.327205688816406,-0.44790900412693446,-0.445941716777243,-0.0019672873496914822,12.032148868858293,10.907500076293946,9.782851283729599,25.795796078657258,24.442932450268955,NICK
2016-01-28,10.300000190734863,10.5600004196167,10.300000190734863,10.470000267028809,10.470000267028809,12200,10.386000061035157,10.410000133514405,10.845500087738037,11.756000003814698,12.519200019836425,12.768500003814697,33.179495342302694,-0.4228753738643629,-0.441328448194667,0.018453074330304076,11.922040329047846,10.845500087738037,9.768959846428228,30.917566376518852,27.209105948674182,NICK
2016-01-29,10.989999771118164,11.359999656677246,10.350000381469727,10.350000381469727,10.350000381469727,18500,10.388000106811523,10.369000148773193,10.77450008392334,11.69900001525879,12.499900026321411,12.75135000705719,30.8611078285741,-0.4080156786449596,-0.4346658942847255,0.02665021563976594,11.782933866548431,10.77450008392334,9.766066301298247,31.263440317647397,29.325600924274365,NICK
2016-02-01,10.350000381469727,10.640000343322754,10.220000267028809,10.479999542236328,10.479999542236328,37600,10.404000091552735,10.367000102996826,10.716000080108643,11.642800006866455,12.473000020980836,12.734950003623963,36.07244028363639,-0.38135341254416133,-0.4240033979366127,0.04264998539245135,11.6472873177242,10.716000080108643,9.784712842493086,36.2016957064127,32.794234133526174,NICK
2016-02-02,10.260000228881836,10.460000038146973,10.100000381469727,10.380000114440918,10.380000114440918,10400,10.398000144958496,10.384000110626221,10.642500066757203,11.58480001449585,12.440400018692017,12.718150005340576,33.95242582889459,-0.36409542721759536,-0.4120218037928092,0.04792637657521387,11.424212782390812,10.642500066757203,9.860787351123593,33.5648201804611,33.67665206817359,NICK
2016-02-03,10.479999542236328,10.5,10.010000228881836,10.350000381469727,10.350000381469727,35500,10.406000137329102,10.384000110626221,10.578500080108643,11.526800022125244,12.409700021743774,12.700750007629395,33.31976665815158,-0.34881811909656335,-0.39938106685356006,0.05056294775699671,11.224077899556308,10.578500080108643,9.932922260660979,33.5648201804611,34.44377868911149,NICK
2016-02-04,10.420000076293945,10.949999809265137,10.350000381469727,10.5,10.5,70800,10.41200008392334,10.399000072479248,10.525000095367432,11.47120002746582,12.379200019836425,12.6851500082016,39.40011228845579,-0.3209078013514972,-0.3836864137531475,0.06277861240165028,10.983192066939194,10.525000095367432,10.066808123795669,34.02779387471611,33.719144745212624,NICK
2016-02-05,10.460000038146973,10.90999984741211,10.399999618530273,10.449999809265137,10.449999809265137,78300,10.431999969482423,10.410000038146972,10.49950008392334,11.422200031280518,12.34810001373291,12.669350008964539,38.15127348343206,-0.2993722935317731,-0.36682358970887263,0.06745129617709955,10.912560489938729,10.49950008392334,10.086439677907952,35.648157653007075,34.41359056939462,NICK
2016-02-08,10.399999618530273,10.550000190734863,10.279999732971191,10.5,10.5,35600,10.436000061035156,10.420000076293945,10.475000095367431,11.37840003967285,12.317200012207032,12.654350008964538,40.192763881590885,-0.2750994753975071,-0.3484787668465995,0.07337929144909239,10.821554510454494,10.475000095367431,10.128445680280368,39.12037205671652,36.26544119481309,NICK
2016-02-09,10.5,10.5600004196167,10.369999885559082,10.449999809265137,10.449999809265137,10000,10.45,10.424000072479249,10.461500072479248,11.32940004348755,12.282500009536744,12.639850006103515,38.81308067490099,-0.25693589263985217,-0.33017019200525005,0.07323429936539788,10.78935819146139,10.461500072479248,10.133641953497106,36.55863575933497,37.10905515635272,NICK
2016-02-10,10.529999732971191,10.800000190734863,10.140000343322754,10.5,10.5,22200,10.479999923706055,10.443000030517577,10.444000053405762,11.28520004272461,12.247500009536743,12.626600008010865,40.99435240553635,-0.23578850184358302,-0.31129385397291665,0.07550535212933362,10.720361943649126,10.444000053405762,10.1676381631624,36.38888475580783,37.35596419061963,NICK
2016-02-11,10.390000343322754,10.920000076293945,10.149999618530273,10.210000038146973,10.210000038146973,15600,10.42199993133545,10.417000007629394,10.4135000705719,11.231800041198731,12.215800008773805,12.611650009155273,33.52854399667812,-0.23966688490778942,-0.2969684601598912,0.05730157525210178,10.64872539643272,10.4135000705719,10.178274744711079,27.901225672170213,33.61624872910419,NICK
2016-02-12,10.300000190734863,10.449999809265137,10.1899995803833,10.359999656677246,10.359999656677246,9200,10.40399990081787,10.417999935150146,10.39350004196167,11.186600036621094,12.185400009155273,12.59885000705719,39.650668678371744,-0.2280084760308032,-0.2831764633340736,0.05516798730327038,10.567542956969291,10.39350004196167,10.219457126954048,25.678998740443195,29.98970305614027,NICK
2016-02-16,10.380000114440918,10.630000114440918,10.380000114440918,10.539999961853027,10.539999961853027,6800,10.411999893188476,10.423999977111816,10.395500040054321,11.14600004196167,12.157600011825561,12.58840000629425,46.06967477059191,-0.20191700910710964,-0.2669245724886808,0.06500756338157115,10.57521908019215,10.395500040054321,10.215780999916491,26.666652538152544,26.74895898358851,NICK
2016-02-17,10.520000457763672,10.75,10.5,10.630000114440918,10.630000114440918,2900,10.447999954223633,10.448999977111816,10.416500043869018,11.107400035858154,12.13020001411438,12.578650007247925,48.99110760805959,-0.17199442872846227,-0.2479385437366371,0.07594411500817483,10.602647672334097,10.416500043869018,10.230352415403939,37.037029187862636,29.79422682215265,NICK
2016-02-18,10.600000381469727,10.600000381469727,10.420000076293945,10.600000381469727,10.600000381469727,22800,10.468000030517578,10.473999977111816,10.429000043869019,11.067000045776368,12.101800022125245,12.567750010490418,48.056617110126496,-0.1489839022445647,-0.22814761543822262,0.07916371319365792,10.628689736500254,10.429000043869019,10.229310351237784,42.96297552164267,35.555552415885806,NICK
2016-02-19,10.59000015258789,10.65999984741211,10.579999923706055,10.609999656677246,10.609999656677246,11900,10.547999954223632,10.484999942779542,10.442000007629394,11.028000030517578,12.07360001564026,12.557850008010865,48.40984927582799,-0.12846022675208246,-0.20821013770099459,0.07974991094891212,10.652959624019832,10.442000007629394,10.231040391238956,51.153141766734166,43.717715492079684,NICK
2016-02-22,10.5,10.640000343322754,10.5,10.569999694824219,10.569999694824219,13700,10.589999961853028,10.496999931335449,10.45349998474121,10.995000019073487,12.048700008392334,12.547500004768372,47.0320077439272,-0.11410736995562765,-0.1893895841519212,0.07528221419629355,10.66603457428391,10.45349998474121,10.24096539519851,55.702642083323894,49.93958645723344,NICK
2016-02-23,10.550000190734863,10.600000381469727,10.489999771118164,10.59000015258789,10.59000015258789,12700,10.6,10.505999946594239,10.463000011444091,10.968000030517578,12.024600009918213,12.533950004577637,47.83154473269147,-0.09996640723132444,-0.17150494876780184,0.0715385415364774,10.682006748897939,10.463000011444091,10.243993273990244,61.70211326882865,56.18596570629543,NICK
2016-02-24,10.609999656677246,10.670000076293945,10.479999542236328,10.5600004196167,10.5600004196167,38000,10.586000061035156,10.517000007629395,10.470500040054322,10.941600036621093,12.000400018692016,12.518650007247924,46.69302849610696,-0.09014122815749026,-0.15523220464573953,0.06509097648824927,10.691992617115156,10.470500040054322,10.249007462993488,57.709493470003345,58.37141627405182,NICK
2016-02-25,10.619999885559082,10.699999809265137,10.510000228881836,10.670000076293945,10.670000076293945,4500,10.6,10.534000015258789,10.488500022888184,10.92340003967285,11.97690001487732,12.50340000629425,51.272906916583096,-0.07264128643413592,-0.1387140210034188,0.06607273456928289,10.713379971804851,10.488500022888184,10.263620073971516,60.500916507200145,59.970841082010566,NICK
2016-02-26,10.600000381469727,10.600000381469727,10.529999732971191,10.600000381469727,10.600000381469727,3700,10.598000144958496,10.573000049591064,10.49500002861023,10.900600051879882,11.952700014114379,12.48805000782013,48.421881430985906,-0.06368670619316497,-0.12370855804136804,0.06002185184820308,10.724826069185772,10.49500002861023,10.265173988034688,59.59166216302625,59.26735738007644,NICK
2016-02-29,10.550000190734863,10.670000076293945,10.5,10.539999961853027,10.539999961853027,10900,10.592000198364257,10.591000080108643,10.504500007629394,10.87240005493164,11.927500009536743,12.473550009727479,46.057816872761656,-0.06073159325364408,-0.11111316508382325,0.050381571830179175,10.72508792612332,10.504500007629394,10.283912089135468,59.40170365416359,59.831427441463184,NICK
2016-03-01,10.460000038146973,10.600000381469727,10.399999618530273,10.510000228881836,10.510000228881836,10100,10.576000213623047,10.588000106811524,10.50600004196167,10.845000057220458,11.90220001220703,12.459050011634826,44.878041429633505,-0.06011737699099662,-0.10091400746525793,0.04079663047426131,10.726308973463127,10.50600004196167,10.285691110460213,52.56410099659025,57.18582227125989,NICK
2016-03-02,10.569999694824219,10.569999694824219,10.420000076293945,10.569999694824219,10.569999694824219,23800,10.57800006866455,10.582000064849854,10.515500020980834,10.82000005722046,11.875300006866455,12.444600009918213,47.76016425718113,-0.054164772926670324,-0.09156416055754041,0.037399387630870085,10.729553803148127,10.515500020980834,10.301446238813542,51.08778365393488,54.351196101562756,NICK
2016-03-03,10.5,10.5,10.359999656677246,10.369999885559082,10.369999885559082,12000,10.518000030517578,10.559000015258789,10.516499996185303,10.790400047302246,11.846000003814698,12.428350009918212,40.212452799006904,-0.0648381901632149,-0.0862189664786753,0.021380776315460398,10.727618573303303,10.516499996185303,10.305381419067302,44.708072861124,49.45331917054957,NICK
2016-03-04,10.449999809265137,10.449999809265137,10.270000457763672,10.279999732971191,10.279999732971191,69800,10.453999900817871,10.526000022888184,10.505499982833863,10.75600004196167,11.81539999961853,12.411950006484986,37.35183542247767,-0.07964115669272331,-0.0849034045214849,0.005262247828761585,10.740487381122898,10.505499982833863,10.270512584544827,29.590501300513765,41.79545260519074,NICK
2016-03-07,10.34000015258789,10.359999656677246,10.3100004196167,10.329999923706055,10.329999923706055,20800,10.411999893188476,10.502000045776366,10.499499988555907,10.728600044250488,11.787299995422364,12.395700006484985,39.90935616186763,-0.08634271175901453,-0.08519126596899082,-0.001151445790023714,10.74570940739869,10.499499988555907,10.253290569713124,15.575324177926019,29.95796611318779,NICK
2016-03-08,10.300000190734863,10.329999923706055,10.300000190734863,10.319999694824219,10.319999694824219,20800,10.373999786376952,10.475,10.49049997329712,10.699800033569336,11.758999996185302,12.379550004005432,39.56149458198317,-0.09140699439401523,-0.08643441165399571,-0.004972582740019521,10.748839087478265,10.49049997329712,10.232160859115973,8.736944021866835,17.9675898334354,NICK
2016-03-09,10.350000381469727,10.350000381469727,10.25,10.270000457763672,10.270000457763672,160200,10.313999938964844,10.446000003814698,10.481500005722046,10.669800033569336,11.728900003433228,12.363500008583069,37.78802377423314,-0.09832160517676236,-0.08881185035854904,-0.009509754818213326,10.756838079484586,10.481500005722046,10.206161931959505,9.524065265857038,11.278777821883159,NICK
2016-03-10,10.270000457763672,10.789999961853027,10.100000381469727,10.460000038146973,10.460000038146973,54200,10.331999969482421,10.425,10.479500007629394,10.643400039672851,11.700600004196167,12.349850010871886,47.43182408441476,-0.08746189946113958,-0.08854186017906715,0.0010799607179275694,10.75485260822961,10.479500007629394,10.204147407029177,22.74873005144597,13.669913113056475,NICK
2016-03-11,10.529999732971191,10.5600004196167,10.430000305175781,10.479999542236328,10.479999542236328,21500,10.371999931335449,10.41299991607666,10.492999982833862,10.618800029754638,11.672299995422364,12.334950008392333,48.33960942560485,-0.07636146417868162,-0.08610578097899005,0.009744316800308434,10.739097647455019,10.492999982833862,10.246902318212705,37.23027290031922,23.16768940587394,NICK
2016-03-14,10.5,10.59000015258789,10.350000381469727,10.460000038146973,10.460000038146973,12100,10.397999954223632,10.404999923706054,10.498000001907348,10.592600021362305,11.64460000038147,12.320800008773803,47.457046564075604,-0.06838972786845687,-0.08256257035688341,0.01417284248842654,10.737048201413868,10.498000001907348,10.258951802400828,53.14005522100174,37.7063527242555,NICK
2016-03-15,10.390000343322754,10.550000190734863,10.390000343322754,10.510000228881836,10.510000228881836,35100,10.436000061035156,10.404999923706054,10.496500015258789,10.569800033569337,11.61789999961853,12.307850008010865,49.918852961072325,-0.05737607619506235,-0.0775252715245192,0.020149195329456845,10.734850688867889,10.496500015258789,10.25814934164969,55.555524841388454,48.641950987569665,NICK
2016-03-16,10.510000228881836,10.75,10.5,10.510000228881836,10.510000228881836,10000,10.48400001525879,10.398999977111817,10.490500020980836,10.543000030517579,11.593000001907349,12.295200009346008,49.91885296107232,-0.04809328840314109,-0.07163887490024358,0.02354558649710249,10.721019086877302,10.490500020980836,10.25998095508437,57.00483425637109,55.23347143958696,NICK
2016-03-17,10.399999618530273,10.710000038146973,10.319999694824219,10.579999923706055,10.579999923706055,10800,10.507999992370605,10.419999980926514,10.48949999809265,10.52200002670288,11.567799997329711,12.283200011253356,53.45936118501966,-0.03468835606277487,-0.06424877113274984,0.029560415069974963,10.718277226607471,10.48949999809265,10.26072276957783,62.80193370254858,58.454097600102564,NICK
2016-03-18,10.510000228881836,11.319999694824219,10.239999771118164,10.59000015258789,10.59000015258789,60200,10.530000114440918,10.451000022888184,10.488500022888184,10.502400035858154,11.542200002670288,12.27145001411438,53.96011474979316,-0.02299286823786595,-0.055997590553773055,0.033004722315907106,10.71532824677587,10.488500022888184,10.261671799000498,56.383145167182455,58.729971042033895,NICK
2016-03-21,10.399999618530273,10.619999885559082,10.399999618530273,10.600000381469727,10.600000381469727,9800,10.558000183105468,10.478000068664551,10.49000005722046,10.49520004272461,11.512800006866454,12.260250015258789,54.48747491798722,-0.01276997070654673,-0.04735206658432779,0.03458209587778106,10.719347107403546,10.49000005722046,10.260653007037373,50.237587082914956,56.474221984215184,NICK
2016-03-22,10.5600004196167,10.859999656677246,10.460000038146973,10.619999885559082,10.619999885559082,2700,10.580000114440917,10.508000087738036,10.491500043869019,10.487800045013428,11.485200004577637,12.250050015449524,55.583231333854535,-0.0030196492864860147,-0.038485583124759436,0.03546593383827342,10.723816760544501,10.491500043869019,10.259183327193536,41.25683401836395,49.29252208948697,NICK
2016-03-23,10.630000114440918,10.65999984741211,10.470000267028809,10.59000015258789,10.59000015258789,8200,10.59600009918213,10.540000057220459,10.493000030517578,10.485200042724609,11.457000007629395,12.24145001411438,53.50238929402611,0.0022607622931971605,-0.030336314041168114,0.032597076334365274,10.727444162444835,10.493000030517578,10.258555898590322,41.25683401836395,44.25041837321414,NICK
2016-03-24,10.529999732971191,10.59000015258789,10.470000267028809,10.510000228881836,10.510000228881836,4000,10.582000160217286,10.545000076293945,10.485000038146973,10.478400039672852,11.430000009536743,12.232000017166138,48.308682988967895,-9.687075831266156e-06,-0.024270988648100743,0.024261301572269477,10.705227306193573,10.485000038146973,10.264772770100373,38.79781207185625,40.43716003619457,NICK
2016-03-28,10.489999771118164,10.520000457763672,10.470000267028809,10.489999771118164,10.489999771118164,2200,10.56200008392334,10.546000099182129,10.479500007629394,10.47180004119873,11.402100009918213,12.222650017738342,47.07824557945761,-0.0033838968922488277,-0.02009357029693036,0.016709673404681533,10.69336686322334,10.479500007629394,10.265633152035448,35.24589437764402,38.433513489287925,NICK
2016-03-29,10.550000190734863,10.609999656677246,10.470000267028809,10.579999923706055,10.579999923706055,4000,10.557999992370606,10.558000087738037,10.481500005722046,10.468200035095215,11.375000009536743,12.213300018310546,52.892718648638706,0.001190553707509423,-0.015836745496042404,0.017027299203551827,10.698320276190904,10.481500005722046,10.264679735253187,34.972663926545394,36.33879012534841,NICK
2016-03-30,10.680000305175781,10.680000305175781,10.649999618530273,10.649999618530273,10.649999618530273,900,10.563999938964844,10.57200002670288,10.488499975204467,10.47120002746582,11.348600006103515,12.20480001449585,56.86251757395604,0.010344978651046333,-0.010600400666624658,0.02094537931767099,10.717259680472774,10.488499975204467,10.259740269936161,38.79778601516628,36.33878143978509,NICK
2016-03-31,10.789999961853027,10.84000015258789,10.779999732971191,10.789999961853027,10.789999961853027,7100,10.603999900817872,10.6,10.499499988555907,10.482800025939941,11.323300008773804,12.196650013923644,63.48950087645723,0.02856747596701581,-0.0027668253398965646,0.03133430130691237,10.761604946749797,10.499499988555907,10.237395030362018,45.1173747172528,39.62927488632135,NICK
2016-04-01,10.800000190734863,11.0,10.800000190734863,10.819999694824219,10.819999694824219,5400,10.665999794006348,10.623999977111817,10.521999979019165,10.49220001220703,11.298600006103516,12.187450013160706,64.73953560991464,0.044911947138574604,0.00676892915579767,0.03814301798277693,10.811592741074266,10.521999979019165,10.232407216964065,49.903859222536845,44.60633998498516,NICK
2016-04-04,10.850000381469727,11.029999732971191,10.739999771118164,10.779999732971191,10.779999732971191,31800,10.723999786376954,10.642999935150147,10.546999979019166,10.50079999923706,11.273400001525879,12.177600011825561,61.70593688933085,0.0540147472859811,0.016218092781834358,0.037796654504146744,10.835034557889601,10.546999979019166,10.25896540014873,51.54321587243863,48.85481660407594,NICK
2016-04-05,10.75,10.75,10.720000267028809,10.720000267028809,10.720000267028809,4600,10.751999855041504,10.654999923706054,10.566499996185303,10.508400001525878,11.247700004577636,12.166400012969971,57.36384232928263,0.055744735904232456,0.024123421406313978,0.03162131449791848,10.845804366140873,10.566499996185303,10.287195626229733,49.382731311661615,50.276602135545545,NICK
2016-04-06,10.829999923706055,10.880000114440918,10.779999732971191,10.779999732971191,10.779999732971191,1400,10.777999877929688,10.670999908447266,10.589499998092652,10.516000003814698,11.222200002670288,12.152550010681152,60.367230277424156,0.06125115463012598,0.031548968051076376,0.029702186579049605,10.859423836485368,10.589499998092652,10.319576159699936,48.148164500589814,49.6913705615632,NICK
2016-04-07,10.75,10.779999732971191,10.75,10.75,10.75,1500,10.769999885559082,10.686999893188476,10.613499975204467,10.522800006866454,11.197600002288818,12.140400009155274,58.16115129730651,0.06247414040763921,0.03773400252238894,0.02474013788525027,10.848640235040145,10.613499975204467,10.37835971536879,47.2222467508846,48.251047521045194,NICK
2016-04-08,10.75,10.800000190734863,10.710000038146973,10.710000038146973,10.710000038146973,1900,10.747999954223634,10.70699987411499,10.625999975204468,10.530799999237061,11.17170000076294,12.127850008010864,55.26135045574989,0.059529483983993714,0.04209309881470989,0.017436385169283822,10.853631141984659,10.625999975204468,10.398368808424278,48.80955120820167,48.05998748655855,NICK
2016-04-11,10.779999732971191,10.8100004196167,10.720000267028809,10.720000267028809,10.720000267028809,3900,10.736000061035156,10.729999923706055,10.638000011444092,10.53579999923706,11.14590000152588,12.116750011444092,55.8539510243656,0.05734175736363234,0.04514283052449438,0.01219892683913796,10.858780287506132,10.638000011444092,10.417219735382051,47.34758442954793,47.79312746287792,NICK
2016-04-12,10.729999542236328,10.729999542236328,10.619999885559082,10.630000114440918,10.630000114440918,2100,10.718000030517578,10.734999942779542,10.64650001525879,10.541399993896484,11.120200004577637,12.105250010490417,49.4992412047608,0.047794759863590386,0.04567321639231358,0.002121543471276806,10.85175822242782,10.64650001525879,10.441241808089758,41.130645036396,45.76259355804839,NICK
2016-04-13,10.609999656677246,10.630000114440918,10.529999732971191,10.5600004196167,10.5600004196167,5200,10.67400016784668,10.726000022888183,10.649000024795532,10.543000011444091,11.092900009155274,12.093800010681152,45.19252716687412,0.034186227649790624,0.04337581864380899,-0.009189590994018365,10.848689606628584,10.649000024795532,10.44931044296248,30.08566646056117,39.52129864216822,NICK
2016-04-14,10.609999656677246,10.649999618530273,10.59000015258789,10.619999885559082,10.619999885559082,4100,10.648000144958496,10.70900001525879,10.654500007629395,10.547800006866455,11.066300010681152,12.083450012207031,49.26702200369777,0.027920967755182602,0.04028484846608371,-0.01236388071090111,10.844391931655291,10.654500007629395,10.464608083603498,23.809523809524055,31.675278435493595,NICK
2016-04-15,10.619999885559082,10.699999809265137,10.569999694824219,10.569999694824219,10.569999694824219,3400,10.620000076293945,10.684000015258789,10.653999996185302,10.552199993133545,11.039500007629394,12.072700009346008,46.18561087692829,0.018705481479928565,0.03596897506885268,-0.017263493588924116,10.844724800121462,10.653999996185302,10.463275192249142,20.238066854904236,24.711085708329676,NICK
2016-04-18,10.5600004196167,10.680000305175781,10.5600004196167,10.569999694824219,10.569999694824219,7600,10.589999961853028,10.663000011444092,10.652999973297119,10.55359998703003,11.012400007247924,12.061650009155274,46.18561087692829,0.01127220327020062,0.03102962070912227,-0.01975741743892165,10.845260122009774,10.652999973297119,10.460739824584463,17.547573929700913,20.53172153137626,NICK
2016-04-19,10.600000381469727,10.649999618530273,10.569999694824219,10.569999694824219,10.569999694824219,10800,10.577999877929688,10.647999954223632,10.651499938964843,10.555999984741211,10.989100008010864,12.049850006103515,46.18561087692828,0.0053199516441146955,0.025887686896120754,-0.02056773525200606,10.84584752003941,10.651499938964843,10.457152357890276,11.285680816260262,16.35710720028833,NICK
2016-04-20,10.75,10.779999732971191,10.640000343322754,10.729999542236328,10.729999542236328,4000,10.611999702453613,10.642999935150147,10.656999921798706,10.560599975585937,10.969500007629394,12.039000005722047,56.947602184505776,0.013359400999638282,0.02338202971682426,-0.010022628717185976,10.853682330505317,10.656999921798706,10.460317513092095,18.66664886474634,15.833301203569029,NICK
2016-04-21,10.729999542236328,10.729999542236328,10.729999542236328,10.729999542236328,10.729999542236328,200,10.633999633789063,10.640999889373779,10.663999891281128,10.56619997024536,10.947800006866455,12.027800002098083,56.947602184505776,0.01950587099613621,0.022606797972686648,-0.003100926976550438,10.860611098249505,10.663999891281128,10.46738868431275,29.333305358886964,19.761878346631047,NICK
2016-04-22,10.720000267028809,10.729999542236328,10.640000343322754,10.640000343322754,10.640000343322754,1400,10.64799976348877,10.633999919891357,10.670499897003173,10.568999977111817,10.927100009918213,12.01710000514984,50.375530431557394,0.016919768988934436,0.021469392175936207,-0.004549623187001771,10.854508002435168,10.670499897003173,10.48649179157118,37.14287842207014,28.380944215234337,NICK
2016-04-25,10.640000343322754,10.640000343322754,10.529999732971191,10.569999694824219,10.569999694824219,5600,10.64799976348877,10.618999862670899,10.674499893188477,10.576199970245362,10.904000005722047,12.005650005340577,45.93515078672644,0.009116705496355237,0.018998854840020014,-0.009882149343664777,10.84566934731319,10.674499893188477,10.503330439063763,27.619073828830192,31.365085869928958,NICK
2016-04-26,10.600000381469727,10.619999885559082,10.550000190734863,10.550000190734863,10.550000190734863,16300,10.6439998626709,10.610999870300294,10.672999906539918,10.579999980926514,10.883300008773803,11.99340000629425,44.722248136834544,0.0013038980976478598,0.015459863491545583,-0.014155965393897723,10.847939806280793,10.672999906539918,10.498060006799042,16.66675424884035,27.142902166580086,NICK
2016-04-27,10.600000381469727,10.710000038146973,10.600000381469727,10.600000381469727,10.600000381469727,5400,10.618000030517578,10.614999866485595,10.67049994468689,10.581199989318847,10.863600015640259,11.981650009155274,48.39119734354394,-0.000843487333858306,0.012199193326464805,-0.013042680660323111,10.848092041264158,10.67049994468689,10.492907848109622,14.523907161644502,19.60324507977154,NICK
2016-04-28,10.550000190734863,10.649999618530273,10.539999961853027,10.649999618530273,10.649999618530273,9800,10.602000045776368,10.617999839782716,10.663499927520752,10.581599979400634,10.844500007629394,11.970250005722045,51.83397173108444,0.0014722437013716672,0.010053803401446178,-0.008581559700074511,10.832529373651967,10.663499927520752,10.494470481389536,25.00005676618939,18.730239392224608,NICK
2016-04-29,10.649999618530273,10.65999984741211,10.600000381469727,10.619999885559082,10.619999885559082,4100,10.597999954223633,10.6229998588562,10.653499937057495,10.581999969482421,10.824500007629394,11.958600006103516,49.69201788876969,0.0008766440908019035,0.008218371539317324,-0.00734172744851542,10.807288654846726,10.653499937057495,10.499711219268264,34.61907607355554,24.71434666712967,NICK
2016-05-02,10.539999961853027,10.630000114440918,10.510000228881836,10.510000228881836,10.510000228881836,11800,10.586000061035156,10.616999912261964,10.639999961853027,10.579999980926514,10.804000005722045,11.946100006103515,42.72100749256066,-0.008374885414136557,0.004899720148626548,-0.013274605562763105,10.794401924189172,10.639999961853027,10.485597999516882,26.285685974033054,28.63493960459252,NICK
2016-05-03,10.479999542236328,10.630000114440918,10.479999542236328,10.579999923706055,10.579999923706055,7700,10.592000007629395,10.617999935150147,10.63299994468689,10.58019998550415,10.78760000228882,11.932350006103515,47.744762201636156,-0.00994377321220874,0.0019310214764594906,-0.011874794688668231,10.784933996701945,10.63299994468689,10.481065892671836,23.111166777411956,28.005309608333377,NICK
2016-05-04,10.5,10.539999961853027,10.5,10.520000457763672,10.520000457763672,2700,10.576000022888184,10.597000026702881,10.619999980926513,10.578799991607665,10.773400011062622,11.919400010108948,44.16886354280975,-0.01584592163957943,-0.001624367146748294,-0.014221554492831136,10.763666084056625,10.619999980926513,10.476333877796401,15.555689776300179,21.650847509248255,NICK
2016-05-05,10.550000190734863,10.550000190734863,10.5,10.5,10.5,3900,10.546000099182129,10.574000072479247,10.607499980926514,10.577599983215332,10.759600009918213,11.906900010108949,43.01240406662746,-0.021885009811521527,-0.005676495679702941,-0.016208514131818588,10.747195890964027,10.607499980926514,10.467804070889,17.777961448270332,18.814939333994015,NICK
2016-05-06,10.510000228881836,10.569999694824219,10.5,10.5,10.5,6700,10.522000122070313,10.560000038146972,10.596999979019165,10.574199981689453,10.748800010681153,11.894600009918213,43.01240406662746,-0.026367087327299643,-0.009814614009222282,-0.01655247331807736,10.735866619919205,10.596999979019165,10.458133338119124,8.889086687880853,14.074245970816982,NICK
2016-05-09,10.34000015258789,10.699999809265137,10.34000015258789,10.529999732971191,10.529999732971191,69800,10.526000022888184,10.55600004196167,10.587499952316284,10.572799968719483,10.736700010299682,11.882400007247925,45.49495253514309,-0.027185065801193176,-0.01328870436761646,-0.013896361433576716,10.717095223639872,10.587499952316284,10.457904680992696,18.83846467584915,15.16850427066664,NICK
2016-05-10,10.609999656677246,10.619999885559082,10.5600004196167,10.600000381469727,10.600000381469727,10600,10.530000114440918,10.561000061035156,10.585999965667725,10.573999977111816,10.723200016021728,11.870800008773804,50.872803237434105,-0.02193203349109929,-0.015017370192313025,-0.0069146632987862645,10.714280649713665,10.585999965667725,10.457719281621785,38.838469566603145,22.188673643444247,NICK
2016-05-11,10.600000381469727,10.619999885559082,10.600000381469727,10.609999656677246,10.609999656677246,8800,10.547999954223632,10.561999988555907,10.588499927520752,10.575999965667725,10.710500011444092,11.859200005531312,51.60732187159252,-0.016768809203204782,-0.015367657994491376,-0.0014011512087134057,10.716605104687588,10.588499927520752,10.460394750353917,59.69311470149815,39.123349647983346,NICK
2016-05-12,10.630000114440918,10.630000114440918,10.59000015258789,10.59000015258789,10.59000015258789,900,10.565999984741211,10.55600004196167,10.586999940872193,10.576399974822998,10.698200016021728,11.847350006103516,49.9971886611462,-0.014127852503827754,-0.015119696896358652,0.0009918443925308988,10.714294627489124,10.586999940872193,10.459705254255262,67.82172285832544,55.45110237547544,NICK
2016-05-13,10.600000381469727,10.630000114440918,10.5600004196167,10.600000381469727,10.600000381469727,5700,10.586000061035156,10.554000091552734,10.588499975204467,10.580999984741212,10.685700016021729,11.835600008964539,50.82338733374874,-0.011099986660420669,-0.014315754849171056,0.0032157681887503876,10.71566497607752,10.588499975204467,10.461334974331415,69.02289758387822,65.51257838123381,NICK
2016-05-16,10.640000343322754,10.640000343322754,10.529999732971191,10.619999885559082,10.619999885559082,15000,10.604000091552734,10.565000057220459,10.590999984741211,10.58779998779297,10.67190001487732,11.824000010490417,52.51326907475487,-0.007005829486402604,-0.012853769776617365,0.005847940290214761,10.718577153748294,10.590999984741211,10.463422815734129,71.17118974774041,69.33860339664788,NICK
2016-05-17,10.630000114440918,10.640000343322754,10.59000015258789,10.59000015258789,10.59000015258789,4500,10.602000045776368,10.566000080108642,10.592000007629395,10.592999992370606,10.660800018310546,11.811500010490418,49.751503825156526,-0.00611145906586863,-0.011505307634467618,0.005393848568598989,10.71921608902754,10.592000007629395,10.464783926231249,71.79683048296808,70.66363927152877,NICK
2016-05-18,10.59000015258789,10.640000343322754,10.579999923706055,10.609999656677246,10.609999656677246,4600,10.602000045776368,10.575,10.586000013351441,10.598799991607667,10.649300012588501,11.799200010299682,51.57973613079806,-0.0037456932071435745,-0.00995338474900281,0.006207691541859236,10.696887139762895,10.586000013351441,10.475112886939987,73.37335711887575,72.11379244986126,NICK
2016-05-19,10.609999656677246,10.619999885559082,10.609999656677246,10.619999885559082,10.619999885559082,4800,10.607999992370605,10.586999988555908,10.580500030517578,10.605799980163575,10.637800006866454,11.786900010108948,52.510167500520446,-0.0010517479288836284,-0.008173057384978973,0.007121309456095345,10.671378966235894,10.580500030517578,10.489621094799263,74.07407407407432,73.08142055863924,NICK
2016-05-20,10.640000343322754,10.699999809265137,10.640000343322754,10.640000343322754,10.640000343322754,1400,10.615999984741212,10.601000022888183,10.580500030517578,10.60939998626709,10.62640001296997,11.77310001373291,54.39755051569127,0.0026663568022264883,-0.006005174547537881,0.00867153134976437,10.671378966235894,10.580500030517578,10.489621094799263,78.70372577951937,75.383718990823,NICK
2016-05-23,10.710000038146973,10.739999771118164,10.65999984741211,10.699999809265137,10.699999809265137,7700,10.631999969482422,10.618000030517578,10.587000036239624,10.613799991607666,10.616300010681153,11.759050011634827,59.58648473429459,0.010335298170412344,-0.0027370800039478354,0.013072378174360178,10.691517827423334,10.587000036239624,10.482482245055914,83.70374785533478,78.82718256964267,NICK
2016-05-24,10.739999771118164,10.739999771118164,10.710000038146973,10.710000038146973,10.710000038146973,8500,10.655999946594239,10.628999996185303,10.59500002861023,10.618799991607666,10.605700006484986,11.746650013923645,60.395363189344266,0.017023685897651575,0.0012150731763720468,0.01580861272127953,10.71084462944534,10.59500002861023,10.479155427775119,88.61117513097606,83.67288292194326,NICK
2016-05-25,10.739999771118164,10.789999961853027,10.699999809265137,10.75,10.75,11500,10.684000015258789,10.643000030517578,10.602500009536744,10.62359998703003,10.596700010299683,11.73440001487732,63.53891450538583,0.02526075374176706,0.00602420928945105,0.019236544452316012,10.73664534194672,10.602500009536744,10.468354677126769,91.20372514177275,87.83954937602772,NICK
2016-05-26,10.760000228881836,10.84000015258789,10.760000228881836,10.8100004196167,10.8100004196167,4100,10.722000122070312,10.665000057220459,10.610500049591064,10.629599990844726,10.586300010681152,11.72275001525879,67.68262995186315,0.036212783346988076,0.012061924100958455,0.02415085924602962,10.771431740409936,10.610500049591064,10.449568358772192,92.53707627702666,90.78399218325835,NICK
2016-05-27,10.8100004196167,10.84000015258789,10.760000228881836,10.779999732971191,10.779999732971191,66500,10.75,10.682999992370606,10.61850004196167,10.63359998703003,10.577800006866456,11.711650013923645,63.7795845198352,0.041987534862581555,0.018047046253283076,0.02394048860929848,10.795618614546465,10.61850004196167,10.441381469376877,88.58540711845883,90.7754028457526,NICK
2016-05-31,10.9399995803833,11.0,10.800000190734863,10.800000190734863,10.800000190734863,4300,10.770000076293945,10.701000022888184,10.633000040054322,10.637799987792969,10.570100011825561,11.700900015830994,65.21955929937975,0.04762890051705604,0.02396341710603767,0.02366548341101837,10.819451127176412,10.633000040054322,10.44654895293223,77.36399293456351,86.16215877668286,NICK
2016-06-01,10.949999809265137,10.949999809265137,10.819999694824219,10.9399995803833,10.9399995803833,1000,10.815999984741211,10.735999965667725,10.651000022888184,10.64459997177124,10.569900007247925,11.690350012779236,73.23943484577,0.06267403687907525,0.03170554106064519,0.03096849581843006,10.878499366726375,10.651000022888184,10.423500679049992,75.10862864131697,80.3526762314463,NICK
2016-06-02,10.699999809265137,10.979999542236328,10.699999809265137,10.729999542236328,10.729999542236328,1000,10.811999893188476,10.747999954223634,10.661499977111816,10.646799964904785,10.567300004959106,11.6789000082016,53.362592816976104,0.056995163044099684,0.03676346545733609,0.020231697586763596,10.8831550309475,10.661499977111816,10.439844923276134,62.41132017534096,71.62798058374034,NICK
2016-06-03,10.6899995803833,10.699999809265137,10.6899995803833,10.6899995803833,10.6899995803833,1600,10.787999725341797,10.754999923706055,10.67099995613098,10.648799953460694,10.566999998092651,11.667250003814697,50.54851753181414,0.04870550524159434,0.039151873414187736,0.009553631827406601,10.880083579213759,10.67099995613098,10.461916333048203,54.60986288064968,64.04327056576906,NICK
2016-06-06,10.699999809265137,10.9399995803833,10.699999809265137,10.859999656677246,10.859999656677246,1700,10.803999710083009,10.776999855041504,10.688999938964844,10.655799942016602,10.567099990844726,11.656449999809265,60.16360146682342,0.05521697025462835,0.042364892782275856,0.012852077472352494,10.898083520996577,10.688999938964844,10.479916356933112,47.75407303138985,54.92508536246002,NICK
2016-06-07,10.829999923706055,10.829999923706055,10.670000076293945,10.680000305175781,10.680000305175781,1600,10.779999732971191,10.774999904632569,10.696499967575074,10.659599952697754,10.565699996948242,11.644850001335143,49.24550623515464,0.04533036955811909,0.0429579881374445,0.0023723814206745852,10.892589049726563,10.696499967575074,10.500410885423584,41.50623422455978,47.95672337886629,NICK
2016-06-08,10.65999984741211,10.789999961853027,10.65999984741211,10.670000076293945,10.670000076293945,3700,10.72599983215332,10.770999908447266,10.699999952316285,10.661399955749511,10.564799995422364,11.633700003623963,48.71655780825965,0.03627013286733849,0.0416204170834233,-0.0053502842160848135,10.891520038443407,10.699999952316285,10.508479866189163,35.286970241359136,41.51575916576945,NICK
2016-06-09,10.65999984741211,10.65999984741211,10.489999771118164,10.489999771118164,10.489999771118164,5000,10.677999877929688,10.744999885559082,10.69399995803833,10.65819995880127,10.564699993133544,11.623150000572204,40.32137685035883,0.014399323276581555,0.03617619832205495,-0.021776875045473397,10.903131371849254,10.69399995803833,10.484868544227405,13.064773248611601,29.952659238176704,NICK
2016-06-10,10.5,10.5,10.390000343322754,10.399999618530273,10.399999618530273,9600,10.619999885559082,10.70399980545044,10.684499931335449,10.650399951934814,10.566599988937378,11.61295000076294,36.89759406819074,-0.01007952060668238,0.026925054536307485,-0.03700457514298987,10.926365584607247,10.684499931335449,10.44263427806365,5.674645267235611,18.00879625240198,NICK
2016-06-13,10.4399995803833,10.550000190734863,10.4399995803833,10.489999771118164,10.489999771118164,32800,10.545999908447266,10.674999809265136,10.678999900817871,10.643799953460693,10.567999982833863,11.602899999618531,42.18448032611841,-0.021963736313264093,0.01714729636639317,-0.039111032679657265,10.932999941308337,10.678999900817871,10.424999860327405,6.01086147065027,8.250093328832357,NICK
2016-06-14,10.5,10.520000457763672,10.470000267028809,10.520000457763672,10.520000457763672,3400,10.513999938964844,10.646999835968018,10.673999929428101,10.638599967956543,10.569699983596802,11.593300004005432,43.87259386769337,-0.028631215367344254,0.007991594019645684,-0.03662280938698994,10.936251690016514,10.673999929428101,10.411748168839688,13.11469685907474,8.26673453232007,NICK
2016-06-15,10.59000015258789,10.59000015258789,10.5,10.529999732971191,10.529999732971191,1000,10.485999870300294,10.605999851226807,10.670999908447266,10.63479995727539,10.571599979400634,11.584150004386903,44.4547323295749,-0.032731079106923744,-0.00015294060566820207,-0.032578138501255544,10.938349874301467,10.670999908447266,10.403649942593065,20.218532247499212,13.114696859074604,NICK
2016-06-16,10.5,10.600000381469727,10.5,10.550000190734863,10.550000190734863,1200,10.497999954223634,10.58799991607666,10.667999935150146,10.630199966430665,10.573099985122681,11.575000004768372,45.668564378893365,-0.03397474119972621,-0.006917300724479805,-0.027057440475246407,10.939337335958236,10.667999935150146,10.396662534342056,23.497245547302796,18.943491551292112,NICK
2016-06-17,10.5600004196167,10.699999809265137,10.5,10.699999809265137,10.699999809265137,900,10.557999992370606,10.588999938964843,10.67199993133545,10.629199962615967,10.57599998474121,11.56715000152588,53.819461812938805,-0.022596162259196362,-0.010053073031423117,-0.012543089227773245,10.942747013749685,10.67199993133545,10.401252848921214,33.33328121995364,25.683019671585082,NICK
2016-06-20,10.670000076293945,10.670000076293945,10.670000076293945,10.670000076293945,10.670000076293945,800,10.594000053405761,10.569999980926514,10.673499917984008,10.628399963378905,10.579599981307984,11.558800001144409,52.13487084675623,-0.015816956178031916,-0.011205849660744876,-0.00461110651728704,10.943853368033183,10.673499917984008,10.403146467934834,41.50225247479966,32.77759308068523,NICK
2016-06-21,10.550000190734863,10.550000190734863,10.539999961853027,10.539999961853027,10.539999961853027,800,10.597999954223633,10.555999946594238,10.665499925613403,10.62479995727539,10.580299978256226,11.549749999046325,45.49005956307228,-0.020695741668953715,-0.013103828062386644,-0.007591913606567071,10.941650223914177,10.665499925613403,10.38934962731263,41.23365271893018,38.68972880456102,NICK
2016-06-22,10.520000457763672,10.520000457763672,10.520000457763672,10.520000457763672,10.520000457763672,100,10.59600009918213,10.54099998474121,10.655999946594239,10.622599964141846,10.581999979019166,11.540950002670288,44.549349283476715,-0.025877705081573055,-0.015658603466223928,-0.010219101615349127,10.938375504799815,10.655999946594239,10.373624388388663,32.172587401640946,38.30283086512346,NICK
2016-06-23,10.510000228881836,10.699999809265137,10.5,10.510000228881836,10.510000228881836,2800,10.588000106811524,10.543000030517579,10.64399995803833,10.62159996032715,10.58229998588562,11.527650003433228,44.058727607587485,-0.03044048436030522,-0.018614979645040185,-0.011825504715265035,10.929754990324552,10.64399995803833,10.358244925752109,23.62610239492717,32.34411417183263,NICK
2016-06-24,10.5,10.569999694824219,10.25,10.25,10.25,18000,10.498000144958496,10.52800006866455,10.615999937057495,10.614199962615967,10.580999984741212,11.510700001716614,33.674850919460816,-0.0544091703229892,-0.02577381778062999,-0.02863535254235921,10.938576899215684,10.615999937057495,10.293422974899306,15.15153616916036,23.650075321909355,NICK
2016-06-27,10.25,10.260000228881836,10.029999732971191,10.100000381469727,10.100000381469727,20600,10.384000205993653,10.489000129699708,10.581999969482421,10.604799976348877,10.57849998474121,11.494100003242492,29.37367708496233,-0.0845337893466187,-0.03752581209382773,-0.047007977252790975,10.965801776404012,10.581999969482421,10.19819816256083,10.342933382265704,16.373523982117607,NICK
2016-06-28,10.140000343322754,10.25,10.09000015258789,10.130000114440918,10.130000114440918,2100,10.30200023651123,10.450000095367432,10.548499965667725,10.59599998474121,10.57479998588562,11.477000002861024,31.264599452435572,-0.10477920971960586,-0.050976491618983356,-0.0538027181006225,10.965837695177218,10.548499965667725,10.131162236158232,8.045345747067232,11.179938432830964,NICK
2016-06-29,10.140000343322754,10.25,10.140000343322754,10.25,10.25,1500,10.248000144958496,10.422000122070312,10.51399998664856,10.589599990844727,10.572799987792969,11.46045000076294,38.37233032926312,-0.10987430079663696,-0.06275605345451407,-0.04711824734212289,10.90969664129588,10.51399998664856,10.11830333200124,18.99063141756662,12.459636848966383,NICK
2016-06-30,10.479999542236328,10.479999542236328,10.25,10.279999732971191,10.279999732971191,3800,10.202000045776368,10.395000076293945,10.491499996185302,10.580599994659424,10.57059998512268,11.443899998664856,40.04158235230817,-0.11022091139436974,-0.0722490250424852,-0.03797188635188453,10.886684644618345,10.491499996185302,10.09631534775226,28.358237989636052,18.464738384756497,NICK
2016-07-01,10.329999923706055,10.359999656677246,10.329999923706055,10.359999656677246,10.359999656677246,1700,10.223999977111816,10.361000061035156,10.475,10.573199996948242,10.569699983596802,11.426099996566773,44.36891760094514,-0.10285463334601985,-0.07837014670319213,-0.02448448664282772,10.863149401305048,10.475,10.086850598694951,39.8009999819706,29.049956463057622,NICK
2016-07-05,10.300000190734863,10.5,10.300000190734863,10.359999656677246,10.359999656677246,16000,10.275999832153321,10.330000019073486,10.45,10.567599983215333,10.568299980163575,11.407899994850158,44.368917600945146,-0.09591120030704481,-0.08187835742396267,-0.014032842883082139,10.79808048839034,10.45,10.101919511609658,45.273619093981296,37.810952355195845,NICK
2016-07-06,10.449999809265137,10.729999542236328,10.449999809265137,10.699999809265137,10.699999809265137,12200,10.389999771118164,10.346000003814698,10.450999975204468,10.57019998550415,10.573199977874756,11.39449999332428,58.96617552103156,-0.062255664240357333,-0.0779538187872416,0.015698154546884266,10.801821838044708,10.450999975204468,10.100178112364228,64.74058379618843,49.938400957379976,NICK
2016-07-07,10.649999618530273,10.649999618530273,10.550000190734863,10.649999618530273,10.649999618530273,8100,10.469999694824219,10.358999919891357,10.449999952316285,10.572199974060059,10.576099977493286,11.38074999332428,56.61355733960147,-0.03916651969698215,-0.07019635896918971,0.031029839272207566,10.798424896912485,10.449999952316285,10.101575007720085,77.84649113252074,62.6202313408967,NICK
2016-07-08,10.640000343322754,10.789999961853027,10.640000343322754,10.6899995803833,10.6899995803833,6000,10.55199966430664,10.376999855041504,10.459999942779541,10.57399995803833,10.57759997367859,11.367599992752075,58.05533347783764,-0.01743951183344805,-0.05964498954204138,0.04220547770859333,10.82359299823227,10.459999942779541,10.096406887326813,90.37593936081811,77.65433809650897,NICK
2016-07-11,10.720000267028809,10.739999771118164,10.680000305175781,10.680000305175781,10.680000305175781,5100,10.615999794006347,10.419999885559083,10.473999977111816,10.57459997177124,10.578099975585937,11.35414999485016,57.5405654750902,-0.0010158494289029818,-0.0479191615194137,0.04690331209051072,10.848667736916628,10.473999977111816,10.099332217307005,86.97995357045163,85.06746135459672,NICK
2016-07-12,10.729999542236328,10.84000015258789,10.729999542236328,10.8100004196167,10.8100004196167,17700,10.705999946594238,10.490999889373779,10.490000009536743,10.578399982452392,10.580199975967407,11.340999999046325,62.229575701574014,0.02223364847226783,-0.033888599521077395,0.056122247993345226,10.892343130364981,10.490000009536743,10.087656888708505,89.55491851210395,88.97027048112444,NICK
2016-07-13,10.75,10.84000015258789,10.619999885559082,10.720000267028809,10.720000267028809,5800,10.710000038146973,10.549999904632568,10.5,10.582599983215331,10.581299982070924,11.327449998855592,57.4956024727993,0.03301619279270085,-0.020507641058321743,0.05352383385102259,10.914584136154854,10.5,10.085415863845146,89.00263449743902,88.51250219333143,NICK
2016-07-14,10.770000457763672,10.84000015258789,10.710000038146973,10.739999771118164,10.739999771118164,7500,10.728000068664551,10.598999881744385,10.51050000190735,10.585799980163575,10.582999982833861,11.315849995613098,58.25555817965902,0.042683204278313625,-0.00786947199099467,0.050552676269308296,10.938026594089271,10.51050000190735,10.082973409725428,89.71193948606033,89.42316416520099,NICK
2016-07-15,10.739999771118164,10.800000190734863,10.619999885559082,10.649999618530273,10.649999618530273,8200,10.720000076293946,10.635999870300292,10.51549997329712,10.588399963378906,10.583599977493286,11.30409999370575,53.61028524604099,0.04259115604175889,0.0022226536155560434,0.04036850242620285,10.94707727088262,10.51549997329712,10.08392267571162,83.12754779063629,87.2807072580451,NICK
2016-07-18,10.510000228881836,10.6899995803833,10.5,10.579999923706055,10.579999923706055,7700,10.7,10.657999897003174,10.509499979019164,10.589999961853028,10.58379997253418,11.292099995613098,50.253831753196046,0.036449647938347596,0.009068052480114355,0.02738159545823324,10.933927799610709,10.509499979019164,10.08507215842762,76.5102463997455,83.11657789214725,NICK
2016-07-19,10.619999885559082,10.890000343322754,10.619999885559082,10.880000114440918,10.880000114440918,6800,10.713999938964843,10.709999942779541,10.519999980926514,10.597599964141846,10.58589997291565,11.281399993896484,61.40606102697053,0.05515418360895907,0.0182852787058833,0.036868904903075775,10.969444069280364,10.519999980926514,10.070555892572663,80.1810316866855,79.93960862568899,NICK
2016-07-20,10.880000114440918,10.880000114440918,10.880000114440918,10.880000114440918,10.880000114440918,0,10.745999908447265,10.72799997329712,10.536999988555909,10.60459997177124,10.588699970245361,11.270699992179871,61.40606102697054,0.0691801966430976,0.02846426229332616,0.04071593434977144,11.013113427661805,10.536999988555909,10.060886549450013,87.4791346800889,81.39013758883986,NICK
2016-07-21,10.890000343322754,10.890000343322754,10.890000343322754,10.890000343322754,10.890000343322754,400,10.776000022888184,10.752000045776366,10.555499982833862,10.6103999710083,10.592199974060058,11.2598499917984,61.73767376256322,0.08017859894083657,0.03880712962282824,0.04137146931800832,11.05567901181038,10.555499982833862,10.055320953857343,99.03470040817051,88.89828892498154,NICK
2016-07-22,10.890000343322754,10.949999809265137,10.569999694824219,10.680000305175781,10.680000305175781,18900,10.782000160217285,10.751000118255615,10.56399998664856,10.61179998397827,10.593899974822998,11.248049993515014,51.69295906975412,0.07112972477559332,0.045271648653381256,0.02585807612221206,11.066569465724974,10.56399998664856,10.061430507572144,85.63301848433007,90.71561785752972,NICK
2016-07-25,10.649999618530273,10.8100004196167,10.609999656677246,10.710000038146973,10.710000038146973,16100,10.808000183105468,10.754000091552735,10.586999988555908,10.614199981689453,10.595299978256225,11.235299992561341,52.87258328089266,0.06562269693698752,0.04934185831010251,0.016280838626885015,11.071772188287577,10.586999988555908,10.102227788824239,70.1538787179784,84.94053253682621,NICK
2016-07-26,10.729999542236328,10.760000228881836,10.600000381469727,10.649999618530273,10.649999618530273,14200,10.76200008392334,10.738000011444091,10.614499950408936,10.615199966430664,10.598099975585937,11.222049989700317,50.23063973299302,0.05577387872435935,0.05062826239295388,0.005145616331405471,11.045010300156695,10.614499950408936,10.183989600661176,47.93163294823221,67.90617671684679,NICK
2016-07-27,10.59000015258789,10.75,10.59000015258789,10.619999885559082,10.619999885559082,13900,10.710000038146973,10.72799997329712,10.638999938964844,10.615199966430664,10.601499977111816,11.208449988365173,48.91456962493097,0.04502882730965041,0.049508375376293184,-0.0044795480666427745,11.007776558518847,10.638999938964844,10.27022331941084,37.3333203350939,51.80627733376806,NICK
2016-07-28,10.640000343322754,10.770000457763672,10.640000343322754,10.65999984741211,10.65999984741211,4200,10.663999938964844,10.719999980926513,10.65949993133545,10.616599960327148,10.604799976348877,11.19604998588562,50.766801026172615,0.03928807085267216,0.04746431447156898,-0.008176243618896815,10.982205997452713,10.65949993133545,10.336793865218187,31.851817315483633,39.038923532936465,NICK
2016-07-29,10.699999809265137,10.739999771118164,10.680000305175781,10.680000305175781,10.680000305175781,2000,10.663999938964844,10.723000049591064,10.679499959945678,10.617999973297119,10.608399982452392,11.183699989318848,51.7096104969096,0.03593807799883564,0.04515906717702231,-0.009220989178186673,10.95119680108514,10.679499959945678,10.407803118806216,34.07409134225858,34.41974299761193,NICK
2016-08-01,10.729999542236328,10.770000457763672,10.65999984741211,10.75,10.75,1800,10.67199993133545,10.74000005722046,10.698999977111816,10.620599975585938,10.613199977874755,11.17104999065399,54.96048692879397,0.0384879102161495,0.04382483578484775,-0.0053369255686982475,10.928948086864953,10.698999977111816,10.46905186735868,43.70373353056766,36.54321406276984,NICK
2016-08-02,10.770000457763672,10.770000457763672,10.65999984741211,10.760000228881836,10.760000228881836,700,10.694000053405762,10.728000068664551,10.719000005722046,10.62299997329712,10.616199979782104,11.158399991989135,55.422183892804746,0.04084477240301254,0.04322882310848071,-0.0023840507054681687,10.889399804118698,10.719000005722046,10.548600207325395,51.11117233467369,42.96299906916653,NICK
2016-08-03,10.699999809265137,10.729999542236328,10.600000381469727,10.649999618530273,10.649999618530273,5700,10.7,10.705000019073486,10.716499996185302,10.621999969482422,10.617899980545044,11.145099987983704,49.42090432969039,0.0334508718956954,0.041273232865923645,-0.007822360970228245,10.889390424770484,10.716499996185302,10.54360956760012,48.88889830789875,47.90126805771325,NICK
2016-08-04,10.6899995803833,10.710000038146973,10.680000305175781,10.6899995803833,10.6899995803833,2100,10.705999946594238,10.684999942779541,10.718499994277954,10.62159996032715,10.620199975967408,11.132399988174438,51.47842532537234,0.030467603533272936,0.039112106999393506,-0.00864450346612057,10.88917833118323,10.718499994277954,10.547821657372678,44.44442089692075,48.14816384649762,NICK
2016-08-05,10.710000038146973,10.710000038146973,10.579999923706055,10.619999885559082,10.619999885559082,8000,10.693999862670898,10.678999900817871,10.715000009536743,10.61899995803833,10.62129997253418,11.119599986076356,47.812873897509384,0.02219905461909022,0.03572949652333285,-0.01353044190424263,10.890670424465064,10.715000009536743,10.539329594608422,29.571116842828456,40.968145349215874,NICK
2016-08-08,10.609999656677246,10.609999656677246,10.59000015258789,10.59000015258789,10.59000015258789,4000,10.661999893188476,10.666999912261963,10.710500001907349,10.614599952697754,10.62209997177124,11.107549986839295,46.29154991730214,0.013074725009206034,0.031198542220507487,-0.018123817211301452,10.89396414388826,10.710500001907349,10.527035859926437,20.214454870498294,31.409997536749056,NICK
2016-08-09,10.609999656677246,10.800000190734863,10.600000381469727,10.800000190734863,10.800000190734863,36600,10.669999885559083,10.681999969482423,10.709999990463256,10.614999961853027,10.624299974441529,11.096049985885621,56.681953049948774,0.022529173799405555,0.0294646685362871,-0.006935494736881546,10.892428281806037,10.709999990463256,10.527571699120475,26.31588193515545,25.36715121616062,NICK
2016-08-10,10.729999542236328,10.779999732971191,10.5600004196167,10.5600004196167,10.5600004196167,9400,10.652000045776367,10.676000022888184,10.701999998092651,10.610199966430663,10.623999977111817,11.083099989891052,45.78126920211984,0.010534481864358014,0.025678631201901284,-0.01514414933754327,10.895659635382021,10.701999998092651,10.508340360803281,21.92990161262959,22.820079472760998,NICK
2016-08-11,10.649999618530273,10.649999618530273,10.649999618530273,10.649999618530273,10.649999618530273,400,10.644000053405762,10.675,10.697499990463257,10.604399967193604,10.624499969482422,11.068649988174439,49.68866394703449,0.00819630340277655,0.022182165642076337,-0.013985862239299787,10.891600650393285,10.697499990463257,10.50339933053323,32.175369209849165,26.807050919211292,NICK
2016-08-12,10.579999923706055,10.59000015258789,10.5,10.520000457763672,10.520000457763672,7600,10.62400016784668,10.659000015258789,10.691000032424927,10.600199985504151,10.623499975204467,11.054349989891053,44.67983614821463,-0.004099311389277105,0.01692587023580565,-0.021025181625082753,10.89922113635573,10.691000032424927,10.482778928494126,14.222164860446982,22.77581189430847,NICK
2016-08-15,10.420000076293945,10.920000076293945,10.390000343322754,10.779999732971191,10.779999732971191,14300,10.66200008392334,10.661999988555909,10.701000022888184,10.601999988555908,10.625399971008301,11.041199989318848,54.5482184260017,0.007054770900047913,0.0149516503686541,-0.007896879468606188,10.906124408073103,10.701000022888184,10.495875637703266,38.75044071837943,28.38265826289175,NICK
2016-08-16,10.640000343322754,10.729999542236328,10.520000457763672,10.5600004196167,10.5600004196167,2800,10.614000129699708,10.642000007629395,10.685000038146972,10.596000003814698,10.625899972915649,11.027949991226196,46.92103846197111,-0.001836474763660334,0.011594025342191214,-0.013430500105851548,10.881519722708164,10.685000038146972,10.48848035358578,37.442381614480034,30.138329064435368,NICK
2016-08-17,10.5600004196167,10.640000343322754,10.510000228881836,10.520000457763672,10.520000457763672,1900,10.6060001373291,10.629000091552735,10.66700005531311,10.592800006866455,10.626199979782104,11.01414999485016,45.67065394248834,-0.011972502086596393,0.006880719856433692,-0.018853221943030084,10.85452060151094,10.66700005531311,10.479479509115281,43.396221888336356,39.86301474039849,NICK
2016-08-18,10.520000457763672,10.600000381469727,10.520000457763672,10.5600004196167,10.5600004196167,6200,10.588000297546387,10.616000175476074,10.650500059127808,10.59060001373291,10.625999984741211,11.000499997138977,47.18633208089216,-0.01658651511672815,0.0021872728618013227,-0.018773787978529473,10.813039022048175,10.650500059127808,10.48796109620744,29.559780114981066,36.799461205932374,NICK
2016-08-19,10.5600004196167,10.619999885559082,10.550000190734863,10.550000190734863,10.550000190734863,10100,10.594000244140625,10.609000205993652,10.644000053405762,10.591800022125245,10.624999990463257,10.986799998283386,46.834549844471354,-0.02081020153128854,-0.00241222201681665,-0.01839797951447189,10.811618387652656,10.644000053405762,10.476381719158868,28.930834585406654,33.962278862907915,NICK
2016-08-22,10.550000190734863,10.550000190734863,10.550000190734863,10.550000190734863,10.550000190734863,0,10.54800033569336,10.605000209808349,10.636000061035157,10.594800033569335,10.622599992752075,10.972950000762939,46.834549844471354,-0.02388220426028731,-0.006706218465510782,-0.017175985794776527,10.805516731906238,10.636000061035157,10.466483390164075,30.817611194582923,29.76940863165677,NICK
2016-08-23,10.550000190734863,10.550000190734863,10.520000457763672,10.539999961853027,10.539999961853027,10900,10.544000244140625,10.579000186920165,10.630500078201294,10.595800037384032,10.619799995422364,10.959200000762939,46.4330785198533,-0.02681462118941802,-0.01072789901029223,-0.01608672217912579,10.804910252059248,10.630500078201294,10.45608990434334,29.559720135434095,29.769388638474442,NICK
2016-08-24,10.550000190734863,10.710000038146973,10.550000190734863,10.550000190734863,10.550000190734863,2800,10.550000190734863,10.578000164031982,10.627000093460083,10.596400032043457,10.6175,10.94545000076294,46.92305896659882,-0.02800878005569274,-0.014184075219372332,-0.013824704836320407,10.80488743067025,10.627000093460083,10.449112756249916,29.559720135434095,29.979017155150256,NICK
2016-08-25,10.649999618530273,10.6899995803833,10.520000457763672,10.520000457763672,10.520000457763672,11700,10.542000198364258,10.565000247955322,10.620000123977661,10.596200046539307,10.615500001907348,10.931600003242492,45.57622956764036,-0.031018327324055406,-0.017550925640308947,-0.013467401683746459,10.803084514640434,10.620000123977661,10.436915733314889,27.672943526257825,28.93079459904189,NICK
2016-08-26,10.640000343322754,10.640000343322754,10.5600004196167,10.569999694824219,10.569999694824219,4400,10.546000099182129,10.570000171661377,10.614500093460084,10.596600036621094,10.613400001525878,10.917800002098083,48.242652023466796,-0.029034206389036754,-0.019847581790054507,-0.009186624598982247,10.796650846947074,10.614500093460084,10.432349339973094,29.559720135434095,28.93079459904189,NICK
2016-08-29,10.579999923706055,10.600000381469727,10.569999694824219,10.59000015258789,10.59000015258789,3500,10.554000091552734,10.551000213623047,10.606500101089477,10.594400043487548,10.611800003051759,10.904700002670289,49.31245265756381,-0.02555334342587834,-0.020988734117219274,-0.004564609308659064,10.777879510501363,10.606500101089477,10.435120691677591,32.07544227418478,29.76936864529212,NICK
2016-08-30,10.600000381469727,10.630000114440918,10.600000381469727,10.600000381469727,10.600000381469727,5700,10.566000175476074,10.55500020980835,10.598500108718872,10.593000049591064,10.610700006484985,10.891200003623963,49.870382910240735,-0.021737226339656246,-0.02113843256170667,-0.0005987937779495765,10.754739968815958,10.598500108718872,10.442260248621785,37.10688655168615,32.91401632043489,NICK
2016-08-31,10.619999885559082,10.630000114440918,10.5600004196167,10.619999885559082,10.619999885559082,3700,10.580000114440917,10.56500015258789,10.597000122070312,10.594600048065185,10.609700002670287,10.877800002098084,51.03127382066507,-0.016904271300990814,-0.0202916003095635,0.0033873290085726857,10.751802907000112,10.597000122070312,10.442197337140513,40.25155422001126,36.47796101529395,NICK
2016-09-01,10.640000343322754,10.640000343322754,10.449999809265137,10.600000381469727,10.600000381469727,7600,10.59600009918213,10.569000148773194,10.592500162124633,10.596200046539307,10.609400005340577,10.864800004959106,49.789564239637194,-0.014520528832798973,-0.019137386014210594,0.00461685718141162,10.741345464791431,10.592500162124633,10.443654859457835,40.880499749585674,39.41298017376091,NICK
2016-09-02,10.640000343322754,10.699999809265137,10.569999694824219,10.569999694824219,10.569999694824219,2200,10.59600009918213,10.571000099182129,10.59000015258789,10.597400035858154,10.609499998092652,10.851200003623962,47.90646002765296,-0.014880665391176606,-0.018286041889603796,0.00340537649842719,10.738593325994872,10.59000015258789,10.44140697918091,41.95865781197211,41.03023726052289,NICK
2016-09-06,10.609999656677246,10.6899995803833,10.479999542236328,10.479999542236328,10.479999542236328,9200,10.573999977111816,10.564000034332276,10.584500122070313,10.60200002670288,10.608099994659424,10.837200002670288,42.69018158440313,-0.02217274278277337,-0.01906338206823771,-0.0031093607145356583,10.740637743084271,10.584500122070313,10.428362501056355,31.339386734940756,38.059514765499394,NICK
2016-09-07,10.470000267028809,10.75,10.449999809265137,10.59000015258789,10.59000015258789,9700,10.57199993133545,10.569000053405762,10.574000120162964,10.611800022125244,10.60829999923706,10.823900003433227,49.874158011043725,-0.0188582505369439,-0.01902235576197895,0.00016410522503505082,10.695061884085185,10.574000120162964,10.452938356240743,33.687414324167285,35.66181962369327,NICK
2016-09-08,10.5600004196167,10.699999809265137,10.5600004196167,10.59000015258789,10.59000015258789,2300,10.565999984741211,10.573000049591064,10.575500106811523,10.621000022888184,10.608500003814697,10.810450005531312,49.874158011043725,-0.016046517289790785,-0.018427188067541317,0.002380670777750532,10.696574268913379,10.575500106811523,10.454425944709667,34.95728385100737,33.32802830337169,NICK
2016-09-09,10.600000381469727,10.739999771118164,10.5,10.5,10.5,4400,10.545999908447266,10.571000003814698,10.56800012588501,10.626000022888183,10.607800006866455,10.79845000743866,44.572405435674305,-0.02084022543889219,-0.01890979554181149,-0.0019304298970806988,10.68826637904621,10.56800012588501,10.447733872723811,36.666740841288835,35.103813005487716,NICK
2016-09-12,10.529999732971191,10.670000076293945,10.449999809265137,10.600000381469727,10.600000381469727,5800,10.552000045776367,10.574000072479247,10.572000122070312,10.632400035858154,10.606500015258788,10.788000011444092,50.82718545973982,-0.01638124583232603,-0.0184040855999144,0.00202283976758837,10.690928593914057,10.572000122070312,10.453071650226567,37.777876677273916,36.467300456523255,NICK
2016-09-13,10.649999618530273,10.649999618530273,10.399999618530273,10.399999618530273,10.399999618530273,3200,10.536000061035157,10.555000019073486,10.553000116348267,10.633200035095214,10.603200016021729,10.775500011444091,40.88899852121755,-0.028655539243064965,-0.020454376328544514,-0.00820116291452045,10.652820192294625,10.553000116348267,10.453180040401909,22.222292864719538,32.22230346109398,NICK
2016-09-14,10.430000305175781,10.430000305175781,10.239999771118164,10.25,10.25,10300,10.468000030517578,10.519999980926514,10.537500095367431,10.63100004196167,10.5993000125885,10.763200011253357,35.31226535368449,-0.0499113735730603,-0.02634577577744767,-0.023565597795612632,10.702893741595643,10.537500095367431,10.372106449139219,17.32032908604666,25.773499542679925,NICK
2016-09-15,10.34000015258789,10.34000015258789,10.199999809265137,10.199999809265137,10.199999809265137,2400,10.389999961853027,10.47799997329712,10.521500062942504,10.62100004196167,10.595600013732911,10.749800009727478,33.66407898365343,-0.06998463365007801,-0.03507354735197374,-0.03491108629810427,10.74297488142728,10.521500062942504,10.300025244457728,0.6536094375072091,13.39874379609102,NICK
2016-09-16,10.25,10.479999542236328,10.25,10.369999885559082,10.369999885559082,11800,10.363999938964843,10.454999923706055,10.512000036239623,10.615400047302247,10.593800010681152,10.738550009727478,43.346226963251496,-0.07135274148582837,-0.04232938617874467,-0.029023355307083706,10.742182786353645,10.512000036239623,10.281817286125602,10.956640791417938,9.64352643832382,NICK
2016-09-19,10.359999656677246,10.359999656677246,10.25,10.319999694824219,10.319999694824219,7400,10.307999801635741,10.429999923706054,10.500500011444093,10.608000049591064,10.591000003814697,10.727300009727479,41.43085099274772,-0.0756001033931355,-0.048983529621622834,-0.026616573771512664,10.744506404887192,10.500500011444093,10.256493618000993,17.57574916871445,9.72866646587975,NICK
2016-09-20,10.630000114440918,10.630000114440918,10.270000457763672,10.329999923706055,10.329999923706055,6100,10.293999862670898,10.414999961853027,10.48949999809265,10.60100004196167,10.587800006866456,10.716150007247926,41.98303106848915,-0.07726852989525845,-0.054640529676349955,-0.022628000218908498,10.743230408765235,10.48949999809265,10.235769587420066,25.45454125102403,17.995643737052024,NICK
2016-09-21,10.479999542236328,10.479999542236328,10.420000076293945,10.420000076293945,10.420000076293945,1100,10.327999877929688,10.397999954223632,10.483500003814697,10.593200035095215,10.585800008773804,10.7051500082016,46.84050679510551,-0.07051564925720122,-0.057815553592520205,-0.012700095664681013,10.73784449487505,10.483500003814697,10.229155512754344,28.484854790131312,23.83838173662315,NICK
2016-09-22,10.489999771118164,10.489999771118164,10.359999656677246,10.369999885559082,10.369999885559082,5000,10.361999893188477,10.375999927520752,10.474499988555909,10.58620002746582,10.584400005340576,10.694200005531311,44.60609650964585,-0.06840995286997043,-0.05993443344801025,-0.008475519421960176,10.731519675410446,10.474499988555909,10.217480301701372,31.515168329238595,28.484854790131195,NICK
2016-09-23,10.460000038146973,10.460000038146973,10.399999618530273,10.399999618530273,10.399999618530273,500,10.367999839782716,10.365999889373779,10.468499946594239,10.579400024414063,10.58260000228882,10.685100002288818,46.26243735740455,-0.06358744904899716,-0.06066503656820763,-0.0029224124807895255,10.726591248082237,10.468499946594239,10.210408645106241,35.757572604934765,31.919198574768107,NICK
2016-09-26,10.279999732971191,10.279999732971191,10.010000228881836,10.079999923706055,10.079999923706055,8800,10.319999885559081,10.313999843597411,10.44399995803833,10.568000030517577,10.578199996948243,10.675800004005431,34.43471556293967,-0.08461153197809779,-0.06545433565018566,-0.01915719632791213,10.747868574261794,10.44399995803833,10.140131341814865,25.577368093678718,30.950036342617242,NICK
2016-09-27,10.100000381469727,10.300000190734863,10.100000381469727,10.170000076293945,10.170000076293945,1800,10.28799991607666,10.29099988937378,10.422999954223632,10.559800033569337,10.574899997711181,10.667250003814697,39.14701462438408,-0.09293965848843833,-0.07095140021783619,-0.021988258270602135,10.741314438597492,10.422999954223632,10.104685469849773,22.580270426701336,27.97173704177149,NICK
2016-09-28,10.130000114440918,10.210000038146973,10.109999656677246,10.15999984741211,10.15999984741211,4500,10.235999870300294,10.281999874114991,10.400999927520752,10.54540002822876,10.571499996185302,10.660150003433227,38.813211915852705,-0.0992031415798369,-0.07660174849023633,-0.02260139308960056,10.728041342711482,10.400999927520752,10.073958512330023,17.308376013495664,21.822004844625123,NICK
2016-09-29,10.180000305175781,10.180000305175781,10.119999885559082,10.119999885559082,10.119999885559082,1600,10.185999870300293,10.273999881744384,10.375999927520752,10.530200023651123,10.567399997711181,10.652050004005432,37.43809608089488,-0.10617078891801413,-0.08251555657579189,-0.023655232342222235,10.708650037459556,10.375999927520752,10.043349817581948,19.71077513216237,19.866473857453006,NICK
2016-09-30,10.239999771118164,10.239999771118164,10.119999885559082,10.229999542236328,10.229999542236328,1000,10.151999855041504,10.259999847412109,10.357499885559083,10.517000007629395,10.563699989318847,10.643450002670289,43.37901414087615,-0.10164494696748427,-0.08634143465413037,-0.015303512313353904,10.67923746691802,10.357499885559083,10.035762304200146,23.863149943270017,20.2941003629759,NICK
2016-10-03,10.239999771118164,10.239999771118164,10.100000381469727,10.100000381469727,10.100000381469727,17400,10.155999946594239,10.23799991607666,10.333999919891358,10.505400009155274,10.558599996566773,10.634550004005431,38.70159420101874,-0.10731101584839386,-0.09053535089298306,-0.0167756649554108,10.658863033905389,10.333999919891358,10.009136805877327,21.85256677268033,21.808830616037458,NICK
2016-10-04,10.15999984741211,10.1899995803833,10.109999656677246,10.149999618530273,10.149999618530273,4000,10.151999855041504,10.219999885559082,10.317499923706055,10.49420000076294,10.554199991226197,10.626200003623962,41.322236517340585,-0.1065387829172284,-0.09373603729783213,-0.012802745619396275,10.64453981054804,10.317499923706055,9.990460036864071,23.82387756740366,23.179864761117887,NICK
2016-10-05,10.170000076293945,10.229999542236328,10.100000381469727,10.100000381469727,10.100000381469727,7600,10.139999961853027,10.18799991607666,10.292999935150146,10.483200016021728,10.549199991226196,10.617450003623963,39.503463800995256,-0.10870818305955332,-0.09673046645017637,-0.011977716609376951,10.60790313464991,10.292999935150146,9.978096735650382,17.204287843573056,20.9602440612189,NICK
2016-10-06,10.119999885559082,10.130000114440918,10.119999885559082,10.130000114440918,10.130000114440918,600,10.142000007629395,10.163999938964844,10.269999933242797,10.473400020599366,10.544299993515015,10.608100004196167,41.17642070447993,-0.1067758747510279,-0.09873954811034667,-0.008036326640681227,10.561066913820968,10.269999933242797,9.978932952664627,18.81717701070246,19.948447473892944,NICK
2016-10-07,10.100000381469727,10.149999618530273,10.069999694824219,10.069999694824219,10.069999694824219,2400,10.110000038146973,10.130999946594239,10.24849991798401,10.461600017547607,10.539099988937378,10.599950003623963,38.86170490662133,-0.10883149715962936,-0.10075793792020321,-0.008073559239426153,10.531856579261143,10.24849991798401,9.965143256706876,14.516105049809267,16.84585663469481,NICK
2016-10-10,10.069999694824219,10.069999694824219,10.0,10.0,10.0,8200,10.089999961853028,10.122999954223634,10.218499898910522,10.448000011444092,10.532999992370605,10.591150002479553,36.298053552707145,-0.11478580379440118,-0.1035635110950428,-0.011222292699358372,10.47213530573299,10.218499898910522,9.964864492088054,9.67738627559888,14.336889445370085,NICK
2016-10-11,10.130000114440918,10.199999809265137,10.020000457763672,10.050000190734863,10.050000190734863,5300,10.070000076293946,10.110999965667725,10.200999927520751,10.434000015258789,10.527299995422362,10.582550001144408,39.374522143199314,-0.11415413931807095,-0.10568163673964844,-0.008472502578422511,10.450391034591926,10.200999927520751,9.951608820449577,6.6271534424395435,10.273548255949114,NICK
2016-10-12,10.229999542236328,10.229999542236328,10.039999961853027,10.050000190734863,10.050000190734863,1800,10.060000038146972,10.1,10.190999937057494,10.41980001449585,10.521399993896484,10.573900003433227,39.37452214319932,-0.11235834362501507,-0.10701697811672176,-0.005341365508293311,10.447662960748874,10.190999937057494,9.934336913366115,7.0245770348791226,7.776372250972398,NICK
2016-10-13,10.210000038146973,10.210000038146973,10.039999961853027,10.039999961853027,10.039999961853027,1000,10.042000007629394,10.092000007629395,10.18299994468689,10.407600021362304,10.514799995422363,10.565550003051758,38.938323135281216,-0.11046868327914794,-0.10770731914920699,-0.002761364129940949,10.44788465013623,10.18299994468689,9.91811523923755,11.469014415073863,8.373581630797391,NICK
2016-10-14,10.069999694824219,10.149999618530273,10.050000190734863,10.119999885559082,10.119999885559082,4700,10.052000045776367,10.08100004196167,10.17049994468689,10.39620002746582,10.508899993896485,10.557300000190734,44.258346512330185,-0.10134751748997672,-0.10643535881736094,0.005087841327384213,10.422172178144988,10.17049994468689,9.918827711228792,21.400951447477627,13.298180965810085,NICK
2016-10-17,10.239999771118164,10.239999771118164,10.029999732971191,10.039999961853027,10.039999961853027,4200,10.060000038146972,10.075,10.15649995803833,10.384600028991699,10.501799993515014,10.549250001907348,40.461912113451895,-0.09942810780846045,-0.10503390861558085,0.005605800807120392,10.404473603079166,10.15649995803833,9.908526312997493,23.3333050763348,18.734423646295312,NICK
2016-10-18,10.0,10.210000038146973,9.989999771118164,10.140000343322754,10.140000343322754,5300,10.07800006866455,10.074000072479247,10.146999979019165,10.375600032806396,10.495099992752076,10.540700001716614,46.62521639942961,-0.08881397454691076,-0.10178992180184683,0.012975947254936074,10.381870007054184,10.146999979019165,9.912129950984147,38.88894399008537,27.874400171299147,NICK
2016-10-19,10.149999618530273,10.199999809265137,10.149999618530273,10.15999984741211,10.15999984741211,2600,10.1,10.080000019073486,10.133999967575074,10.362800025939942,10.488899993896485,10.53335000038147,47.78929036539943,-0.07789053107222266,-0.097010043655922,0.019119512583699344,10.333037445383235,10.133999967575074,9.934962489766912,48.22230868869386,36.81485258503789,NICK
2016-10-20,10.109999656677246,10.109999656677246,9.920000076293945,10.010000228881836,10.010000228881836,49600,10.094000053405761,10.068000030517577,10.115999984741212,10.351800022125245,10.480999994277955,10.525550003051757,40.63172502952251,-0.08041041779307534,-0.09369011848335267,0.013279700690277327,10.289942259147413,10.115999984741212,9.94205771033501,52.041777968430644,46.38434354906985,NICK
2016-10-21,9.970000267028809,10.0600004196167,9.920000076293945,9.920000076293945,9.920000076293945,5800,10.054000091552734,10.05300006866455,10.092000007629395,10.337200031280517,10.47079999923706,10.520350003242493,37.0464753256053,-0.08864782933017956,-0.09268166065271805,0.004033831322538484,10.231656563665998,10.092000007629395,9.95234345159279,32.04170167448533,44.10192944386983,NICK
2016-10-24,10.0,10.0,9.819999694824219,9.859999656677246,9.859999656677246,3900,10.018000030517578,10.039000034332275,10.080999994277954,10.32400001525879,10.46210000038147,10.514700002670288,34.83938382414177,-0.09887776837476814,-0.09392088219712806,-0.004956886177640077,10.253499225101223,10.080999994277954,9.908500763454686,12.54962440568513,32.21103468286692,NICK
2016-10-25,9.760000228881836,9.800000190734863,9.5600004196167,9.5600004196167,9.5600004196167,38800,9.902000045776367,9.99000005722046,10.050500011444091,10.2996000289917,10.450800008773804,10.508900003433228,26.37763921170171,-0.12969742877778145,-0.10107619151325874,-0.028621237264522717,10.33110453254601,10.050500011444091,9.769895490342172,3.1745995703927883,15.9219752168543,NICK
2016-10-26,9.6899995803833,9.75,9.390000343322754,9.59000015258789,9.59000015258789,38100,9.788000106811523,9.944000053405762,10.02200002670288,10.280200023651123,10.43810001373291,10.502600002288819,28.2542219621121,-0.14997271189038663,-0.11085549558868432,-0.03911721630170231,10.36185864720242,10.02200002670288,9.68214140620334,11.017734625352517,8.913986200476694,NICK
2016-10-27,9.6899995803833,9.720000267028809,9.630000114440918,9.720000267028809,9.720000267028809,14800,9.730000114440918,9.91200008392334,10.002000045776366,10.264200019836426,10.42850001335144,10.497100005149841,35.88122981068373,-0.15377843497887334,-0.11944008346672212,-0.03433835151215121,10.362865479811072,10.002000045776366,9.641134611741661,20.784317245398057,11.658883813714338,NICK
2016-10-28,9.6899995803833,10.0,9.6899995803833,9.710000038146973,9.710000038146973,2100,9.688000106811524,9.87100009918213,9.9760000705719,10.247200012207031,10.41890001296997,10.491850004196166,35.56799636099268,-0.1558054051159381,-0.1267131477965653,-0.02909225731937279,10.342300375584598,9.9760000705719,9.609699765559201,33.33333333333362,21.71179506802795,NICK
2016-10-31,9.670000076293945,9.84000015258789,9.520000457763672,9.619999885559082,9.619999885559082,8800,9.640000152587891,9.829000091552734,9.952000045776368,10.228600006103516,10.41020001411438,10.487450003623962,32.79336797570493,-0.16279742631163607,-0.13393000349957945,-0.02886742281205662,10.34461171093279,9.952000045776368,9.559388380619945,34.50979424182308,29.54248160685147,NICK
2016-11-01,9.600000381469727,9.65999984741211,9.600000381469727,9.630000114440918,9.630000114440918,4700,9.654000091552735,9.77800006866455,9.926000070571899,10.210200004577636,10.402500019073486,10.484550004005433,33.41491467193731,-0.16562252521442566,-0.14026850784254868,-0.02535401737187698,10.331383777408169,9.926000070571899,9.520616363735629,30.980374117336712,32.94116723083102,NICK
2016-11-02,9.59000015258789,9.619999885559082,8.710000038146973,8.970000267028809,8.970000267028809,19700,9.530000114440918,9.65900011062622,9.869500064849854,10.178800010681153,10.387300024032593,10.477650003433228,20.161955486255327,-0.2185980460832262,-0.15593441549068418,-0.06266363059254201,10.442473755710319,9.869500064849854,9.296526373989389,24.095852021979113,29.86200679371285,NICK
2016-11-03,9.0,9.0,8.880000114440918,8.920000076293945,8.920000076293945,23400,9.370000076293945,9.550000095367432,9.809000062942506,10.146200008392334,10.371300020217895,10.470500001907348,19.529998917305512,-0.2616005571805573,-0.1770676438286588,-0.0845329133518985,10.502105999997697,9.809000062942506,9.115894125887314,19.651421086808757,24.90921574204141,NICK
2016-11-04,8.989999771118164,9.020000457763672,8.90999984741211,8.920000076293945,8.920000076293945,15200,9.21200008392334,9.450000095367432,9.75150008201599,10.11420000076294,10.355200023651124,10.463400001525878,19.529998917305512,-0.29231078032313107,-0.20011627112755326,-0.09219450919557781,10.533555631474474,9.75150008201599,8.969444532557507,14.906326535234257,19.551199881340594,NICK
2016-11-07,9.0,9.0,8.880000114440918,8.890000343322754,8.890000343322754,4900,9.066000175476074,9.353000164031982,9.696000099182129,10.08060001373291,10.338600025177001,10.455850005149841,19.113128144611508,-0.3154334605684568,-0.22317970901573397,-0.0922537515527228,10.553540656920726,9.696000099182129,8.838459541443532,13.268685626011711,15.942144416018126,NICK
2016-11-08,8.880000114440918,8.880000114440918,8.5600004196167,8.699999809265137,8.699999809265137,65100,8.880000114440918,9.267000102996827,9.628500080108642,10.042800006866456,10.318600025177002,10.447300004959107,16.6841411014274,-0.34511157503798273,-0.24756608222018373,-0.097545492817799,10.572158334142413,9.628500080108642,8.684841826074871,11.704261642008817,13.293091267751478,NICK
2016-11-09,8.699999809265137,8.869999885559082,8.579999923706055,8.710000038146973,8.710000038146973,26300,8.82800006866455,9.179000091552734,9.561500072479248,10.005,10.299000024795532,10.439300003051757,17.280000442266427,-0.36363302452594937,-0.27077947068133684,-0.09285355384461252,10.564361425350032,9.561500072479248,8.558638719608464,10.370918983859944,11.781288750626707,NICK
2016-11-10,8.739999771118164,9.449999809265137,8.729999542236328,9.3100004196167,9.3100004196167,33200,8.906000137329102,9.138000106811523,9.525000095367432,9.978800010681152,10.286700029373169,10.433500003814697,43.424105291576154,-0.32613688728929624,-0.2818509540029287,-0.04428593328636754,10.508493809641712,9.525000095367432,8.541506381093152,23.705182070653322,15.260120898840578,NICK
2016-11-11,9.220000267028809,9.5,9.220000267028809,9.4399995803833,9.4399995803833,16700,9.010000038146973,9.111000061035156,9.491000080108643,9.955599994659424,10.275900020599366,10.428949999809266,47.30978441629357,-0.282672608683308,-0.2820152849390046,-0.0006573237443034396,10.43613284819497,9.491000080108643,8.545867312022317,41.064797905980605,25.04696632016451,NICK
2016-11-14,9.199999809265137,9.630000114440918,9.109999656677246,9.569999694824219,9.569999694824219,17600,9.145999908447266,9.10600004196167,9.467500066757202,9.935599994659423,10.266500015258789,10.424400000572204,50.93858764324869,-0.23502767917981693,-0.27261776378716707,0.03759008460735014,10.379659570678777,9.467500066757202,8.555340562835626,61.11109271461074,41.96035756374811,NICK
2016-11-15,9.479999542236328,9.789999961853027,9.479999542236328,9.699999809265137,9.699999809265137,13300,9.345999908447265,9.113000011444091,9.445500040054322,9.92,10.26100001335144,10.420999999046325,54.32613874426302,-0.18465027309854776,-0.2550242656494432,0.07037399255089544,10.311790324861782,9.445500040054322,8.579209755246861,70.13885899457561,57.438249871722206,NICK
2016-11-16,9.75,9.989999771118164,9.619999885559082,9.880000114440918,9.880000114440918,25900,9.579999923706055,9.203999996185303,9.431500053405761,9.905799999237061,10.258800010681153,10.418649997711181,58.58966322997805,-0.12871752007955983,-0.22976291653546652,0.10104539645590668,10.259347217460055,9.431500053405761,8.603652889351467,80.32405951017802,70.52467040645467,NICK
2016-11-17,9.880000114440918,9.920000076293945,9.859999656677246,9.899999618530273,9.899999618530273,3600,9.69799976348877,9.301999950408936,9.426000022888184,9.891999988555908,10.256500005722046,10.415649995803832,59.04708467920655,-0.08183329422474017,-0.20017699207332124,0.11834369784858106,10.239741876051147,9.426000022888184,8.612258169725221,88.17986657253236,79.54759502576188,NICK
2016-11-18,9.84000015258789,9.960000038146973,9.84000015258789,9.850000381469727,9.850000381469727,9300,9.779999923706054,9.394999980926514,9.422500038146973,9.878999996185303,10.252500009536742,10.412649998664856,57.3417579465122,-0.04815660861425819,-0.16977291538150863,0.12161630676725044,10.228275971194625,9.422500038146973,8.61672410509932,91.86092693972508,86.78828434081169,NICK
2016-11-21,9.850000381469727,10.229999542236328,9.84000015258789,10.199999809265137,10.199999809265137,44500,9.905999946594239,9.525999927520752,9.439500045776366,9.87099998474121,10.251700010299682,10.411149997711181,64.96875173891722,0.00669723456412008,-0.1344788853923829,0.14117611995650298,10.294332689523818,9.439500045776366,8.584667402028915,94.03990549796491,91.36023300340732,NICK
2016-11-22,10.010000228881836,10.5,10.010000228881836,10.300000190734863,10.300000190734863,40400,10.026000022888184,9.685999965667724,9.476500034332275,9.868999996185302,10.251100015640258,10.41039999961853,66.79545090899165,0.05757480897138656,-0.096068146519629,0.15364295549101556,10.4094796075702,9.476500034332275,8.543520461094351,92.70138852118926,92.86740698629295,NICK
2016-11-23,10.239999771118164,10.390000343322754,10.239999771118164,10.380000114440918,10.380000114440918,11900,10.126000022888183,9.85299997329712,9.516000032424927,9.871599998474121,10.251300020217895,10.409800000190735,68.2230184353023,0.10316179355794475,-0.056222158504114245,0.159383952062059,10.52837146044154,9.516000032424927,8.503628604408313,93.9029248874785,93.54807296887742,NICK
2016-11-25,10.4399995803833,10.4399995803833,10.359999656677246,10.380000114440918,10.380000114440918,1700,10.222000122070312,9.959999942779541,9.549000024795532,9.875200004577637,10.248100023269654,10.410650000572204,68.22301843530228,0.13770245904817813,-0.017437234993655765,0.1551396940418339,10.626736504404345,9.549000024795532,8.47126354518672,92.43986811762869,93.01472717543201,NICK
2016-11-28,10.300000190734863,10.300000190734863,10.130000114440918,10.130000114440918,10.130000114440918,4700,10.27800006866455,10.028999996185302,9.57000002861023,9.870400009155274,10.24290002822876,10.409500002861023,59.02572200789737,0.14325195526932255,0.014700603058939901,0.12855135221038266,10.67547727342918,9.57000002861023,8.464522783791278,89.51890397562688,91.95389899357788,NICK
2016-11-29,10.130000114440918,10.229999542236328,9.8100004196167,9.920000076293945,9.920000076293945,14700,10.222000122070312,10.064000034332276,9.585000038146973,9.862400016784669,10.235200033187866,10.406400003433227,52.609788454925834,0.12921521045912954,0.037603524538977834,0.0916116859201517,10.700876351725142,9.585000038146973,8.469123724568803,81.51131540559152,87.82336249961556,NICK
2016-11-30,9.800000190734863,9.949999809265137,9.800000190734863,9.880000114440918,9.880000114440918,7700,10.138000106811523,10.082000064849854,9.597500038146972,9.853400020599365,10.227200031280518,10.402650003433228,51.46234056717848,0.11355434266276276,0.05279368816373482,0.06076065449902794,10.720689672551737,9.597500038146972,8.474310403742207,71.89709186771047,80.97577041630949,NICK
2016-12-01,9.930000305175781,10.119999885559082,9.930000305175781,10.020000457763672,10.020000457763672,65300,10.066000175476074,10.09600009918213,9.650000047683715,9.84540002822876,10.219300031661987,10.399750003814697,55.14946857541989,0.11115848396870298,0.06446664732472845,0.04669183664397453,10.748854032157281,9.650000047683715,8.55114606321015,66.74370204635014,73.3840364398839,NICK
2016-12-02,9.960000038146973,10.09000015258789,9.890000343322754,9.979999542236328,9.979999542236328,32400,9.986000061035156,10.104000091552734,9.703000020980834,9.837600021362304,10.211900024414062,10.396600003242492,53.88984201395015,0.10482366712680324,0.07253805128514342,0.03228561584165983,10.757250480857728,9.703000020980834,8.64874956110394,64.34311288779465,67.66130226728495,NICK
2016-12-05,10.020000457763672,10.149999618530273,9.899999618530273,10.119999885559082,10.119999885559082,41400,9.98400001525879,10.13100004196167,9.763000011444092,9.83200002670288,10.205700025558471,10.394350004196166,57.544744462773224,0.10983403838893224,0.07999724870590118,0.029836789683031065,10.767591486355125,9.763000011444092,8.758408536533059,63.60089175510177,64.89590222974873,NICK
2016-12-06,10.229999542236328,10.479999542236328,10.229999542236328,10.350000381469727,10.350000381469727,13700,10.070000076293946,10.146000099182128,9.836000013351441,9.837400035858154,10.202700033187867,10.393150005340576,62.76629819060248,0.13085549089328552,0.09016889714337804,0.040686593749907476,10.786986991771244,9.836000013351441,8.885013034931639,69.42986630805136,65.79129031698245,NICK
2016-12-07,10.319999694824219,10.430000305175781,10.069999694824219,10.1899995803833,10.1899995803833,21200,10.131999969482422,10.135000038146973,9.910500001907348,9.837800025939941,10.198800029754638,10.391300001144408,57.47094761081064,0.13307046253062005,0.09874921022082644,0.034321252309793604,10.716191683569617,9.910500001907348,9.104808320245079,67.13796942042121,66.72290916119131,NICK
2016-12-08,10.220000267028809,10.75,10.119999885559082,10.460000038146973,10.460000038146973,99200,10.219999885559082,10.143000030517578,9.998000001907348,9.84380002975464,10.1946000289917,10.390250000953674,63.12463235277919,0.1548278647173067,0.10996494112012249,0.044862923597184204,10.623031290138172,9.998000001907348,9.372968713676524,69.38082893977291,68.64955488941503,NICK
2016-12-09,10.5,10.5,10.329999923706055,10.489999771118164,10.489999771118164,6400,10.32199993133545,10.153999996185302,10.056999969482423,9.85120002746582,10.190700025558472,10.389699997901916,63.702017935658205,0.17250298342289838,0.12247254958067767,0.05003043384222071,10.631877518275404,10.056999969482423,9.482122420689441,65.93981505297593,67.48620447105655,NICK
2016-12-12,10.430000305175781,10.5,10.09000015258789,10.399999618530273,10.399999618530273,27700,10.377999877929687,10.180999946594238,10.10499997138977,9.8546000289917,10.185800018310546,10.388999996185303,60.634682818750875,0.17720566558211637,0.1334191727809654,0.04378649280115096,10.62332424363022,10.10499997138977,9.58667569914932,68.42102621400285,67.9138900689171,NICK
2016-12-13,10.479999542236328,10.600000381469727,10.479999542236328,10.550000190734863,10.550000190734863,3900,10.417999839782714,10.24399995803833,10.153999996185302,9.863600025177002,10.184500017166137,10.389199995994568,63.76620978352568,0.19083652299859644,0.1449026428244916,0.045933880174104824,10.645341039995156,10.153999996185302,9.662658952375448,71.57892693882894,68.64658940193577,NICK
2016-12-14,10.520000457763672,10.979999542236328,10.520000457763672,10.829999923706055,10.829999923706055,125600,10.545999908447266,10.338999938964843,10.210500001907349,9.877200031280518,10.185700016021729,10.390499997138978,68.7617105513153,0.22167735553629342,0.16025758536685197,0.061419770169441446,10.738533111856542,10.210500001907349,9.682466891958155,76.4644641306193,72.15480576115023,NICK
2016-12-15,10.75,11.220000267028809,10.75,11.010000228881836,11.010000228881836,27000,10.655999946594239,10.43799991607666,10.267000007629395,9.89540002822876,10.189300022125245,10.39369999885559,71.48354157473275,0.2576731620053625,0.17974070069455408,0.07793246131080842,10.876954145314828,10.267000007629395,9.657045869943962,83.81560364015054,77.28633156986614,NICK
2016-12-16,10.979999542236328,11.15999984741211,10.850000381469727,11.149999618530273,11.149999618530273,86000,10.78799991607666,10.554999923706054,10.329500007629395,9.915800018310547,10.194600019454956,10.398049998283387,73.42315392399854,0.294106600868977,0.20261388072943867,0.09149272013953832,11.026220077334612,10.329500007629395,9.632779937924179,89.18993459333764,83.15666745470236,NICK
2016-12-19,11.140000343322754,11.180000305175781,10.949999809265137,11.170000076293945,11.170000076293945,23900,10.942000007629394,10.65999994277954,10.395499992370606,9.937800025939941,10.199700021743775,10.402249999046326,73.69838674230311,0.3208951538644218,0.2262701353564353,0.09462501850798649,11.146032442284849,10.395499992370606,9.644967542456364,92.25350094718242,88.41967972689007,NICK
2016-12-20,11.25,11.25,10.90999984741211,11.140000343322754,11.140000343322754,35200,11.060000038146972,10.738999938964843,10.442500019073487,9.960600032806397,10.204300022125244,10.406350002288818,72.48580265396393,0.335833270488628,0.24818276238287384,0.08765050810575414,11.253471682282923,10.442500019073487,9.63152835586405,94.48700834537908,91.97681462863291,NICK
2016-12-21,11.079999923706055,11.1899995803833,10.979999542236328,11.100000381469727,11.100000381469727,9900,11.114000129699708,10.830000019073486,10.482500028610229,9.981600036621094,10.20780002593994,10.410500001907348,70.8128154578282,0.3405188831889614,0.26664998654409133,0.07386889664487006,11.33904841636889,10.482500028610229,9.625951640851568,92.45375380174085,93.06475436476732,NICK
2016-12-22,11.119999885559082,11.199999809265137,11.119999885559082,11.1899995803833,11.1899995803833,7900,11.15,10.902999973297119,10.523000001907349,10.004400024414062,10.212100019454956,10.41414999961853,72.35864884531956,0.3474888134721983,0.2828177519297127,0.06467106154248559,11.43136337957871,10.523000001907349,9.614636624235986,92.14597571244907,93.0289126198562,NICK
2016-12-23,10.729999542236328,11.239999771118164,10.729999542236328,11.239999771118164,11.239999771118164,13600,11.168000030517579,10.97799997329712,10.565999984741211,10.028400020599365,10.218000020980835,10.41795000076294,73.20763239081725,0.3529782177872338,0.2968498451012169,0.05612837268601689,11.523317054497237,10.565999984741211,9.608682914985184,94.55955414141731,93.05309455186894,NICK
2016-12-27,11.199999809265137,11.420000076293945,11.199999809265137,11.279999732971191,11.279999732971191,24600,11.189999961853028,11.065999984741211,10.623499965667724,10.051600017547607,10.223900022506713,10.42204999923706,73.89831907106449,0.35644736948914435,0.3087693499788024,0.04767801951034195,11.606948455185176,10.623499965667724,9.640051476150273,94.77921868422834,93.82824951269811,NICK
2016-12-28,11.180000305175781,11.649999618530273,11.180000305175781,11.40999984741211,11.40999984741211,89600,11.243999862670899,11.151999950408936,10.697999954223633,10.079000015258789,10.231800022125244,10.426549997329712,76.05850026145826,0.3654736670515799,0.3201102133933579,0.04536345365822203,11.682735417321132,10.697999954223633,9.713264491126134,91.13250811481068,93.49042698015198,NICK
2016-12-29,11.449999809265137,11.609999656677246,11.149999618530273,11.609999656677246,11.609999656677246,49100,11.345999717712402,11.229999923706055,10.78449993133545,10.10840000152588,10.242000017166138,10.43204999446869,78.94544400596489,0.38433501127063074,0.33295517296881244,0.051379838301818304,11.770552106424885,10.78449993133545,9.798447756246015,90.56030005084966,92.15734228329609,NICK
2016-12-30,11.619999885559082,12.5,11.300000190734863,11.890000343322754,11.890000343322754,197700,11.485999870300294,11.317999935150146,10.877999925613404,10.143000011444093,10.252900018692017,10.438599996566772,82.184378375266,0.41706876865305453,0.34977789210566085,0.06729087654739369,11.909922519338945,10.877999925613404,9.846077331887862,85.58003411585378,89.09094742717123,NICK
2017-01-03,11.670000076293945,11.989999771118164,11.670000076293945,11.75,11.75,4500,11.58799991607666,11.377999973297118,10.966499948501587,10.177800006866455,10.26480001449585,10.444399995803833,75.89745774732758,0.4267938358682031,0.3651810808581693,0.06161275501003377,11.978592390659601,10.966499948501587,9.954407506343573,78.33200128992027,84.82411181887444,NICK
2017-01-04,11.760000228881836,11.960000038146973,11.069999694824219,11.84000015258789,11.84000015258789,90100,11.7,11.444999980926514,11.052499961853027,10.216200008392335,10.276700019836426,10.450599994659424,77.109725445142,0.43672894245838556,0.37949065317821257,0.057238289280172994,12.054515506783897,11.052499961853027,10.050484416922156,68.07559051100583,77.32920863892649,NICK
2017-01-05,11.850000381469727,11.989999771118164,11.539999961853027,11.720000267028809,11.720000267028809,46700,11.76200008392334,11.502999973297118,11.120999956130982,10.253400020599365,10.288700017929077,10.456099996566772,71.91594997010624,0.4299632494293615,0.3895851724284424,0.04037807700091911,12.108763265235389,11.120999956130982,10.133236647026575,61.82339736083123,69.41032972058564,NICK
2017-01-06,11.6899995803833,12.210000038146973,11.470000267028809,12.039999961853027,12.039999961853027,47700,11.848000144958496,11.59699993133545,11.213499975204467,10.303000011444091,10.301300020217896,10.463349995613099,76.46781770567101,0.445289667874885,0.4007260715177309,0.04456359635715412,12.181493365095935,11.213499975204467,10.245506585312999,65.53673351365165,65.14524046182943,NICK
2017-01-09,12.050000190734863,12.5,12.050000190734863,12.09000015258789,12.09000015258789,14200,11.888000106811523,11.686999988555907,11.294999980926514,10.353000011444092,10.316600017547607,10.471249995231629,77.0925772606851,0.45621163864866254,0.41182318494391723,0.04438845370474531,12.269956533960654,11.294999980926514,10.320043427892374,68.92656889262484,65.42889992236911,NICK
2017-01-10,12.029999732971191,12.029999732971191,11.75,11.779999732971191,11.779999732971191,7900,11.894000053405762,11.740999984741212,11.359499979019166,10.39420000076294,10.329200010299683,10.477699995040894,65.48440389923178,0.43484036702167295,0.4164266213594684,0.01841374566220455,12.282180403449406,11.359499979019166,10.436819554588926,70.05650204564013,68.17326815063875,NICK
2017-01-11,11.829999923706055,12.039999961853027,11.8100004196167,12.039999961853027,12.039999961853027,48800,11.934000015258789,11.817000007629394,11.441499996185303,10.440799999237061,10.344000005722046,10.484999995231629,69.61662429208847,0.43388180646093844,0.4199176583797624,0.01396414808117602,12.297613897098861,11.441499996185303,10.585386095271746,70.05650204564013,69.67985766130157,NICK
2017-01-12,11.949999809265137,11.949999809265137,11.5,11.510000228881836,11.510000228881836,127900,11.892000007629395,11.827000045776368,11.48949999809265,10.478600006103516,10.353600006103516,10.489299998283386,55.12800559011984,0.3859070944858978,0.4131155456009895,-0.027208451115091736,12.241629698581487,11.48949999809265,10.737370297603814,59.13371911335279,66.4155744015442,NICK
2017-01-13,11.630000114440918,11.949999809265137,11.25,11.390000343322754,11.390000343322754,8800,11.76200008392334,11.805000114440919,11.517500019073486,10.513800010681152,10.362000007629394,10.492300000190735,52.465574827585236,0.33434962734420637,0.39736236194963287,-0.0630127346054265,12.20855359752767,11.517500019073486,10.826446440619302,51.789099738862404,60.32644029928496,NICK
2017-01-17,11.289999961853027,11.289999961853027,10.8100004196167,11.109999656677246,11.109999656677246,17600,11.565999984741211,11.727000045776368,11.522499990463256,10.556599998474121,10.367700004577637,10.49375,46.78752660477501,0.26780911110655303,0.3714517117810169,-0.10364260067446385,12.200109871663718,11.522499990463256,10.844890109262794,33.035811256211666,47.98621003614213,NICK
2017-01-18,11.109999656677246,11.729999542236328,10.989999771118164,11.520000457763672,11.520000457763672,46600,11.514000129699706,11.704000091552734,11.541000032424927,10.608600006103515,10.377400007247925,10.497450003623962,54.54494355526901,0.2453308889431316,0.34622754721343985,-0.10089665827030825,12.196771401885897,11.541000032424927,10.885228662963957,32.35048558998009,39.058465528351235,NICK
2017-01-19,11.4399995803833,11.630000114440918,11.0600004196167,11.25,11.25,7900,11.3560001373291,11.645000076293945,11.545000028610229,10.655200004577637,10.384700002670288,10.500100002288818,49.434076409566835,0.20338545456109003,0.31765912868296986,-0.11427367412187983,12.192595658159519,11.545000028610229,10.897404399060939,28.599590051613443,31.328628965934914,NICK
2017-01-20,11.170000076293945,11.489999771118164,10.9399995803833,11.15999984741211,11.15999984741211,29500,11.286000061035157,11.589000034332276,11.546000003814697,10.700599994659424,10.390600004196166,10.502000002861022,47.825423501912475,0.1610249401856887,0.28633229098351365,-0.12530735079782496,12.191148187178504,11.546000003814697,10.90085182045089,29.585787352394686,30.17862099799592,NICK
2017-01-23,11.1899995803833,11.369999885559082,11.100000381469727,11.109999656677246,11.109999656677246,36200,11.229999923706055,11.496000003814697,11.546499967575073,10.748799991607665,10.395799999237061,10.503800001144409,46.91208089039048,0.12201284173966442,0.2534684011347438,-0.13145555939507936,12.190278894348076,11.546499967575073,10.90272104080207,21.498984534107688,26.561453979371787,NICK
2017-01-24,11.140000343322754,11.34000015258789,10.949999809265137,11.199999809265137,11.199999809265137,4600,11.247999954223634,11.406999969482422,11.546999979019166,10.798599987030029,10.401799993515015,10.50625,48.80721488196686,0.09723684696144552,0.22222209030008414,-0.12498524333863861,12.189685184418574,11.546999979019166,10.904314773619758,20.512787233326446,23.865853039942788,NICK
2017-01-25,11.180000305175781,11.239999771118164,10.899999618530273,10.899999618530273,10.899999618530273,5400,11.123999786376952,11.31899995803833,11.52999997138977,10.830399971008301,10.404599990844726,10.507149996757507,43.26318371686966,0.05278570367816293,0.1883348129756999,-0.13554910929753697,12.220478312806836,11.52999997138977,10.839521629972705,15.38457631738317,19.132116028272282,NICK
2017-01-26,10.989999771118164,10.989999771118164,10.779999732971191,10.890000343322754,10.890000343322754,26900,11.051999855041505,11.203999996185303,11.51050000190735,10.85939998626709,10.407499990463258,10.508449997901916,43.08750278131892,0.01656009990771956,0.15397987036210384,-0.13741977045438428,12.248510317329906,11.51050000190735,10.772489686484793,11.599224576289151,15.83219604233277,NICK
2017-01-27,11.15999984741211,11.15999984741211,10.770000457763672,10.800000190734863,10.800000190734863,6600,10.979999923706055,11.132999992370605,11.480000019073486,10.883999996185302,10.409799995422363,10.509649996757508,41.45576452369315,-0.019190001827219305,0.1193458959242392,-0.13853589775145853,12.27992512180695,11.480000019073486,10.680074916340022,4.484956702488943,10.489585865386937,NICK
2017-01-30,10.770000457763672,11.029999732971191,10.75,11.029999732971191,11.029999732971191,8000,10.963999938964843,11.09699993133545,11.451000022888184,10.910599994659425,10.415299997329711,10.511699995994569,46.98155676673561,-0.028633109483010344,0.08975009484278929,-0.11838320432579963,12.271753482345442,11.451000022888184,10.630246563430926,9.944959566107652,8.67638028162843,NICK
2017-01-31,10.9399995803833,11.039999961853027,10.729999542236328,11.0,11.0,10400,10.923999977111816,11.085999965667725,11.406500005722046,10.932999992370606,10.419399995803833,10.513849997520447,46.36681491903184,-0.03809839350182287,0.06418039717386685,-0.10227879067568972,12.223721629861242,11.406500005722046,10.58927838158285,14.683403577714678,9.704439948770274,NICK
2017-02-01,10.899999618530273,11.100000381469727,10.84000015258789,11.100000381469727,11.100000381469727,17800,10.964000129699707,11.04399995803833,11.374000024795532,10.957000007629395,10.424499998092651,10.516500000953675,48.77302232746265,-0.03710280617992545,0.04392375650310839,-0.08102656268303385,12.18567492439486,11.374000024795532,10.562325125196203,24.214684222423426,16.281015788748434,NICK
2017-02-02,11.010000228881836,11.25,10.739999771118164,11.140000343322754,11.140000343322754,37600,11.014000129699706,11.032999992370605,11.339000034332276,10.982800006866455,10.43090000152588,10.519350004196166,49.74426488637392,-0.03270908347301216,0.02859718850788428,-0.061306271980896436,12.127312213405412,11.339000034332276,10.55068785525914,28.18175401763956,22.359947272592404,NICK
2017-02-03,11.079999923706055,11.239999771118164,11.029999732971191,11.09000015258789,11.09000015258789,9600,11.072000122070312,11.026000022888184,11.30750002861023,11.00060001373291,10.43579999923706,10.521150007247925,48.50625674933608,-0.032882574248747076,0.016301235956558007,-0.04918381020530509,12.08263552837262,11.30750002861023,10.53236452884784,33.311535907789136,28.569324715950557,NICK
2017-02-06,11.050000190734863,11.289999961853027,11.050000190734863,11.260000228881836,11.260000228881836,4800,11.11800022125244,11.041000080108642,11.26850004196167,11.01980001449585,10.444400005340576,10.523800010681152,52.806788447365285,-0.019082510231942962,0.009224486718857812,-0.028306996950800772,11.966992033979011,11.26850004196167,10.570008049944327,40.868915127964925,34.12073501779772,NICK
2017-02-07,11.300000190734863,11.300000190734863,11.130000114440918,11.260000228881836,11.260000228881836,2400,11.170000267028808,11.047000122070312,11.227000045776368,11.037400016784668,10.454500007629395,10.526900010108948,52.80678844736529,-0.008053029760294095,0.005768983423027431,-0.013822013183321526,11.81525511561546,11.227000045776368,10.638744975937275,49.29635248065671,41.15893450547011,NICK
2017-02-08,10.8100004196167,11.119999885559082,10.8100004196167,10.920000076293945,10.920000076293945,7400,11.134000205993653,11.04900016784668,11.184000062942506,11.04820001602173,10.461700010299683,10.528650012016296,44.23728732585304,-0.026442445782278057,-0.0006733024180336673,-0.02576914336424439,11.728367676363321,11.184000062942506,10.63963244952169,45.6296863828421,45.26498466382109,NICK
2017-02-09,10.960000038146973,11.1899995803833,10.710000038146973,10.880000114440918,10.880000114440918,54400,11.082000160217286,11.048000144958497,11.1260000705719,11.063200016021728,10.4668000125885,10.530300011634827,43.34607595211338,-0.04373964964210941,-0.009286571862848817,-0.0344530777792606,11.519466880395015,11.1260000705719,10.732533260748784,36.54886125207839,43.824966705192246,NICK
2017-02-10,10.899999618530273,11.260000228881836,10.899999618530273,11.130000114440918,11.130000114440918,35600,11.09000015258789,11.081000137329102,11.107000064849853,11.087400016784668,10.474900016784668,10.532950010299682,50.11098931936833,-0.036850112499333676,-0.01479927999014579,-0.022050832509187886,11.45897180422179,11.107000064849853,10.755028325477916,39.14144089354652,40.43999617615552,NICK
2017-02-13,11.140000343322754,11.1899995803833,10.869999885559082,10.90999984741211,10.90999984741211,53400,11.020000076293945,11.069000148773194,11.083000040054321,11.108000011444092,10.480700016021729,10.534250011444092,45.01680352846697,-0.04858226153792522,-0.021555876299701675,-0.027026385238223545,11.419636470297245,11.083000040054321,10.746363609811397,42.10750797628027,39.26593670730157,NICK
2017-02-14,10.949999809265137,10.989999771118164,10.899999618530273,10.90999984741211,10.90999984741211,9100,10.95,11.060000133514404,11.073000049591064,11.12579999923706,10.48560001373291,10.535700011253358,45.01680352846698,-0.05722047219166093,-0.028688795478093526,-0.028531676713567405,11.417621732601427,11.073000049591064,10.728378366580701,44.821064882164954,42.02333791733043,NICK
2017-02-15,10.90999984741211,11.079999923706055,10.880000114440918,11.0600004196167,11.0600004196167,14700,10.978000068664551,11.056000137329102,11.050000047683715,11.147400016784667,10.492500019073486,10.538450012207031,49.107826140342596,-0.05137035828648173,-0.03322510803977117,-0.018145250246710563,11.326983854330518,11.050000047683715,10.773016241036913,42.372870397310585,43.10048108525178,NICK
2017-02-16,11.069999694824219,11.260000228881836,10.9399995803833,11.199999809265137,11.199999809265137,40100,11.042000007629394,11.06200008392334,11.047500038146973,11.169000015258788,10.500500020980835,10.541550011634827,52.64901298273639,-0.03503347604367235,-0.03358678164055141,-0.0014466944031209447,11.318045817015108,11.047500038146973,10.776954259278838,58.7570447957416,48.65032669173889,NICK
2017-02-17,11.100000381469727,11.229999542236328,10.989999771118164,11.170000076293945,11.170000076293945,6700,11.05,11.070000076293946,11.048000049591064,11.185400009155273,10.511400022506713,10.544800009727478,51.81696995916817,-0.024227823628418577,-0.03171499003812484,0.007487166409706265,11.31941123003492,11.048000049591064,10.776588869147208,73.44631946464968,58.19207821923379,NICK
2017-02-21,10.960000038146973,11.270000457763672,10.949999809265137,11.25,11.25,15600,11.118000030517578,11.069000053405762,11.055000066757202,11.206600017547608,10.522200021743775,10.548550009727478,53.90881859813968,-0.00910399578660126,-0.027192791187820125,0.018088795401218865,11.33935905403529,11.055000066757202,10.770641079479114,84.1807562581496,72.1280401728468,NICK
2017-02-22,11.25,11.300000190734863,11.119999885559082,11.289999961853027,11.289999961853027,16200,11.194000053405762,11.07200002670288,11.059500074386596,11.223200016021728,10.533500022888184,10.552500009536743,54.96168429867125,0.006039786468473807,-0.020546275656561336,0.026586062125035143,11.355505206850134,11.059500074386596,10.763494941923058,89.26550932660939,82.29752834980273,NICK
2017-02-23,11.239999771118164,11.300000190734863,10.75,11.15999984741211,11.15999984741211,286400,11.213999938964843,11.096000003814698,11.072500085830688,11.236600017547607,10.543900022506714,10.555650010108948,50.89275676710155,0.007465364160569976,-0.014943947693135073,0.02240931185370505,11.362111893336085,11.072500085830688,10.782888278325292,88.70052479013809,87.38226345829888,NICK
2017-02-24,11.300000190734863,11.449999809265137,11.289999961853027,11.4399995803833,11.4399995803833,4700,11.261999893188477,11.151999950408936,11.100000047683716,11.257400016784668,10.556000022888183,10.559850006103515,58.08957526360865,0.030833355419481734,-0.005788487070611711,0.03662184249009345,11.418119446549886,11.100000047683716,10.781880648817546,91.07493269283312,89.68032226986004,NICK
2017-02-27,11.350000381469727,11.350000381469727,11.279999732971191,11.289999961853027,11.289999961853027,5200,11.285999870300293,11.167999935150146,11.124500036239624,11.272200012207032,10.567900018692017,10.563250007629394,53.561006700975156,0.03682445187439498,0.0027341007183896288,0.03409035115600535,11.421179939200812,11.124500036239624,10.827820133278436,84.43271466623948,88.0693907164034,NICK
2017-02-28,10.949999809265137,11.260000228881836,10.949999809265137,11.100000381469727,11.100000381469727,7700,11.255999946594239,11.186999988555907,11.128000068664551,11.277600021362305,10.577400026321412,10.565800008773804,48.41264846354741,0.025942017307077236,0.00737568403612715,0.018566333270950086,11.421775406408024,11.128000068664551,10.834224730921079,76.57659167003918,84.02807967637044,NICK
2017-03-01,11.039999961853027,11.079999923706055,10.779999732971191,10.859999656677246,10.859999656677246,58100,11.169999885559083,11.181999969482423,11.121000051498413,11.274600009918213,10.585000019073487,10.567100005149841,42.8143736089595,-0.002025099130046115,0.005495527402892497,-0.007520626532938612,11.432762763756458,11.121000051498413,10.809237339240369,50.4504608997708,70.486589078683,NICK
2017-03-02,10.859999656677246,11.09000015258789,10.739999771118164,10.90999984741211,10.90999984741211,51600,11.119999885559082,11.166999912261963,11.111500024795532,11.26980001449585,10.592800016403197,10.568550004959107,44.26048696252366,-0.01992496033549429,0.00041142985521513964,-0.02033639019070943,11.436540032674102,11.111500024795532,10.786460016916962,32.30555393983855,53.110868836549365,NICK
2017-03-03,10.859999656677246,11.09000015258789,10.800000190734863,10.890000343322754,10.890000343322754,4700,11.010000038146973,11.135999965667725,11.099000024795533,11.264200019836426,10.601000022888183,10.570050005912782,43.78355250593419,-0.03531740507811065,-0.006734337131450019,-0.028583067946660635,11.437638437957611,11.099000024795533,10.760361611633455,21.780245480454322,34.84542010668775,NICK
2017-03-06,10.789999961853027,10.890000343322754,10.619999885559082,10.619999885559082,10.619999885559082,7200,10.876000022888183,11.080999946594238,11.075500011444092,11.253800010681152,10.607200021743774,10.57010000705719,37.853264233670835,-0.06851303328691394,-0.019090076362542806,-0.04942295692437113,11.473418344141473,11.075500011444092,10.67758167874671,15.023503817159883,23.036434412484102,NICK
2017-03-07,10.640000343322754,10.680000305175781,10.239999771118164,10.34000015258789,10.34000015258789,6700,10.723999977111816,10.989999961853027,11.029500007629395,11.238600006103516,10.610100021362305,10.568700008392334,32.87967290595514,-0.11607638983240243,-0.03848733905651473,-0.0775890507758877,11.530757367197749,11.029500007629395,10.52824264806104,9.797111365420788,15.533620221011516,NICK
2017-03-08,10.279999732971191,10.329999923706055,10.010000228881836,10.119999885559082,10.119999885559082,16300,10.576000022888184,10.872999954223634,10.972499990463257,11.217200012207032,10.610800018310547,10.566100006103516,29.58993672433379,-0.16956819885657914,-0.06470351101652762,-0.10486468784005153,11.599456892254237,10.972499990463257,10.345543088672278,5.30112044959752,10.040578544059247,NICK
2017-03-09,10.180000305175781,10.289999961853027,10.100000381469727,10.199999809265137,10.199999809265137,3200,10.434000015258789,10.776999950408936,10.936499977111817,11.19640001296997,10.612400016784669,10.563600006103515,32.24471236739508,-0.2031635744191238,-0.09239552369704686,-0.11076805072207695,11.648322293881105,10.936499977111817,10.224677660342529,9.699260166016197,8.265830660344685,NICK
2017-03-10,10.34000015258789,10.359999656677246,10.180000305175781,10.25,10.25,4400,10.305999946594238,10.657999992370605,10.90499997138977,11.175800018310547,10.613700017929077,10.56130000591278,33.9216580602755,-0.22318086399589632,-0.11855259175681676,-0.10462827223907956,11.67723051081915,10.90499997138977,10.13276943196039,12.499980683674588,9.166787099762619,NICK
2017-03-13,10.279999732971191,10.529999732971191,10.25,10.529999732971191,10.529999732971191,70700,10.28799991607666,10.581999969482421,10.874999952316283,11.158200016021729,10.61860001564026,10.560200004577636,42.50362623553324,-0.2139843929259122,-0.13763895199063586,-0.07634544093527634,11.656498528347003,10.874999952316283,10.093501376285564,21.990720657894467,14.729987169194935,NICK
2017-03-14,10.449999809265137,10.699999809265137,10.279999732971191,10.550000190734863,10.550000190734863,29800,10.329999923706055,10.526999950408936,10.856999969482422,11.13700002670288,10.622700014114379,10.558900003433228,43.07237158212349,-0.20274513385659,-0.1506601883638267,-0.052084945492763296,11.65092943567206,10.856999969482422,10.063070503292783,30.092583700950886,21.52776168083983,NICK
2017-03-15,10.609999656677246,10.699999809265137,10.399999618530273,10.619999885559082,10.619999885559082,32600,10.429999923706054,10.502999973297118,10.84249997138977,11.111600017547607,10.62730001449585,10.558100004196167,45.11855169450306,-0.18604493945611011,-0.1577371385822834,-0.028307800873826727,11.642596845555138,10.84249997138977,10.042403097224403,38.65739836246153,30.246900907102145,NICK
2017-03-16,10.6899995803833,10.6899995803833,10.279999732971191,10.380000114440918,10.380000114440918,29100,10.465999984741211,10.45,10.808499956130982,11.084200019836425,10.631000013351441,10.556000003814697,39.832217484463605,-0.18998585220070474,-0.16418688130596765,-0.025798970894737094,11.626333031054305,10.808499956130982,9.990666881207659,35.824345501883805,34.85810918843192,NICK
2017-03-17,10.279999732971191,10.890000343322754,10.100000381469727,10.829999923706055,10.829999923706055,112000,10.581999969482421,10.44399995803833,10.789999961853027,11.06400001525879,10.640100011825561,10.555450005531311,51.343560115118635,-0.15501096028200578,-0.16235169710117528,0.007340736819169497,11.588072616443934,10.789999961853027,9.99192730726212,45.19100127105454,39.89091504513314,NICK
2017-03-20,10.65999984741211,10.699999809265137,10.359999656677246,10.390000343322754,10.390000343322754,15600,10.554000091552734,10.421000003814697,10.750999975204468,11.037400016784668,10.645400018692017,10.553750009536744,42.734343628078456,-0.1609421543901597,-0.16206978855897217,0.0011276341688124802,11.547213443905703,10.750999975204468,9.954786506503234,42.799034155667904,41.271460309535264,NICK
2017-03-21,10.760000228881836,10.760000228881836,10.15999984741211,10.15999984741211,10.15999984741211,8500,10.476000022888183,10.402999973297119,10.696499967575074,10.99980001449585,10.65140001296997,10.551100010871886,39.04845120126695,-0.1821026206228673,-0.1660763549717512,-0.016026265651116117,11.497830679376236,10.696499967575074,9.895169255773911,38.22467613394618,42.07157052022273,NICK
2017-03-22,10.149999618530273,10.3100004196167,10.119999885559082,10.15999984741211,10.15999984741211,4200,10.384000015258788,10.406999969482422,10.639999961853027,10.961200008392334,10.657100009918214,10.547600011825562,39.04845120126695,-0.1966060899433888,-0.1721823019660787,-0.024423787977310096,11.425162323555917,10.639999961853027,9.854837600150137,20.987635788220985,34.00378202594487,NICK
2017-03-23,10.399999618530273,10.399999618530273,10.170000076293945,10.369999885559082,10.369999885559082,6800,10.381999969482422,10.423999977111816,10.600499963760376,10.933000011444092,10.663600006103515,10.546050009727479,44.14942652966908,-0.18897654189568058,-0.17554114995199907,-0.013435391943681513,11.355972641546302,10.600499963760376,9.84502728597445,22.895585224196,27.36929904878757,NICK
2017-03-24,10.369999885559082,10.470000267028809,10.130000114440918,10.449999809265137,10.449999809265137,42500,10.305999946594238,10.44399995803833,10.550999975204467,10.901200008392333,10.671000003814697,10.544950008392334,46.003343289266155,-0.17446363664077325,-0.17532564728975392,0.0008620106489806711,11.202548982917264,10.550999975204467,9.89945096749167,34.93261564593082,26.27194555278245,NICK
2017-03-27,10.649999618530273,10.770000457763672,10.34000015258789,10.489999771118164,10.489999771118164,56500,10.32599983215332,10.439999961853028,10.510999965667725,10.88079999923706,10.679700002670288,10.544950008392334,46.951522020754425,-0.15791405708650785,-0.1718433292491047,0.013929272162596845,11.067449527915773,10.510999965667725,9.954550403419677,48.48479594081613,35.437665603647496,NICK
2017-03-28,10.5,10.619999885559082,10.449999809265137,10.5,10.5,8100,10.3939998626709,10.434999942779541,10.480999946594238,10.862999992370606,10.68840000152588,10.545450010299682,47.201144043198546,-0.14235053282878596,-0.16594476996504096,0.023594237136254997,10.967493536104321,10.480999946594238,9.994506357084155,51.72606893246922,45.04782683973857,NICK
2017-03-29,10.84000015258789,10.84000015258789,10.399999618530273,10.399999618530273,10.399999618530273,300,10.441999816894532,10.41299991607666,10.45799994468689,10.848799991607667,10.702699995040893,10.545000009536743,44.92462728231245,-0.13651189858081914,-0.1600581956881966,0.023546297107377462,10.913130768587168,10.45799994468689,10.002869120786611,47.71761659560715,49.309493822964015,NICK
2017-03-30,10.550000190734863,10.9399995803833,10.229999542236328,10.930000305175781,10.930000305175781,44500,10.553999900817871,10.467999935150146,10.458999967575073,10.836999988555908,10.722799997329712,10.547050008773803,56.81318053020284,-0.08810252183270428,-0.14566706091709813,0.05756453908439385,10.918168947721469,10.458999967575073,9.999830987428677,62.47235443750038,53.97201332185876,NICK
2017-03-31,10.989999771118164,11.239999771118164,10.550000190734863,10.630000114440918,10.630000114440918,60000,10.589999961853028,10.447999954223633,10.445999956130981,10.824599990844726,10.739899997711182,10.547550010681153,50.20679595842884,-0.07310256926151837,-0.13115416258598217,0.0580515933244638,10.868913772889412,10.445999956130981,10.02308613937255,61.09180910009919,57.093926711068754,NICK
2017-04-03,10.720000267028809,10.979999542236328,10.720000267028809,10.720000267028809,10.720000267028809,3600,10.636000061035157,10.480999946594238,10.450999975204468,10.815799999237061,10.758199996948242,10.548400011062622,52.00970799961527,-0.053337892604586656,-0.11559090858970307,0.062253015985116414,10.88426217598874,10.450999975204468,10.017737774420196,66.56227416285508,63.375479233484725,NICK
2017-04-04,10.930000305175781,11.149999618530273,10.760000228881836,10.770000457763672,10.770000457763672,5800,10.69000015258789,10.542000007629394,10.472499990463257,10.809000015258789,10.778900003433227,10.548750014305115,53.02727570223745,-0.03325628863976959,-0.09912398459971637,0.06586769595994678,10.923892504196402,10.472499990463257,10.021107476730112,53.21639383758778,60.290159033513866,NICK
2017-04-05,10.880000114440918,10.880000114440918,10.470000267028809,10.470000267028809,10.470000267028809,2900,10.704000282287598,10.573000049591064,10.490000009536743,10.794400024414063,10.796500005722045,10.547750015258789,46.637576044147394,-0.04107548834259589,-0.08751428534829228,0.04643879700569639,10.911521282684383,10.490000009536743,10.068478736389103,48.538033221346524,56.10556707392964,NICK
2017-04-06,10.470000267028809,10.5,10.369999885559082,10.380000114440918,10.380000114440918,1700,10.594000244140625,10.574000072479247,10.499000024795532,10.784000034332275,10.807200002670289,10.546950016021729,44.88999593190241,-0.053913044574414926,-0.08079403719351681,0.026880992619101887,10.902678306066893,10.499000024795532,10.09532174352417,38.147474731526536,46.633967263486795,NICK
2017-04-07,10.4399995803833,10.619999885559082,10.4399995803833,10.5600004196167,10.5600004196167,1600,10.580000305175782,10.585000133514404,10.514500045776368,10.777400035858154,10.818400011062622,10.547150015830994,49.00564122230475,-0.048997566627207334,-0.07443474308025491,0.025437176453047577,10.902235985988872,10.514500045776368,10.126764105563863,31.652074064969906,39.44586067261417,NICK
2017-04-10,10.369999885559082,10.5,9.779999732971191,9.949999809265137,9.949999809265137,32100,10.426000213623047,10.531000137329102,10.485500049591064,10.76040002822876,10.82220001220703,10.54435001373291,38.50973890269816,-0.09324904921368216,-0.07819760430694037,-0.01505144490674179,10.94447631865209,10.485500049591064,10.026523780530038,24.71463834787815,31.504729048124712,NICK
2017-04-11,9.84000015258789,10.079999923706055,9.84000015258789,9.880000114440918,9.880000114440918,1200,10.248000144958496,10.469000148773194,10.452000045776368,10.737400035858155,10.82400001525879,10.542500014305114,37.51673868686925,-0.13244036821511962,-0.08904615708857622,-0.0433942111265434,10.97988658206104,10.452000045776368,9.924113509491695,19.259649179681073,25.208787197509555,NICK
2017-04-12,9.899999618530273,10.020000457763672,9.779999732971191,9.779999732971191,9.779999732971191,5400,10.110000038146973,10.407000160217285,10.410000038146972,10.713000030517579,10.823000011444092,10.540900011062622,36.08521588480064,-0.16961376403758877,-0.10515967847837873,-0.06445408555921003,11.006892228978698,10.410000038146972,9.813107847315246,6.164393851805822,16.712893793121527,NICK
2017-04-13,10.760000228881836,10.970000267028809,10.020000457763672,10.050000190734863,10.050000190734863,6100,10.044000053405762,10.319000148773194,10.39350004196167,10.69200002670288,10.824500017166137,10.540500011444092,42.46826505408886,-0.17526680101093994,-0.11918110298489097,-0.05608569802604897,11.010696337253766,10.39350004196167,9.776303746669573,8.447507524338022,11.290516851941483,NICK
2017-04-17,10.069999694824219,10.25,9.9399995803833,10.180000305175781,10.180000305175781,6700,9.968000030517578,10.27400016784668,10.361000061035156,10.672800025939942,10.827800016403199,10.54015001296997,45.30077816663996,-0.16732809662143033,-0.12881050171219885,-0.038517594909231484,10.950674776492995,10.361000061035156,9.771325345577317,15.296826768548968,9.969576048230781,NICK
2017-04-18,9.869999885559082,10.140000343322754,9.869999885559082,9.949999809265137,9.949999809265137,1100,9.968000030517578,10.197000122070312,10.339000034332276,10.650000019073486,10.825300016403197,10.53850001335144,41.41570470882284,-0.17754905899150764,-0.1385582131680606,-0.03899084582344703,10.954951577448236,10.339000034332276,9.723048491216316,19.178106947822318,14.307480413569612,NICK
2017-04-19,9.930000305175781,10.079999923706055,9.930000305175781,10.0600004196167,10.0600004196167,6900,10.004000091552735,10.126000118255615,10.334000062942504,10.626000022888183,10.822900018692017,10.537000017166138,43.89400455767092,-0.17475860692871947,-0.1457982919201924,-0.028960315008527082,10.957262646634435,10.334000062942504,9.710737479250573,19.406422669752665,17.960452128707825,NICK
2017-04-20,10.079999923706055,10.079999923706055,10.0600004196167,10.0600004196167,10.0600004196167,1500,10.060000228881837,10.085000133514404,10.329000091552734,10.60200002670288,10.819700021743774,10.535500020980836,43.89400455767091,-0.17058080423646338,-0.15075479438344658,-0.0198260098530168,10.959330318721252,10.329000091552734,9.698669864384216,16.666699326745416,18.417076314773308,NICK
2017-04-21,10.079999923706055,10.210000038146973,9.989999771118164,10.109999656677246,10.109999656677246,34700,10.072000122070312,10.058000087738037,10.316000080108642,10.585800018310547,10.817000017166137,10.532550020217895,45.11789088329107,-0.16137511308258468,-0.1528788581232742,-0.008496254959310473,10.953099943211386,10.316000080108642,9.678900217005898,20.814615042170633,18.96257901288941,NICK
2017-04-24,10.0,10.079999923706055,9.949999809265137,10.0600004196167,10.0600004196167,7300,10.048000144958497,10.008000087738036,10.296500110626221,10.569400024414062,10.816300020217895,10.529600024223328,44.082317424371105,-0.15631218749297915,-0.15356552399721518,-0.002746663495763968,10.939843891258164,10.296500110626221,9.653156329994278,21.23457481235084,19.571963060422135,NICK
2017-04-25,10.050000190734863,10.350000381469727,10.050000190734863,10.170000076293945,10.170000076293945,15500,10.092000198364257,10.030000114440918,10.280500125885009,10.550200023651122,10.818800020217896,10.527000026702881,46.96632552415288,-0.14178927104261874,-0.1512102734062959,0.009421002363677156,10.919702167532375,10.280500125885009,9.641298084237643,25.76623970067074,22.60514318506391,NICK
2017-04-26,10.119999885559082,10.119999885559082,10.020000457763672,10.020000457763672,10.020000457763672,19600,10.084000205993652,10.044000148773193,10.256500148773194,10.532400035858155,10.820200023651124,10.52370002746582,43.6595120593546,-0.14076086708486457,-0.14912039214200962,0.008359525057145045,10.896977494907745,10.256500148773194,9.616022802638643,24.45975016684344,23.82018822662151,NICK
2017-04-27,10.029999732971191,10.180000305175781,10.0,10.050000190734863,10.050000190734863,25600,10.082000160217286,10.07100019454956,10.239000177383422,10.51520004272461,10.820500020980836,10.51990002632141,44.50113799327451,-0.13595788395120323,-0.14648789050384833,0.010530006552645105,10.881959166656356,10.239000177383422,9.596041188110489,25.21011546132465,25.14536844294611,NICK
2017-04-28,10.0,10.020000457763672,9.949999809265137,9.979999542236328,9.979999542236328,32600,10.056000137329102,10.064000129699707,10.19150013923645,10.493600025177003,10.820500020980836,10.516200022697449,42.89110384775632,-0.13622958269877294,-0.14443622894283326,0.008206646244060312,10.759207174484855,10.19150013923645,9.623793103988044,19.88797403869966,23.185946555622422,NICK
2017-05-01,9.949999809265137,10.0,9.949999809265137,9.989999771118164,9.989999771118164,7400,10.042000007629394,10.045000076293945,10.159500122070312,10.469400024414062,10.819200019836426,10.512450022697449,43.20722215019484,-0.1340922391548851,-0.14236743098524363,0.00827519183035852,10.696025338155696,10.159500122070312,9.622974905984929,19.047619047619317,21.381902849214384,NICK
2017-05-02,10.0,10.0600004196167,9.949999809265137,9.960000038146973,9.960000038146973,16200,10.0,10.046000099182129,10.12150011062622,10.445200023651124,10.815300016403198,10.509000024795533,42.44812644562921,-0.13328270665347475,-0.14055048611888984,0.007267779465415097,10.598166952575472,10.12150011062622,9.644833268676969,16.526607501486875,18.487400195935127,NICK
2017-05-03,9.949999809265137,9.979999542236328,9.779999732971191,9.970000267028809,9.970000267028809,2900,9.989999961853027,10.03700008392334,10.081500101089478,10.419600028991699,10.813100023269653,10.505950026512146,42.80882668371376,-0.13033182724266723,-0.13850675434364532,0.008174927100978086,10.457387285809208,10.081500101089478,9.705612916369748,16.24651588468106,17.27358081126226,NICK
2017-05-04,9.970000267028809,9.970000267028809,9.970000267028809,9.970000267028809,9.970000267028809,0,9.973999977111816,10.02800006866455,10.056500101089478,10.393200035095214,10.808200025558472,10.501400027275086,42.80882668371376,-0.12653462169582141,-0.13611232781408053,0.009577706118259116,10.389803480083366,10.056500101089478,9.72319672209559,21.475294216122716,18.082805867430064,NICK
2017-05-05,9.779999732971191,9.789999961853027,9.779999732971191,9.779999732971191,9.779999732971191,1200,9.934000015258789,9.995000076293945,10.02650008201599,10.365600032806396,10.801100025177002,10.495900025367737,37.61421367969604,-0.13727435087373507,-0.13634473242601144,-0.0009296184477236291,10.345641393753185,10.02650008201599,9.707358770278796,16.43327112385784,18.051693741553716,NICK
2017-05-08,9.800000190734863,9.829999923706055,9.729999542236328,9.800000190734863,9.800000190734863,3000,9.896000099182128,9.969000053405761,9.988500070571899,10.332800045013428,10.795100030899048,10.490450024604797,38.46074283592809,-0.1425288104265796,-0.13758154802612507,-0.0049472624004545385,10.210786128354307,9.988500070571899,9.76621401278949,14.874600332718208,17.5943885575661,NICK
2017-05-09,9.720000267028809,9.859999656677246,9.720000267028809,9.84000015258789,9.84000015258789,5100,9.872000122070313,9.936000061035156,9.983000087738038,10.303800048828125,10.788000030517578,10.486250023841858,40.20818311672967,-0.14183041214578473,-0.138431320850057,-0.003399091295727741,10.214093322913289,9.983000087738038,9.751906852562787,10.112669772270637,13.806847076282073,NICK
2017-05-10,9.699999809265137,9.8100004196167,9.699999809265137,9.789999961853027,9.789999961853027,3600,9.836000061035156,9.913000011444092,9.978500080108642,10.277600040435791,10.777600030899048,10.481650023460388,38.72781456566574,-0.1436555522163676,-0.13947616712331912,-0.004179385093048493,10.220679959305292,9.978500080108642,9.736320200911992,14.728058149680804,13.238442751556393,NICK
2017-05-11,9.800000190734863,9.800000190734863,9.5600004196167,9.600000381469727,9.600000381469727,13700,9.76200008392334,9.868000030517578,9.96950011253357,10.252400054931641,10.763500032424927,10.476400027275085,33.656809848878055,-0.1586050666359604,-0.14330194702584736,-0.015303119610113047,10.250745597889933,9.96950011253357,9.688254627177207,12.652349703196196,12.497692541715722,NICK
2017-05-12,9.600000381469727,9.739999771118164,9.59000015258789,9.59000015258789,9.59000015258789,5800,9.724000167846679,9.829000091552734,9.946500110626221,10.226000061035156,10.747900037765502,10.47125002861023,33.4088538710447,-0.16930792306768438,-0.14850314223421476,-0.02080478083346962,10.269750809131406,9.946500110626221,9.623249412121037,7.568962141305607,11.649789998060712,NICK
2017-05-15,9.630000114440918,9.75,9.600000381469727,9.649999618530273,9.649999618530273,7200,9.694000053405762,9.795000076293945,9.920000076293945,10.201200046539306,10.732700033187866,10.46620002746582,36.43468020373748,-0.17097763469180727,-0.15299804072573325,-0.017979593966074014,10.24918094906362,9.920000076293945,9.590819203524271,7.7922412652836535,9.337851036594994,NICK
2017-05-16,9.630000114440918,9.699999809265137,9.569999694824219,9.649999618530273,9.649999618530273,2000,9.655999946594239,9.764000034332275,9.905000066757202,10.18180004119873,10.717800025939942,10.461050024032593,36.43468020373748,-0.17033735024128482,-0.15646590262884358,-0.013871447612441246,10.254084724821567,9.905000066757202,9.555915408692837,10.94314658167111,8.768116662753298,NICK
2017-05-17,9.550000190734863,9.600000381469727,9.5,9.510000228881836,9.510000228881836,15000,9.6,9.718000030517578,9.877500057220459,10.16520004272461,10.701900024414062,10.454850025177002,32.44512004698777,-0.17906257897432454,-0.16098523789793978,-0.018077341076384756,10.258597221871074,9.877500057220459,9.496402892569844,10.272586275902563,9.66932470761895,NICK
2017-05-18,8.989999771118164,8.989999771118164,8.109999656677246,8.149999618530273,8.149999618530273,77500,9.30999984741211,9.535999965667724,9.782000017166137,10.125800037384034,10.671500024795533,10.441800022125244,15.122170681935124,-0.2923480623804,-0.18725780279443183,-0.10509025958596818,10.618028901226571,9.782000017166137,8.945971133105703,6.117678538668341,9.111137132080513,NICK
2017-05-19,8.350000381469727,8.399999618530273,8.319999694824219,8.369999885559082,8.369999885559082,12500,9.065999794006348,9.394999980926514,9.69500002861023,10.089200038909912,10.642800025939941,10.430400023460388,22.34505037139991,-0.36022301454661765,-0.221850845144869,-0.13837216940174865,10.717692760850042,9.69500002861023,8.672307296370416,5.7234576553403995,7.3712408233036095,NICK
2017-05-22,8.359999656677246,8.649999618530273,8.359999656677246,8.529999732971191,8.529999732971191,13800,8.841999816894532,9.267999935150147,9.618499994277954,10.054800033569336,10.615300025939941,10.419600024223328,27.197315828769696,-0.3965327697032688,-0.25678723005654897,-0.13974553964671982,10.744240410291175,9.618499994277954,8.492759578264733,12.614839216390271,8.15199180346618,NICK
2017-05-23,8.529999732971191,9.050000190734863,8.529999732971191,9.050000190734863,9.050000190734863,10800,8.72199993133545,9.188999938964844,9.5625,10.02520004272461,10.591700029373168,10.411750025749207,40.26190160417266,-0.37898017361176883,-0.28122581876759295,-0.09775435484417588,10.684353566220686,9.5625,8.440646433779314,28.77696163145316,15.705086167727785,NICK
2017-05-24,8.9399995803833,8.960000038146973,8.8100004196167,8.829999923706055,8.829999923706055,10800,8.585999870300293,9.092999935150146,9.502999973297118,9.990800037384034,10.563900032043456,10.402950024604797,37.218810804884036,-0.37845915611090497,-0.30067248623625537,-0.0777866698746496,10.647484289447776,9.502999973297118,8.35851565714646,38.046805813941624,26.47953555392819,NICK
2017-05-25,8.789999961853027,8.789999961853027,8.789999961853027,8.789999961853027,8.789999961853027,100,8.713999938964843,9.011999893188477,9.439999961853028,9.954200038909912,10.53290002822876,10.392900023460388,36.67603059238782,-0.37692890680806634,-0.3159237703506176,-0.06100513645744876,10.595768234403998,9.439999961853028,8.284231689302057,43.512559745018855,36.77877573013772,NICK
2017-05-26,8.770000457763672,8.850000381469727,8.149999618530273,8.380000114440918,8.380000114440918,66100,8.715999984741211,8.890999889373779,9.359999990463256,9.914200038909913,10.499200029373169,10.382000021934509,31.59059537474341,-0.4041410479534395,-0.333567225871182,-0.07057382208225754,10.57515444323293,9.359999990463256,8.144845537693582,31.809543427967157,37.78963632897572,NICK
2017-05-30,8.3100004196167,8.579999923706055,8.300000190734863,8.579999923706055,8.579999923706055,4500,8.726000022888183,8.783999919891357,9.289499998092651,9.869200038909913,10.46660002708435,10.371650023460388,36.235285941836786,-0.40490110483019137,-0.34783400166298384,-0.057067103167207534,10.51384448576435,9.289499998092651,8.065155510420952,27.310940001898107,34.21101439162788,NICK
2017-05-31,8.489999771118164,8.489999771118164,8.3100004196167,8.40999984741211,8.40999984741211,27400,8.597999954223633,8.65999994277954,9.211999988555908,9.829600028991699,10.433500022888184,10.36110002040863,34.11501776312387,-0.4144435930296684,-0.36115591993632074,-0.05328767309334764,10.452880506916234,9.211999988555908,7.971119470195582,20.27571489210284,26.46539944065587,NICK
2017-06-01,8.5,8.699999809265137,8.5,8.699999809265137,8.699999809265137,10200,8.57199993133545,8.578999900817871,9.148499965667725,9.80040002822876,10.400100021362304,10.3507000207901,40.50996326314464,-0.39406299744805295,-0.36773733543866716,-0.026325662009385797,10.357289195229567,9.148499965667725,7.939710736105882,27.12471953960088,24.903791477867106,NICK
2017-06-02,8.649999618530273,8.9399995803833,8.649999618530273,8.9399995803833,8.9399995803833,3700,8.601999855041504,8.657999897003174,9.09699993133545,9.776000022888184,10.36860001564026,10.342600016593932,45.24648956303684,-0.3544592670604594,-0.3650817217630256,0.01062245470256623,10.247775461343481,9.09699993133545,7.946224401327418,34.77894578201751,27.393126737906908,NICK
2017-06-05,9.449999809265137,9.449999809265137,8.789999961853027,8.800000190734863,8.800000190734863,2200,8.685999870300293,8.700999927520751,9.047999954223632,9.7446000289917,10.338800020217896,10.33400001525879,43.0912062542897,-0.33055932399871146,-0.3581772422101628,0.02761791821145132,10.161114662065525,9.047999954223632,7.934885246381739,43.327202739561606,35.07695602039316,NICK
2017-06-06,8.579999923706055,9.039999961853027,8.579999923706055,8.890000343322754,8.890000343322754,10500,8.747999954223634,8.736999988555908,9.002499961853028,9.713400039672852,10.307300024032592,10.325650014877318,44.90801690727946,-0.3008877402082941,-0.34671934180978903,0.04583160160149491,10.062044798024372,9.002499961853028,7.942955125681683,48.78500353244406,42.29705068467422,NICK
2017-06-07,9.170000076293945,9.170000076293945,8.8100004196167,8.979999542236328,8.979999542236328,10900,8.861999893188477,8.729999923706055,8.959499931335449,9.683200035095215,10.282000017166137,10.317800011634827,46.73914409203198,-0.267032429459638,-0.33078195933975885,0.06374952988012084,9.946950785423793,8.959499931335449,7.972049077247105,53.55687564915096,48.55636064038537,NICK
2017-06-08,9.039999961853027,9.039999961853027,8.699999809265137,8.699999809265137,8.699999809265137,4600,8.861999893188477,8.716999912261963,8.904999923706054,9.647200031280518,10.255100011825562,10.308550009727478,42.055765137163434,-0.25980066977153093,-0.31658570142611325,0.05678503165458232,9.820805682830963,8.904999923706054,7.989194164581144,53.194023960234496,51.84530104727633,NICK
2017-06-09,8.75,8.949999809265137,8.739999771118164,8.949999809265137,8.949999809265137,6900,8.863999938964843,8.732999897003173,8.872499895095824,9.618200035095215,10.23350001335144,10.300600008964539,47.14798524391427,-0.23123104984755471,-0.29951477111040153,0.06828372126284682,9.73172923100645,8.872499895095824,8.0132705591852,56.2571750515235,54.336024886969476,NICK
2017-06-12,8.84000015258789,8.84000015258789,8.40999984741211,8.65999984741211,8.65999984741211,20100,8.835999870300293,8.760999870300292,8.825999879837036,9.57280002593994,10.204900007247925,10.291150007247925,42.48392468623997,-0.22934623290567835,-0.2854810634694569,0.05613483056377855,9.623305327056574,8.825999879837036,8.028694432617499,47.69231634497309,52.381171785576846,NICK
2017-06-13,8.59000015258789,8.59000015258789,8.0,8.15999984741211,8.15999984741211,45000,8.689999771118163,8.718999862670898,8.751499891281128,9.523400020599365,10.174000005722046,10.279350004196168,35.891445873641636,-0.2651419320776469,-0.2814132371910949,0.016271305113447987,9.504102759832234,8.751499891281128,7.998897022730022,37.26790731649,47.07246623766202,NICK
2017-06-14,8.170000076293945,8.390000343322754,7.760000228881836,7.789999961853027,7.789999961853027,24200,8.451999855041503,8.656999874114991,8.658499908447265,9.46480001449585,10.140300006866456,10.265450005531312,31.941463221467064,-0.3196810954384297,-0.28906680884056185,-0.030614286597867857,9.403651679167622,8.658499908447265,7.913348137726909,17.346795779064486,34.10233981350902,NICK
2017-06-15,7.889999866485596,7.909999847412109,7.699999809265137,7.739999771118164,7.739999771118164,13500,8.259999847412109,8.560999870300293,8.569999885559081,9.40420000076294,10.106600008010865,10.251200003623962,31.437947342565053,-0.36275673897984895,-0.30380479486841927,-0.05895194411142968,9.310026970548247,8.569999885559081,7.829972800569917,5.031772787307443,19.882158627620473,NICK
2017-06-16,7.75,7.880000114440918,7.75,7.809999942779541,7.809999942779541,11400,8.031999874114991,8.447999906539916,8.552999901771546,9.350999994277954,10.072700009346008,10.237250001430512,33.02961820554645,-0.3867874233429607,-0.32040132056332754,-0.06638610277963314,9.344658935994293,8.552999901771546,7.7613408675488005,3.448855530074803,8.609141365482072,NICK
2017-06-19,7.809999942779541,8.119999885559082,7.650000095367432,7.949999809265137,7.949999809265137,53200,7.889999866485596,8.362999868392944,8.531999897956847,9.302399988174438,10.043200011253356,10.223900001049042,36.21877247587405,-0.3900389682001908,-0.3343288500907002,-0.055710118109490614,9.363254399870362,8.531999897956847,7.700745396043333,8.41269581406163,5.631108043814453,NICK
2017-06-20,8.119999885559082,8.479999542236328,7.900000095367432,8.239999771118164,8.239999771118164,70100,7.905999851226807,8.297999811172485,8.517499899864196,9.255999975204467,10.01670000553131,10.212099997997283,42.343618032907685,-0.36500768623737656,-0.34046461732003547,-0.024543068917341093,9.358448805479446,8.517499899864196,7.676550994248947,18.576713436704207,10.14608826028004,NICK
2017-06-21,8.289999961853027,8.489999771118164,8.029999732971191,8.15999984741211,8.15999984741211,25700,7.979999828338623,8.215999841690063,8.472999882698058,9.220199975967407,9.990300002098083,10.200049998760223,41.16912558910323,-0.34761841153380324,-0.34189537616278903,-0.005723035371014207,9.290388407996515,8.472999882698058,7.655611357399603,25.925914152167348,17.63844113431089,NICK
2017-06-22,8.220000267028809,8.25,8.149999618530273,8.149999618530273,8.149999618530273,26000,8.061999797821045,8.160999822616578,8.43899986743927,9.185599966049194,9.961500000953674,10.188399999141692,41.015974408934504,-0.3308306115881461,-0.33968242324786047,0.008851811659714381,9.250711654598783,8.43899986743927,7.627288080279757,29.629614912431332,24.710747500434124,NICK
2017-06-23,8.199999809265137,8.479999542236328,8.199999809265137,8.420000076293945,8.420000076293945,26300,8.183999824523926,8.107999849319459,8.420499873161315,9.15839997291565,9.935700001716613,10.177549998760224,46.77326051397684,-0.29236912939785853,-0.33021976447786006,0.03785063508000153,9.216074515427891,8.420499873161315,7.624925230894739,35.589657960386425,30.381729008328193,NICK
2017-06-26,8.489999771118164,8.489999771118164,8.449999809265137,8.470000267028809,8.470000267028809,800,8.28799991607666,8.088999891281128,8.424999880790711,9.126799974441528,9.909400000572205,10.166949999332427,47.7895850065249,-0.25491502837080127,-0.3151588172564483,0.06024378888564702,9.220625435213226,8.424999880790711,7.629374326368197,44.12767673705858,36.44898320329194,NICK
2017-06-27,8.5,8.699999809265137,8.489999771118164,8.649999618530273,8.649999618530273,10000,8.369999885559082,8.137999868392944,8.428499865531922,9.096199960708619,9.88449999332428,10.157699997425079,51.38814451860958,-0.2083067100290208,-0.2937883958109628,0.08548168578194199,9.227431024652155,8.428499865531922,7.629568706411688,58.84923105261763,46.1888552500207,NICK
2017-06-28,8.6899995803833,8.989999771118164,8.6899995803833,8.760000228881836,8.760000228881836,7500,8.489999961853027,8.234999895095825,8.445999884605408,9.072399969100951,9.861199994087219,10.14849999666214,53.49753209418498,-0.16064137819440738,-0.2671589922876517,0.10651761409324434,9.257773278102079,8.445999884605408,7.634226491108738,69.5752166479442,57.51737481253995,NICK
2017-06-29,8.8100004196167,9.220000267028809,8.770000457763672,9.140000343322754,9.140000343322754,15700,8.688000106811524,8.374999952316283,8.467999911308288,9.053999967575074,9.83999999523163,10.142200000286103,59.96106569708726,-0.09115267457149656,-0.2319577287444207,0.14080505417292413,9.328502190610308,8.467999911308288,7.607497632006268,83.22757785588969,70.55067518548366,NICK
2017-06-30,9.039999961853027,9.229999542236328,9.039999961853027,9.199999809265137,9.199999809265137,3000,8.844000053405761,8.513999938964844,8.48099992275238,9.036799955368043,9.81939999103546,10.136949999332428,60.88550848536162,-0.03088489895618629,-0.1917431627867738,0.16085826383058752,9.37676563101218,8.48099992275238,7.585234214492581,91.94719899254848,81.5833311654606,NICK
2017-07-03,9.279999732971191,9.460000038146973,9.199999809265137,9.460000038146973,9.460000038146973,2500,9.042000007629394,8.664999961853027,8.513999915122985,9.023799962997437,9.804799990653992,10.133250000476837,64.69007636078207,0.03742616742195004,-0.14590929674502903,0.18333546416697907,9.498568966587792,8.513999915122985,7.529430863658179,97.66858202466182,90.94778629103314,NICK
2017-07-05,9.020000457763672,9.449999809265137,9.020000457763672,9.289999961853027,9.289999961853027,15000,9.170000076293945,8.769999980926514,8.5339998960495,9.008399953842163,9.788899989128113,10.127850000858308,60.54345019705886,0.07695846499479764,-0.10133574439706369,0.17829420939186133,9.563531911218401,8.5339998960495,7.504467880880596,96.23633745106882,95.28403948942618,NICK
2017-07-06,9.0600004196167,9.319999694824219,9.0600004196167,9.289999961853027,9.289999961853027,4100,9.276000022888184,8.882999992370605,8.549499917030335,8.990799951553345,9.770499987602234,10.12270000219345,60.543450197058846,0.10705404326418133,-0.05965778686481468,0.166711830128996,9.614159135125638,8.549499917030335,7.484840698935034,93.73848686304835,95.88113544625948,NICK
2017-07-07,9.1899995803833,9.329999923706055,9.1899995803833,9.210000038146973,9.210000038146973,1600,9.289999961853027,8.989000034332275,8.574999928474426,8.97459994316101,9.753499989509583,10.117100002765655,58.497002471812024,0.12303145063527765,-0.023119939364796213,0.14615139000007388,9.676644284347601,8.574999928474426,7.4733555726012515,89.13443515212056,93.03641982207905,NICK
2017-07-10,9.220000267028809,9.260000228881836,9.149999618530273,9.239999771118164,9.239999771118164,6100,9.297999954223632,9.071000003814698,8.589499926567077,8.958399934768677,9.736799988746643,10.111200001239776,59.055906511586585,0.13654043567147056,0.008812135642457149,0.12772830002901342,9.717816931257321,8.589499926567077,7.4611829218768335,87.56433114157153,90.14575105224662,NICK
2017-07-11,9.199999809265137,9.3100004196167,9.199999809265137,9.210000038146973,9.210000038146973,1200,9.247999954223634,9.144999980926514,8.61699993610382,8.942999944686889,9.718299984931946,10.105400002002716,58.21169223521204,0.14317524085401523,0.03568475668476877,0.10749048416924646,9.777208663403089,8.61699993610382,7.456791208804551,84.86758312618731,87.1887831399596,NICK
2017-07-12,9.260000228881836,9.300000190734863,9.09000015258789,9.1899995803833,9.1899995803833,10000,9.227999877929687,9.198999977111816,8.66849992275238,8.926999940872193,9.698199982643127,10.099350001811981,57.620304746040986,0.14514634525401782,0.057577074398618575,0.08756927085539924,9.834420674200869,8.66849992275238,7.502579171303891,82.6013963822126,85.0111035499903,NICK
2017-07-13,9.1899995803833,9.3100004196167,9.15999984741211,9.199999809265137,9.199999809265137,4600,9.20999984741211,9.242999935150147,8.738999915122985,8.911799936294555,9.67849997997284,10.094950001239777,57.85087599334084,0.14583430746962023,0.0752285210128189,0.07060578645680132,9.853287217650374,8.738999915122985,7.624712612595596,80.4239452773165,82.63097492857194,NICK
2017-07-14,9.119999885559082,9.34000015258789,9.119999885559082,9.34000015258789,9.34000015258789,1900,9.235999870300294,9.26299991607666,8.818999934196473,8.899199934005738,9.659399981498717,10.090800001621247,61.04610542589028,0.15587949833129855,0.09135871647651483,0.06452078185478372,9.8623963976316,8.818999934196473,7.775603470761346,82.2910584959875,81.77213338517201,NICK
2017-07-17,9.119999885559082,9.119999885559082,8.880000114440918,8.949999809265137,8.949999809265137,7100,9.177999877929688,9.23799991607666,8.875999927520752,8.878799924850464,9.635999979972839,10.084750001430512,49.73518802045847,0.1308621190737469,0.09925939699596124,0.03160272207778565,9.811679455922846,8.875999927520752,7.940320399118658,71.63552071428445,78.11684149586262,NICK
2017-07-18,8.869999885559082,8.869999885559082,8.630000114440918,8.670000076293945,8.670000076293945,3500,9.069999885559081,9.158999919891357,8.911999940872192,8.85659993171692,9.611099982261658,10.077500002384186,43.503052216177565,0.08743414102441704,0.0968943458016524,-0.00946020477723536,9.753013686279935,8.911999940872192,8.07098619546445,46.78692338333973,66.90450086453703,NICK
2017-07-19,8.649999618530273,8.979999542236328,8.640000343322754,8.90999984741211,8.90999984741211,53900,9.013999938964844,9.120999908447265,8.94549994468689,8.838799924850465,9.585799984931946,10.070900003910065,49.36040354617455,0.07155825231685142,0.09182712710469221,-0.020268874787840785,9.728123144820426,8.94549994468689,8.162876744553355,28.658951644468107,49.02713191403057,NICK
2017-07-20,8.779999732971191,9.25,8.779999732971191,9.050000190734863,9.050000190734863,12100,8.98400001525879,9.09699993133545,8.989999961853027,8.822999925613404,9.563399987220764,10.06565000295639,52.45687425449766,0.06947251787009812,0.08735620525777339,-0.017883687387675276,9.68524096107369,8.989999961853027,8.294758962632363,29.718869041737538,35.05491468984826,NICK
2017-07-21,8.979999542236328,8.979999542236328,8.949999809265137,8.949999809265137,8.949999809265137,600,8.905999946594239,9.070999908447266,9.02999997138977,8.806199922561646,9.541899981498718,10.059650003910065,50.10033535950886,0.05906944742710607,0.08169885369163993,-0.022629406264533858,9.609792978445276,9.02999997138977,8.450206964334265,40.96383927101005,33.113886652405036,NICK
2017-07-24,8.890000343322754,8.920000076293945,8.819999694824219,8.84000015258789,8.84000015258789,2200,8.884000015258788,9.030999946594239,9.050999975204467,8.790999917984008,9.521699986457826,10.053350002765656,47.56888435716176,0.04147083617783487,0.07365325018887892,-0.03218241401104405,9.567909969512135,9.050999975204467,8.5340899808968,38.255459135306204,36.3127224826844,NICK
2017-07-25,8.949999809265137,9.010000228881836,8.760000228881836,8.760000228881836,8.760000228881836,5600,8.902000045776367,8.985999965667725,9.065499973297118,8.774399919509888,9.500199990272522,10.04650000333786,45.758047585165265,0.020828388023902633,0.06308827775588366,-0.042259889731981026,9.530020135107533,9.065499973297118,8.600979811486704,27.491276071180135,35.5701914924986,NICK
2017-07-26,8.510000228881836,8.699999809265137,8.510000228881836,8.5600004196167,8.5600004196167,3900,8.832000160217286,8.923000049591064,9.06100001335144,8.752599935531617,9.476899991035461,10.038950006961823,41.504278597424324,-0.011536231502736527,0.048163375904159623,-0.05969960740689615,9.542950044954527,9.06100001335144,8.579049981748355,16.64792149656871,27.464885567684828,NICK
2017-07-27,8.40999984741211,8.510000228881836,8.399999618530273,8.5,8.5,8900,8.722000122070312,8.853000068664551,9.048000001907349,8.729599943161011,9.45569999217987,10.031450006961823,40.29407890782541,-0.04154801837761468,0.030221097047804762,-0.07176911542541944,9.573760271153661,9.048000001907349,8.522239732661037,11.65744220636536,18.598879924704544,NICK
2017-07-28,8.399999618530273,8.609999656677246,8.399999618530273,8.569999694824219,8.569999694824219,1100,8.646000099182128,8.776000022888184,9.019499969482421,8.710799932479858,9.437999987602234,10.02405000448227,42.40407882666835,-0.05900402368246738,0.012376072901750333,-0.0713800965842177,9.582686350243996,9.019499969482421,8.456313588720846,11.582518851283888,13.295960851405797,NICK
2017-07-31,8.569999694824219,8.569999694824219,8.569999694824219,8.569999694824219,8.569999694824219,0,8.592000007629395,8.738000011444091,8.987999963760377,8.719199934005736,9.422499985694886,10.016650002002716,42.40407882666835,-0.0720079705887482,-0.004500735796349374,-0.06750723479239881,9.577155256518168,8.987999963760377,8.398844671002585,15.602846952944958,12.947602670197881,NICK
2017-08-01,8.850000381469727,8.899999618530273,8.779999732971191,8.859999656677246,8.859999656677246,13100,8.611999893188477,8.756999969482422,8.95799994468689,8.7289999294281,9.409099984169007,10.010750000476838,50.76427608264824,-0.058241744335150614,-0.015248937504109623,-0.042992806831040994,9.507748938397121,8.95799994468689,8.408250950976658,28.368784972265985,18.518050258831423,NICK
2017-08-02,9.010000228881836,9.010000228881836,8.779999732971191,8.890000343322754,8.890000343322754,6300,8.677999877929688,8.755000019073487,8.937999963760376,8.736199941635132,9.395499987602234,10.004600002765656,51.54780706011898,-0.04439929868514092,-0.02107900974031588,-0.02332028894482504,9.466681291229621,8.937999963760376,8.40931863629113,39.71631925210363,27.895983725771334,NICK
2017-08-03,9.069999694824219,9.100000381469727,9.0,9.100000381469727,9.100000381469727,46600,8.797999954223632,8.760000038146973,8.928499984741212,8.737199945449829,9.381199994087218,9.99990000486374,56.737699052656744,-0.016295963025285687,-0.020122400397309843,0.0038264373720241565,9.438020322848775,8.928499984741212,8.418979646633648,61.13894916898895,43.074684464452666,NICK
2017-08-04,9.010000228881836,9.260000228881836,9.010000228881836,9.100000381469727,9.100000381469727,10600,8.904000091552735,8.775000095367432,8.923000001907349,8.742599954605103,9.366699995994567,9.994700005054474,56.73769905265675,0.005908028879446192,-0.014916314541958636,0.02082434342140483,9.422523772015163,8.923000001907349,8.423476231799535,71.95869360760031,57.60465400956411,NICK
2017-08-07,9.180000305175781,9.239999771118164,9.100000381469727,9.140000343322754,9.140000343322754,24800,9.018000221252441,8.805000114440919,8.918000030517579,8.749599962234496,9.351900000572204,9.989600007534028,57.7377161263423,0.026427871016679205,-0.006647477430231067,0.03307534844691027,9.406614456160149,8.918000030517579,8.429385604875009,83.26496953227961,72.12087076962275,NICK
2017-08-08,9.140000343322754,9.140000343322754,8.600000381469727,8.770000457763672,8.770000457763672,40700,9.000000381469727,8.806000137329102,8.896000051498413,8.757399969100952,9.335800004005431,9.983400008678437,46.93119090039082,0.012687837706188532,-0.002780414402947147,0.015468252109135678,9.369430124956637,8.896000051498413,8.42256997804019,70.1550791623052,75.12624743406151,NICK
2017-08-09,8.649999618530273,8.760000228881836,8.640000343322754,8.710000038146973,8.710000038146973,5100,8.96400032043457,8.821000099182129,8.872000074386596,8.759999971389771,9.314600005149842,9.9773500084877,45.445744206043884,-0.003008094659843863,-0.0028259504543264903,-0.00018214420551737262,9.33185232810041,8.872000074386596,8.412147820672782,55.03879751364744,69.48628206941056,NICK
2017-08-10,9.020000457763672,9.020000457763672,8.6899995803833,8.699999809265137,8.699999809265137,6600,8.884000205993653,8.841000080108643,8.847000074386596,8.765799970626832,9.297699999809264,9.971550009250642,45.189018861863374,-0.01606893634277995,-0.005474547632017182,-0.010594388710762768,9.286731979380999,8.847000074386596,8.407268169392193,37.984525351454906,54.39280067580233,NICK
2017-08-11,8.760000228881836,8.890000343322754,8.699999809265137,8.770000457763672,8.770000457763672,9300,8.818000221252442,8.861000156402588,8.818500089645386,8.767199983596802,9.28380000591278,9.967600009441377,47.42778439485543,-0.020534570415366105,-0.008486552188686967,-0.012048018226679138,9.196244877193296,8.818500089645386,8.440755302097477,37.98452535145491,43.669282738852225,NICK
2017-08-14,8.90999984741211,8.960000038146973,8.8100004196167,8.960000038146973,8.960000038146973,1600,8.782000160217285,8.900000190734863,8.819000101089477,8.767599992752075,9.27180000782013,9.964450008869171,53.03503885482236,-0.008642612687635776,-0.00851776428847673,-0.00012484839915904641,9.197465603225474,8.819000101089477,8.44053459895348,47.67444095503422,41.21449721931449,NICK
2017-08-15,8.65999984741211,8.869999885559082,8.65999984741211,8.8100004196167,8.8100004196167,3400,8.79000015258789,8.89500026702881,8.826000118255616,8.767799997329712,9.256200013160706,9.959900009632111,48.62562020596257,-0.011192842012341941,-0.009052779833249772,-0.0021400621790921698,9.198311993867001,8.826000118255616,8.45368824264423,51.93802747762964,45.86566459470606,NICK
2017-08-16,8.8100004196167,8.829999923706055,8.699999809265137,8.710000038146973,8.710000038146973,3300,8.79000015258789,8.87700023651123,8.816000127792359,8.764199991226196,9.238800015449524,9.95490000963211,45.88656862254347,-0.02104056958327405,-0.011450337783254627,-0.009590231800019422,9.18949195675459,8.816000127792359,8.442508298830127,49.61243146856899,49.74163330041075,NICK
2017-08-17,8.640000343322754,8.649999618530273,8.609999656677246,8.630000114440918,8.630000114440918,5600,8.776000213623046,8.83000020980835,8.795000123977662,8.757200002670288,9.220200018882752,9.94995001077652,43.76277407874316,-0.0348980073822549,-0.016139871703054684,-0.01875813567920022,9.16065042243588,8.795000123977662,8.429349825519443,30.805573004843342,44.1186773170138,NICK
2017-08-18,8.600000381469727,8.649999618530273,8.600000381469727,8.630000114440918,8.630000114440918,2800,8.748000144958496,8.783000183105468,8.77900013923645,8.755800008773804,9.201500020027161,9.94495001077652,43.76277407874316,-0.045357276228951804,-0.021983352608234107,-0.023373923620717697,9.144124998507003,8.77900013923645,8.413875279965897,16.429218744272465,32.28240773922807,NICK
2017-08-21,8.609999656677246,8.649999618530273,8.609999656677246,8.649999618530273,8.649999618530273,2400,8.686000061035156,8.734000110626221,8.769500112533569,8.749800004959106,9.184000020027161,9.943350007534027,44.5074386803076,-0.051439566010788695,-0.027874595288745023,-0.023564970722043672,9.137656583847907,8.769500112533569,8.401343641219231,6.938921708403318,18.05790448583951,NICK
2017-08-22,8.640000343322754,8.6899995803833,8.640000343322754,8.6899995803833,8.6899995803833,2700,8.661999893188476,8.726000022888183,8.766000080108643,8.75039999961853,9.161600012779235,9.942200005054474,46.04624351147009,-0.05242780673465397,-0.03278523757792681,-0.019642569156727158,9.135778667681315,8.766000080108643,8.396221492535972,8.585768093325546,10.65130284866691,NICK
2017-08-23,8.680000305175781,8.699999809265137,8.649999618530273,8.699999809265137,8.699999809265137,3700,8.65999984741211,8.725,8.773000049591065,8.761199998855592,9.142300009727478,9.94110000371933,46.4460732903329,-0.051806862470931136,-0.03658956255652768,-0.01521729991440346,9.132060268303672,8.773000049591065,8.413939830878459,12.121107033109189,9.215265611612486,NICK
2017-08-24,8.739999771118164,8.739999771118164,8.699999809265137,8.699999809265137,8.699999809265137,1600,8.673999786376953,8.725,8.783000040054322,8.779399995803834,9.122100005149841,9.940150001049041,46.44607329033289,-0.05072997608230523,-0.03941764526168319,-0.011312330820622038,9.121650660941183,8.783000040054322,8.44434941916746,14.80420095437938,11.837025360271172,NICK
2017-08-25,8.84000015258789,8.84000015258789,8.819999694824219,8.829999923706055,8.829999923706055,2000,8.71399974822998,8.730999946594238,8.796000051498414,8.80119999885559,9.102699999809266,9.940800001621247,51.82815058511356,-0.038937762790148156,-0.03932166876737618,0.00038390597722802455,9.120617072364348,8.796000051498414,8.471383030632479,24.45628942709204,17.127199138193337,NICK
2017-08-28,8.739999771118164,8.829999923706055,8.6899995803833,8.6899995803833,8.6899995803833,15700,8.721999740600586,8.703999900817871,8.802000045776367,8.818799991607666,9.08489999294281,9.940699999332429,46.41793605929748,-0.04042323260933145,-0.03954198153576723,-0.0008812510735642168,9.113872132123568,8.802000045776367,8.490127959429167,26.548604375234877,21.9363649189019,NICK
2017-08-29,8.640000343322754,8.75,8.600000381469727,8.649999618530273,8.649999618530273,7600,8.71399974822998,8.687999820709228,8.791500043869018,8.832799987792969,9.067599987983703,9.937399995326995,44.9734281394656,-0.04431727876808722,-0.04049704098223123,-0.0038202377858559886,9.108944894332922,8.791500043869018,8.474055193405114,25.30848857386647,25.4377941253976,NICK
2017-08-30,8.829999923706055,8.84000015258789,8.609999656677246,8.710000038146973,8.710000038146973,8200,8.715999794006347,8.687999820709228,8.78250002861023,8.842199993133544,9.049099984169006,9.933749997615815,47.607240135409455,-0.04207677115930508,-0.040812987017646005,-0.0012637841416590773,9.098467147746762,8.78250002861023,8.466532909473697,21.296148073107748,24.384413674069496,NICK
2017-08-31,8.710000038146973,8.710000038146973,8.609999656677246,8.609999656677246,8.609999656677246,2100,8.69799976348877,8.685999774932862,8.757999992370605,8.851199989318848,9.035699982643127,9.928949997425079,43.84086574387893,-0.04781911874933442,-0.04221421336398369,-0.005604905385350731,9.046486030373647,8.757999992370605,8.469513954367564,15.079215504522343,20.561284050498653,NICK
2017-09-01,8.720000267028809,8.8100004196167,8.720000267028809,8.739999771118164,8.739999771118164,3600,8.679999732971192,8.696999740600585,8.739999961853027,8.862999992370606,9.0242999792099,9.924149997234345,49.44073626018135,-0.041402782304647445,-0.04205192715211644,0.0006491448474689951,8.98207461581829,8.739999961853027,8.497925307887764,28.394929818546235,21.590097798725242,NICK
2017-09-05,8.720000267028809,8.739999771118164,8.710000038146973,8.739999771118164,8.739999771118164,2900,8.689999771118163,8.705999755859375,8.719999933242798,8.86939998626709,9.01389997959137,9.918449995517731,49.44073626018135,-0.03590391150263095,-0.040822324022219345,0.004918412519588397,8.87811404545149,8.719999933242798,8.561885821034107,37.654144926174666,27.042763416414218,NICK
2017-09-06,8.649999618530273,8.6899995803833,8.630000114440918,8.630000114440918,8.630000114440918,4100,8.685999870300293,8.699999809265137,8.71299991607666,8.872599983215332,8.99969997882843,9.912099997997284,45.034018418847374,-0.03996141939550313,-0.040650143096876104,0.0006887237013729758,8.874009401836615,8.71299991607666,8.551990430316705,40.89491878063853,35.647997841786285,NICK
2017-09-07,8.600000381469727,8.680000305175781,8.25,8.329999923706055,8.329999923706055,6400,8.609999847412109,8.662999820709228,8.693999910354615,8.866199989318847,8.981199975013732,9.904499995708466,35.69071509107099,-0.06661661692693954,-0.04584343786288879,-0.020773179064050754,8.925982781732108,8.693999910354615,8.462017038977121,28.130780301930542,35.55994800291439,NICK
2017-09-08,8.359999656677246,8.529999732971191,8.3100004196167,8.359999656677246,8.359999656677246,2000,8.55999984741211,8.628999805450439,8.67699990272522,8.858199977874756,8.965299973487854,9.895299994945526,37.096171459397794,-0.08434801387920032,-0.053544353066151094,-0.03080366081304923,8.950795603401705,8.67699990272522,8.403204202048734,14.90107034644378,27.975589809670755,NICK
2017-09-11,8.350000381469727,8.59000015258789,8.350000381469727,8.579999923706055,8.579999923706055,5600,8.527999877929688,8.603999805450439,8.667499876022339,8.846999969482422,8.950499968528748,9.886699993610382,46.35513449568111,-0.07972902421979455,-0.058781287296879786,-0.020947736922914767,8.940913595901108,8.667499876022339,8.394086156143569,29.378495457925496,24.136782035433082,NICK
2017-09-12,8.579999923706055,8.8100004196167,8.579999923706055,8.609999656677246,8.609999656677246,3900,8.501999855041504,8.595999813079834,8.649999856948853,8.835199966430665,8.935999960899354,9.877849991321563,47.490157980370874,-0.07280842371720553,-0.06158671458094493,-0.011221709136260596,8.888914162975073,8.649999856948853,8.411085550922632,45.19768531988522,29.825750374751305,NICK
2017-09-13,8.619999885559082,8.670000076293945,8.619999885559082,8.65999984741211,8.65999984741211,4400,8.507999801635743,8.596999835968017,8.642499828338623,8.819199962615967,8.9214999628067,9.86924998998642,49.411341298234696,-0.06256795598598863,-0.06178296286195367,-0.0007849931240349606,8.869997098340681,8.642499828338623,8.415002558336566,62.14684425478754,45.57434167753255,NICK
2017-09-14,8.649999618530273,8.850000381469727,8.649999618530273,8.8100004196167,8.8100004196167,4500,8.603999900817872,8.60699987411499,8.64749984741211,8.80959997177124,8.908999962806702,9.8626499915123,54.759028050506195,-0.04186591475590973,-0.057799553240744886,0.015933638484835158,8.884892014608688,8.64749984741211,8.410107680215532,74.61390023359824,60.65280993609014,NICK
2017-09-15,8.65999984741211,8.729999542236328,8.5,8.5,8.5,15100,8.631999969482422,8.595999908447265,8.640999841690064,8.79379997253418,8.892299962043761,9.855549991130829,44.3295967984969,-0.04989864054500437,-0.056219370701596785,0.006320730156592416,8.886918595784296,8.640999841690064,8.395081087595832,68.16382189822679,68.30818879553733,NICK
2017-09-18,8.59000015258789,8.84000015258789,8.59000015258789,8.710000038146973,8.710000038146973,10700,8.657999992370605,8.592999935150146,8.644999837875366,8.78379997253418,8.879199957847595,9.84969999074936,51.12112998664791,-0.03887130140456563,-0.052749756842190555,0.013878455437624927,8.892669053482903,8.644999837875366,8.397330622267829,70.55553612886918,71.11108608689788,NICK
2017-09-19,8.609999656677246,8.710000038146973,8.609999656677246,8.6899995803833,8.6899995803833,1400,8.673999977111816,8.58799991607666,8.646999835968018,8.772799968719482,8.86559995174408,9.843049986362457,50.48937496828286,-0.03138414855027527,-0.0484766351838075,0.01709248663353223,8.895443061261142,8.646999835968018,8.398556610674893,63.888827076704295,67.53606170126656,NICK
2017-09-20,8.6899995803833,8.6899995803833,8.6899995803833,8.6899995803833,8.6899995803833,0,8.679999923706054,8.593999862670898,8.646999835968018,8.76239995956421,8.85269995212555,9.836599986553193,50.48937496828286,-0.02516049148722388,-0.04381340644449078,0.018652914957266897,8.895443061261142,8.646999835968018,8.398556610674893,74.44435260919862,69.62957193825717,NICK
2017-09-21,8.869999885559082,8.880000114440918,8.649999618530273,8.649999618530273,8.649999618530273,9500,8.64799976348877,8.62599983215332,8.644499826431275,8.751599960327148,8.83929995059967,9.829249985218048,49.082473432221434,-0.023188557793767828,-0.03968843671434619,0.01649987892057836,8.891762917709409,8.644499826431275,8.397236735153141,70.0528083180925,69.46199600133161,NICK
2017-09-22,8.670000076293945,8.680000305175781,8.65999984741211,8.670000076293945,8.670000076293945,1200,8.681999778747558,8.656999874114991,8.642999839782714,8.740999965667724,8.82639995098114,9.820849983692169,49.83518393444867,-0.019783860317247104,-0.03570752143492637,0.015923661117679268,8.88925994495289,8.642999839782714,8.396739734612538,67.83062494924366,70.7759286255114,NICK
2017-09-25,8.609999656677246,8.649999618530273,8.520000457763672,8.539999961853027,8.539999961853027,4100,8.64799976348877,8.652999877929688,8.628499841690063,8.724999961853028,8.812099947929383,9.812599985599517,45.16190784319385,-0.027261284696260546,-0.034018274087193205,0.006756989390932659,8.862873535420656,8.628499841690063,8.39412614795947,58.7301298964737,65.53785438793643,NICK
2017-09-26,8.539999961853027,8.539999961853027,8.539999961853027,8.539999961853027,8.539999961853027,0,8.617999839782716,8.645999908447266,8.62099986076355,8.716799964904785,8.797799944877625,9.802999985218047,45.161907843193845,-0.03280899570892082,-0.03377641841153873,0.0009674227026179108,8.856618263337738,8.62099986076355,8.385381458189363,52.91004329882478,59.82359938151385,NICK
2017-09-27,8.600000381469727,8.600000381469727,8.520000457763672,8.569999694824219,8.569999694824219,1900,8.593999862670898,8.636999893188477,8.616999864578247,8.71479995727539,8.785699944496155,9.793399984836578,46.50450464509859,-0.03438846016035235,-0.03389882676130145,-0.0004896333990508997,8.853228647644162,8.616999864578247,8.380771081512332,45.89246519415776,52.51087946315189,NICK
2017-09-28,8.59000015258789,8.899999618530273,8.569999694824219,8.789999961853027,8.789999961853027,7300,8.621999931335449,8.634999847412109,8.62099986076355,8.712399959564209,8.775599942207336,9.785349986553193,55.17215920114904,-0.01768416217372959,-0.03065589384378708,0.012971731670057489,8.865940748214998,8.62099986076355,8.376058973312103,57.21523288222803,52.00591379173667,NICK
2017-09-29,8.680000305175781,8.75,8.670000076293945,8.670000076293945,8.670000076293945,3400,8.621999931335449,8.651999855041504,8.623999881744385,8.704799957275391,8.763899941444397,9.775949985980988,50.37744398483446,-0.013967860751046501,-0.027318287225238963,0.013350426474192462,8.869796629420929,8.623999881744385,8.378203134067842,56.03800887882745,53.04856898507089,NICK
2017-10-02,8.670000076293945,8.949999809265137,8.670000076293945,8.899999618530273,8.899999618530273,4000,8.693999862670898,8.670999813079835,8.63199987411499,8.703799953460694,8.754999938011169,9.76629998445511,57.9248738557797,0.007450491148837557,-0.02036453155042366,0.027815022699261217,8.901636699735807,8.63199987411499,8.362363048494174,70.46297869255257,61.2387401512025,NICK
2017-10-03,8.8100004196167,8.949999809265137,8.739999771118164,8.739999771118164,8.739999771118164,3800,8.733999824523925,8.67599983215332,8.63199987411499,8.701799945831299,8.746399931907654,9.75494998216629,51.999737035632684,0.011382824711041906,-0.014015060298130547,0.025397885009172453,8.901636699735807,8.63199987411499,8.362363048494174,61.57406882494936,62.69168546544294,NICK
2017-10-04,8.760000228881836,8.949999809265137,8.760000228881836,8.8100004196167,8.8100004196167,4900,8.781999969482422,8.68799991607666,8.640999889373779,8.702799949645996,8.738599934577941,9.743249986171723,54.20673568642679,0.01991809134557343,-0.007228429969389752,0.02714652131496318,8.921563706827774,8.640999889373779,8.360436071919784,70.37038606871998,67.46914452874046,NICK
2017-10-05,8.819999694824219,8.84000015258789,8.819999694824219,8.84000015258789,8.84000015258789,700,8.792000007629394,8.706999969482421,8.666499900817872,8.70839994430542,8.730499939918518,9.731599986553192,55.1583051118116,0.028771420354996025,-2.8459904512596543e-05,0.028799880259508623,8.92084431013813,8.666499900817872,8.412155491497614,65.54698744193946,65.83048077853609,NICK
2017-10-06,8.859999656677246,8.859999656677246,8.859999656677246,8.859999656677246,8.859999656677246,800,8.829999923706055,8.725999927520752,8.69149990081787,8.715599937438965,8.722599940299988,9.720199983119965,55.81744295230083,0.03697531183839686,0.007372294444069296,0.029603017394327566,8.91709030337176,8.69149990081787,8.465909498263981,74.12578588002579,70.01438646356156,NICK
2017-10-09,8.859999656677246,8.859999656677246,8.859999656677246,8.859999656677246,8.859999656677246,0,8.82199993133545,8.757999897003174,8.70549988746643,8.721399936676026,8.716099934577942,9.708999979496003,55.81744295230083,0.042981491070822386,0.014494133769419914,0.02848735730140247,8.936365683515684,8.70549988746643,8.474634091417178,77.51934889820912,72.39737407339128,NICK
2017-10-10,8.789999961853027,8.829999923706055,8.760000228881836,8.770000457763672,8.770000457763672,1600,8.82800006866455,8.780999946594239,8.713499927520752,8.725399951934815,8.722299942970276,9.696899983882904,51.840475936230405,0.04001794621342469,0.01959889625822087,0.020419049955203824,8.941646851934767,8.713499927520752,8.485353003106738,72.09300778243805,74.57938085355748,NICK
2017-10-11,8.670000076293945,8.829999923706055,8.670000076293945,8.829999923706055,8.829999923706055,1000,8.831999969482421,8.806999969482423,8.72199993133545,8.72479995727539,8.726899943351746,9.684849984645844,54.18411925080014,0.04202631779675592,0.02408438056592788,0.01794193723082804,8.954172317652242,8.72199993133545,8.489827545018658,69.76744357972946,73.12660008679204,NICK
2017-10-12,8.710000038146973,8.729999542236328,8.630000114440918,8.630000114440918,8.630000114440918,4500,8.789999961853027,8.79099998474121,8.71299991607666,8.719599952697754,8.727899947166442,9.671599986553192,46.12618457690704,0.027166495160871662,0.024700803484916635,0.002465691675955027,8.944784281260517,8.71299991607666,8.481215550892802,51.937994811708506,64.5994820579585,NICK
2017-10-13,8.699999809265137,8.75,8.699999809265137,8.75,8.75,32700,8.768000030517578,8.798999977111816,8.72549991607666,8.712599945068359,8.724899945259095,9.658299987316132,50.849188935058095,0.024787234733928187,0.024718089734718944,6.914499920924327e-05,8.935973193088046,8.72549991607666,8.515026639065276,50.38756939100073,57.364335927479395,NICK
2017-10-16,8.75,8.800000190734863,8.75,8.800000190734863,8.800000190734863,600,8.756000137329101,8.789000034332275,8.729999923706055,8.706599941253662,8.724599947929383,9.64424998998642,52.709518387470176,0.026629285401252645,0.025100328868025684,0.0015289565332269606,8.942790922112861,8.729999923706055,8.517208925299249,48.06200518829214,50.129189797000286,NICK
2017-10-17,8.829999923706055,8.850000381469727,8.829999923706055,8.829999923706055,8.829999923706055,2400,8.768000030517578,8.798000049591064,8.736999940872192,8.700399932861329,8.724999947547913,9.628949987888337,53.83845591991815,0.0301621609428544,0.026112695282991427,0.004049465659862972,8.953249802255995,8.736999940872192,8.520750079488389,62.341917912099824,53.597164163797395,NICK
2017-10-18,8.84000015258789,8.869999885559082,8.760000228881836,8.869999885559082,8.869999885559082,2200,8.776000022888184,8.803999996185302,8.745999956130982,8.702399921417236,8.729899945259094,9.614549987316131,55.36836575204022,0.03577723519372178,0.028045603265137498,0.007731631928584282,8.968566781444085,8.745999956130982,8.523433130817878,69.51246914407886,59.972130748156765,NICK
2017-10-19,8.800000190734863,8.8100004196167,8.800000190734863,8.8100004196167,8.8100004196167,200,8.81200008392334,8.801000022888184,8.753999996185303,8.70439992904663,8.7321999502182,9.599399988651276,52.55471810240158,0.034982509928271455,0.02943298459776429,0.005549525330507166,8.973672452510188,8.753999996185303,8.534327539860419,66.55708042322622,66.13715582646813,NICK
2017-10-20,8.850000381469727,8.850000381469727,8.850000381469727,8.850000381469727,8.850000381469727,300,8.832000160217286,8.800000095367432,8.763000011444092,8.707399940490722,8.736599955558777,9.58504998922348,54.224790215542015,0.037152080994291126,0.030976803877069657,0.0061752771172214685,8.982918188173151,8.763000011444092,8.543081834715032,66.66676600783636,67.5787718583803,NICK
2017-10-23,8.859999656677246,8.859999656677246,8.770000457763672,8.84000015258789,8.84000015258789,1700,8.84000015258789,8.798000144958497,8.778000020980835,8.708799934387207,8.737999958992004,9.569049990177154,53.71571889423722,0.037630762790550776,0.03230759565976588,0.0053231671307848935,8.974733351240669,8.778000020980835,8.581266690721002,63.541790843128695,65.58854575806357,NICK
2017-10-24,8.890000343322754,8.890000343322754,8.84000015258789,8.859999656677246,8.859999656677246,7500,8.84600009918213,8.807000064849854,8.794000005722046,8.706799926757812,8.737199959754944,9.552899987697602,54.63302553670043,0.03917235981992562,0.03368054849179783,0.005491811328127788,8.960421120999444,8.794000005722046,8.627578890444648,74.27883601414862,68.16246428837104,NICK
2017-10-25,8.859999656677246,8.880000114440918,8.75,8.880000114440918,8.880000114440918,5400,8.848000144958496,8.81200008392334,8.809500026702882,8.708199920654296,8.737999958992004,9.53839998960495,55.58112513284122,0.04152923321360369,0.035250285436159004,0.006278947777444685,8.944329403664767,8.809500026702882,8.674670649740996,83.41337351298769,73.74466679008815,NICK
2017-10-26,8.880000114440918,8.899999618530273,8.829999923706055,8.890000343322754,8.890000343322754,7700,8.864000129699708,8.838000106811524,8.814500045776366,8.711799926757813,8.737999958992004,9.5226499915123,56.07540913813893,0.04370025788340115,0.03694027992560743,0.00675997795779372,8.95342077791691,8.814500045776366,8.675579313635822,93.63720132296906,83.77647028336827,NICK
2017-10-27,8.899999618530273,8.899999618530273,8.890000343322754,8.899999618530273,8.899999618530273,1200,8.873999977111817,8.853000068664551,8.826000022888184,8.717199916839599,8.737199959754944,9.509599988460542,56.59550923382768,0.04570085748018471,0.038692395436522885,0.007008462043661824,8.952712133896556,8.826000022888184,8.699287911879813,97.48343981469777,91.51133821688465,NICK
2017-10-30,8.890000343322754,8.890000343322754,8.739999771118164,8.850000381469727,8.850000381469727,1600,8.876000022888183,8.858000087738038,8.823500061035157,8.721599922180175,8.73869996547699,9.496899988651275,53.203192157395264,0.04275892819670801,0.03950570198855991,0.003253226208148101,8.946182477258988,8.823500061035157,8.700817644811325,92.59276265828406,94.57113459865012,NICK
2017-10-31,8.829999923706055,8.850000381469727,8.829999923706055,8.850000381469727,8.850000381469727,1300,8.87400016784668,8.860000133514404,8.829000091552734,8.725599937438965,8.737699971199035,9.485599992275239,53.203192157395264,0.0399667166133959,0.03959790491352711,0.00036881169986879153,8.945944384364418,8.829000091552734,8.71205579874105,87.65448669268704,92.57689638855611,NICK
2017-11-01,8.84000015258789,8.84000015258789,8.84000015258789,8.84000015258789,8.84000015258789,1400,8.866000175476074,8.857000160217286,8.830500078201293,8.728599948883057,8.739499974250794,9.47219999074936,52.4736147474122,0.036525886241440375,0.038983501179109765,-0.0024576149376693904,8.947200423287477,8.830500078201293,8.71379973311511,77.65456616562254,85.96727183886436,NICK
2017-11-02,8.84000015258789,8.899999618530273,8.84000015258789,8.899999618530273,8.899999618530273,1700,8.868000030517578,8.866000080108643,8.833500051498413,8.73259994506836,8.746899971961975,9.46044998884201,56.34191763387949,0.038200111737547005,0.038826823290797216,-0.0006267115532502116,8.954044475353594,8.833500051498413,8.712955627643233,83.82732281927917,83.04545855919606,NICK
2017-11-03,8.899999618530273,8.899999618530273,8.880000114440918,8.890000343322754,8.890000343322754,3400,8.866000175476074,8.870000076293945,8.83500008583069,8.736399955749512,8.757899975776672,9.449099991321564,55.530723429479345,0.03827883498161633,0.03871722562896104,-0.0004383906473447094,8.957556066879485,8.83500008583069,8.712444104781893,87.91689515135653,83.13292804541923,NICK
2017-11-06,8.890000343322754,9.239999771118164,8.890000343322754,8.90999984741211,8.90999984741211,25900,8.878000068664551,8.877000045776366,8.837500095367432,8.737999954223632,8.769599976539611,9.438099992275237,56.86831949647876,0.03949968873288334,0.0388737182497455,0.0006259704831378457,8.96397129935917,8.837500095367432,8.711028891375694,75.91682076468406,82.55367957843974,NICK
2017-11-07,8.949999809265137,8.949999809265137,8.930000305175781,8.949999809265137,8.949999809265137,1300,8.897999954223632,8.886000061035157,8.846500062942505,8.74319995880127,8.780999975204468,9.426849992275239,59.49267983034127,0.043196939327048156,0.039738362465206026,0.0034585768618421303,8.977995175717666,8.846500062942505,8.715004950167344,56.583489974482234,73.47240196350742,NICK
2017-11-08,8.920000076293945,8.920000076293945,8.90999984741211,8.90999984741211,8.90999984741211,2100,8.911999893188476,8.889000034332275,8.850500059127807,8.748399963378906,8.790599975585938,9.416899993419648,55.83410985846599,0.04241049267235475,0.04027278850663577,0.0021377041657189774,8.984585697480792,8.850500059127807,8.716414420774822,36.66667938232454,56.38899670716342,NICK
2017-11-09,8.84000015258789,8.90999984741211,8.760000228881836,8.819999694824219,8.819999694824219,3700,8.895999908447266,8.881999969482422,8.860000038146973,8.75059995651245,8.796399974822998,9.406549990177155,48.59322112760289,0.03413152095385996,0.03904453499608061,-0.004913014042220651,8.94988868776493,8.860000038146973,8.770111388529015,30.6666692097985,41.3056128555349,NICK
2017-11-10,8.789999961853027,8.800000190734863,8.760000228881836,8.789999961853027,8.789999961853027,8500,8.87599983215332,8.871000003814697,8.862000036239625,8.754199962615967,8.802699975967407,9.396499989032746,46.43167049713812,0.024863042806865465,0.036208236558237586,-0.01134519375137212,8.943387810618866,8.862000036239625,8.780612261860384,20.000012715657874,29.111120435926782,NICK
2017-11-13,8.789999961853027,8.850000381469727,8.760000228881836,8.850000381469727,8.850000381469727,5400,8.863999938964843,8.871000003814697,8.864500045776367,8.756399974822997,8.809699983596802,9.385599992275239,51.115317000958214,0.02210443336987744,0.033387475920565554,-0.011283042550688113,8.941043966515181,8.864500045776367,8.787956125037553,16.00004831949902,22.222243414984945,NICK
2017-11-14,8.899999618530273,8.899999618530273,8.760000228881836,8.800000190734863,8.800000190734863,2600,8.83400001525879,8.865999984741212,8.863000059127808,8.757599983215332,8.813499984741211,9.374599993228912,47.39634495076921,0.015702608101422655,0.029850502356736974,-0.01414789425531432,8.943274379665231,8.863000059127808,8.782725738590385,14.666748046875322,16.888936360677217,NICK
2017-11-15,8.75,8.760000228881836,8.550000190734863,8.550000190734863,8.550000190734863,3600,8.76200008392334,8.836999988555908,8.847000074386596,8.75599998474121,8.814299983978271,9.361849992275237,34.054864071783584,-0.0094350340103464,0.0219933950833203,-0.0314284290936667,9.005126455802815,8.847000074386596,8.688873692970377,11.333401997884437,14.000066121419406,NICK
2017-11-16,8.529999732971191,8.529999732971191,8.380000114440918,8.380000114440918,8.380000114440918,800,8.67400016784668,8.785000038146972,8.825500059127808,8.756999988555908,8.811599988937378,9.348049991130829,28.234689695337938,-0.042583505750872774,0.009078014916481686,-0.05166152066735446,9.083373957578962,8.825500059127808,8.567626160676655,4.000027974446937,10.000059339735378,NICK
2017-11-17,8.34000015258789,8.489999771118164,8.34000015258789,8.420000076293945,8.420000076293945,2700,8.600000190734864,8.738000011444091,8.804000043869019,8.758199996948242,8.808199987411498,9.334699990749359,31.213581221871223,-0.06487836835416871,-0.005713261737648396,-0.059165106616520316,9.11611530933132,8.804000043869019,8.491884778406718,2.9629613931283543,6.0987971218197226,NICK
2017-11-20,8.449999809265137,8.449999809265137,8.25,8.270000457763672,8.270000457763672,4000,8.484000205993652,8.674000072479249,8.775500059127808,8.752000007629395,8.799499988555908,9.319749991893769,26.732392697635092,-0.09357228020983221,-0.02328506543208516,-0.07028721477774705,9.16400855638387,8.775500059127808,8.386991561871746,3.6363776351369146,3.533122334237216,NICK
2017-11-21,8.279999732971191,8.399999618530273,8.210000038146973,8.210000038146973,8.210000038146973,8100,8.366000175476074,8.600000095367431,8.743000078201295,8.74400001525879,8.789599990844726,9.304499990940094,25.175439717994387,-0.11977327277033112,-0.042582706899734354,-0.07719056587059676,9.200431904540386,8.743000078201295,8.285568251862204,3.6363776351369146,3.4119055544672086,NICK
2017-11-22,8.229999542236328,8.529999732971191,7.949999809265137,8.010000228881836,8.010000228881836,1000,8.25800018310547,8.510000133514405,8.69950008392334,8.731000022888184,8.775099992752075,9.289949991703033,20.822103228149874,-0.15489057910218307,-0.0650442813402241,-0.08984629776195897,9.25211100633961,8.69950008392334,8.146889161507069,2.223814727564166,3.1655233326124788,NICK
2017-11-24,8.010000228881836,8.140000343322754,8.010000228881836,8.140000343322754,8.140000343322754,3300,8.210000228881835,8.442000198364259,8.66200008392334,8.717600021362305,8.763599996566773,9.276249992847443,29.371298392074085,-0.170268623889946,-0.08608914985016848,-0.08417947403977753,9.257905910169312,8.66200008392334,8.066094257677369,6.4599731541907355,4.106721838963753,NICK
2017-11-27,8.09000015258789,8.260000228881836,8.010000228881836,8.020000457763672,8.020000457763672,13400,8.13000030517578,8.365000247955322,8.61800012588501,8.708000030517578,8.75090000152588,9.260699994564057,26.52430141955741,-0.1899492068435915,-0.10686116124885309,-0.08308804559473842,9.264887841665468,8.61800012588501,7.971112410104551,8.793328104141908,5.8257053286320835,NICK
2017-11-28,8.149999618530273,8.15999984741211,8.020000457763672,8.020000457763672,8.020000457763672,2300,8.080000305175782,8.282000255584716,8.576500129699706,8.694200038909912,8.739000005722046,9.246249997615815,26.52430141955741,-0.2032038036666055,-0.12612968973240357,-0.07707411393420194,9.263763263434187,8.576500129699706,7.889236995965225,9.648449523337199,8.300583593889762,NICK
2017-11-29,8.020000457763672,8.09000015258789,7.769999980926514,7.880000114440918,7.880000114440918,11400,8.01400032043457,8.190000247955322,8.528000116348267,8.678000049591065,8.725400009155273,9.231099998950958,23.448886480737897,-0.22244086499053672,-0.1453919247840302,-0.07704894020650652,9.266230152663208,8.528000116348267,7.789770080033325,7.955253404333363,8.799010343937304,NICK
2017-11-30,7.789999961853027,8.050000190734863,7.789999961853027,7.809999942779541,7.809999942779541,4500,7.974000263214111,8.11600022315979,8.476500105857848,8.66040005683899,8.711400008201599,9.214849996566773,22.070931241036735,-0.2405617573285337,-0.1644258912929309,-0.0761358660356028,9.262636625504285,8.476500105857848,7.6903635862114115,6.801838710464927,8.135180546044978,NICK
2017-12-01,7.869999885559082,7.940000057220459,7.860000133514404,7.940000057220459,7.940000057220459,1600,7.9340002059936525,8.072000217437743,8.428500127792358,8.646200065612794,8.69890001296997,9.198549997806548,30.266577078957557,-0.24164721362280517,-0.17987015575890575,-0.06177705786389942,9.222534591109607,8.428500127792358,7.634465664475108,9.411071927064665,8.0560546806208,NICK
2017-12-04,7.949999809265137,7.949999809265137,7.809999942779541,7.880000114440918,7.880000114440918,13000,7.906000137329102,8.018000221252441,8.378000116348266,8.630400066375733,8.685700016021729,9.182099997997284,28.76305275318611,-0.24453014816485918,-0.19280215424009645,-0.05172799392476274,9.176663804927166,8.378000116348266,7.579336427769365,9.43953611465958,8.550815584062873,NICK
2017-12-05,7.829999923706055,7.96999979019165,7.809999942779541,7.949999809265137,7.949999809265137,6000,7.892000007629394,7.9860001564025875,8.330000114440917,8.618600063323974,8.6718000125885,9.165599997043609,32.94798995908835,-0.23841816796920945,-0.20192535698591904,-0.03649281098329041,9.110179450570923,8.330000114440917,7.549820778310911,14.320194621401471,11.05693422104172,NICK
2017-12-06,7.860000133514404,7.909999847412109,7.860000133514404,7.869999885559082,7.869999885559082,1300,7.889999961853027,7.952000141143799,8.276000118255615,8.605200061798095,8.66100001335144,9.14849999666214,30.726354530326848,-0.2372943236332805,-0.20899915031539135,-0.028295173317889166,9.025970728326488,8.276000118255615,7.526029508184743,13.69140366050064,12.483711465520377,NICK
2017-12-07,7.869999885559082,7.909999847412109,7.860000133514404,7.909999847412109,7.909999847412109,6700,7.909999942779541,7.942000102996826,8.226000118255616,8.592000064849854,8.653400011062622,9.13224999666214,33.153399813056055,-0.23051872984753174,-0.21330306622181944,-0.017215663625712307,8.932297523253943,8.226000118255616,7.5197027132572885,16.586907947903708,14.866168743268418,NICK
2017-12-08,7.909999847412109,7.96999979019165,7.590000152587891,7.960000038146973,7.960000038146973,37700,7.913999938964844,7.924000072479248,8.183000135421754,8.575400066375732,8.64390001296997,9.114849998950959,36.16412701100058,-0.21859460292147048,-0.21436137356174964,-0.0042332293597208415,8.842578894436436,8.183000135421754,7.5234213764070725,23.646878359808863,17.97506332273755,NICK
2017-12-11,7.960000038146973,8.119999885559082,7.960000038146973,8.050000190734863,8.050000190734863,5000,7.947999954223633,7.927000045776367,8.146000146865845,8.56300006866455,8.63390001296997,9.098650000095368,41.289919559415395,-0.19958173229806953,-0.21140544530901362,0.011823713010944092,8.74551343440055,8.146000146865845,7.54648685933114,35.57298157139567,25.26892262636923,NICK
2017-12-12,8.180000305175781,8.180000305175781,7.900000095367432,8.050000190734863,8.050000190734863,8700,7.968000030517578,7.9300000190734865,8.1060001373291,8.546000080108643,8.624900016784668,9.083399999141694,41.289919559415395,-0.18241117289457165,-0.20560659082612523,0.02319541793155358,8.611703717630764,8.1060001373291,7.600296557027439,45.744699918802695,34.98818661666889,NICK
2017-12-13,8.079999923706055,8.420000076293945,8.079999923706055,8.40999984741211,8.40999984741211,10600,8.076000022888184,7.982999992370606,8.086500120162963,8.539400081634522,8.62060001373291,9.071150000095367,57.22393575812731,-0.13816177427775322,-0.19211762751645084,0.053955853238697615,8.506465664431412,8.086500120162963,7.666534575894514,65.55584842274516,48.957843304314316,NICK
2017-12-14,8.1899995803833,8.880000114440918,8.1899995803833,8.6899995803833,8.6899995803833,6600,8.231999969482422,8.070999956130981,8.093500089645385,8.537000064849854,8.619900007247924,9.060049998760224,65.14699675753117,-0.07958278783920925,-0.16961065958100252,0.09002787174179328,8.54742840633745,8.093500089645385,7.63957177295332,77.66754171540707,62.989363352318115,NICK
2017-12-15,8.680000305175781,8.869999885559082,8.489999771118164,8.539999961853027,8.539999961853027,11900,8.347999954223633,8.130999946594239,8.101500082015992,8.531000061035156,8.619700002670289,9.048299996852874,58.857561353597966,-0.04474642572209042,-0.1446378128092201,0.09989138708712969,8.580301597800807,8.101500082015992,7.622698566231177,85.90327575830266,76.3755552988181,NICK
2017-12-18,8.800000190734863,8.899999618530273,8.699999809265137,8.789999961853027,8.789999961853027,13300,8.495999908447265,8.22199993133545,8.120000076293945,8.529600067138672,8.622600002288818,9.039149997234345,64.93386775206062,0.0029999711015449293,-0.1151102560270671,0.11811022712861204,8.66990903239567,8.120000076293945,7.570091120192219,83.50591681953738,82.35891143108218,NICK
2017-12-19,8.6899995803833,8.850000381469727,8.619999885559082,8.710000038146973,8.710000038146973,14500,8.627999877929687,8.297999954223632,8.14200005531311,8.526600074768066,8.624000005722046,9.030999996662139,61.78905056418289,0.033992168760587305,-0.08528977106953622,0.11928193983012353,8.746635343567569,8.14200005531311,7.5373647670586505,83.5808945965211,84.33002905812019,NICK
2017-12-20,8.789999961853027,8.890000343322754,8.789999961853027,8.890000343322754,8.890000343322754,4900,8.723999977111816,8.4,8.176000070571899,8.529000072479247,8.627200012207032,9.024849998950959,65.80224400270467,0.07224542866405237,-0.053782731122818506,0.12602815978687087,8.862975990303903,8.176000070571899,7.489024150839893,92.1119939275434,86.39960178120043,NICK
2017-12-21,8.430000305175781,8.829999923706055,8.430000305175781,8.819999694824219,8.819999694824219,17800,8.75,8.490999984741212,8.216500043869019,8.528800067901612,8.6268000125885,9.017949998378754,63.02980662841555,0.09580852439293608,-0.023864480019667587,0.11967300441260367,8.953257016460736,8.216500043869019,7.479743071277302,92.87534622274478,89.5227449156029,NICK
2017-12-22,8.59000015258789,8.850000381469727,8.59000015258789,8.850000381469727,8.850000381469727,2400,8.81200008392334,8.580000019073486,8.252000045776366,8.533200073242188,8.62640001296997,9.010950000286103,63.735022802120135,0.11557102141272324,0.004022620266810582,0.11154840114591266,9.03740690265515,8.252000045776366,7.466593188897583,96.43769737790451,93.8083458427307,NICK
2017-12-26,8.800000190734863,8.850000381469727,8.25,8.579999923706055,8.579999923706055,44500,8.770000076293945,8.632999992370605,8.280000019073487,8.52980007171631,8.621200008392334,9.001200001239777,53.79030357175946,0.10819891251644798,0.02485787871673806,0.08334103379970992,9.07024046288175,8.280000019073487,7.489759575265223,88.5496427723837,92.62089545767748,NICK
2017-12-27,8.789999961853027,9.4399995803833,8.789999961853027,8.970000267028809,8.970000267028809,24200,8.822000122070312,8.725,8.327500009536744,8.533200073242188,8.619900007247924,8.993300001621247,62.81558087345985,0.13230114618167832,0.046346532209726114,0.0859546139719522,9.162458138255586,8.327500009536744,7.492541880817901,82.11680635483897,89.03471550170887,NICK
2017-12-28,8.59000015258789,8.899999618530273,8.59000015258789,8.899999618530273,8.899999618530273,9500,8.823999977111816,8.773999977111817,8.378499984741211,8.534600067138673,8.6175,8.984700000286102,60.53038904851873,0.14409285990034704,0.0658957977478503,0.07819706215249674,9.222449637308047,8.378499984741211,7.534550332174375,73.65932003952979,81.44192305558397,NICK
2017-12-29,8.829999923706055,9.329999923706055,8.800000190734863,8.800000190734863,8.800000190734863,14200,8.820000076293946,8.785000038146972,8.427999997138977,8.533200073242188,8.617799997329712,8.976800000667572,57.32221179063981,0.14371213583983788,0.08145906536624782,0.062253070473590064,9.248575427155364,8.427999997138977,7.607424567122591,67.9490039582375,74.57504345086856,NICK
2018-01-02,8.850000381469727,9.0,8.800000190734863,8.800000190734863,8.800000190734863,5200,8.810000038146972,8.811000061035156,8.471000003814698,8.53300006866455,8.618699998855591,8.966650002002716,57.32221179063981,0.14177610262046692,0.09352247281709164,0.048253629803375275,9.274738813743102,8.471000003814698,7.667261193886294,62.56465739981494,68.05766046586055,NICK
2018-01-03,8.899999618530273,8.899999618530273,8.789999961853027,8.84000015258789,8.84000015258789,10800,8.86200008392334,8.816000080108642,8.519000005722045,8.532800064086913,8.620100002288819,8.958900001049042,58.34637488862629,0.14183446554375934,0.10318487136242518,0.03864959418133415,9.289815237774286,8.519000005722045,7.748184773669805,57.588517410899506,62.700726256317125,NICK
2018-01-04,8.819999694824219,8.819999694824219,8.510000228881836,8.510000228881836,8.510000228881836,10600,8.770000076293945,8.796000099182129,8.54700002670288,8.526200065612793,8.6175,8.95065000295639,48.092587479775425,0.11393906405646703,0.10533570990123356,0.008603354155233472,9.272454416549035,8.54700002670288,7.821545636856726,46.64133997838607,55.59817159636665,NICK
2018-01-05,8.859999656677246,8.899999618530273,8.760000228881836,8.800000190734863,8.800000190734863,11500,8.750000190734863,8.78700008392334,8.59350004196167,8.525000076293946,8.61590000152588,8.943850004673005,55.494630817776404,0.11391914173924178,0.1070523962688352,0.006866745470406582,9.255897992176665,8.59350004196167,7.931102091746675,42.56698515945484,48.932280849579946,NICK
2018-01-08,8.720000267028809,8.84000015258789,8.699999809265137,8.829999923706055,8.829999923706055,8900,8.756000137329101,8.788000106811523,8.639500045776368,8.524000072479248,8.616099996566772,8.93615000486374,56.19060578995676,0.11499845034038003,0.10864160708314416,0.006356843257235872,9.2294652809118,8.639500045776368,8.049534810640935,40.18602605801885,43.131450398619734,NICK
2018-01-09,8.880000114440918,8.880000114440918,8.800000190734863,8.800000190734863,8.800000190734863,2400,8.756000137329101,8.783000087738037,8.681500053405761,8.522200069427491,8.616999998092652,8.927900006771088,55.25997676019336,0.11214039774994689,0.1093413652165047,0.002799032533442186,9.185296622804207,8.681500053405761,8.177703484007315,47.05884867160105,43.27061996302473,NICK
2018-01-10,8.800000190734863,8.899999618530273,8.789999961853027,8.890000343322754,8.890000343322754,15900,8.766000175476075,8.814000129699707,8.723500061035157,8.52200008392334,8.61960000038147,8.91990000963211,57.53235985701441,0.11580272885847087,0.11063363794489793,0.005169090913572941,9.1426552108812,8.723500061035157,8.304344911189114,49.57986223809047,45.60824565590327,NICK
2018-01-11,8.850000381469727,8.850000381469727,8.800000190734863,8.8100004196167,8.8100004196167,500,8.826000213623047,8.798000144958497,8.761500072479247,8.52120008468628,8.621400003433228,8.911450011730194,54.86482353349879,0.11097062707966998,0.11070103577185234,0.00026959130781764595,9.045561832509845,8.761500072479247,8.47743831244865,49.01965184196822,48.55278758388639,NICK
2018-01-12,8.8100004196167,8.880000114440918,8.800000190734863,8.8100004196167,8.8100004196167,5700,8.828000259399413,8.789000225067138,8.781500101089478,8.520400085449218,8.623000011444091,8.903500015735625,54.86482353349879,0.10592016982186614,0.10974486258185509,-0.0038246927599889513,9.015703119908558,8.781500101089478,8.547297082270397,49.299770396817195,49.29976149229177,NICK
2018-01-16,8.800000190734863,8.829999923706055,8.800000190734863,8.8100004196167,8.8100004196167,4300,8.824000358581543,8.790000247955323,8.787500143051147,8.519800090789795,8.624200019836426,8.89290001630783,54.86482353349881,0.10075619140254055,0.10794712834599218,-0.007190936943451631,9.018140635122972,8.787500143051147,8.556859650979323,47.058875385176755,48.45943254132053,NICK
2018-01-17,8.800000190734863,9.25,8.800000190734863,8.899999618530273,8.899999618530273,34400,8.844000244140625,8.800000190734863,8.80550012588501,8.519800090789795,8.626200017929078,8.884250013828277,57.62544240070896,0.10274154393432156,0.10690601146365805,-0.004164467529336496,9.010875386111445,8.80550012588501,8.600124865658573,45.351066084712954,47.23657062223544,NICK
2018-01-18,8.899999618530273,9.100000381469727,8.850000381469727,8.890000343322754,8.890000343322754,22000,8.844000244140625,8.80500020980835,8.810500144958496,8.519800090789795,8.628100023269653,8.875100014209748,57.206790132632904,0.10232851277959831,0.1059905117268461,-0.0036619989472477937,9.018968375349955,8.810500144958496,8.602031914567037,45.11193916217189,45.84062687735368,NICK
2018-01-19,8.979999542236328,9.199999809265137,8.9399995803833,9.0,9.0,24800,8.882000160217284,8.854000186920166,8.825000143051147,8.521600093841553,8.629800024032592,8.866250011920929,60.59807381626025,0.10961367736163652,0.10671514485380419,0.002898532507832327,9.043586483022597,8.825000143051147,8.606413803079697,49.344344663018965,46.60244996996775,NICK
2018-01-22,9.180000305175781,9.180000305175781,8.920000076293945,9.029999732971191,9.029999732971191,20500,8.926000022888184,8.8770001411438,8.832000112533569,8.523200092315674,8.633200025558471,8.859050009250641,61.49431491261801,0.11646540976564701,0.10866519783617276,0.007800211929474249,9.066827604317437,8.832000112533569,8.597172620749701,58.789270498385086,51.081851441191795,NICK
2018-01-23,8.899999618530273,9.069999694824219,8.789999961853027,9.0,9.0,15800,8.963999938964843,8.894000148773193,8.841000127792359,8.525000095367432,8.636700029373168,8.852150008678436,60.02397800484782,0.11811319395039632,0.11055479705901747,0.007558396891378855,9.086837350831333,8.841000127792359,8.595162904753385,65.41417421483273,57.84926312541207,NICK
2018-01-24,8.9399995803833,9.239999771118164,8.920000076293945,9.020000457763672,9.020000457763672,15800,8.988000106811523,8.916000175476075,8.849500131607055,8.529000110626221,8.639800033569337,8.84445000886917,60.69865596635593,0.11965365176346587,0.11237456799990715,0.007279083763558722,9.107451605115047,8.849500131607055,8.591548658099063,68.46846730743327,64.22397067355017,NICK
2018-01-25,9.119999885559082,9.119999885559082,9.0,9.020000457763672,9.020000457763672,3500,9.014000129699706,8.929000186920167,8.871500158309937,8.533600120544433,8.643900041580201,8.839800012111663,60.69865596635593,0.11949698877640103,0.11379905215520593,0.005697936621195096,9.107912843708428,8.871500158309937,8.635087472911446,64.43903094870474,66.10722415699006,NICK
2018-01-26,8.979999542236328,9.100000381469727,8.979999542236328,9.100000381469727,9.100000381469727,5500,9.034000205993653,8.958000183105469,8.878000164031983,8.538600120544434,8.647500047683716,8.835900013446809,63.552216410680096,0.12439421836962161,0.11591808539808907,0.008476132971532546,9.131424656993957,8.878000164031983,8.624575671070009,66.60941287417423,66.50563704343722,NICK
2018-01-29,9.140000343322754,9.380000114440918,9.050000190734863,9.130000114440918,9.130000114440918,8700,9.054000282287598,8.990000152587891,8.889500188827515,8.545200119018554,8.651400051116944,8.832650015354156,64.59049065774859,0.12920662232361302,0.11857579278319386,0.010630829540419162,9.165722872822498,8.889500188827515,8.613277504832533,62.845465686564374,64.63130316981425,NICK
2018-01-30,9.09000015258789,9.210000038146973,9.050000190734863,9.180000305175781,9.180000305175781,6900,9.090000343322753,9.027000141143798,8.90850019454956,8.557800121307373,8.656900053024293,8.828300015926361,66.31292704189657,0.13549320334534798,0.12195927489562468,0.013533928449723301,9.208718421630609,8.90850019454956,8.608281967468512,65.48540571869391,64.98009475981064,NICK
2018-01-31,9.329999923706055,9.380000114440918,9.100000381469727,9.149999618530273,9.149999618530273,14100,9.116000175476074,9.052000141143798,8.926000165939332,8.573200111389161,8.665100049972533,8.823150012493134,64.29211819969932,0.13648128807902715,0.12486367753230518,0.011617610546721974,9.239394377864368,8.926000165939332,8.612605954014295,61.581913598207244,63.304261667821656,NICK
2018-02-01,9.25,9.390000343322754,9.140000343322754,9.149999618530273,9.149999618530273,2100,9.142000007629395,9.07800006866455,8.94150013923645,8.587800102233887,8.673000049591064,8.81915001153946,64.29211819969932,0.13570008622559548,0.12703095927096325,0.008669126954632234,9.266785991791247,8.94150013923645,8.616214286681652,62.37283860818701,63.14671930836253,NICK
2018-02-02,9.149999618530273,9.260000228881836,9.100000381469727,9.170000076293945,9.170000076293945,17400,9.155999946594239,9.095000076293946,8.974500131607055,8.605800094604492,8.678900051116944,8.814700009822845,65.1140868212764,0.1351370718745617,0.12865218179168295,0.006484890082878753,9.247737935737995,8.974500131607055,8.701262327476115,61.45003065168631,61.80159428602666,NICK
2018-02-05,9.1899995803833,9.199999809265137,9.130000114440918,9.149999618530273,9.149999618530273,19500,9.15999984741211,9.107000064849853,8.992000102996826,8.624600086212158,8.684300050735473,8.810150005817412,63.53895855261216,0.13156046204146854,0.12923383784164005,0.0023266241998284865,9.263116073977635,8.992000102996826,8.720884132016018,61.111040468614426,61.644636576162384,NICK
2018-02-06,8.970000267028809,9.149999618530273,8.970000267028809,9.140000343322754,9.140000343322754,15500,9.151999855041504,9.12100009918213,9.00750012397766,8.647200088500977,8.68910005569458,8.80530000925064,62.72204806502567,0.12646134734609404,0.12867933974253085,-0.002217992396436802,9.27522175128576,9.00750012397766,8.73977849666956,60.55552553249468,61.038865550931604,NICK
2018-02-07,9.029999732971191,9.380000114440918,9.029999732971191,9.100000381469727,9.100000381469727,17600,9.142000007629395,9.129000091552735,9.022500133514404,8.666400089263917,8.69200005531311,8.800500009059906,59.43036138858949,0.11783427936176949,0.12651032766637857,-0.00867604830460908,9.275234942458773,9.022500133514404,8.769765324570034,56.66665607029248,59.444407357133656,NICK
2018-02-08,9.15999984741211,9.199999809265137,8.930000305175781,8.9399995803833,8.9399995803833,9000,9.1,9.121000003814697,9.025000095367432,8.684800071716309,8.696400051116944,8.794350006580352,48.47218845318551,0.09696874305534386,0.12060201074417162,-0.023633267688827758,9.273394768797214,9.025000095367432,8.77660542193765,44.9999947018131,54.07405876819988,NICK
2018-02-09,8.930000305175781,9.050000190734863,8.84000015258789,8.84000015258789,8.84000015258789,22000,9.034000015258789,9.094999980926513,9.02650008201599,8.701200065612793,8.697700052261352,8.788450005054473,43.1206887128354,0.07153888141784925,0.11078938487890715,-0.03925050346105789,9.269997387133841,9.02650008201599,8.78300277689814,28.333328035146433,43.333326269083805,NICK
2018-02-12,8.789999961853027,9.09000015258789,8.789999961853027,8.970000267028809,8.970000267028809,5600,8.998000144958496,9.078999996185303,9.034500074386596,8.72300006866455,8.700500059127808,8.783050005435944,50.735328671325206,0.061170322239398445,0.1008655723510054,-0.03969525011160696,9.258774377736072,9.034500074386596,8.81022577103712,21.111104046861783,31.481475594606906,NICK
2018-02-13,8.970000267028809,8.970000267028809,8.970000267028809,8.970000267028809,8.970000267028809,0,8.964000129699707,9.057999992370606,9.042500066757203,8.746200075149536,8.703300065994263,8.778000009059905,50.735328671325206,0.05234970952420781,0.09116239978564589,-0.038812690261438076,9.244477762710284,9.042500066757203,8.840522370804122,22.777807800839398,24.074079960949007,NICK
2018-02-14,9.170000076293945,9.170000076293945,9.020000457763672,9.100000381469727,9.100000381469727,9200,8.964000129699707,9.05300006866455,9.052500104904174,8.769400081634522,8.707800073623657,8.773550012111663,57.35626810756694,0.05521277467968311,0.08397247476445333,-0.028759700084770218,9.24484086579545,9.052500104904174,8.8601593440129,37.2222557774087,27.03705587503643,NICK
2018-02-15,9.09000015258789,9.199999809265137,9.09000015258789,9.180000305175781,9.180000305175781,15400,9.012000274658202,9.056000137329102,9.067000102996825,8.795400085449218,8.712900075912476,8.769650013446809,60.843777123006646,0.06320847178169586,0.07981967416790184,-0.016611202386205975,9.25172691272576,9.067000102996825,8.882273293267891,48.88891714588809,36.296326908045195,NICK
2018-02-16,9.3100004196167,9.399999618530273,9.149999618530273,9.15999984741211,9.15999984741211,5100,9.076000213623047,9.055000114440919,9.075000095367432,8.819600086212159,8.719100074768066,8.765600011348724,59.532928838315826,0.06715710425618049,0.07728716018555756,-0.010130055929377074,9.26127940837015,9.075000095367432,8.888720782364715,59.107490910392436,48.40622127789621,NICK
2018-02-20,9.329999923706055,9.449999809265137,9.119999885559082,9.130000114440918,9.130000114440918,6900,9.108000183105469,9.053000164031982,9.080000114440917,8.844800090789795,8.725000076293945,8.761400010585785,57.53076974123464,0.06709229796063987,0.07524818774057403,-0.008155889779934158,9.266547630067201,9.080000114440917,8.893452598814633,59.05698517390632,55.684464410062084,NICK
2018-02-21,9.180000305175781,9.180000305175781,8.899999618530273,8.949999809265137,8.949999809265137,27800,9.104000091552734,9.03400011062622,9.077500104904175,8.865600090026856,8.728800077438354,8.757250010967255,47.26053237891314,0.051917940501841287,0.07058213829282747,-0.018664197790986187,9.269528716320737,9.077500104904175,8.885471493487612,45.47111545163249,54.545197178643555,NICK
2018-02-22,9.0,9.069999694824219,8.899999618530273,8.920000076293945,8.920000076293945,10100,9.068000030517577,9.016000080108643,9.072500085830688,8.884800090789795,8.730100078582764,8.75285001039505,45.79326017363676,0.03704440036973189,0.06387459070820836,-0.026830190338476473,9.275169759827211,9.072500085830688,8.869830411834165,31.818194954195103,45.44876519324444,NICK
2018-02-23,8.899999618530273,9.149999618530273,8.850000381469727,9.010000228881836,9.010000228881836,31100,9.034000015258789,9.023000144958496,9.072000074386597,8.904000091552735,8.733500080108643,8.74870001077652,50.73480591027734,0.03214868280463712,0.057529409127494116,-0.025380726322856997,9.275233932162061,9.072000074386597,8.868766216611133,25.75759327226001,34.34896789269567,NICK
2018-02-26,9.109999656677246,9.109999656677246,8.8100004196167,8.899999618530273,8.899999618530273,12300,8.981999969482422,9.029000091552735,9.062000036239624,8.921000080108643,8.733500080108643,8.744250009059906,45.29932701603505,0.01917166243009838,0.04985785978801497,-0.03068619735791659,9.278018613723571,9.062000036239624,8.845981458755677,23.23233053010856,26.936039585521026,NICK
2018-02-27,9.25,9.319999694824219,8.920000076293945,9.029999732971191,9.029999732971191,18600,8.961999893188477,9.035000038146972,9.057000017166137,8.933400077819824,8.736400079727172,8.741400005817413,51.86296300922246,0.01915638024100197,0.04371756387861237,-0.024561183637610402,9.271112199935061,9.057000017166137,8.842887834397214,28.78787003053723,25.92593127763507,NICK
2018-02-28,9.020000457763672,9.399999618530273,8.899999618530273,8.930000305175781,8.930000305175781,30000,8.957999992370606,9.03100004196167,9.044500017166138,8.938200092315673,8.737600078582764,8.738100006580353,47.17384111850084,0.010948938357135063,0.03716383877431691,-0.026214900417181844,9.257617351067202,9.044500017166138,8.831382683265074,24.74746890924717,25.58922315663079,NICK
2018-03-01,9.149999618530273,9.199999809265137,8.899999618530273,9.010000228881836,9.010000228881836,15000,8.976000022888183,9.02200002670288,9.037500047683716,8.94760009765625,8.739300079345703,8.73490000963211,50.991379534844015,0.010775592466186978,0.03188618951269092,-0.02111059704650394,9.245430357207875,9.037500047683716,8.829569738159558,30.30305657505649,27.9461318382801,NICK
2018-03-02,9.050000190734863,9.199999809265137,8.930000305175781,9.170000076293945,9.170000076293945,18700,9.007999992370605,9.021000003814697,9.0385000705719,8.955200099945069,8.74240008354187,8.732500011920928,57.59215902371627,0.023280501975200707,0.03016505200519288,-0.006884550029992172,9.248764271671057,9.0385000705719,8.828235869472742,37.37378262000443,30.808102701435832,NICK
2018-03-05,9.100000381469727,9.100000381469727,8.800000190734863,8.800000190734863,8.800000190734863,12100,8.988000106811523,8.985000038146973,9.020000076293945,8.957000102996826,8.741800088882446,8.728950011730195,43.1266137064754,0.003296830497776071,0.024791407703709516,-0.021494577205933445,9.245299928371665,9.020000076293945,8.794700224216225,30.30305657505649,32.659965256705604,NICK
2018-03-06,8.899999618530273,9.029999732971191,8.800000190734863,8.800000190734863,8.800000190734863,9800,8.942000198364259,8.952000045776368,9.002500104904176,8.955200099945069,8.742100086212158,8.732200014591218,43.126613706475396,-0.012397462887646427,0.017353633585438327,-0.029751096473084753,9.238794499853553,9.002500104904176,8.766205709954798,19.1919294088185,28.95625620129294,NICK
2018-03-07,8.880000114440918,9.15999984741211,8.880000114440918,8.899999618530273,8.899999618530273,11900,8.936000061035156,8.94700002670288,8.99050006866455,8.956800098419189,8.7428000831604,8.734850013256073,47.27742824265563,-0.016575117734280553,0.01056788332149455,-0.027143001055775103,9.221971545166275,8.99050006866455,8.759028592162826,5.128178793988024,18.207721592620803,NICK
2018-03-08,9.020000457763672,9.020000457763672,9.020000457763672,9.020000457763672,9.020000457763672,500,8.938000106811524,8.957000064849854,8.986500072479249,8.960200099945068,8.746700086593627,8.737300016880035,51.82153620861807,-0.010086602387707089,0.006436986179654222,-0.01652358856736131,9.212975314937252,8.986500072479249,8.760024830021246,16.410250391007082,13.57678619793767,NICK
2018-03-09,9.239999771118164,9.489999771118164,9.0,9.0600004196167,9.0600004196167,8100,8.916000175476075,8.96200008392334,8.992500114440919,8.96980010986328,8.749800090789796,8.737350018024445,53.26741483613836,-0.001697180559377287,0.00481015283184792,-0.006507333391225207,9.220085339104362,8.992500114440919,8.764914889777476,28.970655560017164,16.83636158167056,NICK
2018-03-12,9.020000457763672,9.300000190734863,9.020000457763672,9.199999809265137,9.199999809265137,3300,8.99600009918213,8.992000102996826,9.01050009727478,8.974400100708008,8.753800086975097,8.73920001745224,58.016488428499834,0.016063111848556133,0.007060744635189563,0.00900236721336657,9.243864648898171,9.01050009727478,8.77713554565139,43.16614158662116,29.515682512548267,NICK
2018-03-13,9.180000305175781,9.180000305175781,9.0,9.100000381469727,9.100000381469727,9000,9.056000137329102,8.99900016784668,9.017000102996827,8.978400115966798,8.756500091552734,8.740750019550324,53.81010382210255,0.021817653120679736,0.010012126332287598,0.011805526788392138,9.252720332466142,9.017000102996827,8.781279873527511,46.37684164067134,39.50454626243635,NICK
2018-03-14,9.079999923706055,9.210000038146973,9.050000190734863,9.0600004196167,9.0600004196167,21700,9.088000297546387,9.012000179290771,9.02150011062622,8.983600120544434,8.758400096893311,8.744150021076202,52.18038906070339,0.022886682480983467,0.012587037562026771,0.010299644918956696,9.256895596640893,9.02150011062622,8.786104624611548,46.37684164067134,45.306608289321076,NICK
2018-03-15,9.029999732971191,9.180000305175781,9.029999732971191,9.09000015258789,9.09000015258789,5700,9.10200023651123,9.020000171661376,9.021000099182128,8.989400119781495,8.761200094223023,8.746700022220612,53.32221653735124,0.02585656529395486,0.015240943108412388,0.01061562218554247,9.255768128171692,9.021000099182128,8.786232070192565,41.06284533282139,44.605509538054484,NICK
2018-03-16,9.170000076293945,9.270000457763672,9.069999694824219,9.069999694824219,9.069999694824219,11700,9.104000091552734,9.010000133514405,9.01550006866455,8.99400011062622,8.763400087356567,8.750000021457673,52.42348990724833,0.026293256732726533,0.017451405833275216,0.008841850899451317,9.240041835528098,9.01550006866455,8.790958301801004,39.613535917838746,42.35107429711029,NICK
2018-03-19,9.09000015258789,9.239999771118164,9.029999732971191,9.100000381469727,9.100000381469727,8900,9.084000205993652,9.04000015258789,9.012500095367432,9.005800113677978,8.766000089645386,8.752000024318695,53.684508912267646,0.028728972814793252,0.019706919229578825,0.009022053585214428,9.230754600631952,9.012500095367432,8.794245590102912,41.545902399897905,40.74076121685247,NICK
2018-03-20,9.079999923706055,9.210000038146973,9.079999923706055,9.149999618530273,9.149999618530273,6500,9.094000053405761,9.075000095367432,9.013500070571899,9.012800102233888,8.768900089263916,8.75305002450943,55.787747577288116,0.0342984448062591,0.02262522434491488,0.011673220461344218,9.234069792302362,9.013500070571899,8.792930348841436,44.44442908736114,41.867955801699054,NICK
2018-03-21,9.109999656677246,9.109999656677246,9.100000381469727,9.100000381469727,9.100000381469727,2500,9.102000045776368,9.095000171661377,9.021000099182128,9.01820011138916,8.771100091934205,8.754550025463104,53.18669020156855,0.034282582643104575,0.02495669600455282,0.009325886638551755,9.2426214080572,9.021000099182128,8.799378790307056,45.89373850234379,43.96135666320074,NICK
2018-03-22,9.220000267028809,9.460000038146973,9.0600004196167,9.149999618530273,9.149999618530273,1500,9.113999938964843,9.108000087738038,9.032500076293946,9.025200099945069,8.77370008468628,8.755850021839143,55.424837786073475,0.03786801344724999,0.027538959493092256,0.010329053954157737,9.255827147932964,9.032500076293946,8.809173004654928,48.30916205147947,46.21577654706126,NICK
2018-03-23,9.199999809265137,9.199999809265137,9.09000015258789,9.09000015258789,9.09000015258789,3600,9.118000030517578,9.111000061035156,9.036500072479248,9.02920009613037,8.775600090026856,8.7564000248909,52.199645466241584,0.035459285159399556,0.029123024626353716,0.00633626053304584,9.26093488300794,9.036500072479248,8.812065261950556,45.41063536401624,46.53784530594629,NICK
2018-03-26,9.0600004196167,9.15999984741211,9.0,9.020000457763672,9.020000457763672,6400,9.102000045776368,9.093000125885009,9.042500114440918,9.03340009689331,8.777300090789796,8.758000028133392,48.64327161617456,0.027583989219586158,0.028815217545000205,-0.0012312283254140473,9.258266086814672,9.042500114440918,8.826734142067163,38.56816000356872,44.095985806354605,NICK
2018-03-27,9.1899995803833,9.1899995803833,9.149999618530273,9.149999618530273,9.149999618530273,600,9.102000045776368,9.098000049591064,9.048500108718873,9.040200080871582,8.7803000831604,8.759000027179718,54.801963895680736,0.03146984153051946,0.029346142342104056,0.0021236991884154045,9.269160326876795,9.048500108718873,8.82783989056095,31.864025252071016,38.614273539885126,NICK
2018-03-28,9.079999923706055,9.109999656677246,9.0,9.010000228881836,9.010000228881836,2100,9.08400001525879,9.093000030517578,9.052500104904174,9.044200077056885,8.78200008392334,8.760750029087067,48.11076830836475,0.022987639562508377,0.02807444178618492,-0.005086802223676544,9.267243997625528,9.052500104904174,8.837756212182821,18.53464473613224,29.65560999725712,NICK
2018-03-29,8.979999542236328,9.100000381469727,8.979999542236328,9.069999694824219,9.069999694824219,1200,9.068000030517577,9.090999984741211,9.055500078201295,9.047600078582764,8.783700084686279,8.765300028324127,50.87886901328712,0.02086635451103902,0.02663282433115574,-0.005766469820116721,9.269460213130849,9.055500078201295,8.84153994327174,17.13435258471768,22.511007524306773,NICK
2018-04-02,9.25,9.25,9.050000190734863,9.050000190734863,9.050000190734863,3700,9.060000038146972,9.089000034332276,9.04950008392334,9.050800075531006,8.7853000831604,8.771600029468537,49.922862933522296,0.017371183793942535,0.0247804962237131,-0.007409312429770564,9.256910159506925,9.04950008392334,8.842090008339754,11.791443259457514,15.820146860102271,NICK
2018-04-03,9.0600004196167,9.0600004196167,8.979999542236328,8.989999771118164,8.989999771118164,5700,9.053999900817871,9.07799997329712,9.059000062942506,9.050600070953369,8.78610008239746,8.777850029468537,47.065622690541296,0.009648481709485068,0.021754093320867494,-0.012105611611382426,9.234829409618747,9.059000062942506,8.883170716266264,11.805614884191982,13.577136909455518,NICK
2018-04-04,9.149999618530273,9.149999618530273,8.699999809265137,8.90999984741211,8.90999984741211,4400,9.005999946594239,9.053999996185302,9.064500045776366,9.048200073242187,8.78570008277893,8.783350028991698,43.491483468674545,-0.0028937828598412096,0.016824518084725754,-0.019718300944566964,9.212212557070849,9.064500045776366,8.916787534481884,14.766135960042492,12.787731367897123,NICK
2018-04-05,8.90999984741211,9.050000190734863,8.75,9.020000457763672,9.020000457763672,17700,9.007999992370605,9.046000003814697,9.070500087738036,9.048600082397462,8.786800088882446,8.788700032234193,49.20352595914924,-0.003912388373464637,0.012677136793087676,-0.016589525166552314,9.199569636945464,9.070500087738036,8.941430538530609,23.940096771993225,16.83728253874236,NICK
2018-04-06,8.949999809265137,9.100000381469727,8.75,8.979999542236328,8.979999542236328,12600,8.989999961853027,9.028999996185302,9.06850004196167,9.047800064086914,8.788400087356568,8.792400031089782,47.32994259854843,-0.007856811728215618,0.008570347088827018,-0.016427158817042636,9.201807862519168,9.06850004196167,8.935192221404172,35.526323494596646,24.744185408877247,NICK
2018-04-09,8.930000305175781,8.989999771118164,8.869999885559082,8.90999984741211,8.90999984741211,5300,8.961999893188477,9.010999965667725,9.06100001335144,9.045600051879882,8.789600086212157,8.796150031089782,44.16091680113096,-0.016441656829988105,0.003567946305063993,-0.0200096031350521,9.211186520480526,9.06100001335144,8.910813506222356,35.526323494596646,31.664247920395297,NICK
2018-04-10,8.949999809265137,8.979999542236328,8.949999809265137,8.970000267028809,8.970000267028809,2400,8.957999992370606,9.005999946594239,9.049500036239625,9.043000049591065,8.79080008506775,8.800250034332276,47.41123298138156,-0.018193947503490904,-0.0007844324566469866,-0.017409515046843918,9.190279974947877,9.049500036239625,8.908720097531372,33.33333333333371,34.79532677417546,NICK
2018-04-11,8.970000267028809,8.979999542236328,8.899999618530273,8.9399995803833,8.9399995803833,2100,8.963999938964843,8.984999942779542,9.041499996185303,9.039200038909913,8.792200078964234,8.802850031852723,45.97035637062613,-0.021752703547006647,-0.004978086674718919,-0.016774616872287727,9.187961600614843,9.041499996185303,8.895038391755763,31.578949569885026,33.479535465938255,NICK
2018-04-12,8.699999809265137,8.829999923706055,8.5600004196167,8.829999923706055,8.829999923706055,6100,8.92599983215332,8.966999912261963,9.02999997138977,9.032200031280517,8.795000076293945,8.80465003013611,41.044868755170384,-0.033067910056242766,-0.010596051351023688,-0.02247185870521908,9.202626743036642,9.02999997138977,8.857373199742899,35.411886590913944,33.44138983137736,NICK
2018-04-13,8.479999542236328,8.90999984741211,8.479999542236328,8.75,8.75,6000,8.879999923706055,8.934999942779541,9.012999963760375,9.024200038909912,8.798700075149537,8.805150032043457,37.86714021034379,-0.047938018357053025,-0.018064444752229555,-0.02987357360482347,9.221815656893297,9.012999963760375,8.804184270627454,35.25808937301116,34.082975177936504,NICK
2018-04-16,8.800000190734863,8.850000381469727,8.760000228881836,8.760000228881836,8.760000228881836,5000,8.85,8.905999946594239,8.997499990463258,9.016400051116943,8.802100076675416,8.805150032043457,38.508027120621165,-0.058244346848798756,-0.026100425171543394,-0.03214392167725536,9.23158325836399,8.997499990463258,8.763416722562525,36.853021432391834,35.840999132105445,NICK
2018-04-17,8.899999618530273,8.899999618530273,8.75,8.770000457763672,8.770000457763672,2200,8.810000038146972,8.884000015258788,8.980999994277955,9.008400058746338,8.807100076675415,8.803300032615661,39.18358960543733,-0.06485761334208462,-0.03385186280565164,-0.03100575053643298,9.229909452232166,8.980999994277955,8.732090536323744,36.36370392021875,36.15827157520704,NICK
2018-04-18,8.75,8.920000076293945,8.75,8.770000457763672,8.770000457763672,1800,8.776000213623046,8.870000076293945,8.962000036239624,9.000800075531005,8.812700080871583,8.801150035858154,39.18358960543733,-0.06929982938848234,-0.04094145612221778,-0.028358373266264558,9.214396373217062,8.962000036239624,8.709603699262187,37.229524087900195,36.81541648017005,NICK
2018-04-19,8.75,8.850000381469727,8.75,8.789999961853027,8.789999961853027,1200,8.768000221252441,8.847000026702881,8.946500015258788,8.993800067901612,8.820500078201293,8.797800035476685,40.69477826244546,-0.0703950544047327,-0.046832175778720765,-0.02356287862601194,9.201158402866787,8.946500015258788,8.69184162765079,38.52821305484446,37.373813687654255,NICK
2018-04-20,8.720000267028809,8.899999618530273,8.720000267028809,8.899999618530273,8.899999618530273,300,8.798000144958497,8.839000034332276,8.934000015258789,8.989800052642822,8.828100070953369,8.79585003376007,48.30356303979865,-0.061676012452844375,-0.049800943113545486,-0.01187506933929889,9.171436183632341,8.934000015258789,8.696563846885237,46.869592135303414,40.87577642601581,NICK
2018-04-23,8.479999542236328,8.819999694824219,8.430000305175781,8.710000038146973,8.710000038146973,5500,8.788000106811523,8.819000053405762,8.915000009536744,8.985200061798096,8.835000066757202,8.79295003414154,38.996822906921665,-0.0692986553706536,-0.05370048556496711,-0.015598169805686499,9.160152865041143,8.915000009536744,8.669847154032345,47.278410374352866,44.2254051881667,NICK
2018-04-24,8.6899995803833,8.760000228881836,8.6899995803833,8.699999809265137,8.699999809265137,900,8.773999977111817,8.792000007629394,8.898999977111817,8.98240005493164,8.841800060272217,8.790400032997132,38.57554136455624,-0.07527882229260996,-0.05801615291049568,-0.01726266938211428,9.156130132498808,8.898999977111817,8.641869821724827,47.29129638644497,47.14643296536687,NICK
2018-04-25,8.699999809265137,8.699999809265137,8.699999809265137,8.699999809265137,8.699999809265137,0,8.759999847412109,8.768000030517578,8.87649998664856,8.977000045776368,8.85000005722046,8.787700033187866,38.57554136455624,-0.07910625994038156,-0.06223417431647286,-0.016872085623908704,9.12024363864437,8.87649998664856,8.632756334652749,39.82858220118165,44.79942965399295,NICK
2018-04-26,8.6899995803833,8.6899995803833,8.550000190734863,8.550000190734863,8.550000190734863,2200,8.711999893188477,8.74000005722046,8.85349998474121,8.968600044250488,8.857400059700012,8.784400033950806,32.47294715597428,-0.093169250345575,-0.06842118952229329,-0.02474806082328171,9.127454229001785,8.85349998474121,8.579545740480636,34.00847638107583,40.376118322900616,NICK
2018-04-27,8.609999656677246,8.760000228881836,8.359999656677246,8.739999771118164,8.739999771118164,21900,8.679999923706054,8.739000034332275,8.836999988555908,8.961400032043457,8.86540005683899,8.78215003490448,44.45870808585597,-0.08796884324960175,-0.07233072026775497,-0.015638122981846775,9.096160099794503,8.836999988555908,8.577839877317313,41.00578421262042,38.280947598292435,NICK
2018-04-30,8.479999542236328,9.0,8.4399995803833,8.739999771118164,8.739999771118164,13300,8.685999870300293,8.736999988555908,8.821499967575074,8.952600021362304,8.874000053405762,8.779850034713744,44.45870808585597,-0.08289195628552548,-0.07444296747130907,-0.008448988814216407,9.064421666619166,8.821499967575074,8.57857826853098,47.364636603567554,40.79296573242107,NICK
2018-05-01,8.75,8.880000114440918,8.40999984741211,8.569999694824219,8.569999694824219,18400,8.65999984741211,8.716999912261963,8.800499963760377,8.940800018310547,8.880200052261353,8.776000032424927,37.543726420661066,-0.09153096026263974,-0.07786056602957521,-0.013670394233064528,9.053914627711533,8.800499963760377,8.54708529980922,51.15927558020176,46.50989879879637,NICK
2018-05-02,8.640000343322754,8.75,8.640000343322754,8.720000267028809,8.720000267028809,4000,8.663999938964844,8.711999893188477,8.79099998474121,8.932600021362305,8.88870005607605,8.774850034713745,45.585911054051046,-0.08529046519405803,-0.07934654586247178,-0.00594391933158625,9.041511439231677,8.79099998474121,8.540488530250745,49.47917986039642,49.3343640147217,NICK
2018-05-03,8.600000381469727,8.75,8.569999694824219,8.75,8.75,4700,8.703999900817871,8.707999897003173,8.777499961853028,8.928600025177001,8.897100057601929,8.775250034332275,47.05428919447951,-0.07703607622588216,-0.07888445193515385,0.0018483757092716963,9.005260675716858,8.777499961853028,8.549739247989198,50.000024835255694,50.212826758617744,NICK
2018-05-04,8.600000381469727,8.850000381469727,8.600000381469727,8.600000381469727,8.600000381469727,700,8.676000022888184,8.67799997329712,8.758500003814698,8.922200031280518,8.903500061035157,8.773700037002563,41.084463901639104,-0.08165683989452965,-0.07943892952702901,-0.0022179103675006445,8.978797424031425,8.758500003814698,8.53820258359797,51.562559759833505,50.347254818494996,NICK
2018-05-07,8.460000038146973,8.579999923706055,8.390000343322754,8.579999923706055,8.579999923706055,3900,8.644000053405762,8.664999961853027,8.742000007629395,8.913600025177002,8.908800058364868,8.77135003566742,40.34938528123567,-0.0859420121642831,-0.08073954605447983,-0.0052024661098032665,8.963864761602276,8.742000007629395,8.520135253656514,44.27087912333571,48.61115457280809,NICK
2018-05-08,8.579999923706055,8.579999923706055,8.579999923706055,8.579999923706055,8.579999923706055,0,8.646000099182128,8.652999973297119,8.722499990463257,8.907200031280517,8.91410005569458,8.769500036239624,40.349385281235676,-0.08831994471563576,-0.08225562578671101,-0.006064318928924742,8.9287884975559,8.722499990463257,8.516211483370615,35.416713232770775,43.75005070531312,NICK
2018-05-09,8.600000381469727,8.649999618530273,8.600000381469727,8.649999618530273,8.649999618530273,400,8.631999969482422,8.647999954223632,8.707999992370606,8.8996000289917,8.916500053405763,8.768550033569335,44.388154627537446,-0.08359248094834548,-0.08252299681903791,-0.001069484129307574,8.890493813753015,8.707999992370606,8.525506170988198,38.02083876604579,39.23614370738388,NICK
2018-05-10,8.869999885559082,8.869999885559082,8.579999923706055,8.579999923706055,8.579999923706055,2100,8.597999954223633,8.650999927520752,8.695499992370605,8.892600021362306,8.915400056838989,8.767650032043457,41.371535689752456,-0.08452002794344615,-0.08292240304391955,-0.001597624899526598,8.877101208526481,8.695499992370605,8.51389877621473,38.02083876604579,37.15279692162057,NICK
2018-05-11,8.699999809265137,9.039999961853027,8.699999809265137,8.800000190734863,8.800000190734863,10100,8.63799991607666,8.656999969482422,8.69800000190735,8.888400020599365,8.918000059127808,8.768850030899047,52.335346808268014,-0.06673366849920725,-0.07968465613497709,0.012950987635769837,8.883860190338742,8.69800000190735,8.512139813475956,48.1311416222238,41.39093971810491,NICK
2018-05-14,8.890000343322754,8.890000343322754,8.760000228881836,8.760000228881836,8.760000228881836,2700,8.673999977111816,8.659000015258789,8.69800000190735,8.880200023651122,8.917700061798095,8.770150032043457,50.486711833521845,-0.05522886909955638,-0.07479349872789295,0.019564629628336577,8.883860190338742,8.69800000190735,8.512139813475956,52.634847431607476,46.26227593995881,NICK
2018-05-15,8.850000381469727,9.0,8.789999961853027,8.789999961853027,8.789999961853027,1800,8.715999984741211,8.68100004196167,8.698999977111816,8.880000019073487,8.918500061035155,8.771250033378601,51.860132089846935,-0.04319260746281728,-0.06847332047487782,0.025280713012060543,8.88660593447863,8.698999977111816,8.511394019745001,62.25494320965529,54.34031075449531,NICK
2018-05-16,9.100000381469727,9.100000381469727,8.75,8.75,8.75,1500,8.736000061035156,8.684000015258789,8.697999954223633,8.87900001525879,8.917100057601928,8.77215003490448,49.873671771496596,-0.03646114464780226,-0.06207088530946271,0.025609740661660454,8.884290001925393,8.697999954223633,8.511709906521872,58.253865085143126,57.71455190880176,NICK
2018-05-17,8.75,8.800000190734863,8.630000114440918,8.699999809265137,8.699999809265137,6400,8.760000038146973,8.678999996185302,8.693499946594239,8.875000019073486,8.915900058746338,8.77135003566742,47.42810879982658,-0.03476031412887437,-0.05660877107334504,0.02184845694447067,8.874968900416462,8.693499946594239,8.512030992772015,53.19996745365902,57.902925249485605,NICK
2018-05-18,8.75,8.880000114440918,8.75,8.84000015258789,8.84000015258789,4300,8.768000030517578,8.70299997329712,8.690499973297118,8.871400012969971,8.91580005645752,8.771100034713745,54.20006977494556,-0.021863507113893732,-0.04965971828145478,0.02779621116756105,8.859789727894226,8.690499973297118,8.521210218700011,53.248281054851645,54.90070453121772,NICK
2018-05-21,8.699999809265137,8.699999809265137,8.699999809265137,8.699999809265137,8.699999809265137,100,8.755999946594239,8.714999961853028,8.689999961853028,8.86420000076294,8.91700005531311,8.769100031852723,47.597277399412356,-0.022678132912931304,-0.04426340120775009,0.021585268294818785,8.859115365753956,8.689999961853028,8.5208845579521,50.23467998407893,52.22764283086298,NICK
2018-05-22,8.779999732971191,8.779999732971191,8.699999809265137,8.699999809265137,8.699999809265137,400,8.73799991607666,8.726999950408935,8.689999961853028,8.854200000762939,8.914300050735473,8.767100028991699,47.59727739941235,-0.02305793223795405,-0.040022307413790884,0.016964375175836835,8.859115365753956,8.689999961853028,8.5208845579521,50.23467998407893,51.23921367433629,NICK
2018-05-23,8.680000305175781,8.680000305175781,8.619999885559082,8.619999885559082,8.619999885559082,700,8.711999893188477,8.723999977111816,8.685999965667724,8.844599990844726,8.911500053405762,8.764500026702882,44.04161233871228,-0.029474487648776915,-0.03791274346078809,0.008438255812011172,8.857744027297947,8.685999965667724,8.514255904037501,39.90602950480165,46.79179649098629,NICK
2018-05-24,8.630000114440918,8.630000114440918,8.630000114440918,8.630000114440918,8.630000114440918,200,8.697999954223633,8.728999996185303,8.689999961853028,8.83599998474121,8.909800052642822,8.763800024986267,44.59875105453412,-0.033368072773249935,-0.03700380932328046,0.0036357365500305217,8.85235768953613,8.689999961853028,8.527642234169926,36.61965903234784,42.2534561737426,NICK
2018-05-25,8.800000190734863,8.859999656677246,8.800000190734863,8.859999656677246,8.859999656677246,1300,8.701999855041503,8.734999942779542,8.695999956130981,8.831399974822999,8.910400047302247,8.764550023078918,55.558256355096546,-0.017690797660771196,-0.033141206990778604,0.015450409330007409,8.873471123016888,8.695999956130981,8.518528789245075,40.014379308098476,38.84668928174912,NICK
2018-05-29,8.770000457763672,8.779999732971191,8.600000381469727,8.720000267028809,8.720000267028809,900,8.705999946594238,8.730999946594238,8.694999980926514,8.824399986267089,8.909200048446655,8.764650025367736,49.18075653877641,-0.016374470206587333,-0.02978785963394035,0.013413389427353019,8.871691863917855,8.694999980926514,8.518308097935174,38.190652395739484,38.274896912061735,NICK
2018-05-30,8.699999809265137,8.779999732971191,8.699999809265137,8.699999809265137,8.699999809265137,3200,8.705999946594238,8.72199993133545,8.70149998664856,8.816399974822998,8.911100044250489,8.764300022125244,48.3272778961818,-0.016752033986232817,-0.027180694504398844,0.010428660518166027,8.868625707496728,8.70149998664856,8.534374265800393,34.61535169766143,37.60679446716626,NICK
2018-05-31,8.699999809265137,8.699999809265137,8.699999809265137,8.699999809265137,8.699999809265137,0,8.72199993133545,8.716999912261963,8.700499963760375,8.807399978637696,8.910100040435792,8.763000020980835,48.327277896181805,-0.0168569396940903,-0.025115943542337135,0.008259003848246835,8.867410132466842,8.700499963760375,8.533589795053908,23.333295186361056,32.04643309325379,NICK
2018-06-01,8.720000267028809,8.739999771118164,8.670000076293945,8.6899995803833,8.6899995803833,3900,8.733999824523925,8.71599988937378,8.69749994277954,8.799199962615967,8.908700037002564,8.762400016784667,47.84579529115481,-0.017544767954989382,-0.023601708424867585,0.0060569404698782026,8.862893427556712,8.69749994277954,8.532106458002369,20.358868698644553,26.102505194222143,NICK
2018-06-04,8.649999618530273,8.729999542236328,8.649999618530273,8.649999618530273,8.649999618530273,6900,8.691999816894532,8.696999835968018,8.699999904632568,8.789199962615967,8.907200031280517,8.762100014686585,45.87692594202773,-0.02107460451285803,-0.023096287642465674,0.002021683129607644,8.860872614684057,8.699999904632568,8.539127194581079,15.999857584635796,19.897340489880264,NICK
2018-06-05,8.649999618530273,8.720000267028809,8.649999618530273,8.720000267028809,8.720000267028809,1000,8.691999816894532,8.698999881744385,8.706999921798706,8.781799964904785,8.905500030517578,8.762550015449523,49.772253501754406,-0.01801588222626016,-0.02208020655922457,0.004064324332964411,8.85827461132965,8.706999921798706,8.555725232267763,17.333221435547255,17.897315906275665,NICK
2018-06-06,8.609999656677246,8.729999542236328,8.600000381469727,8.600000381469727,8.600000381469727,7100,8.67199993133545,8.688999938964844,8.70799994468689,8.773399963378907,8.903400030136108,8.762400016784667,43.93467898480533,-0.024986778630632145,-0.022661520973506086,-0.002325257657126059,8.856135058460058,8.70799994468689,8.559864830913721,11.333274841308972,14.888784620497136,NICK
2018-06-07,8.729999542236328,8.729999542236328,8.600000381469727,8.720000267028809,8.720000267028809,3300,8.676000022888184,8.698999977111816,8.711499977111817,8.764799976348877,8.902500028610229,8.76275002002716,50.22202088445699,-0.020590917095091754,-0.02224740019782322,0.001656483102731466,8.857277221581143,8.711499977111817,8.565722732642492,22.285706656320134,16.984067644391914,NICK
2018-06-08,8.649999618530273,8.739999771118164,8.649999618530273,8.65999984741211,8.65999984741211,1700,8.670000076293945,8.701999950408936,8.715499973297119,8.757799968719482,8.901000022888184,8.762600021362305,47.36205134394587,-0.02169856996863473,-0.02213763415198552,0.0004390641833507923,8.850625859010725,8.715499973297119,8.580374087583513,21.9779749525305,18.532318816719663,NICK
2018-06-11,8.760000228881836,8.760000228881836,8.680000305175781,8.680000305175781,8.680000305175781,1500,8.676000213623047,8.684000015258789,8.709499979019165,8.749999980926514,8.89880002975464,8.762500023841858,48.41655454378635,-0.02072363390871068,-0.021854834103330553,0.0011312001946198712,8.83964986646597,8.709499979019165,8.57935009157236,32.23440401913749,25.499361875995834,NICK
2018-06-12,8.649999618530273,8.720000267028809,8.600000381469727,8.710000038146973,8.710000038146973,5800,8.67400016784668,8.682999992370606,8.706999969482421,8.743199977874756,8.89700002670288,8.762550024986266,50.03348067574542,-0.017330487255414084,-0.02094996473374726,0.0036194774783331746,8.835078023716505,8.706999969482421,8.578921915248337,32.05124913343813,28.754542701701837,NICK
2018-06-13,8.699999809265137,8.729999542236328,8.649999618530273,8.729999542236328,8.729999542236328,4500,8.7,8.685999965667724,8.703999948501586,8.73799997329712,8.894300022125243,8.762050023078919,51.133196033399464,-0.012879138556895597,-0.019335799498376927,0.00645666094148133,8.826865662984936,8.703999948501586,8.581134234018236,41.025594000149546,35.103749050908185,NICK
2018-06-14,8.739999771118164,8.739999771118164,8.600000381469727,8.720000267028809,8.720000267028809,1100,8.7,8.688000011444093,8.702499961853027,8.734199981689454,8.891200027465821,8.762200026512145,50.53434090058487,-0.01004250681755181,-0.017477140962211903,0.007434634144660092,8.823805299932934,8.702499961853027,8.58119462377312,46.15380853345305,39.74355055568004,NICK
2018-06-15,8.6899995803833,8.699999809265137,8.510000228881836,8.699999809265137,8.699999809265137,4900,8.707999992370606,8.689000034332276,8.702499961853027,8.727799968719482,8.888200025558472,8.762450027465821,49.29085382342841,-0.009301108133200842,-0.015841934396409692,0.00654082626320885,8.823805299932934,8.702499961853027,8.58119462377312,55.508030535577426,47.56247768972648,NICK
2018-06-18,8.670000076293945,8.729999542236328,8.59000015258789,8.720000267028809,8.720000267028809,8500,8.715999984741211,8.696000099182129,8.696499967575074,8.722599983215332,8.885200023651123,8.76250002861023,50.59993586952738,-0.007018766571629698,-0.014077300831453693,0.007058534259823996,8.800667990341688,8.696499967575074,8.592331944808459,64.76740325588106,55.47641410830365,NICK
2018-06-19,8.649999618530273,8.6899995803833,8.569999694824219,8.670000076293945,8.670000076293945,6600,8.707999992370606,8.691000080108642,8.694999980926514,8.717799987792969,8.881700019836426,8.762800030708313,47.31168182002528,-0.009139240488602596,-0.013089688762883474,0.003950448274280878,8.79978536252383,8.694999980926514,8.5902145993292,70.71607264425181,63.6638354785699,NICK
2018-06-20,8.640000343322754,8.699999809265137,8.619999885559082,8.649999618530273,8.649999618530273,7300,8.692000007629394,8.696000003814698,8.69249997138977,8.711399974822998,8.877200012207032,8.762350029945374,46.02329560516795,-0.012291907675484381,-0.012930132545403655,0.0006382248699192735,8.799059733365478,8.69249997138977,8.585940209414062,65.92587652857085,67.1364508095677,NICK
2018-06-21,8.680000305175781,9.270000457763672,8.600000381469727,8.6899995803833,8.6899995803833,20700,8.685999870300293,8.692999935150146,8.695999956130981,8.706399974822999,8.872800006866456,8.7621000289917,49.013736309252316,-0.011430987201995535,-0.01263030347672203,0.0011993162747264956,8.797271774528353,8.695999956130981,8.59472813773361,47.894604296354906,61.51218448972566,NICK
2018-06-22,8.699999809265137,8.699999809265137,8.600000381469727,8.6899995803833,8.6899995803833,5800,8.683999824523926,8.695999908447266,8.698999929428101,8.703599967956542,8.86789999961853,8.76240002632141,49.013736309252316,-0.01062620919909918,-0.01222948462119746,0.0016032754220982812,8.795726280147736,8.698999929428101,8.602273578708466,34.45599732968859,49.425492718204595,NICK
2018-06-25,8.84000015258789,8.84000015258789,8.600000381469727,8.649999618530273,8.649999618530273,2100,8.669999694824218,8.692999839782715,8.688499927520752,8.70159996032715,8.86289999961853,8.764000024795532,46.05456004164879,-0.013065468869445596,-0.012396681470847087,-0.0006687873985985089,8.753392226155684,8.688499927520752,8.62360762888582,21.929734301396508,34.760111975813146,NICK
2018-06-26,8.649999618530273,8.649999618530273,8.649999618530273,8.649999618530273,8.649999618530273,0,8.665999603271484,8.686999797821045,8.684999895095824,8.699399948120117,8.85789999961853,8.765450024604798,46.0545600416488,-0.014827675518640504,-0.01288288028040577,-0.0019447952382347332,8.750268647151742,8.684999895095824,8.619731143039907,20.17535053794782,25.520360723010782,NICK
2018-06-27,8.65999984741211,8.65999984741211,8.65999984741211,8.65999984741211,8.65999984741211,100,8.667999649047852,8.679999828338623,8.682999897003175,8.697199935913085,8.852799997329711,8.765850024223328,46.98265146508987,-0.015241606338477709,-0.01335462549202016,-0.0018869808464575498,8.748757109665393,8.682999897003175,8.617242684340956,18.859573172313382,20.32155267055238,NICK
2018-06-28,8.609999656677246,8.670000076293945,8.5,8.670000076293945,8.670000076293945,7200,8.66399974822998,8.674999809265136,8.681499910354614,8.695199928283692,8.848000001907348,8.76615002632141,47.94707073131334,-0.014594478536226418,-0.013602596100861411,-0.0009918824353650074,8.74700571804957,8.681499910354614,8.615994102659657,20.07855720112779,19.704493637129474,NICK
2018-06-29,8.729999542236328,9.5,8.649999618530273,9.199999809265137,9.199999809265137,121900,8.765999794006348,8.724999809265137,8.706999921798706,8.703399925231933,8.848599996566772,8.768850026130677,74.46184056176702,0.028358030247126464,-0.005210470831263836,0.0335685010783903,8.94246539413607,8.706999921798706,8.471534449461343,37.2715619184661,25.403230763968896,NICK
2018-07-02,9.260000228881836,9.489999771118164,9.199999809265137,9.470000267028809,9.470000267028809,29300,8.929999923706054,8.799999809265136,8.747999954223634,8.714799938201905,8.852299995422364,8.772150025367736,80.03985779010532,0.08322561033777198,0.012476745402543328,0.07074886493522865,9.153590975422732,8.747999954223634,8.342408933024535,63.02597549677922,40.12536487212417,NICK
2018-07-03,9.470000267028809,9.75,9.40999984741211,9.710000038146973,9.710000038146973,14100,9.142000007629395,8.90399980545044,8.797499942779542,8.734799938201904,8.86,8.778200025558471,83.49152044637725,0.14440987151978213,0.038863370625991094,0.10554650089379103,9.380282163515842,8.797499942779542,8.214717722043241,87.93333689371782,62.74362476965418,NICK
2018-07-05,9.75,9.75,9.40999984741211,9.420000076293945,9.420000076293945,16500,9.294000053405762,8.980999851226807,8.838499927520752,8.74919994354248,8.86579999923706,8.781750025749206,68.15478686632551,0.16756666185336755,0.06460402887146638,0.10296263298190117,9.473016428261896,8.838499927520752,8.203983426779608,89.1333452860518,80.03088589218275,NICK
2018-07-06,9.420000076293945,10.420000076293945,9.420000076293945,10.1899995803833,10.1899995803833,38100,9.597999954223633,9.130999851226807,8.911999893188476,8.778999938964844,8.877999992370606,8.789250025749206,79.12134275400491,0.24522431657936394,0.1007280864130459,0.14449623016631805,9.774266695477884,8.911999893188476,8.049733090899068,86.14027237864627,87.73565151947177,NICK
2018-07-09,9.970000267028809,10.699999809265137,9.90999984741211,10.699999809265137,10.699999809265137,45200,9.897999954223632,9.33199987411499,9.013999891281127,8.82199993133545,8.895299987792969,8.799300026893615,83.23854667173441,0.34395640829452745,0.1493737507893422,0.19458265750518525,10.166638592371172,9.013999891281127,7.861361190191083,87.20693802806034,87.49351856425261,NICK
2018-07-10,10.350000381469727,10.65999984741211,10.229999542236328,10.229999542236328,10.229999542236328,25400,10.049999809265136,9.489999866485595,9.091499853134156,8.851799926757813,8.906599979400635,8.807200026512145,69.61434743372048,0.37989798126229246,0.19547859688393227,0.1844193843783602,10.347672963984145,9.091499853134156,7.835326742284166,88.8857192090591,87.41097653858839,NICK
2018-07-11,9.9399995803833,10.329999923706055,9.850000381469727,9.90999984741211,9.90999984741211,12400,10.089999771118164,9.615999889373779,9.151499843597412,8.875199928283692,8.913899974822998,8.813400025367736,62.155032587143644,0.37820097039621814,0.23202307158638943,0.1461778988098287,10.443185144032373,9.151499843597412,7.85981454316245,80.909085786047,85.66724767438863,NICK
2018-07-12,9.880000114440918,10.100000381469727,9.760000228881836,9.960000038146973,9.960000038146973,9000,10.19799976348877,9.745999908447265,9.212999868392945,8.902999935150147,8.921899976730346,8.820500025749206,62.825309595587,0.3765500401136581,0.26092846529184316,0.11562157482181495,10.535317498642256,9.212999868392945,7.890682238143635,69.69696706976788,79.83059068829114,NICK
2018-07-13,9.960000038146973,9.960000038146973,9.380000114440918,9.460000038146973,9.460000038146973,5700,10.051999855041505,9.824999904632568,9.249999856948852,8.91779993057251,8.925199975967407,8.825100026130677,52.761812609724245,0.3310793677827206,0.27495864579001866,0.05612072199270196,10.556384185559054,9.249999856948852,7.9436155283386505,58.03030690542666,69.545453253747,NICK
2018-07-16,9.539999961853027,9.619999885559082,9.199999809265137,9.279999732971191,9.279999732971191,6000,9.767999839782714,9.832999897003173,9.278999853134156,8.928399925231934,8.928499975204467,8.82865002632141,49.67680753916521,0.2773222142013516,0.27543135947228525,0.0018908547290663602,10.560778306278491,9.278999853134156,7.9972213999898205,48.48484979844997,58.73737459121465,NICK
2018-07-17,9.220000267028809,10.0,9.220000267028809,9.319999694824219,9.319999694824219,23600,9.585999870300293,9.817999839782715,9.308999824523926,8.942799911499023,8.93249997138977,8.831300024986268,50.3712567233882,0.2352352992161748,0.26739214742106315,-0.032156848204888344,10.564864506630279,9.308999824523926,8.053135142417574,38.78787405891521,48.43434358759709,NICK
2018-07-18,9.3100004196167,9.329999923706055,9.199999809265137,9.279999732971191,9.279999732971191,24800,9.45999984741211,9.774999809265136,9.339499807357788,8.956799907684326,8.935199966430664,8.834350023269653,49.63363607940226,0.19638959622565366,0.25319163718198123,-0.05680204095632757,10.560965799256518,9.339499807357788,8.118033815459057,36.060596471318405,41.11110677622767,NICK
2018-07-19,9.199999809265137,9.289999961853027,9.100000381469727,9.100000381469727,9.100000381469727,4800,9.28799991607666,9.742999839782716,9.36199984550476,8.967199916839599,8.937199974060059,8.83535002708435,46.3447638846984,0.14935794793694335,0.23242489933297367,-0.08306695139603032,10.547893624652017,9.36199984550476,8.176106066357503,31.55950256987859,35.46932436670388,NICK
2018-07-20,9.100000381469727,9.1899995803833,9.100000381469727,9.1899995803833,9.1899995803833,5100,9.233999824523925,9.642999839782714,9.38699984550476,8.97799991607666,8.938799972534179,8.837600026130676,48.19322307175698,0.11798712884417206,0.20953734523521333,-0.09155021639104127,10.535670382428151,9.38699984550476,8.23832930858137,21.010247673605125,29.54344890493385,NICK
2018-07-23,9.180000305175781,9.1899995803833,9.149999618530273,9.149999618530273,9.149999618530273,2400,9.207999801635742,9.487999820709229,9.40999984741211,8.989399909973145,8.940999965667725,8.839300022125244,47.411439546208044,0.08887338896447616,0.1854045539810659,-0.09653116501658973,10.519684464610272,9.40999984741211,8.300315230213947,10.233720021324041,20.93449008826906,NICK
2018-07-24,9.199999809265137,9.199999809265137,9.050000190734863,9.050000190734863,9.050000190734863,10900,9.15399990081787,9.369999885559082,9.42999987602234,8.994399909973145,8.941399965286255,8.84035002231598,45.427440619813616,0.05707351431762042,0.1597383460483768,-0.10266483173075638,10.497801274246738,9.42999987602234,8.362198477797941,2.916635125864571,11.386867606931055,NICK
2018-07-25,9.069999694824219,9.180000305175781,9.010000228881836,9.069999694824219,9.069999694824219,31200,9.111999893188477,9.285999870300293,9.450999879837036,9.000599899291991,8.940399961471558,8.841400022506713,45.914904328731346,0.03310407423028927,0.1344114916847593,-0.10130741745447003,10.472114844551644,9.450999879837036,8.429884915122429,2.2250728574368908,5.12514266820831,NICK
2018-07-26,9.069999694824219,9.180000305175781,9.069999694824219,9.130000114440918,9.130000114440918,10500,9.117999839782716,9.202999877929688,9.474499893188476,9.00739990234375,8.943699960708619,8.842750024795532,47.431987082847755,0.018733702231228833,0.1112759337940532,-0.09254223156282437,10.441939156538801,9.474499893188476,8.50706062983815,3.5502839486042794,2.89733064396839,NICK
2018-07-27,9.140000343322754,9.140000343322754,9.09000015258789,9.09000015258789,9.09000015258789,5200,9.097999954223633,9.16599988937378,9.495499897003175,9.014199905395508,8.946599960327148,8.844350023269653,46.495646318704914,0.004070494138490588,0.08983484586294069,-0.0857643517244501,10.408899451775637,9.495499897003175,8.582100342230712,5.166444397120304,3.647267067720301,NICK
2018-07-30,9.010000228881836,9.140000343322754,9.010000228881836,9.119999885559082,9.119999885559082,5700,9.092000007629395,9.149999904632569,9.491499900817871,9.022599906921387,8.948799962997436,8.845800023078919,47.335346674090154,-0.005071020616105315,0.07085367256713149,-0.0759246931832368,10.41072279986298,9.491499900817871,8.572277001772763,6.760792434516332,5.159173593413448,NICK
2018-07-31,9.050000190734863,9.199999809265137,9.010000228881836,9.199999809265137,9.199999809265137,22800,9.121999931335449,9.13799991607666,9.477999877929687,9.029799900054932,8.950599956512452,8.84865002155304,49.606600832716374,-0.0057936263462483595,0.05552421278445552,-0.06131783913070388,10.405978190974485,9.477999877929687,8.550021564884888,10.2043141065434,7.377183646059822,NICK
2018-08-01,9.289999961853027,9.600000381469727,9.119999885559082,9.399999618530273,9.399999618530273,8700,9.18799991607666,9.149999904632569,9.462499856948853,9.043799896240234,8.953999948501586,8.85190001964569,54.849091772379666,0.009660654534147994,0.04635150113439401,-0.03669084660024602,10.38479847459116,9.462499856948853,8.540201239306546,21.719449274656636,12.894851938571932,NICK
2018-08-02,9.739999771118164,9.739999771118164,9.460000038146973,9.460000038146973,9.460000038146973,2100,9.25399990081787,9.185999870300293,9.464499855041504,9.058999900817872,8.956599950790405,8.855200018882751,56.317284447673984,0.026444974685828626,0.042370195844680936,-0.01592522115885231,10.386594613557715,9.464499855041504,8.542405096525293,34.093191756843474,22.005651712680976,NICK
2018-08-03,9.670000076293945,10.050000190734863,9.520000457763672,9.550000190734863,9.550000190734863,11700,9.345999908447265,9.22199993133545,9.432499885559082,9.077599906921387,8.961099948883056,8.858800020217895,58.497333207954085,0.04647321518562997,0.043190799712870744,0.0032824154727592245,10.294100049603935,9.432499885559082,8.570899721514229,45.59049956890609,33.801046866801876,NICK
2018-08-06,9.5600004196167,9.8100004196167,9.550000190734863,9.600000381469727,9.600000381469727,8500,9.442000007629394,9.267000007629395,9.377499914169311,9.096999912261962,8.966499948501587,8.862450022697448,59.70061702022365,0.06562386651691021,0.047677413073678634,0.017946453443231578,10.021359314331903,9.377499914169311,8.73364051400672,51.36946594679503,43.68438575751467,NICK
2018-08-07,9.600000381469727,10.869999885559082,9.600000381469727,10.609999656677246,10.609999656677246,72400,9.723999977111816,9.422999954223632,9.396499919891358,9.131999912261962,8.98169994354248,8.87145001888275,75.28713823389644,0.16044983049367545,0.070231896557678,0.09021793393599745,10.152523018872753,9.396499919891358,8.640476820909964,64.89178387795587,53.9505831312188,NICK
2018-08-08,10.65999984741211,10.949999809265137,10.619999885559082,10.800000190734863,10.800000190734863,29700,10.004000091552735,9.596000003814698,9.440999937057494,9.173599910736083,8.998999948501586,8.881200017929077,77.08282400412232,0.2480719265770066,0.10579990256154373,0.14227202401546288,10.392249687134305,9.440999937057494,8.489750186980684,78.34011190078184,64.86712057517738,NICK
2018-08-09,10.739999771118164,11.100000381469727,10.739999771118164,11.029999732971191,11.029999732971191,40000,10.318000030517577,9.785999965667724,9.494499921798706,9.220199909210205,9.018299942016602,8.892150015830994,79.06581270662569,0.33224222828420125,0.15108836770607523,0.18115386057812602,10.654042479382724,9.494499921798706,8.334957364214688,91.64674554601021,78.29288044158244,NICK
2018-08-10,11.0,11.0,10.869999885559082,10.989999771118164,10.989999771118164,6400,10.605999946594238,9.975999927520752,9.570999908447266,9.265999908447265,9.03669994354248,8.902800016403198,77.80490469578494,0.39121050499205445,0.19911279516327107,0.19209770982878338,10.900735168748364,9.570999908447266,8.241264648146169,94.55185314448045,88.17957019709063,NICK
2018-08-13,10.84000015258789,10.84000015258789,10.470000267028809,10.649999618530273,10.649999618530273,12200,10.815999794006348,10.12899990081787,9.63949990272522,9.305199909210206,9.052199935913086,8.911650013923644,67.8936618825089,0.40582996311806774,0.2404562287542304,0.16537373436383734,11.041405291854664,9.63949990272522,8.237594513595775,89.95212159818196,92.050240096224,NICK
2018-08-14,10.8100004196167,10.869999885559082,10.6899995803833,10.800000190734863,10.800000190734863,17300,10.853999900817872,10.288999938964844,9.713499927520752,9.348199920654297,9.068699941635131,8.921200013160705,69.72593562566082,0.4246249692545643,0.2772899768542972,0.1473349924002671,11.19416559286033,9.713499927520752,8.232834262181175,86.2838676038535,90.26261411550509,NICK
2018-08-15,10.800000190734863,11.050000190734863,10.609999656677246,11.029999732971191,11.029999732971191,15200,10.899999809265136,10.451999950408936,9.800999927520753,9.394399909973144,9.088099937438965,8.93185001373291,72.3331571103856,0.452858912254948,0.31240376393442737,0.14045514832052064,11.372876410050724,9.800999927520753,8.229123444990782,86.92182548156784,87.7192715612009,NICK
2018-08-16,10.859999656677246,11.029999732971191,10.859999656677246,11.029999732971191,11.029999732971191,3800,10.899999809265136,10.608999919891357,9.897499895095825,9.442999897003174,9.10819993019104,8.942750010490418,72.3331571103856,0.46981873754294234,0.3438867586561304,0.12593197888681196,11.521493347363906,9.897499895095825,8.273506442827744,92.98243292491168,88.72937533677747,NICK
2018-08-17,11.0,11.050000190734863,10.670000076293945,10.670000076293945,10.670000076293945,4600,10.835999870300293,10.720999908447265,9.971499919891357,9.481999893188476,9.123399934768678,8.951850008964538,62.553896010232634,0.44903436893058846,0.364916280711022,0.08411808821956646,11.594672949872194,9.971499919891357,8.34832688991052,90.90906601981123,90.27110814209671,NICK
2018-08-20,10.65999984741211,11.050000190734863,10.65999984741211,11.050000190734863,11.050000190734863,12200,10.91599998474121,10.865999889373779,10.066499948501587,9.529799900054932,9.143799934387207,8.962900009155273,67.54221108016434,0.4579465181050235,0.3835223281898223,0.07442418991520122,11.708526343334515,10.066499948501587,8.424473553668658,91.18374987144811,91.69174960539014,NICK
2018-08-21,10.949999809265137,11.149999618530273,10.899999618530273,11.100000381469727,11.100000381469727,15800,10.976000022888183,10.914999961853027,10.16899995803833,9.57819990158081,9.164099941253662,8.97390001296997,68.1435471716183,0.46369882662674833,0.3995576278772075,0.06414119874954083,11.800317202166216,10.16899995803833,8.537682713910446,91.31400907440259,91.1356083218871,NICK
2018-08-22,11.100000381469727,11.100000381469727,10.9399995803833,10.9399995803833,10.9399995803833,2600,10.957999992370606,10.928999900817871,10.262499952316285,9.622799892425537,9.182999935150146,8.984150009155274,64.0539597109445,0.45015770727218296,0.4096776437562026,0.04048006351598038,11.84476248523912,10.262499952316285,8.68023741939345,93.87758614862189,92.12511503149067,NICK
2018-08-23,11.0,11.899999618530273,11.0,11.880000114440918,11.880000114440918,46400,11.128000068664551,11.013999938964844,10.399999952316284,9.68579990386963,9.211899938583374,8.999000010490418,73.94656004502129,0.5094043634032914,0.42962298768562035,0.07978137571767108,12.041547972152594,10.399999952316284,8.758451932479973,94.43565901242903,93.20908474515096,NICK
2018-08-24,11.829999923706055,11.829999923706055,11.170000076293945,11.270000457763672,11.270000457763672,32900,11.248000144958496,11.042000007629394,10.508999967575074,9.736799907684325,9.23549994468689,9.01060001373291,62.018568598892244,0.5013565645300098,0.44396970305449823,0.05738686147551153,12.075944819495794,10.508999967575074,8.942055115654354,86.29141185457637,91.53488567187556,NICK
2018-08-27,11.3100004196167,11.760000228881836,11.170000076293945,11.300000190734863,11.300000190734863,34800,11.298000144958497,11.107000064849853,10.617999982833862,9.78879991531372,9.2582999420166,9.022550015449523,62.34030384239399,0.49173098497138135,0.4535219594378749,0.03820902553350647,12.083286364636047,10.617999982833862,9.152713601031676,76.59988638287012,85.77565241662496,NICK
2018-08-28,11.390000343322754,11.65999984741211,11.390000343322754,11.5,11.5,800,11.378000068664551,11.177000045776367,10.732999992370605,9.844399909973145,9.283499946594238,9.035950016975402,64.49934326391377,0.49454020531586984,0.4617256086134739,0.03281459670239595,12.092266000011922,10.732999992370605,9.373733984729288,67.55956270067777,76.81695364604121,NICK
2018-08-29,11.420000076293945,11.5,11.130000114440918,11.130000114440918,11.130000114440918,2600,11.416000175476075,11.18700008392334,10.819500017166138,9.893599910736084,9.305699949264527,9.047650017738341,57.88746316180758,0.4615897152241786,0.46169842993561483,-0.000108714711436253,12.041718852900404,10.819500017166138,9.597281181431873,58.74127382047255,67.63357430133993,NICK
2018-08-30,11.40999984741211,11.4399995803833,11.180000305175781,11.180000305175781,11.180000305175781,2800,11.276000213623046,11.202000141143799,10.905500030517578,9.944199924468995,9.327799949645996,9.059300017356872,58.50648315660082,0.434502141732624,0.45625917229501667,-0.021757030562392643,11.964074036517312,10.905500030517578,9.846926024517844,55.94407242237204,60.74830298117391,NICK
2018-08-31,11.430000305175781,11.770000457763672,11.350000381469727,11.770000457763672,11.770000457763672,600,11.376000213623048,11.312000179290772,11.01650004386902,10.005799942016601,9.356099958419799,9.074150018692016,65.03724778641022,0.4553936317478744,0.4560860641855882,-0.0006924324377138302,11.940237641314145,11.01650004386902,10.092762446423894,61.90892554237518,58.864757261739705,NICK
2018-09-04,11.699999809265137,11.699999809265137,11.039999961853027,11.039999961853027,11.039999961853027,3800,11.32400016784668,11.311000156402589,11.088500022888184,10.052799949645996,9.37819995880127,9.086600017547607,53.7622398779487,0.4083382794450383,0.44653650723747823,-0.03819822779243992,11.745288688694984,11.088500022888184,10.431711357081383,57.63542606309242,58.496141342612994,NICK
2018-09-05,11.149999618530273,11.1899995803833,11.0,11.0,11.0,1900,11.224000167846679,11.301000118255615,11.108000040054321,10.09979995727539,9.400699958801269,9.099700016975403,53.21782134978377,0.36362724259904233,0.4299546543097911,-0.06632741171074874,11.728986577405816,11.108000040054321,10.487013502702826,50.225091853465784,56.58981448631091,NICK
2018-09-06,11.0600004196167,11.0600004196167,10.760000228881836,10.880000114440918,10.880000114440918,3600,11.17400016784668,11.295000171661377,11.112000036239625,10.144399967193603,9.42189995765686,9.112000017166137,51.53189877513966,0.3148806873320904,0.40693986091425094,-0.09205917358216054,11.725990501534978,11.112000036239625,10.498009570944271,26.164896824898054,44.675138247151864,NICK
2018-09-07,10.979999542236328,10.989999771118164,10.380000114440918,10.640000343322754,10.640000343322754,10200,11.066000175476074,11.17100019454956,11.092500066757202,10.183999977111817,9.44059995651245,9.123850016593932,48.24031190825109,0.2539552769644313,0.37634294412428704,-0.12238766715985572,11.739551245807167,11.092500066757202,10.445448887707236,20.755538765080598,32.38184248114793,NICK
2018-09-10,10.539999961853027,10.800000190734863,10.25,10.75,10.75,4600,10.86200008392334,11.119000148773193,11.080500078201293,10.225599975585938,9.460399951934814,9.136550016403199,49.82230671628504,0.21210251750004083,0.3434948587994378,-0.13139234129939698,11.743417287536776,11.080500078201293,10.41758286886581,21.716760466278302,22.879065352085433,NICK
2018-09-11,10.199999809265137,10.399999618530273,10.199999809265137,10.399999618530273,10.399999618530273,800,10.73400001525879,11.029000091552735,11.068000078201294,10.24959997177124,9.476499948501587,9.148500013351441,45.0990389981278,0.14897451293063924,0.3045907896256781,-0.15561627669503886,11.771124727463548,11.068000078201294,10.36487542893904,19.7243390293841,20.732212753580782,NICK
2018-09-12,10.569999694824219,10.800000190734863,10.569999694824219,10.800000190734863,10.800000190734863,11000,10.694000053405762,10.95900011062622,11.068000078201294,10.276199970245361,9.495499954223632,9.1618000125885,50.83553656161016,0.12972641239907468,0.2696179141803574,-0.13989150178128273,11.771124727463548,11.068000078201294,10.36487542893904,25.787292445958077,22.40946398053994,NICK
2018-09-13,10.800000190734863,11.100000381469727,10.800000190734863,11.100000381469727,11.100000381469727,7300,10.738000106811523,10.956000137329102,11.071500110626221,10.303999977111816,9.51939995765686,9.177200012207031,54.66181523022649,0.13709926722756194,0.24311418478979832,-0.10601491756223638,11.774530174084777,11.071500110626221,10.368470047167666,34.091198394448554,26.534276623263356,NICK
2018-09-14,11.149999618530273,12.0,10.149999618530273,11.829999923706055,11.829999923706055,74400,10.976000022888183,11.021000099182128,11.111500120162964,10.352199974060058,9.55069995880127,9.196250009536744,62.34195029102716,0.1995469173459128,0.2344007313010212,-0.03485381395510842,11.887754720210012,11.111500120162964,10.335245520115915,60.43990259411697,40.10613114484098,NICK
2018-09-17,11.75,12.149999618530273,11.600000381469727,11.90999984741211,11.90999984741211,30000,11.207999992370606,11.035000038146972,11.173500108718873,10.386599979400636,9.58279995918274,9.2164000082016,63.08005411217194,0.25258086030013693,0.23803675710084435,0.014544103199292585,11.995528766921526,11.173500108718873,10.35147145051622,78.00852506003064,57.51320868286516,NICK
2018-09-18,11.979999542236328,12.5,11.920000076293945,11.960000038146973,11.960000038146973,18500,11.520000076293945,11.127000045776366,11.219000101089478,10.411799983978272,9.61689995765686,9.237150008678435,63.56077777436758,0.29524187514853395,0.24947778071038226,0.04576409443815169,12.10675913344755,11.219000101089478,10.331241068731405,85.27736732493854,74.5752649930285,NICK
2018-09-19,12.199999809265137,12.420000076293945,11.850000381469727,12.380000114440918,12.380000114440918,30900,11.836000061035156,11.265000057220458,11.283000087738037,10.454799995422363,9.653299961090088,9.259350008964539,67.40056301452277,0.3588054469973816,0.2713433139677821,0.08746213302959949,12.302060501018737,11.283000087738037,10.263939674457337,86.63830537106683,83.30806591867845,NICK
2018-09-20,12.399999618530273,12.420000076293945,10.930000305175781,12.350000381469727,12.350000381469727,24300,12.086000061035156,11.41200008392334,11.353500127792358,10.503600006103516,9.689399967193603,9.281700010299682,66.85862702477202,0.4021238741975228,0.29749942601373025,0.10462444818379257,12.459289962743245,11.353500127792358,10.247710292841472,88.5106477381964,86.80877347806704,NICK
2018-09-21,12.350000381469727,12.350000381469727,11.720000267028809,12.010000228881836,12.010000228881836,11100,12.122000122070313,11.549000072479249,11.360000133514404,10.544600009918213,9.723799972534179,9.302000012397766,60.88370867967806,0.4043576853393702,0.31887107787885827,0.08548660746051195,12.479535835553904,11.360000133514404,10.240464431474905,89.21987018668513,88.12294109864922,NICK
2018-09-24,11.600000381469727,12.350000381469727,11.380000114440918,12.029999732971191,12.029999732971191,3100,12.146000099182128,11.677000045776367,11.39800009727478,10.596000003814698,9.756899967193604,9.322800011634827,61.10390261225185,0.40309515951929065,0.33571589420694475,0.06737926531234589,12.55374405831691,11.39800009727478,10.24225613623265,84.25532657455699,87.32861483314593,NICK
2018-09-25,12.029999732971191,12.4399995803833,12.0,12.40999984741211,12.40999984741211,30500,12.236000061035156,11.878000068664551,11.453500080108643,10.658600006103516,9.793499965667724,9.345300011634826,65.12140249754408,0.4278257235242666,0.35413786007040915,0.07368786345385747,12.68894777775768,11.453500080108643,10.218052382459607,85.10638269090903,86.19385981738348,NICK
2018-09-26,12.489999771118164,12.489999771118164,11.699999809265137,12.300000190734863,12.300000190734863,4100,12.220000076293946,12.02800006866455,11.493500089645385,10.71820001602173,9.830499963760376,9.367000012397765,63.08996975100163,0.4335511133257164,0.3700205107214706,0.06353060260424581,12.783000399657984,11.493500089645385,10.203999779632786,89.21985665939205,86.19385530828579,NICK
2018-09-27,12.239999771118164,12.350000381469727,12.199999809265137,12.199999809265137,12.199999809265137,2400,12.189999961853028,12.138000011444092,11.547000074386597,10.776600017547608,9.866699962615966,9.387750010490418,61.22028217934983,0.4251188257500562,0.3810401737271877,0.044078652022868536,12.860302773852023,11.547000074386597,10.23369737492117,91.63120486787794,88.65248140605945,NICK
2018-09-28,11.84000015258789,12.069999694824219,11.760000228881836,11.8100004196167,11.8100004196167,9300,12.15,12.136000061035157,11.578500080108643,10.830800018310548,9.898999967575072,9.406550011634828,54.44380270066854,0.38255661123021767,0.38134346122779367,0.0012131500024240016,12.88528661553789,11.578500080108643,10.271713544679397,83.12057606789222,87.99054586505385,NICK
2018-10-01,11.75,12.270000457763672,11.75,12.0,12.0,9600,12.144000053405762,12.145000076293945,11.59000005722046,10.88700002670288,9.93249997138977,9.424500012397766,56.94422633744408,0.36000718904462303,0.37707620679115955,-0.01706901774653652,12.90733069485488,11.59000005722046,10.27266941958604,78.86525490425282,84.53901194667411,NICK
2018-10-02,11.829999923706055,12.050000190734863,11.829999923706055,12.0,12.0,4300,12.06200008392334,12.149000072479248,11.638000059127808,10.944000034332275,9.96669997215271,9.44105001449585,56.94422633744408,0.3382376168018393,0.3693084887932955,-0.031070871991456195,12.94155825796391,11.638000059127808,10.334441860291706,76.0283786375909,79.33806986991175,NICK
2018-10-03,12.199999809265137,12.279999732971191,11.869999885559082,12.010000228881836,12.010000228881836,3500,12.004000091552735,12.11200008392334,11.6885000705719,11.003200035095215,9.99879997253418,9.458400015830994,57.087997431535406,0.31812486345345903,0.3590717637253282,-0.04094690027186915,12.96730067398877,11.6885000705719,10.40969946715503,78.86525490425281,77.91962948203195,NICK
2018-10-04,12.279999732971191,12.420000076293945,11.84000015258789,12.329999923706055,12.329999923706055,4900,12.030000114440918,12.110000038146973,11.761000061035157,11.068400039672852,10.034499969482422,9.47610001564026,61.51633677228189,0.3242686948792688,0.3521111499561163,-0.027842455076847517,13.012349718537852,11.761000061035157,10.509650403532461,82.34810818724036,79.08058057636113,NICK
2018-10-05,12.079999923706055,12.329999923706055,11.510000228881836,12.329999923706055,12.329999923706055,8100,12.134000015258788,12.142000007629395,11.845500040054322,11.132400035858154,10.069899969100952,9.494200015068055,61.51633677228189,0.3253868682769365,0.34676629362028033,-0.021379425343343805,13.007713047569226,11.845500040054322,10.683287032539418,85.8309614702279,82.34810818724014,NICK
2018-10-08,12.229999542236328,12.319999694824219,10.949999809265137,12.010000228881836,12.010000228881836,7200,12.136000061035157,12.140000057220458,11.908500051498413,11.190800037384033,10.10249997138977,9.50980001449585,54.940864286207024,0.2970277764141809,0.33681859017906046,-0.039790813764879585,12.957428582878034,11.908500051498413,10.859571520118791,82.52490771901283,83.56799245882682,NICK
2018-10-09,11.850000381469727,11.920000076293945,11.630000114440918,11.899999618530273,11.899999618530273,6000,12.115999984741212,12.089000034332276,11.983500051498414,11.246400032043457,10.134499969482421,9.52520001411438,52.849602329875225,0.26264920530945624,0.3219847132051396,-0.05933550789568337,12.772582305868168,11.983500051498414,11.19441779712866,73.52740668317826,80.62775862413945,NICK
2018-10-10,11.8100004196167,11.84000015258789,11.359999656677246,11.479999542236328,11.479999542236328,3700,12.009999847412109,12.006999969482422,12.017500019073486,11.292000026702881,10.160899963378906,9.538350009918213,45.69734863729413,0.1992169944511435,0.2974311694543404,-0.0982141750031969,12.640873888802455,12.017500019073486,11.394126149344517,55.27527347334242,70.44252929184428,NICK
2018-10-11,11.369999885559082,11.960000038146973,11.260000228881836,11.5,11.5,35500,11.843999862670898,11.936999988555907,12.0375,11.334000034332275,10.188899965286256,9.552950010299682,46.071626172962034,0.14884459232448322,0.26771385402836895,-0.11886926170388573,12.559223223041009,12.0375,11.51577677695899,44.103110454481374,57.63526353700046,NICK
2018-10-12,11.399999618530273,11.930000305175781,11.390000343322754,11.899999618530273,11.899999618530273,31400,11.757999801635743,11.945999908447266,12.04099998474121,11.382800025939941,10.220899963378907,9.56760000705719,53.04242727304723,0.13959160191057407,0.24208940360480996,-0.10249780169423589,12.55802622830725,12.04099998474121,11.52397374117517,43.93938924796208,47.77259105859506,NICK
2018-10-15,11.670000076293945,12.119999885559082,11.670000076293945,11.789999961853027,11.789999961853027,28200,11.71399974822998,11.924999904632568,12.034999990463257,11.427600021362304,10.252599964141845,9.582050008773804,51.08678084336966,0.12197641912302437,0.21806680670845285,-0.09609038758542848,12.560680627268946,12.034999990463257,11.509319353657569,50.64935520674229,46.23061830306168,NICK
2018-10-16,12.149999618530273,12.149999618530273,11.819999694824219,12.100000381469727,12.100000381469727,6200,11.75399990081787,11.934999942779541,12.042000007629394,11.477600021362305,10.287299966812133,9.598550009727479,56.00925966364238,0.13151468352815066,0.2007563820723924,-0.06924169854424175,12.567227713056303,12.042000007629394,11.516772302202485,64.82169462249476,53.13681302573281,NICK
2018-10-17,11.6899995803833,12.149999618530273,11.6899995803833,11.949999809265137,11.949999809265137,5500,11.847999954223633,11.928999900817871,12.020499992370606,11.504400024414062,10.318199968338012,9.614300007820129,53.21841989352835,0.12552308226196374,0.18570972211030667,-0.06018663984834294,12.523350996925824,12.020499992370606,11.517648987815388,66.93466052118238,60.801903450139584,NICK
2018-10-18,11.779999732971191,12.210000038146973,11.699999809265137,11.850000381469727,11.850000381469727,12600,11.918000030517579,11.880999946594239,11.995499992370606,11.52540002822876,10.349499969482421,9.629350008964538,51.38035249152209,0.11142118295848569,0.17085201427994248,-0.059430831321456795,12.47970971445637,11.995499992370606,11.511290270284842,69.16101111949486,66.97245542105712,NICK
2018-10-19,11.869999885559082,12.289999961853027,11.739999771118164,12.0,12.0,5800,11.938000106811524,11.847999954223633,11.994999980926513,11.544800033569336,10.38249997138977,9.64680000782013,53.94962377497973,0.1110687108176247,0.15889535358747892,-0.04782664276985421,12.479169428081692,11.994999980926513,11.510830533771335,66.89342918515392,67.66303360861018,NICK
2018-10-22,12.0,12.220000267028809,11.630000114440918,11.630000114440918,11.630000114440918,4400,11.906000137329102,11.809999942779541,11.975,11.55760004043579,10.411799974441529,9.66095000743866,47.30860889500701,0.08001115675021175,0.14311851422002547,-0.06310735746981372,12.484136563790713,11.975,11.465863436209286,59.637201595685326,65.23054730011116,NICK
2018-10-23,12.0600004196167,12.140000343322754,11.65999984741211,11.880000114440918,11.880000114440918,11600,11.86200008392334,11.807999992370606,11.94850001335144,11.582200050354004,10.443699979782105,9.676200008392334,51.64025655426637,0.07470952713329027,0.12943671680267843,-0.054727189669388165,12.417936979962093,11.94850001335144,11.479063046740787,60.317467525882,62.28269943557354,NICK
2018-10-24,11.899999618530273,12.1899995803833,11.5600004196167,11.8100004196167,11.8100004196167,18900,11.834000205993652,11.841000080108643,11.924000024795532,11.60240005493164,10.475299987792969,9.691250009536743,50.391124564178426,0.06412041685333314,0.11637345681280938,-0.052253039959476236,12.367955000459228,11.924000024795532,11.480045049131837,57.28090359638875,59.07852423931848,NICK
2018-10-25,11.65999984741211,12.039999961853027,11.5,11.75,11.75,20000,11.814000129699707,11.866000080108643,11.901500034332276,11.616800060272217,10.50559998512268,9.705550007820129,49.29053275562531,0.05030703011923521,0.10316017147409454,-0.05285314135485933,12.332650875284024,11.901500034332276,11.470349193380528,61.32612480485918,59.64149864237643,NICK
2018-10-26,11.890000343322754,11.890000343322754,11.609999656677246,11.649999618530273,11.649999618530273,10900,11.744000053405761,11.841000080108643,11.893499994277954,11.629200057983399,10.536099977493286,9.719750003814697,47.4311535690096,0.03093403822890295,0.08871494482505622,-0.05778090659615327,12.336908497828517,11.893499994277954,11.450091490727392,52.859029084308446,57.15535249518525,NICK
2018-10-29,11.630000114440918,11.890000343322754,11.5,11.529999732971191,11.529999732971191,11100,11.723999977111816,11.815000057220459,11.869999980926513,11.646400051116943,10.56419997215271,9.73335000038147,45.226398660288616,0.005830603133714973,0.07213807648678797,-0.066307473353073,12.337504137337252,11.869999980926513,11.402495824515775,40.82391949835842,51.669691129175135,NICK
2018-10-30,11.539999961853027,12.109999656677246,11.420000076293945,11.619999885559082,11.619999885559082,28000,11.67199993133545,11.767000007629395,11.850999975204468,11.657800045013428,10.59379997253418,9.747399997711181,47.20842027432426,-0.006724276613438107,0.056365605866742746,-0.06308988248018085,12.326642849571876,11.850999975204468,11.37535710083706,33.00967038352875,42.230872988731655,NICK
2018-10-31,11.59000015258789,12.100000381469727,11.399999618530273,11.399999618530273,11.399999618530273,22000,11.589999771118164,11.711999988555908,11.82049994468689,11.663800029754638,10.620999965667725,9.759899997711182,43.10255452403001,-0.03403396977816797,0.0382856907377606,-0.07231966051592857,12.328573939986997,11.82049994468689,11.312425949386784,20.758671323782934,31.530753735223154,NICK
2018-11-01,11.239999771118164,12.0,11.239999771118164,11.670000076293945,11.670000076293945,10500,11.573999786376953,11.69399995803833,11.787499952316285,11.678400039672852,10.650599966049194,9.773799996376038,48.9686401054706,-0.03350410346422272,0.023927731897363934,-0.05743183536158666,12.241807318608721,11.787499952316285,11.333192586023848,25.671621888917404,26.47998786540948,NICK
2018-11-02,12.010000228881836,12.109999656677246,11.640000343322754,11.649999618530273,11.649999618530273,7300,11.573999786376953,11.658999919891357,11.753499937057494,11.673800029754638,10.679799966812134,9.787049994468688,48.56917716826199,-0.03430263100607611,0.012281659316675924,-0.046584290322752034,12.136502813657524,11.753499937057494,11.370497060457465,27.03701034984356,24.489101187514418,NICK
2018-11-05,11.899999618530273,11.899999618530273,11.510000228881836,11.510000228881836,11.510000228881836,10000,11.569999885559081,11.646999931335449,11.728499937057496,11.678600025177001,10.707699966430663,9.799449996948242,45.755509909224756,-0.0457053873027764,0.0006842499927854576,-0.04638963729556186,12.106509388154869,11.728499937057496,11.350490485960123,35.238108213254,29.31558015067144,NICK
2018-11-06,11.819999694824219,11.890000343322754,11.5,11.5,11.5,15300,11.545999908447266,11.608999919891357,11.708499956130982,11.682600021362305,10.735699968338013,9.811949996948242,45.55251142368218,-0.05491605066765537,-0.010435810139302708,-0.04448024052835266,12.090404609504988,11.708499956130982,11.326595302756976,29.84128137474433,30.705466645947084,NICK
2018-11-07,11.510000228881836,11.529999732971191,11.420000076293945,11.470000267028809,11.470000267028809,11300,11.560000038146972,11.574999904632568,11.707999992370606,11.68200002670288,10.763199968338013,9.824199995994569,44.908826645849686,-0.0638996995162735,-0.021128588014696865,-0.042771111501576635,12.091124119676731,11.707999992370606,11.324875865064481,24.127017285722633,29.735468957906775,NICK
2018-11-08,11.550000190734863,11.699999809265137,11.430000305175781,11.6899995803833,11.6899995803833,4700,11.563999938964844,11.568999862670898,11.71749997138977,11.693200016021729,10.793399963378906,9.837549991607666,50.439582515187745,-0.05266016635781057,-0.027434903683319606,-0.02522526267449096,12.088761472383027,11.71749997138977,11.346238470396514,30.861683955165486,28.27666087187727,NICK
2018-11-09,11.619999885559082,11.65999984741211,11.399999618530273,11.399999618530273,11.399999618530273,1600,11.513999938964844,11.543999862670898,11.69249997138977,11.697600002288818,10.820899963378906,9.849049987792968,44.14781103566213,-0.06638804854549107,-0.0352255326557539,-0.031162515889737175,12.078291589613581,11.69249997138977,11.30670835316596,28.221740795367236,27.736814012084906,NICK
2018-11-12,11.65999984741211,11.680000305175781,11.4399995803833,11.449999809265137,11.449999809265137,1200,11.501999855041504,11.535999870300293,11.675499963760377,11.691199989318848,10.848499965667724,9.86064998626709,45.4121281708681,-0.0723983336362437,-0.042660092851851864,-0.029738240784391842,12.0724120292762,11.675499963760377,11.278587898244554,28.288562947443648,29.123995899325248,NICK
2018-11-13,11.449999809265137,11.729999542236328,11.449999809265137,11.649999618530273,11.649999618530273,3500,11.531999778747558,11.538999843597413,11.652999925613404,11.703399982452392,10.878099966049195,9.872999982833862,50.26216774615584,-0.06032779348236339,-0.04619363297795417,-0.014134160504409223,11.99883820209505,11.652999925613404,11.307161649131759,28.691263212027735,28.40052231827933,NICK
2018-11-14,11.670000076293945,11.670000076293945,11.5,11.670000076293945,11.670000076293945,6000,11.571999740600585,11.56599988937378,11.638999938964844,11.716799983978271,10.908299970626832,9.885599985122681,50.73357386552573,-0.04858784324410337,-0.046672475031184005,-0.0019153682129193633,11.957176194870343,11.638999938964844,11.320823683059345,39.552341996277036,32.17738938524926,NICK
2018-11-15,11.5600004196167,11.729999542236328,11.5,11.729999542236328,11.729999542236328,6900,11.579999732971192,11.571999835968018,11.632999897003174,11.733799972534179,10.939099969863891,9.89849998474121,52.19727741917595,-0.03404988673446141,-0.044147957371839484,0.010098070637378075,11.939339701827059,11.632999897003174,11.326660092179289,50.957858186053095,39.73382113145241,NICK
2018-11-16,11.729999542236328,11.729999542236328,11.609999656677246,11.630000114440918,11.630000114440918,4600,11.62599983215332,11.569999885559081,11.61449990272522,11.753599967956543,10.96879997253418,9.910799984931947,49.554734582086596,-0.030248879301931098,-0.04136814175785781,0.01111926245592671,11.87050588211933,11.61449990272522,11.358493923331109,50.191593560761284,46.900597914363594,NICK
2018-11-19,11.609999656677246,11.670000076293945,11.550000190734863,11.550000190734863,11.550000190734863,900,11.645999908447266,11.573999881744385,11.610499906539918,11.76959997177124,10.99759997367859,9.922799987792969,47.48366285895808,-0.03330792574813124,-0.03975609855591249,0.006448172807781254,11.867908245302136,11.610499906539918,11.3530915677777,45.59389619125847,48.91444931269074,NICK
2018-11-20,11.59000015258789,11.59000015258789,11.399999618530273,11.399999618530273,11.399999618530273,3100,11.595999908447265,11.563999843597411,11.586499881744384,11.78959997177124,11.01959997177124,9.934099984169006,43.788307796306405,-0.04729089466961334,-0.04126305777865266,-0.006027836890960675,11.827935276710285,11.586499881744384,11.345064486778483,32.95021929031309,42.91190301411074,NICK
2018-11-21,11.5,11.529999732971191,11.399999618530273,11.40999984741211,11.40999984741211,1700,11.543999862670898,11.557999801635741,11.566499853134156,11.801799964904784,11.038999967575073,9.945649981498718,44.10064267363033,-0.056909545570007936,-0.04439235533692372,-0.012517190233084216,11.796567233922161,11.566499853134156,11.33643247234615,18.47716972346716,32.34042840167937,NICK
2018-11-23,11.399999618530273,11.630000114440918,11.399999618530273,11.609999656677246,11.609999656677246,900,11.519999885559082,11.549999809265136,11.559499835968017,11.811999950408936,11.057999963760375,9.958999981880188,50.07530750164641,-0.04784258305121725,-0.04508240087978242,-0.0027601821714348246,11.77485764182382,11.559499835968017,11.344142030112215,20.599759990945103,24.009049668241573,NICK
2018-11-26,11.539999961853027,11.600000381469727,11.15999984741211,11.15999984741211,11.15999984741211,4800,11.42599983215332,11.525999832153321,11.53499984741211,11.798599948883057,11.075399961471557,9.97059998035431,39.77435641971386,-0.07609104354851581,-0.0512841294135291,-0.024806914134986716,11.807506714901013,11.53499984741211,11.262492979923206,14.469496831608026,17.84880884867322,NICK
2018-11-27,11.050000190734863,11.050000190734863,10.510000228881836,10.520000457763672,10.520000457763672,18400,11.219999885559082,11.432999897003175,11.484499883651733,11.770799961090088,11.078699970245362,9.978349981307984,30.24507289139699,-0.1484099762343245,-0.07070929877768818,-0.07770067745663632,12.004210148547404,11.484499883651733,10.964789618756061,14.273232994230488,16.447496605594328,NICK
2018-11-28,10.779999732971191,10.979999542236328,10.710000038146973,10.710000038146973,10.710000038146973,2600,11.081999969482421,11.338999938964843,11.438999891281128,11.745799961090087,11.07879997253418,9.987049980163574,35.20798240500301,-0.1882221652170255,-0.09421187206555565,-0.09401029315146986,12.053911034657881,11.438999891281128,10.824088747904375,5.737709189621657,11.493479671819843,NICK
2018-11-29,10.710000038146973,10.710000038146973,10.710000038146973,10.710000038146973,10.710000038146973,100,10.942000007629394,11.242999935150147,11.404499912261963,11.712399959564209,11.083599977493286,9.99509997844696,35.20798240500301,-0.21726906923233713,-0.11882331149891194,-0.09844575773342519,12.096842799102388,11.404499912261963,10.712157025421538,11.202187928144335,10.404376703998613,NICK
2018-11-30,10.65999984741211,10.979999542236328,10.529999732971191,10.529999732971191,10.529999732971191,4800,10.726000022888183,11.122999954223634,11.347499895095826,11.675999946594239,11.089799976348877,10.001849975585937,32.65525460339003,-0.251909613027788,-0.14544057180468717,-0.10646904122310086,12.125442508934746,11.347499895095826,10.569557281256905,11.475392322552986,9.471763146772778,NICK
2018-12-03,10.800000190734863,11.069999694824219,10.300000190734863,10.520000457763672,10.520000457763672,12200,10.598000144958496,11.011999988555909,11.290999937057496,11.646199951171875,11.095399980545045,10.008649978637695,32.51422291275319,-0.27697653837664404,-0.17174776511907855,-0.1052287732575655,12.134252910141274,11.290999937057496,10.447746963973717,11.139127262304909,11.272235837667195,NICK
2018-12-04,10.390000343322754,10.6899995803833,10.279999732971191,10.279999732971191,10.279999732971191,3100,10.55,10.88499994277954,11.229499912261963,11.611199951171875,11.103599977493285,10.014399976730347,29.249063980289524,-0.31260479652940276,-0.1999191714011434,-0.11268562512825936,12.173310603758946,11.229499912261963,10.28568922076498,5.674648523782229,9.429722702879825,NICK
2018-12-06,10.600000381469727,10.630000114440918,10.399999618530273,10.399999618530273,10.399999618530273,2000,10.48799991607666,10.78499994277954,11.174499893188477,11.570999946594238,11.114799976348877,10.021649975776672,32.87855087659117,-0.32738358573235615,-0.22541205426738595,-0.1019715314649702,12.175328900041574,11.174499893188477,10.17367088633538,7.886832099976634,8.23353596202104,NICK
2018-12-07,10.5,10.789999961853027,10.5,10.789999961853027,10.789999961853027,1800,10.50399990081787,10.722999954223633,11.140499877929688,11.540799942016601,11.129499979019165,10.030999975204468,43.09564489158649,-0.30412040360941006,-0.24115372413579078,-0.06296667947361928,12.145058807042139,11.140499877929688,10.135940948817238,14.482763156596981,9.348081260118398,NICK
2018-12-10,10.649999618530273,10.829999923706055,10.479999542236328,10.550000190734863,10.550000190734863,8500,10.507999992370605,10.617000007629395,11.083499908447266,11.507799949645996,11.142199983596802,10.038699975013733,39.146611855860144,-0.3015737850711204,-0.25323773632285673,-0.048336048748263694,12.086241474102016,11.083499908447266,10.080758342792516,20.957592678778823,14.442395978450596,NICK
2018-12-11,10.550000190734863,10.699999809265137,10.550000190734863,10.550000190734863,10.550000190734863,2700,10.513999938964844,10.55600004196167,11.040999937057496,11.48259994506836,11.156699981689453,10.046949977874755,39.146611855860144,-0.2961418328252119,-0.2618185556233278,-0.034323277201884106,12.058425921433022,11.040999937057496,10.02357395268197,24.865650342746736,20.102002059373962,NICK
2018-12-12,10.420000076293945,10.680000305175781,10.420000076293945,10.649999618530273,10.649999618530273,4800,10.58799991607666,10.56899995803833,11.000999927520752,11.455599937438965,11.171299982070924,10.055049977302552,41.72697596803264,-0.2805340317505767,-0.2655616508487776,-0.014972380901799087,12.01385514982811,11.000999927520752,9.988144705213394,22.277302669782205,22.70018189710237,NICK
2018-12-13,10.649999618530273,10.75,10.649999618530273,10.699999809265137,10.699999809265137,5000,10.647999954223632,10.567999935150146,10.953499937057495,11.429599933624267,11.186799983978272,10.063899974822998,43.02779852865184,-0.2611201093485729,-0.26467334254873665,0.0035532332001637634,11.92855419166651,10.953499937057495,9.97844568244848,26.172842471414853,24.438598494647717,NICK
2018-12-14,10.710000038146973,10.949999809265137,10.699999809265137,10.880000114440918,10.880000114440918,11700,10.66599998474121,10.584999942779541,10.913999938964844,11.406999931335449,11.205099983215332,10.073249974250793,47.56567288687397,-0.22857504483897984,-0.2574536830067853,0.028878638167805448,11.832093482626723,10.913999938964844,9.995906395302965,34.65768372659431,27.702609622596906,NICK
2018-12-17,10.850000381469727,10.890000343322754,10.550000190734863,10.75,10.75,8300,10.705999946594238,10.606999969482422,10.864999961853027,11.375399932861328,11.22189998626709,10.081149973869323,44.790857949937006,-0.2108423106077879,-0.2481314085269858,0.037289097919197906,11.704940370080953,10.864999961853027,10.0250595536251,45.35312251799119,35.3945495719999,NICK
2018-12-18,10.920000076293945,10.920000076293945,10.649999618530273,10.649999618530273,10.649999618530273,3000,10.72599983215332,10.619999885559082,10.815999937057494,11.341799926757812,11.237099981307983,10.090399971008301,42.72606784619686,-0.20252361979623146,-0.23900985078083495,0.03648623098460349,11.582874022216266,10.815999937057494,10.049125851898722,50.59456346528983,43.53512323662489,NICK
2018-12-19,10.0,10.609999656677246,9.069999694824219,10.25,10.25,27300,10.645999908447266,10.616999912261964,10.750999927520752,11.306599922180176,11.248699979782105,10.097649970054626,35.64732578172825,-0.22560696699419402,-0.23632927402350676,0.010722307029312733,11.477302735445315,10.750999927520752,10.024697119596189,55.109717877370464,50.352467953550274,NICK
2018-12-20,10.119999885559082,10.289999961853027,10.100000381469727,10.149999618530273,10.149999618530273,4400,10.535999870300293,10.591999912261963,10.688499927520752,11.271599922180176,11.258999977111817,10.103899970054627,34.12515105344353,-0.24909842936631676,-0.23888310509206875,-0.010215324274248011,11.39552957562212,10.688499927520752,9.981470279419383,53.278480752477414,52.99425403171235,NICK
2018-12-21,10.100000381469727,10.5,10.100000381469727,10.300000190734863,10.300000190734863,10600,10.419999885559083,10.542999935150146,10.63299994468689,11.247999935150146,11.269999980926514,10.110299968719483,38.37588744088453,-0.25269883510175895,-0.24164625109400678,-0.011052584007752164,11.276151492249298,10.63299994468689,9.989848397124483,58.1666787465417,55.5182924587963,NICK
2018-12-24,10.149999618530273,10.180000305175781,10.0,10.09000015258789,10.09000015258789,10200,10.28799991607666,10.496999931335449,10.556999969482423,11.219799938201904,11.27689998626709,10.115449967384338,34.97342137814164,-0.26939204679678674,-0.24719541023456276,-0.02219663656222398,11.06553118347593,10.556999969482423,10.048468755488916,56.585120392075886,56.01009329703144,NICK
2018-12-26,10.09000015258789,10.390000343322754,9.84000015258789,10.149999618530273,10.149999618530273,19800,10.18799991607666,10.45699987411499,10.50649995803833,11.184799938201904,11.283799982070922,10.120199966430665,36.70025317905585,-0.2746144968895461,-0.25267922756555944,-0.02193526932398665,10.963458465520976,10.50649995803833,10.049541450555683,57.734055315475125,57.49528481803068,NICK
2018-12-27,10.0,10.479999542236328,10.0,10.0600004196167,10.0600004196167,6400,10.15,10.397999954223632,10.48349995613098,11.150199947357178,11.288899984359741,10.124999966621399,35.19065145611855,-0.2827560734067269,-0.2586945967337929,-0.024061476672934012,10.980018829964957,10.48349995613098,9.986981082297005,54.78725032207678,56.36880867654238,NICK
2018-12-28,10.180000305175781,10.710000038146973,10.180000305175781,10.5,10.5,7100,10.220000076293946,10.377999973297118,10.472999954223633,11.118199939727782,11.297899980545044,10.132199964523316,46.72766401543263,-0.25081282838640107,-0.2571182430643145,0.006305414677913457,10.958678844821101,10.472999954223633,9.987321063626165,62.05675072020197,58.192685452584406,NICK
2018-12-31,10.930000305175781,10.930000305175781,10.399999618530273,10.399999618530273,10.399999618530273,3800,10.239999961853027,10.329999923706055,10.457499933242797,11.087199935913086,11.295799980163574,10.138749961853028,44.776731805533856,-0.23090504202462725,-0.25187560285637706,0.020970560831749807,10.931583242395085,10.457499933242797,9.98341662409051,66.4893745638508,61.111125202042956,NICK
2019-01-02,10.350000381469727,10.59000015258789,10.350000381469727,10.59000015258789,10.59000015258789,600,10.339999961853028,10.313999938964844,10.460499954223632,11.06199993133545,11.293699979782104,10.146349964141846,49.12310077530055,-0.1975196392576759,-0.24100441013663682,0.04348477087896091,10.93713293770927,10.460499954223632,9.983866970737994,75.88653237783325,68.14421922062844,NICK
2019-01-03,10.59000015258789,10.59000015258789,10.59000015258789,10.59000015258789,10.59000015258789,600,10.42800006866455,10.307999992370606,10.463999938964843,11.033799934387208,11.289299983978271,10.153799962997436,49.12310077530054,-0.16911204860826778,-0.22662593783096302,0.057513889222695236,10.943349497913882,10.463999938964843,9.984650380015804,77.48227966700573,73.28606220289636,NICK
2019-01-04,10.5,10.569999694824219,10.40999984741211,10.40999984741211,10.40999984741211,3800,10.497999954223634,10.323999977111816,10.470499944686889,11.00939992904663,11.28349998474121,10.160099964141846,45.21326809426049,-0.15928718513790052,-0.21315818729235053,0.05387100215445001,10.943172120918474,10.470499944686889,9.997827768455304,77.65958867894001,77.0094669079261,NICK
2019-01-07,10.40999984741211,10.40999984741211,10.40999984741211,10.40999984741211,10.40999984741211,0,10.479999923706055,10.35,10.470999956130981,10.979999923706055,11.281099987030029,10.166649961471558,45.21326809426049,-0.14977440395584374,-0.20048143062504917,0.05070702666920543,10.94339383764731,10.470999956130981,9.998606074614653,74.72355936508427,76.62180923700977,NICK
2019-01-08,10.489999771118164,10.489999771118164,10.3100004196167,10.3100004196167,10.3100004196167,5900,10.46200008392334,10.351000022888183,10.446999979019164,10.949999923706054,11.276199989318847,10.17244996547699,43.00773967525162,-0.14859170178314507,-0.19010348485666834,0.04151178307352327,10.900523906844427,10.446999979019164,9.993476051193902,69.99542619852228,74.12619141418196,NICK
2019-01-09,10.3100004196167,10.3100004196167,10.3100004196167,10.3100004196167,10.3100004196167,100,10.406000137329102,10.373000049591065,10.434999990463258,10.92119993209839,11.268999996185302,10.178549966812135,43.007739675251614,-0.14597173054489687,-0.18127713399431405,0.03530540344941718,10.889686609291195,10.434999990463258,9.98031337163532,68.45878761030524,71.05925772463705,NICK
2019-01-10,10.489999771118164,10.5,10.359999656677246,10.359999656677246,10.359999656677246,1100,10.360000038146973,10.394000053405762,10.425499963760377,10.895399932861329,11.262299995422364,10.1852499628067,44.57551440078279,-0.13826700789420343,-0.17267510877429193,0.0344081008800885,10.878113397181023,10.425499963760377,9.97288653033973,60.346579119598594,66.26693097614182,NICK
2019-01-11,10.399999618530273,10.550000190734863,10.399999618530273,10.539999961853027,10.539999961853027,3000,10.386000061035157,10.442000007629394,10.419999980926514,10.875599937438965,11.260999994277954,10.192199964523315,49.91689551017207,-0.11629585317785107,-0.16139925765500376,0.04510340447715269,10.864162059206993,10.419999980926514,9.975837902646035,59.53107019957195,62.77881230982505,NICK
2019-01-14,10.649999618530273,10.770000457763672,10.649999618530273,10.699999809265137,10.699999809265137,1600,10.444000053405762,10.461999988555908,10.419999980926514,10.857199935913085,11.257499990463257,10.200649962425231,54.14699612598438,-0.08499315606318802,-0.1461180373366406,0.061124881273452586,10.864162059206993,10.419999980926514,9.975837902646035,63.608522289145036,61.16205720277165,NICK
2019-01-15,10.739999771118164,10.770000457763672,10.699999809265137,10.760000228881836,10.760000228881836,3400,10.534000015258789,10.498000049591065,10.413999986648559,10.844399948120117,11.254099988937378,10.20909996509552,55.65944257641806,-0.05471330968127042,-0.12783709180556657,0.07312378212429615,10.835824548774193,10.413999986648559,9.992175424522925,75.84095397749248,66.3268488220696,NICK
2019-01-16,10.770000457763672,10.949999809265137,10.760000228881836,10.949999809265137,10.949999809265137,6900,10.661999893188476,10.534000015258789,10.423999977111816,10.82999994277954,11.254199991226196,10.218599963188172,60.142787706861014,-0.015209608130032137,-0.10531159507045969,0.09010198694042755,10.884885995721625,10.423999977111816,9.963113958502007,87.76756831165291,75.73901485942991,NICK
2019-01-17,10.920000076293945,10.949999809265137,10.699999809265137,10.699999809265137,10.699999809265137,2400,10.729999923706055,10.544999980926514,10.42649998664856,10.810999946594238,11.242399988174439,10.227149963378906,52.60566494973812,-0.0040291056824237614,-0.08505509719285251,0.08102599151042875,10.892773442728432,10.42649998664856,9.960226530568688,83.97870384357061,82.52907537757177,NICK
2019-01-18,10.670000076293945,10.789999961853027,10.670000076293945,10.789999961853027,10.789999961853027,1400,10.779999923706054,10.582999992370606,10.45349998474121,10.796599941253662,11.237599983215333,10.236549963951111,54.801665220458574,0.011955962318381808,-0.06565288529060564,0.07760884760898745,10.93794908794411,10.45349998474121,9.96905088153831,80.84414887402403,84.19680700974897,NICK
2019-01-22,10.789999961853027,10.789999961853027,10.789999961853027,10.789999961853027,10.789999961853027,100,10.797999954223632,10.621000003814697,10.485500001907349,10.782399940490723,11.232499980926514,10.245399961471557,54.801665220458574,0.024343625711397365,-0.04765358309020504,0.0719972088016024,10.970081142337634,10.485500001907349,10.000918861477064,72.5108155406907,79.11122275276158,NICK
2019-01-23,10.8100004196167,10.8100004196167,10.800000190734863,10.800000190734863,10.800000190734863,1100,10.805999946594238,10.669999980926514,10.51050000190735,10.768999938964845,11.225499982833862,10.25449996471405,55.06993948902969,0.034569378813746,-0.031208990709414828,0.06577836952316082,11.00569584137511,10.51050000190735,10.01530416243959,75.52084575097986,76.29193672189798,NICK
2019-01-24,10.90999984741211,10.90999984741211,10.510000228881836,10.640000343322754,10.640000343322754,600,10.744000053405761,10.70299997329712,10.538000011444092,10.747999954223634,11.22059998512268,10.263149967193604,49.96045290312651,0.02942353511104656,-0.01908248554532255,0.04850602065636911,10.996458254207685,10.538000011444092,10.0795417686805,67.70835816862603,71.91333982009866,NICK
2019-01-25,10.640000343322754,10.640000343322754,10.640000343322754,10.640000343322754,10.640000343322754,100,10.732000160217286,10.73100004196167,10.562500047683717,10.732799968719483,11.21519998550415,10.271499967575073,49.960452903126516,0.025056580242994286,-0.010254672387659184,0.03531125263065347,10.986475171736162,10.562500047683717,10.138524923631271,59.8958705862722,67.70835816862582,NICK
2019-01-28,10.640000343322754,10.640000343322754,10.640000343322754,10.640000343322754,10.640000343322754,100,10.70200023651123,10.741000080108643,10.591500043869019,10.716599979400634,11.203899984359742,10.27999997138977,49.960452903126516,0.02134963178234983,-0.003933811553657381,0.02528344333600721,10.947998277558531,10.591500043869019,10.235001810179506,51.562537252938874,59.72225533594548,NICK
2019-01-29,10.75,10.75,10.600000381469727,10.600000381469727,10.600000381469727,2500,10.664000320434571,10.7310001373291,10.596500062942505,10.695599994659425,11.199499988555909,10.28884997367859,48.55382203079052,0.015011146637927908,-0.00014481991534032353,0.015155966553268231,10.950521233782588,10.596500062942505,10.242478892102422,49.47920391960554,53.64587058627199,NICK
2019-01-30,10.5,10.550000190734863,10.5,10.520000457763672,10.520000457763672,5500,10.608000373840332,10.707000160217286,10.602500104904175,10.672600002288819,11.194699993133545,10.297699975967408,45.777797189783975,0.003492269529560943,0.0005825979736399298,0.002909671555921013,10.946934337198996,10.602500104904175,10.258065872609354,41.3312824458273,47.457674539457024,NICK
2019-01-31,10.5,10.5,10.5,10.5,10.5,500,10.580000305175782,10.662000179290771,10.598000097274781,10.648000011444092,11.190899991989136,10.306399974822998,45.08380350179637,-0.0071677677932378,-0.0009674751797356163,-0.006200292613502184,10.945309677680067,10.598000097274781,10.250690516869495,30.20439710639569,40.33829449060929,NICK
2019-02-01,10.920000076293945,10.920000076293945,10.920000076293945,10.920000076293945,10.920000076293945,300,10.63600025177002,10.684000205993652,10.614500093460084,10.633800010681153,11.193699989318848,10.317149972915649,59.10451636304857,0.01806631466725861,0.002839282789663229,0.01522703187759538,10.989011698913826,10.614500093460084,10.239988488006341,46.21134797121314,39.24900917447849,NICK
2019-02-04,10.670000076293945,10.729999542236328,10.649999618530273,10.699999809265137,10.699999809265137,4900,10.648000144958496,10.675000190734863,10.629000091552735,10.616800003051758,11.193199987411498,10.326799969673157,51.66380353968877,0.020080844414154697,0.0062875951145615235,0.013793249299593174,10.993027443539592,10.629000091552735,10.264972739565877,51.98656399298536,42.800769690197846,NICK
2019-02-05,10.699999809265137,10.789999961853027,10.550000190734863,10.699999809265137,10.699999809265137,2800,10.668000030517579,10.666000175476075,10.643500089645386,10.602800006866454,11.196199989318847,10.336349968910218,51.66380353968877,0.021430338154155848,0.009316143722480389,0.01211419443167546,10.994343193913107,10.643500089645386,10.292656985377665,60.740743880410946,52.979551948202925,NICK
2019-02-06,10.619999885559082,10.619999885559082,10.600000381469727,10.600000381469727,10.600000381469727,1500,10.684000015258789,10.646000194549561,10.658000087738037,10.586600017547607,11.194199991226196,10.344849972724914,48.44852842491552,0.014266251110315764,0.010306165200047464,0.0039600859102683,10.97483430775521,10.658000087738037,10.341165867720864,37.03705273538669,49.92145353626077,NICK
2019-02-07,10.729999542236328,10.770000457763672,10.649999618530273,10.770000457763672,10.770000457763672,1500,10.738000106811523,10.659000205993653,10.681000089645385,10.569800033569337,11.190899991989136,10.355149974822998,53.72141162154184,0.0220520436879017,0.01265534089761831,0.00939670279028339,10.957687612670272,10.681000089645385,10.404312566620499,43.65084963621399,47.142882084003645,NICK
2019-02-08,10.699999809265137,10.850000381469727,10.649999618530273,10.649999618530273,10.649999618530273,4100,10.684000015258789,10.660000133514405,10.695500087738036,10.5596000289917,11.179099988937377,10.364899973869324,49.84567368059109,0.018328001766390045,0.013789873071372657,0.004538128695017388,10.930657345477613,10.695500087738036,10.46034282999846,40.74077213743971,40.47622483634657,NICK
2019-02-11,10.789999961853027,10.789999961853027,10.550000190734863,10.550000190734863,10.550000190734863,1800,10.654000091552735,10.651000118255615,10.696000099182129,10.560200023651124,11.165499992370606,10.374149975776673,46.81466733831262,0.007224276655984241,0.012476753788294975,-0.005252477132310734,10.929871692150014,10.696000099182129,10.462128506214244,37.30160171843033,40.56440783069445,NICK
2019-02-12,10.550000190734863,10.550000190734863,10.550000190734863,10.550000190734863,10.550000190734863,200,10.62400016784668,10.646000099182128,10.688500118255615,10.55700002670288,11.151399993896485,10.384149975776673,46.81466733831262,-0.0015575510134908654,0.009669892827937806,-0.011227443841428672,10.93084474530346,10.688500118255615,10.446155491207769,19.841266237059518,32.62788003097629,NICK
2019-02-13,10.550000190734863,10.649999618530273,10.550000190734863,10.550000190734863,10.550000190734863,1300,10.614000129699708,10.649000072479248,10.678000116348267,10.553800029754639,11.133099994659425,10.393199977874756,46.81466733831262,-0.008420150458082531,0.006051884170733738,-0.01447203462881627,10.925192169051076,10.678000116348267,10.430808063645458,11.904805155290285,23.01589103692648,NICK
2019-02-14,10.550000190734863,10.5600004196167,10.029999732971191,10.15999984741211,10.15999984741211,10400,10.492000007629395,10.61500005722046,10.638500118255616,10.546400032043458,11.111199989318848,10.400299978256225,36.11693386495294,-0.04481201330271922,-0.0041208953239568556,-0.04069111797876237,10.944655308733193,10.638500118255616,10.332344927778038,12.805453035835052,14.850508142728055,NICK
2019-02-15,10.40999984741211,10.649999618530273,9.9399995803833,10.119999885559082,10.119999885559082,24900,10.386000061035157,10.535000038146972,10.609500122070312,10.538400020599365,11.09229998588562,10.408049979209899,35.22778507636341,-0.07600435849060894,-0.018497587957287273,-0.05750677053332166,10.988154393674133,10.609500122070312,10.23084585046649,14.959640912304542,13.223299701143063,NICK
2019-02-19,10.010000228881836,10.470000267028809,10.010000228881836,10.15999984741211,10.15999984741211,10600,10.307999992370606,10.48100004196167,10.578000116348267,10.536000022888183,11.073599987030029,10.415249977111817,36.90069600932005,-0.09638577889181121,-0.03407522614419206,-0.06231055274761915,10.994298226976957,10.578000116348267,10.161702005719578,18.474371020468116,15.413154989535675,NICK
2019-02-20,10.300000190734863,10.350000381469727,10.229999542236328,10.229999542236328,10.229999542236328,1600,10.243999862670899,10.434000015258789,10.550000095367432,10.532600021362304,11.051799983978272,10.422649974822997,39.829491233228175,-0.10567169353478967,-0.04839451962231158,-0.05727717391247809,10.980581336518231,10.550000095367432,10.119418854216633,23.46939404408019,18.967801992284056,NICK
2019-02-21,10.220000267028809,10.5600004196167,10.130000114440918,10.199999809265137,10.199999809265137,14400,10.173999786376953,10.39399995803833,10.520000076293945,10.520800018310547,11.030799980163573,10.430649971961975,38.99413888308737,-0.11413588805294772,-0.06154279330843881,-0.05259309474450891,10.9602275529137,10.520000076293945,10.07977259967419,26.19047850746836,22.711414524005324,NICK
2019-02-22,10.15999984741211,10.25,9.760000228881836,10.029999732971191,10.029999732971191,22000,10.14799976348877,10.319999885559081,10.489500045776367,10.510400009155273,11.009099979400634,10.437899971008301,34.56953055527775,-0.13302794525098705,-0.07583982369694846,-0.05718812155403859,10.974494146976106,10.489500045776367,10.004505944576628,26.964344426820674,25.541405659456178,NICK
2019-02-25,10.220000267028809,10.220000267028809,10.180000305175781,10.210000038146973,10.210000038146973,1200,10.165999794006348,10.275999927520752,10.468000030517578,10.503600006103516,10.993099975585938,10.446049971580505,42.06540467188973,-0.1319544278821425,-0.08706274453398727,-0.04489168334815524,10.962433300549755,10.468000030517578,9.9735667604854,30.86186526815347,28.005562734147272,NICK
2019-02-26,10.170000076293945,10.329999923706055,10.029999732971191,10.029999732971191,10.029999732971191,600,10.139999771118164,10.223999881744385,10.4375,10.491200008392333,10.973399972915649,10.45294997215271,37.445561064907764,-0.14396859756009306,-0.09844391513920843,-0.04552468242088463,10.96018086025561,10.4375,9.91481913974439,30.275188955811696,29.36713288359505,NICK
2019-02-27,10.460000038146973,10.460000038146973,10.460000038146973,10.460000038146973,10.460000038146973,200,10.185999870300293,10.214999866485595,10.430499982833862,10.486400012969971,10.957999973297119,10.462349972724915,51.2261912798847,-0.11743872213637196,-0.10224287653864114,-0.015195845597730823,10.948012549120024,10.430499982833862,9.912987416547699,43.425043542372066,34.85403258877885,NICK
2019-02-28,10.460000038146973,10.460000038146973,10.460000038146973,10.460000038146973,10.460000038146973,100,10.23799991607666,10.205999851226807,10.427499961853027,10.478000011444092,10.94249997138977,10.470649971961976,51.2261912798847,-0.09531487418745854,-0.10085727606840462,0.005542401880946082,10.943596115113928,10.427499961853027,9.911403808592125,51.070302410958675,41.59017830304725,NICK
2019-03-01,10.460000038146973,10.460000038146973,10.460000038146973,10.460000038146973,10.460000038146973,100,10.323999977111816,10.235999870300294,10.425499963760377,10.472200012207031,10.92379997253418,10.479149971008301,51.2261912798847,-0.07689516568973431,-0.09606485399267056,0.01916968830293625,10.940766146744114,10.425499963760377,9.91023378077664,65.46715938155079,53.320835111626955,NICK
2019-03-04,10.449999809265137,10.479999542236328,10.140000343322754,10.149999618530273,10.149999618530273,2000,10.311999893188476,10.238999843597412,10.386999940872192,10.462200012207031,10.901999969482421,10.485949969291687,42.74684159353189,-0.08631685016162827,-0.09411525322646211,0.007798403064833842,10.862230672267376,10.386999940872192,9.911769209477008,58.667169112925784,58.40154363514486,NICK
2019-03-05,10.149999618530273,10.149999618530273,10.149999618530273,10.149999618530273,10.149999618530273,100,10.335999870300293,10.237999820709229,10.35949993133545,10.460200004577636,10.883399963378906,10.49294996738434,42.74684159353189,-0.09271484397679686,-0.09383517137652905,0.001120327399732196,10.822597429708686,10.35949993133545,9.896402432962212,51.867178844300774,58.66716911292556,NICK
2019-03-06,10.3100004196167,10.3100004196167,10.0,10.0,10.0,2800,10.243999862670899,10.214999866485595,10.324499940872192,10.457200012207032,10.864399967193604,10.499449968338013,39.11359057429306,-0.10863671931045005,-0.09679548096331325,-0.011841238347136795,10.785172603857403,10.324499940872192,9.863827277886982,38.20221909807385,49.57885568509992,NICK
2019-03-07,10.270000457763672,10.270000457763672,9.760000228881836,9.760000228881836,9.760000228881836,2800,10.103999900817872,10.170999908447266,10.282499933242798,10.44640001296997,10.847199974060059,10.504049968719482,34.117062222226345,-0.13901837865751965,-0.10524006050215454,-0.03377831815536511,10.786201418521378,10.282499933242798,9.778798447964219,23.595490367525958,37.88829610329997,NICK
2019-03-08,9.75,10.029999732971191,9.5600004196167,9.649999618530273,9.649999618530273,7700,9.941999816894532,10.132999897003174,10.226499891281128,10.437600002288818,10.828699970245362,10.508799967765809,32.093455552375595,-0.17001239545426472,-0.11819452749257657,-0.05181786796168815,10.749616651492225,10.226499891281128,9.70338313107003,11.988734934097211,24.595481466565456,NICK
2019-03-11,9.210000038146973,9.829999923706055,9.210000038146973,9.460000038146973,9.460000038146973,7700,9.803999900817871,10.057999897003175,10.166999912261963,10.423800010681152,10.804299974441529,10.512599968910218,28.904409397564745,-0.20751465553409432,-0.1360585531008801,-0.07145610243321421,10.75105826206576,10.166999912261963,9.582941562458165,9.17281105903252,14.919012120218346,NICK
2019-03-12,9.5,9.5,9.5,9.5,9.5,400,9.673999977111816,10.004999923706055,10.11449990272522,10.41260000228882,10.781399974822998,10.516999969482422,30.470810956699257,-0.23134104860512572,-0.15511505220172922,-0.0762259964033965,10.738790769148492,10.11449990272522,9.490209036301946,16.33330192095135,12.498282638026808,NICK
2019-03-13,9.600000381469727,9.600000381469727,9.510000228881836,9.510000228881836,9.510000228881836,600,9.576000022888184,9.90999994277954,10.062499904632569,10.392800006866455,10.75549997329712,10.521399970054626,30.88082058955602,-0.24657434630148423,-0.1734069110216802,-0.07316743527980402,10.705986468328362,10.062499904632569,9.419013340936775,21.207352452683395,15.571155144222203,NICK
2019-03-14,9.510000228881836,9.510000228881836,9.510000228881836,9.510000228881836,9.510000228881836,100,9.526000022888184,9.814999961853028,10.010499906539916,10.375000019073486,10.731099977493287,10.524649972915649,30.88082058955602,-0.255699302088642,-0.18986538923507257,-0.06583391285356943,10.656084007181748,10.010499906539916,9.364915805898084,22.908538519621544,20.149730964418545,NICK
2019-03-15,9.600000381469727,9.779999732971191,9.470000267028809,9.729999542236328,9.729999542236328,2400,9.542000007629394,9.741999912261964,9.988999891281129,10.357800006866455,10.709899969100952,10.529699969291688,39.92015497037222,-0.2423847290378962,-0.2003692571956373,-0.0420154718422589,10.641836680063452,9.988999891281129,9.336163102498805,29.396333934323945,24.50407496887608,NICK
2019-03-18,9.729999542236328,9.739999771118164,9.40999984741211,9.739999771118164,9.739999771118164,1500,9.597999954223633,9.700999927520751,9.969999885559082,10.34079999923706,10.687299966812134,10.534899969100952,40.302335464688426,-0.22839312529488254,-0.20597403081548635,-0.02241909447939619,10.628574015164867,9.969999885559082,9.311425755953296,35.43306968358309,29.24598071250931,NICK
2019-03-19,9.739999771118164,9.739999771118164,9.739999771118164,9.739999771118164,9.739999771118164,100,9.645999908447266,9.65999994277954,9.948999881744385,10.327399997711181,10.668399963378906,10.540099968910217,40.30233546468843,-0.21482827193161036,-0.20774487903871114,-0.007083392892899221,10.608784617073143,9.948999881744385,9.289215146415627,41.46980543284224,35.43306968358288,NICK
2019-03-20,9.720000267028809,9.720000267028809,9.40999984741211,9.4399995803833,9.4399995803833,800,9.63199977874756,9.603999900817872,9.909499883651733,10.307999992370606,10.64399995803833,10.543849968910218,32.998997229972005,-0.22568399152691043,-0.211332701536351,-0.01435128999055943,10.591481552828682,9.909499883651733,9.227518214474784,33.85825490548017,36.920376673968285,NICK
2019-03-21,9.420000076293945,9.4399995803833,9.420000076293945,9.4399995803833,9.4399995803833,500,9.617999649047851,9.571999835968018,9.871499872207641,10.290599975585938,10.620299949645997,10.547799968719483,32.998997229972,-0.23161728760269185,-0.21538961874961918,-0.01622766885307267,10.56901765636227,9.871499872207641,9.173982088053013,25.984231076628983,33.77076380498358,NICK
2019-03-22,9.199999809265137,9.199999809265137,8.489999771118164,8.699999809265137,8.699999809265137,8900,9.411999702453613,9.476999855041504,9.80499987602234,10.258399963378906,10.589799947738648,10.547699966430663,21.73264699812285,-0.2926576889181849,-0.23084323278333232,-0.06181445613485256,10.664243787588658,9.80499987602234,8.945755964456021,15.919624672881861,25.25403688499679,NICK
2019-03-25,8.569999694824219,8.800000190734863,8.569999694824219,8.800000190734863,8.800000190734863,15100,9.223999786376954,9.410999870300293,9.734499883651733,10.227199974060058,10.561299953460694,10.54869996547699,25.437392235502475,-0.3291689963966338,-0.25050838550599264,-0.07866061089064114,10.676635198289846,9.734499883651733,8.79236456901362,15.56055026351369,19.154802004341295,NICK
2019-03-26,8.75,8.800000190734863,8.75,8.75,8.75,600,9.025999832153321,9.335999870300293,9.670499897003173,10.191399974822998,10.533499956130981,10.548849964141846,24.80516314125298,-0.3580121271988066,-0.27200913384455544,-0.08600299335425116,10.69403247094338,9.670499897003173,8.646967323062967,14.392730779895954,15.29096857209695,NICK
2019-03-27,8.75,9.430000305175781,8.75,9.0,9.0,22500,8.93799991607666,9.28499984741211,9.597499895095826,10.157399978637695,10.507299957275391,10.550549964904786,33.68070402946773,-0.3565870914774454,-0.28892472537113345,-0.06766236610631193,10.593268370498475,9.597499895095826,8.601731419693177,21.58554387208967,17.179608305166223,NICK
2019-03-28,9.0600004196167,9.529999732971191,8.899999618530273,8.920000076293945,8.920000076293945,16600,8.83400001525879,9.22599983215332,9.520499897003173,10.120599975585938,10.482499961853028,10.551749963760376,32.36424736615321,-0.35778870023666265,-0.3026975203442393,-0.05509117989242335,10.474889104466978,9.520499897003173,8.566110689539368,26.604406318541507,20.860893656842162,NICK
2019-03-29,8.899999618530273,9.420000076293945,8.880000114440918,9.0,9.0,10000,8.894000053405762,9.152999877929688,9.447499895095826,10.081599979400634,10.455799961090088,10.553199963569641,35.09624255001501,-0.3482710071998216,-0.3118122177153558,-0.03645878948446585,10.323396397956541,9.447499895095826,8.57160339223511,34.91379093050228,27.7012470403776,NICK
2019-04-01,9.0,9.130000114440918,8.90999984741211,8.960000038146973,8.960000038146973,4200,8.926000022888184,9.074999904632568,9.38799991607666,10.046799983978271,10.428899965286256,10.554349966049195,34.34915020392958,-0.3400361049717713,-0.3174569951666389,-0.02257910980513239,10.225773002019658,9.38799991607666,8.550226830133663,36.01953476542664,32.51257733815659,NICK
2019-04-02,9.140000343322754,9.229999542236328,8.850000381469727,9.0,9.0,4400,8.976000022888183,9.000999927520752,9.330499935150147,10.010999984741211,10.403799962997436,10.55574996471405,35.82042960091968,-0.32651832302166994,-0.3192692607376451,-0.007249062284024832,10.10678521130283,9.330499935150147,8.554214658997465,38.50131185668601,36.47821251753809,NICK
2019-04-03,9.069999694824219,9.9399995803833,9.069999694824219,9.470000267028809,9.470000267028809,21800,9.070000076293946,9.003999996185303,9.303999948501588,9.984599990844726,10.383499965667724,10.55959996700287,49.999617021858874,-0.2747135628929769,-0.3103581211687115,0.035644558275734595,10.02097681978409,9.303999948501588,8.587023077219085,47.85176097497316,40.790869199028386,NICK
2019-04-04,9.220000267028809,9.5,9.220000267028809,9.380000114440918,9.380000114440918,5300,9.16200008392334,8.998000049591065,9.28499994277954,9.956199989318847,10.362599964141845,10.562899966239929,47.82089385510018,-0.23817464832174728,-0.29592142659931864,0.05774677827757135,9.972153336853609,9.28499994277954,8.597846548705473,56.16683157221734,47.50663480129196,NICK
2019-04-05,9.399999618530273,9.529999732971191,9.399999618530273,9.529999732971191,9.529999732971191,1100,9.268000030517578,9.08100004196167,9.278999948501587,9.933999977111817,10.340999965667725,10.567199964523315,51.60584175686511,-0.19486727105900314,-0.27571059549125554,0.0808433244322524,9.95531039056297,9.278999948501587,8.602689506440205,66.89657893958014,56.97172382892333,NICK
2019-04-08,9.210000038146973,9.5,9.15999984741211,9.5,9.5,8700,9.376000022888183,9.151000022888184,9.280999946594239,9.911199970245361,10.321999969482421,10.571449966430665,50.811986432086876,-0.1611094211778159,-0.25279036062856763,0.09168093945075173,9.959672041301198,9.280999946594239,8.60232785188728,67.58622806411796,63.54987952530493,NICK
2019-04-09,9.510000228881836,9.75,9.40999984741211,9.75,9.75,3100,9.526000022888184,9.251000022888183,9.293499946594238,9.893399963378906,10.30499997138977,10.576749968528748,56.77885010969133,-0.11288193855092743,-0.2248086762130396,0.11192673766211217,9.996615027839502,9.293499946594238,8.590384865348975,76.09197367858575,70.19159356076106,NICK
2019-04-10,9.350000381469727,9.369999885559082,9.350000381469727,9.369999885559082,9.369999885559082,700,9.505999946594239,9.288000011444092,9.2864999294281,9.868799953460693,10.282199974060058,10.580149970054627,47.37213137184856,-0.10412386939920992,-0.20067171485027366,0.09654784545106374,9.983615981602682,9.2864999294281,8.589383877253518,72.41381578298349,72.03067250856218,NICK
2019-04-11,9.350000381469727,9.550000190734863,9.199999809265137,9.239999771118164,9.239999771118164,13100,9.477999877929687,9.319999980926514,9.272999906539917,9.843199939727784,10.257899971008301,10.583099970817566,44.64699352207824,-0.10644591700612516,-0.18182655528144395,0.0753806382753188,9.96269822022559,9.272999906539917,8.583301592854244,65.4971230436126,71.33430416839371,NICK
2019-04-12,9.619999885559082,9.630000114440918,9.3100004196167,9.329999923706055,9.329999923706055,500,9.43799991607666,9.35299997329712,9.252999925613404,9.819799938201903,10.233899974822998,10.586499972343445,46.92341521564526,-0.09987262683921827,-0.16543576959299883,0.06556314275378056,9.910999799426984,9.252999925613404,8.595000051799824,52.778098921600396,63.56301258273192,NICK
2019-04-15,9.399999618530273,9.75,9.399999618530273,9.4399995803833,9.4399995803833,4200,9.42599983215332,9.400999927520752,9.23799991607666,9.790199928283691,10.211999969482422,10.590399971008301,49.64895637670509,-0.08480956219471913,-0.1493105281133429,0.06450096591862375,9.863798475572276,9.23799991607666,8.612201356581044,51.87593472603039,56.717052230414225,NICK
2019-04-16,9.319999694824219,9.5600004196167,9.270000457763672,9.270000457763672,9.270000457763672,5000,9.329999923706055,9.42799997329712,9.214499950408936,9.761599941253662,10.18919997215271,10.59339997291565,45.73979149230479,-0.08560270865435982,-0.13656896422154627,0.05096625556718645,9.796924949496857,9.214499950408936,8.632074951321014,48.418276814996496,51.02410348754219,NICK
2019-04-17,9.350000381469727,9.510000228881836,9.039999961853027,9.039999961853027,9.039999961853027,9400,9.263999938964844,9.38499994277954,9.194499969482422,9.72839994430542,10.165599975585938,10.592599973678588,41.03252404940305,-0.10359620816228521,-0.12997441300969406,0.026378204847408854,9.772028250341299,9.194499969482422,8.616971688623545,37.98216361531433,46.09212505211351,NICK
2019-04-18,9.130000114440918,9.350000381469727,9.130000114440918,9.350000381469727,9.350000381469727,400,9.286000061035157,9.381999969482422,9.190000009536742,9.70339994430542,10.144999980926514,10.591999974250793,48.69628116470351,-0.09178371751488434,-0.12233627391073212,0.03055255639584778,9.761174221550016,9.190000009536742,8.618825797523469,33.944968576845994,40.11513633571871,NICK
2019-04-22,9.069999694824219,9.460000038146973,9.069999694824219,9.180000305175781,9.180000305175781,800,9.256000137329101,9.347000026702881,9.214000034332276,9.671599941253662,10.120699987411498,10.589349975585938,45.22507797616872,-0.09504420850672446,-0.1168778608299306,0.021833652323206137,9.739296079693693,9.214000034332276,8.68870398897086,31.192668309787823,34.373266833982484,NICK
2019-04-23,9.020000457763672,9.020000457763672,8.989999771118164,8.989999771118164,8.989999771118164,4500,9.166000175476075,9.296000003814697,9.22350001335144,9.63839994430542,10.09899998664856,10.58719997406006,41.651484753215115,-0.11167233711738689,-0.11583675608742186,0.004164418970034972,9.724829232878097,9.22350001335144,8.722170793824784,25.382279318288948,30.17330540164069,NICK
2019-04-24,9.109999656677246,9.279999732971191,9.079999923706055,9.199999809265137,9.199999809265137,2300,9.152000045776367,9.240999984741212,9.246000003814697,9.611399936676026,10.085799980163575,10.582249975204467,46.66758573285358,-0.10667531418675402,-0.1140044677072883,0.007329153520534273,9.698300774826123,9.246000003814697,8.79369923280327,19.30227341802223,25.2924070153661,NICK
2019-04-25,9.100000381469727,9.239999771118164,9.0,9.0,9.0,600,9.144000053405762,9.203999996185303,9.246000003814697,9.580399932861328,10.068699979782105,10.573749976158142,42.88621649940289,-0.11749899537408304,-0.11470337324064725,-0.002795622133435788,9.698300774826123,9.246000003814697,8.79369923280327,9.649131612872269,18.111228116394248,NICK
2019-04-26,8.949999809265137,9.40999984741211,8.8100004196167,8.949999809265137,8.949999809265137,6000,9.063999938964844,9.175,9.247499990463258,9.548399925231934,10.051099977493287,10.567349977493286,41.97061633481607,-0.12862868678603512,-0.11748843594972483,-0.01114025083631029,9.695646194400732,9.247499990463258,8.799353786525783,14.61365119245727,14.521685407783691,NICK
2019-04-29,8.890000343322754,9.229999542236328,8.890000343322754,9.229999542236328,9.229999542236328,1300,9.073999786376953,9.164999961853027,9.258999967575074,9.529799919128418,10.038099975585938,10.563949975967407,48.58984900823759,-0.11354651546965044,-0.11670005185370995,0.003153536384059505,9.692723412054484,9.258999967575074,8.825276523095663,20.29671853440787,14.85316711324557,NICK
2019-04-30,8.949999809265137,8.949999809265137,8.949999809265137,8.949999809265137,8.949999809265137,200,9.065999794006348,9.115999984741212,9.258499956130981,9.50639991760254,10.022399969100952,10.558899974822998,43.27401333441483,-0.12277218313150051,-0.11791447810926806,-0.004857705022232456,9.693621840495437,9.258499956130981,8.823378071766525,24.822631716178623,19.911000481014355,NICK
2019-05-01,8.949999809265137,9.069999694824219,8.949999809265137,9.0,9.0,1100,9.025999832153321,9.088999938964843,9.258499956130981,9.483199920654297,10.009599971771241,10.556599974632263,44.44287861917825,-0.12461253792895555,-0.11925409007320556,-0.005358447855749987,9.693621840495437,9.258499956130981,8.823378071766525,26.595688916710383,23.905013055765394,NICK
2019-05-02,9.079999923706055,9.470000267028809,9.079999923706055,9.300000190734863,9.300000190734863,1600,9.085999870300293,9.114999961853027,9.249999952316283,9.464599933624267,9.998599977493287,10.556699976921081,50.97075817039599,-0.10070268629649881,-0.1155438093178642,0.014841123021365393,9.674782286678234,9.249999952316283,8.825217617954333,29.077982524756152,26.832101052548154,NICK
2019-05-03,8.899999618530273,9.449999809265137,8.899999618530273,9.449999809265137,9.449999809265137,2900,9.185999870300293,9.124999904632569,9.253499937057494,9.449599933624267,9.985199975967408,10.557349977493287,53.888172039072856,-0.06885650606014693,-0.10620634866632075,0.03734984260617383,9.683629001570297,9.253499937057494,8.823370872544691,46.8084868935672,34.16071944501101,NICK
2019-05-06,9.210000038146973,9.399999618530273,9.050000190734863,9.050000190734863,9.050000190734863,1300,9.15,9.111999893188477,9.229499959945679,9.42999994277954,9.970199975967407,10.556199979782104,46.02356190470312,-0.07502990699920886,-0.09997106033289838,0.024941153333689514,9.648664627416236,9.229499959945679,8.810335292475122,50.73756660759107,42.2080120086379,NICK
2019-05-07,9.0,9.3100004196167,9.0,9.0,9.0,1100,9.160000038146972,9.11299991607666,9.204499959945679,9.405799942016602,9.954699974060059,10.555699977874756,45.13679148416043,-0.08300019466536668,-0.09657688719939203,0.013576692534025353,9.615716460641943,9.204499959945679,8.793283459249414,42.409281973684266,46.651778491613946,NICK
2019-05-08,9.0,9.100000381469727,9.0,9.100000381469727,9.100000381469727,1300,9.180000114440919,9.10299997329712,9.171999979019166,9.387199954986572,9.939199981689454,10.555249981880188,47.32287966324816,-0.08032161246701897,-0.09332583225291742,0.013004219785898455,9.499938981036857,9.171999979019166,8.844060977001474,34.360724131309844,42.50252423752816,NICK
2019-05-09,9.0,9.0,9.0,9.0,9.0,200,9.120000076293945,9.10299997329712,9.153499984741211,9.357999954223633,9.922199983596801,10.554499983787537,45.37574956938468,-0.0852849005773848,-0.0917176459178109,0.006432745340426094,9.476379212703987,9.153499984741211,8.830620756778435,33.29000825888796,36.68667145462712,NICK
2019-05-10,9.0,9.0,9.0,9.0,9.0,300,9.030000114440918,9.107999992370605,9.141499996185303,9.328799953460694,9.903399982452392,10.554249982833863,45.37574956938468,-0.08820160891938222,-0.09101443851812516,0.002812829598742933,9.468441892250873,9.141499996185303,8.814558100119733,33.838347349459454,33.829693246552175,NICK
2019-05-13,8.899999618530273,9.0,8.899999618530273,9.0,9.0,2800,9.020000076293945,9.085000038146973,9.125,9.299599952697754,9.885899982452393,10.553899984359742,45.37574956938467,-0.08948163273240617,-0.09070787736098136,0.0012262446285751932,9.44546842146382,9.125,8.80453157853618,28.787821865156555,31.972059157834412,NICK
2019-05-14,8.899999618530273,8.899999618530273,8.699999809265137,8.699999809265137,8.699999809265137,5200,8.960000038146973,9.060000038146972,9.088000011444091,9.27059995651245,9.866399984359742,10.551749982833861,39.314641241278494,-0.11339640583277166,-0.09524558305533942,-0.01815082277743224,9.424903703676257,9.088000011444091,8.751096319211925,19.19188124343782,27.2726834860177,NICK
2019-05-15,8.899999618530273,9.3100004196167,8.699999809265137,8.699999809265137,8.699999809265137,7400,8.879999923706055,9.030000019073487,9.059499979019165,9.241599960327148,9.850899982452393,10.549799981117248,39.31464124127849,-0.13084078469108995,-0.10236462338248953,-0.028476161308600423,9.425203532916004,9.059499979019165,8.693796425122326,9.595940621719086,19.19188124343758,NICK
2019-05-16,8.960000038146973,8.960000038146973,8.510000228881836,8.75,8.75,1400,8.829999923706055,8.975,9.044999980926514,9.216599960327148,9.83689998626709,10.547949981689452,40.84206909681115,-0.13902835080703468,-0.10969736886739856,-0.029330981939636125,9.434846215771325,9.044999980926514,8.655153746081703,8.33332505491113,12.37371564002244,NICK
2019-05-17,8.75,8.75,8.75,8.75,8.75,300,8.779999923706054,8.905000019073487,9.014999961853027,9.196399955749511,9.821399984359742,10.545699982643127,40.84206909681116,-0.14385874191432002,-0.11652964347678285,-0.02732909843753717,9.398640459100294,9.014999961853027,8.63135946460576,16.666650109821905,11.531971928817134,NICK
2019-05-20,8.970000267028809,8.970000267028809,8.760000228881836,8.760000228881836,8.760000228881836,1000,8.731999969482422,8.876000022888183,8.99399995803833,9.178599967956544,9.80809998512268,10.542499985694885,41.1854445513557,-0.14520608145322278,-0.12226493107207084,-0.022941150381151937,9.38512139773571,8.99399995803833,8.60287851834095,25.34720532044319,16.7823934950585,NICK
2019-05-21,8.979999542236328,8.979999542236328,8.800000190734863,8.800000190734863,8.800000190734863,800,8.752000045776366,8.85600004196167,8.984499979019166,9.1653999710083,9.794599990844727,10.539199986457824,42.620108917404465,-0.14141603904724143,-0.12609515266710497,-0.015320886380136456,9.384673646105323,8.984499979019166,8.584326311933008,27.08332298530549,23.032392805189954,NICK
2019-05-22,8.949999809265137,8.970000267028809,8.800000190734863,8.8100004196167,8.8100004196167,6300,8.77400016784668,8.827000045776368,8.965000009536743,9.151599979400634,9.782099990844726,10.535499987602234,42.99449297925878,-0.13603731475514635,-0.12808358508471324,-0.007953729670433118,9.359233382640873,8.965000009536743,8.570766636432612,29.388307315331996,27.272945207026652,NICK
2019-05-23,8.90999984741211,8.90999984741211,8.5,8.600000381469727,8.600000381469727,1100,8.744000244140626,8.78700008392334,8.94500002861023,9.133399982452392,9.763099994659424,10.530499987602234,37.466196169591996,-0.14702507153226385,-0.13187188237422337,-0.015153189158040481,9.369523174448158,8.94500002861023,8.5204768827723,24.41147150676373,26.961033935800163,NICK
2019-05-24,8.880000114440918,9.09000015258789,8.010000228881836,8.649999618530273,8.649999618530273,5500,8.724000167846679,8.752000045776366,8.930000019073486,9.116199970245361,9.745599994659424,10.520699987411499,39.46207752042882,-0.14996967036383957,-0.1354914399721466,-0.014478230391692964,9.373531245748591,8.930000019073486,8.48646879239838,30.752267139511172,28.184015320535394,NICK
2019-05-28,8.800000190734863,9.09000015258789,8.430000305175781,9.09000015258789,9.09000015258789,11300,8.79000015258789,8.761000061035157,8.923000049591064,9.103399982452393,9.730599994659423,10.512149987220765,53.52097818197856,-0.11546787846530648,-0.13148672767077857,0.016018849205472085,9.351537115094438,8.923000049591064,8.49446298408769,47.80625942763629,34.32333269130349,NICK
2019-05-29,8.800000190734863,9.079999923706055,8.600000381469727,9.079999923706055,9.079999923706055,1500,8.84600009918213,8.799000072479249,8.92950005531311,9.09019998550415,9.715499992370605,10.502399988174439,53.218476560135805,-0.08791842582352061,-0.12277306730132698,0.03485464147780637,9.363388302333746,8.92950005531311,8.495611808292473,71.53842561109154,50.03231739274609,NICK
2019-05-30,8.90999984741211,9.25,8.859999656677246,9.0600004196167,9.0600004196167,12800,8.896000099182128,8.835000133514404,8.932500076293945,9.076599998474121,9.701999998092651,10.49274999141693,52.57843920000936,-0.06692757948368389,-0.11160396973779836,0.044676390254114476,9.369117793496942,8.932500076293945,8.495882359090947,82.05126512215502,67.1319833869607,NICK
2019-05-31,7.920000076293945,9.75,7.920000076293945,9.0600004196167,9.0600004196167,17000,8.988000106811523,8.866000175476074,8.920500087738038,9.069000015258789,9.688500003814697,10.484799995422364,52.57843920000938,-0.049719052243256456,-0.09922698623888998,0.049507933995633524,9.328297871891941,8.920500087738038,8.512702303584135,75.12399789080747,76.23789620801777,NICK
2019-06-03,9.25,9.25,9.069999694824219,9.25,9.25,1600,9.108000183105469,8.916000175476075,8.910500097274781,9.065200023651123,9.67789999961853,10.47704999446869,58.12699319133249,-0.020513327312135843,-0.08348425445353916,0.06297092714140332,9.273183266088003,8.910500097274781,8.54781692846156,71.91397713507443,76.3630800493454,NICK
2019-06-04,9.0,9.1899995803833,9.0,9.1899995803833,9.1899995803833,5600,9.128000068664551,8.95900011062622,8.917500066757203,9.075000019073487,9.666699991226196,10.46784999370575,55.90254703784821,-0.002183937237949962,-0.06722419101042132,0.06504025377247136,9.295752653854624,8.917500066757203,8.539247479659782,68.12386023754692,71.72061175447602,NICK
2019-06-05,9.119999885559082,9.369999885559082,9.119999885559082,9.199999809265137,9.199999809265137,3500,9.152000045776367,8.999000072479248,8.92750005722046,9.083000011444092,9.655099992752076,10.458699994087219,56.20337969048439,0.012999323240807215,-0.05117948816017561,0.06417881140098283,9.324079171036697,8.92750005722046,8.530920943404222,70.67394030102793,70.23725922454952,NICK
2019-06-06,8.800000190734863,9.130000114440918,8.800000190734863,9.0,9.0,4600,9.139999961853027,9.018000030517578,8.922500038146973,9.088000011444091,9.639699993133545,10.45034999370575,49.003244832480966,0.008792498965226159,-0.039185090735095254,0.04797758970032141,9.31272429254401,8.922500038146973,8.532275783749936,66.12020604924886,68.30600219594099,NICK
2019-06-07,8.859999656677246,8.899999618530273,8.859999656677246,8.859999656677246,8.859999656677246,400,9.099999809265137,9.04399995803833,8.915500020980835,9.085200004577636,9.621299991607666,10.439399991035462,44.68756614023521,-0.0057717639540975085,-0.03250242537889571,0.0267306614247982,9.304934198317351,8.915500020980835,8.526065843644318,60.1092782265899,65.63447485895531,NICK
2019-06-10,9.199999809265137,9.5,8.5,9.5,9.5,4800,9.149999809265136,9.128999996185303,8.940500020980835,9.096800003051758,9.608699989318847,10.431399989128114,61.41632296669531,0.03393742227393659,-0.019214455848329245,0.053151878122265836,9.40532146442075,8.940500020980835,8.47567857754092,65.5737628029483,63.93441569292877,NICK
2019-06-11,9.270000457763672,9.300000190734863,9.0,9.0,9.0,1000,9.111999893188477,9.119999980926513,8.940500020980835,9.096800003051758,9.589199991226197,10.421699991226197,48.95846962026017,0.0247758169281056,-0.010416401293042277,0.035192218221147875,9.40532146442075,8.940500020980835,8.47567857754092,65.5737628029483,63.75226794416191,NICK
2019-06-12,8.800000190734863,8.800000190734863,8.800000190734863,8.800000190734863,8.800000190734863,700,9.031999969482422,9.092000007629395,8.945500040054322,9.093600006103516,9.570199995040893,10.406299991607666,45.02432039174334,0.0013611747707269473,-0.008060886080288432,0.00942206085101538,9.401941650352235,8.945500040054322,8.489058429756408,64.48087631034717,65.20946730541432,NICK
2019-06-13,9.199999809265137,9.220000267028809,8.8100004196167,9.140000343322754,9.140000343322754,800,9.060000038146972,9.1,8.967500066757202,9.096400012969971,9.55369999885559,10.395649991035462,52.07483513249384,0.010123376993231403,-0.004424033465584464,0.014547410458815867,9.416849529695057,8.967500066757202,8.518150603819347,57.92350524138766,62.65938145156078,NICK
2019-06-14,9.039999961853027,9.270000457763672,8.84000015258789,9.199999809265137,9.199999809265137,3600,9.128000068664551,9.113999938964843,8.99000005722046,9.091000003814697,9.537799997329712,10.385149989128113,53.215108038490634,0.021659266308338587,0.0007926264892001468,0.02086663981913844,9.438597774339492,8.99000005722046,8.541402340101428,61.566489168587395,61.32362357344048,NICK
2019-06-17,9.010000228881836,9.039999961853027,9.010000228881836,9.039999961853027,9.039999961853027,1200,9.036000061035157,9.092999935150146,9.00450005531311,9.084200000762939,9.520199995040894,10.372849988937379,49.81155768771738,0.017687006390623594,0.004171502469484837,0.013515503921138757,9.439676921225336,9.00450005531311,8.569323189400885,65.93806988122707,61.80935476373378,NICK
2019-06-18,9.050000190734863,9.100000381469727,8.970000267028809,8.979999542236328,8.979999542236328,33200,9.031999969482422,9.07199993133545,9.015500020980834,9.073199996948242,9.503599987030029,10.362099986076355,48.55734393915385,0.00958691735301187,0.005254585446190244,0.0043323319068216265,9.4362837298501,9.015500020980834,8.594716312111569,63.02366536834969,63.509408139387794,NICK
2019-06-19,8.979999542236328,8.979999542236328,8.979999542236328,8.979999542236328,8.979999542236328,200,9.067999839782715,9.049999904632568,9.024499988555908,9.06279998779297,9.486999979019165,10.351099982261658,48.55734393915386,0.003131441128637391,0.0048299565826796734,-0.0016985154540422823,9.434010615298744,9.024499988555908,8.614989361813072,59.01637436287118,62.659369870815716,NICK
2019-06-20,9.430000305175781,9.430000305175781,8.899999618530273,9.029999732971191,9.029999732971191,62900,9.045999717712402,9.052999877929688,9.035499954223633,9.048399982452393,9.47089997291565,10.337399978637695,49.779452035595114,0.0020266651011695558,0.00426929828637765,-0.0022426331852080945,9.433015982654165,9.035499954223633,8.637983925793101,56.282304765141475,59.44078149878718,NICK
2019-06-21,9.069999694824219,9.229999542236328,9.069999694824219,9.229999542236328,9.229999542236328,1400,9.05199966430664,9.089999866485595,9.066999912261963,9.045599975585937,9.457199964523316,10.328349976539611,54.44170957735541,0.01709240467799411,0.006833919564700943,0.010258485113293168,9.418687338547267,9.066999912261963,8.715312485976659,61.30779933996837,58.86882615599341,NICK
2019-06-24,9.109999656677246,9.109999656677246,8.920000076293945,8.920000076293945,8.920000076293945,2500,9.027999687194825,9.031999874114991,9.080499935150147,9.039199981689453,9.441199960708618,10.317949976921081,47.13714787779351,0.003971959431634531,0.006261527538087661,-0.00228956810645313,9.384636392510458,9.080499935150147,8.776363477789836,55.999978383382505,57.86336082949719,NICK
2019-06-25,8.960000038146973,9.039999961853027,8.899999618530273,9.0,9.0,74900,9.031999778747558,9.031999874114991,9.075999927520751,9.032599983215333,9.426199960708619,10.308549976348877,49.03746778059118,2.8904113385408436e-05,0.00501500285314721,-0.004986098739761802,9.382097920827958,9.075999927520751,8.769901934213545,54.99998728434279,57.43592166923096,NICK
2019-06-26,8.949999809265137,9.229999542236328,8.949999809265137,9.029999732971191,9.029999732971191,8800,9.041999816894531,9.054999828338623,9.073499917984009,9.02439998626709,9.407299957275391,10.30049997329712,49.76672397644501,-0.000667572541255268,0.0038784877742667145,-0.004546060315521983,9.380242456445426,9.073499917984009,8.766757379522591,48.333326975504896,53.11109754774313,NICK
2019-06-27,9.119999885559082,9.25,9.119999885559082,9.149999618530273,9.149999618530273,7800,9.065999794006348,9.055999755859375,9.077999877929688,9.021999969482422,9.391799955368041,10.29249997138977,52.683416406239715,0.008367002973825421,0.004776190814178456,0.0035908121596469654,9.386454055870411,9.077999877929688,8.769545699988965,55.999978383382505,53.11109754774313,NICK
2019-06-28,9.300000190734863,9.699999809265137,9.25,9.399999618530273,9.399999618530273,30600,9.099999809265137,9.075999736785889,9.094999837875367,9.029199962615968,9.378799953460693,10.28749997138977,58.136904073268155,0.03529304358565355,0.010879561368473475,0.024413482217180073,9.433614598076353,9.094999837875367,8.75638507767438,61.55552216517608,55.29627584135423,NICK
2019-07-01,9.399999618530273,9.399999618530273,9.149999618530273,9.380000114440918,9.380000114440918,8100,9.191999816894532,9.109999752044677,9.101499843597413,9.02979995727539,9.366599950790405,10.2803999710083,57.56531262197153,0.05439134238738497,0.019581917572255775,0.03480942481512919,9.45636739213513,9.101499843597413,8.746632295059696,65.3703521602909,60.9752842362829,NICK
2019-07-02,9.010000228881836,9.270000457763672,8.979999542236328,9.039999961853027,9.039999961853027,8600,9.199999809265137,9.115999794006347,9.093999862670898,9.026999950408936,9.349299945831298,10.270099968910218,48.78406235983776,0.04161203335167585,0.02398794072813979,0.017624092623536057,9.447406122601722,9.093999862670898,8.740593602740075,52.31791918184453,59.74793116910357,NICK
2019-07-03,9.039999961853027,9.170000076293945,9.039999961853027,9.050000190734863,9.050000190734863,11900,9.203999900817871,9.1229998588562,9.086499881744384,9.02819995880127,9.333299951553345,10.256199970245362,49.03033873111453,0.03192328204245776,0.025575008991003383,0.0063482730514543735,9.436943860424716,9.086499881744384,8.736055903064052,38.235248345076045,51.974506562403555,NICK
2019-07-05,9.210000038146973,9.210000038146973,9.100000381469727,9.100000381469727,9.100000381469727,1400,9.194000053405762,9.129999923706055,9.09149990081787,9.026199970245361,9.318799953460694,10.24214997291565,50.316733206380626,0.027957201137532195,0.026051447420309147,0.001905753717223048,9.439711026746577,9.09149990081787,8.743288774889164,25.087123719903456,38.546763748941075,NICK
2019-07-08,9.100000381469727,9.130000114440918,9.09000015258789,9.130000114440918,9.130000114440918,2400,9.140000152587891,9.119999980926513,9.104999923706055,9.02879997253418,9.304599952697753,10.22799997329712,51.11395241884895,0.02692441330217399,0.026226040596682116,0.0006983727054918724,9.436813073582513,9.104999923706055,8.773186773829597,26.05625445876848,29.792875507915724,NICK
2019-07-09,9.0,9.109999656677246,8.949999809265137,8.949999809265137,8.949999809265137,5400,9.054000091552734,9.122999954223634,9.077499914169312,9.02879997253418,9.288599948883057,10.21084997177124,46.312161969041114,0.0114494194193977,0.023270716361225234,-0.011821296941827535,9.361533291387042,9.077499914169312,8.793466536951582,20.00005563098888,23.714477936553337,NICK
2019-07-10,8.710000038146973,9.109999656677246,8.710000038146973,8.899999618530273,8.899999618530273,2900,9.026000022888184,9.11299991607666,9.072499895095826,9.022199974060058,9.275999946594238,10.193599967956542,45.04624438957651,-0.004793960455295121,0.017657780997921164,-0.022451741453216285,9.365202785860394,9.072499895095826,8.779797004331257,18.06398624315275,21.37343211096977,NICK
2019-07-11,8.800000190734863,8.899999618530273,8.800000190734863,8.84000015258789,8.84000015258789,2900,8.98400001525879,9.09399995803833,9.074499893188477,9.019999980926514,9.263199949264527,10.177749967575073,43.50931803183949,-0.022251905384372606,0.00967584372146241,-0.03192774910583501,9.360190268543146,9.074499893188477,8.788809517833808,12.857743774019335,16.97392854938672,NICK
2019-07-12,8.800000190734863,8.800000190734863,8.649999618530273,8.649999618530273,8.649999618530273,8500,8.8939998626709,9.04399995803833,9.049999856948853,9.01299997329712,9.248099946975708,10.160849967002868,38.97443192656373,-0.05083293725779647,-0.002425912474389367,-0.04840702478340711,9.3882305745231,9.049999856948853,8.711769139374606,10.774402990107182,13.898711002426154,NICK
2019-07-15,8.899999618530273,8.899999618530273,8.649999618530273,8.649999618530273,8.649999618530273,9200,8.79799976348877,8.96899995803833,9.02249984741211,8.999999961853028,9.232299947738648,10.14204996585846,38.97443192656373,-0.0726461908650915,-0.016469968152529796,-0.0561762227125617,9.395159286069811,9.02249984741211,8.64984040875441,4.377109242294693,9.336418668806802,NICK
2019-07-16,8.75,8.90999984741211,8.59000015258789,8.630000114440918,8.630000114440918,1400,8.733999824523925,8.89399995803833,9.001999855041504,8.983599967956543,9.216599950790405,10.12369996547699,38.484758378555355,-0.0905038720418645,-0.03127674893039674,-0.05922712311146776,9.411809586194105,9.001999855041504,8.592190123888903,1.2012004271778431,5.450904219859638,NICK
2019-07-17,8.75,8.899999618530273,8.550000190734863,8.779999732971191,8.779999732971191,1300,8.70999984741211,8.867999935150147,8.991999864578247,8.97819995880127,9.204099950790406,10.10659996509552,44.15221748467178,-0.09149776810054888,-0.04332095276442717,-0.04817681533612171,9.413074708991266,8.991999864578247,8.570925020165229,7.867856036747317,4.482055235406349,NICK
2019-07-18,8.779999732971191,8.779999732971191,8.779999732971191,8.779999732971191,8.779999732971191,0,8.69799976348877,8.84099988937378,8.98199987411499,8.973799953460693,9.189799947738647,10.091449961662292,44.15221748467178,-0.09123375198583616,-0.05290351260870897,-0.03833023937712719,9.413119387676376,8.98199987411499,8.550880360553604,14.534511646316792,7.86785603674705,NICK
2019-07-19,8.59000015258789,8.850000381469727,8.5600004196167,8.630000114440918,8.630000114440918,1500,8.693999862670898,8.793999862670898,8.961999893188477,8.964399948120118,9.175799951553344,10.074599962234497,39.889969341704514,-0.10195298241135653,-0.06271340656923849,-0.03923957584211804,9.418709874355125,8.961999893188477,8.505289912021828,16.47056524112319,12.957644308062166,NICK
2019-07-22,8.550000190734863,8.680000305175781,8.399999618530273,8.399999618530273,8.399999618530273,2800,8.6439998626709,8.720999813079834,8.920499897003173,8.952399940490723,9.155199947357177,10.056599960327148,34.40546981078431,-0.1275370004252352,-0.07567812534043783,-0.05185887508479736,9.420998755672127,8.920499897003173,8.42000103833422,9.803909631553715,13.602995506330965,NICK
2019-07-23,8.40999984741211,8.930000305175781,8.40999984741211,8.619999885559082,8.619999885559082,2700,8.641999816894531,8.687999820709228,8.90549988746643,8.944799938201903,9.1367999458313,10.039649958610534,42.54304519701563,-0.12857816702155667,-0.0862581336766616,-0.042320033344895064,9.422857701552546,8.90549988746643,8.388142073380314,12.190758263085542,12.821744378587214,NICK
2019-07-24,8.510000228881836,8.649999618530273,8.460000038146973,8.5,8.5,1300,8.585999870300293,8.6479998588562,8.880499887466431,8.934799938201904,9.11719994544983,10.020499958992005,39.65336517233128,-0.13750125802314273,-0.09650675854595783,-0.04099449947718489,9.42479675985239,8.880499887466431,8.336203015080473,13.168744145012147,11.7211373465502,NICK
2019-07-25,8.399999618530273,8.65999984741211,8.399999618530273,8.479999542236328,8.479999542236328,3400,8.525999832153321,8.611999797821046,8.852999877929687,8.930399932861327,9.10049994468689,10.001249957084656,39.17574546379995,-0.14452079594543932,-0.10610956602585413,-0.03841122991958519,9.419430939697929,8.852999877929687,8.286568816161445,16.821706216234585,14.060402874777159,NICK
2019-07-26,8.479999542236328,8.760000228881836,8.479999542236328,8.609999656677246,8.609999656677246,5300,8.521999740600586,8.607999801635742,8.825999879837036,8.92859992980957,9.08509994506836,9.984249954223634,43.90522230515456,-0.13800309378163256,-0.11248827157700982,-0.025514822204622742,9.384655588185383,8.825999879837036,8.26734417148869,17.6273581659344,15.872602842393443,NICK
2019-07-29,8.609999656677246,8.9399995803833,8.609999656677246,8.649999618530273,8.649999618530273,1900,8.571999740600585,8.607999801635742,8.788499879837037,8.926599922180175,9.071599941253663,9.967999954223632,45.31422304450517,-0.12813306699514193,-0.11561723066063624,-0.01251583633450569,9.285260666194198,8.788499879837037,8.291739093479876,25.249206833290014,19.899423738486064,NICK
2019-07-30,8.649999618530273,8.880000114440918,8.649999618530273,8.699999809265137,8.699999809265137,1400,8.587999725341797,8.614999771118164,8.754499864578246,8.925599918365478,9.060999937057495,9.954099955558776,47.10284226833297,-0.11495131493006738,-0.11548404751452247,0.0005327325844550895,9.171320235604993,8.754499864578246,8.3376794935515,40.11477636253923,27.663780453920946,NICK
2019-07-31,8.640000343322754,8.789999961853027,8.380000114440918,8.380000114440918,8.380000114440918,11900,8.56399974822998,8.574999809265137,8.721499872207641,8.91799991607666,9.048299942016602,9.93849995613098,38.43789881223175,-0.12884078609092775,-0.11815539522980353,-0.010685390861124217,9.14709495580101,8.721499872207641,8.295904788614271,30.255620171738116,31.873201122522186,NICK
2019-08-01,8.65999984741211,8.890000343322754,8.350000381469727,8.350000381469727,8.350000381469727,7500,8.53799991607666,8.531999874114991,8.686499881744385,8.908999919891357,9.03719994544983,9.92074995994568,37.73702665766612,-0.14064772041590246,-0.12265386026702332,-0.01799386014887913,9.113408607724786,8.686499881744385,8.259591155763985,18.51853160047201,29.629642711582846,NICK
2019-08-02,8.319999694824219,8.520000457763672,8.319999694824219,8.520000457763672,8.520000457763672,1800,8.520000076293945,8.520999908447266,8.657499885559082,8.903199920654297,9.027399950027466,9.904399962425233,43.97156201588468,-0.1347340848645473,-0.1250699051865281,-0.009664179678019191,9.045101407983719,8.657499885559082,8.269898363134445,10.752731175055509,19.842294315754938,NICK
2019-08-05,8.319999694824219,8.520000457763672,8.319999694824219,8.520000457763672,8.520000457763672,200,8.494000244140626,8.532999992370605,8.62699990272522,8.901599922180175,9.017499952316284,9.886499962806703,43.971562015884686,-0.12856546345121167,-0.12576901683946481,-0.0027964466117468556,8.952028931651006,8.62699990272522,8.301970873799435,21.505462350110662,16.92557504187912,NICK
2019-08-06,8.319999694824219,8.520000457763672,8.319999694824219,8.520000457763672,8.520000457763672,200,8.458000373840331,8.523000049591065,8.605499935150146,8.898999938964844,9.007599954605103,9.869349966049194,43.97156201588469,-0.12226736446980979,-0.1250686863655338,0.0028013218957240182,8.897422636461839,8.605499935150146,8.313577233838453,32.258193525165815,21.50546235011039,NICK
2019-08-07,8.5,8.520000457763672,8.5,8.520000457763672,8.520000457763672,700,8.486000442504883,8.525000095367432,8.586499977111817,8.88759994506836,8.995499963760375,9.852699966430665,43.971562015884686,-0.11593959615708904,-0.12324286832384486,0.007303272166755817,8.847058779196164,8.586499977111817,8.32594117502747,32.258193525165815,28.673949800147156,NICK
2019-08-08,8.539999961853027,8.720000267028809,8.350000381469727,8.350000381469727,8.350000381469727,2000,8.486000442504883,8.512000179290771,8.561999988555907,8.872999954223634,8.981599969863892,9.834449968338014,38.75228566742077,-0.12322195360895272,-0.12323868538086644,1.673177191371944e-05,8.814633785861922,8.561999988555907,8.309366191249893,23.118402790062238,29.211596613464348,NICK
2019-08-09,8.470000267028809,8.470000267028809,8.220000267028809,8.220000267028809,8.220000267028809,3700,8.42600040435791,8.473000240325927,8.540500020980835,8.856199951171876,8.966399974822998,9.817399969100952,35.30155157568441,-0.13789364503109525,-0.1261696773109122,-0.011723967720183054,8.830014815159142,8.540500020980835,8.250985226802527,12.365671615007082,22.58075597674477,NICK
2019-08-12,8.170000076293945,8.399999618530273,8.149999618530273,8.149999618530273,8.149999618530273,22100,8.35200023651123,8.423000240325928,8.515500020980834,8.837999935150146,8.953499975204467,9.798749966621399,33.568205395996216,-0.15340121972888454,-0.13161598579450667,-0.021785233934377868,8.846285293534303,8.515500020980834,8.184714748427366,1.6129404399519274,12.365671615006805,NICK
2019-08-13,8.119999885559082,8.449999809265137,8.119999885559082,8.359999656677246,8.359999656677246,55500,8.320000076293946,8.38900022506714,8.501999998092652,8.820199928283692,8.942699975967408,9.781499962806702,42.66364307119554,-0.1470507271216519,-0.13470293405993572,-0.012347793061716184,8.835022388399231,8.501999998092652,8.168977607786072,9.75609188771795,7.911567980892044,NICK
2019-08-14,8.119999885559082,8.289999961853027,8.109999656677246,8.149999618530273,8.149999618530273,36800,8.245999908447265,8.366000175476074,8.470499992370605,8.799399929046631,8.937199974060059,9.763499960899352,37.18140272920106,-0.15715161798387278,-0.13919267084472314,-0.01795894713914964,8.811467723875344,8.470499992370605,8.129532260865867,11.362516206185454,7.577182844618167,NICK
2019-08-15,8.069999694824219,8.4399995803833,8.069999694824219,8.180000305175781,8.180000305175781,12600,8.211999893188477,8.349000167846679,8.440500020980835,8.778999938964844,8.930999975204468,9.74614996433258,38.39922198218665,-0.16088130256820676,-0.14353039718941987,-0.01735090537878689,8.772733367530563,8.440500020980835,8.108266674431107,15.57709953266768,12.231902542190085,NICK
2019-08-16,8.149999618530273,8.75,8.149999618530273,8.6899995803833,8.6899995803833,42900,8.305999755859375,8.366000080108643,8.443499994277953,8.77279993057251,8.9303999710083,9.73194996356964,54.53513528705388,-0.12128631209700558,-0.13908158017093702,0.017795268073931447,8.783516091168483,8.443499994277953,8.103483897387424,31.024235093380955,19.32128361074442,NICK
2019-08-19,8.550000190734863,9.0,8.550000190734863,8.75,8.75,50200,8.42599983215332,8.389000034332275,8.461000013351441,8.770599937438964,8.927899971008301,9.717599964141845,55.9955407705115,-0.08409605746100546,-0.1280844756289507,0.04398841816794524,8.825411782697262,8.461000013351441,8.09658824400562,53.79057357191967,33.463969399322494,NICK
2019-08-20,9.0,9.899999618530273,8.770000457763672,9.800000190734863,9.800000190734863,40100,8.713999938964843,8.517000007629395,8.52000002861023,8.776599941253663,8.93669997215271,9.709599967002868,72.58912548753929,0.02976066503278396,-0.09651544749660376,0.12627611252938772,9.207313664128822,8.52000002861023,7.832686393091638,81.08784030072972,55.300882988676506,NICK
2019-08-21,9.699999809265137,9.699999809265137,9.40999984741211,9.40999984741211,9.40999984741211,7700,8.965999984741211,8.605999946594238,8.565500020980835,8.784799938201905,8.94079997062683,9.69829996585846,63.07514833983493,0.08751435851604228,-0.059709486294074555,0.14722384481011683,9.354460711770646,8.565500020980835,7.7765393301910235,80.29263122121343,71.723681697954,NICK
2019-08-22,9.489999771118164,9.600000381469727,9.350000381469727,9.569999694824219,9.569999694824219,27700,9.243999862670899,8.727999877929687,8.62000002861023,8.800199928283691,8.946899967193604,9.687899966239929,65.09631041123863,0.14452918473077503,-0.018861752089104636,0.16339093681987965,9.520510895208872,8.62000002861023,7.719489162011587,83.2422739348816,81.54091515227464,NICK
2019-08-23,9.100000381469727,9.520000457763672,9.0,9.420000076293945,9.420000076293945,31000,9.389999961853027,8.847999858856202,8.660500049591064,8.805799922943116,8.951099967956543,9.67744996547699,61.687262179888705,0.17558608259767183,0.020027814848250655,0.15555826774942116,9.626076989992765,8.660500049591064,7.694923109189364,76.3205957876433,79.9518336479125,NICK
2019-08-26,9.4399995803833,9.5,9.170000076293945,9.279999732971191,9.279999732971191,5000,9.495999908447265,8.960999870300293,8.69200005531311,8.807399921417236,8.949199962615968,9.666349964141846,58.60253470260452,0.1867493104323419,0.0533721139650689,0.13337719646727297,9.694548680629925,8.69200005531311,7.689451429996297,73.95265189218408,77.83850720490271,NICK
2019-08-27,9.199999809265137,9.579999923706055,8.819999694824219,9.069999694824219,9.069999694824219,22700,9.349999809265137,9.031999874114991,8.710500049591065,8.80799991607666,8.9460999584198,9.654349961280822,54.22251634334037,0.17661509204114267,0.07802070958028365,0.09859438246085903,9.726521059832944,8.710500049591065,7.694479039349187,64.84518338862595,71.70614368948416,NICK
2019-08-28,9.100000381469727,9.3100004196167,8.619999885559082,8.930000305175781,8.930000305175781,33500,9.25399990081787,9.109999942779542,8.738000059127808,8.806999931335449,8.940099964141845,9.640549964904785,51.46111112459346,0.15549442726649865,0.09351545311752665,0.061978974148971994,9.746495831140965,8.738000059127808,7.72950428711465,55.91986842420721,64.90590123500546,NICK
2019-08-29,9.0600004196167,9.279999732971191,9.0,9.0,9.0,2000,9.139999961853027,9.191999912261963,8.770500040054321,8.807399940490722,8.935099964141846,9.628549966812134,52.75663663491004,0.14275890285904858,0.10336414306583104,0.039394759793217535,9.768727855213958,8.770500040054321,7.772272224894683,50.819690926127585,57.19491424631997,NICK
2019-08-30,9.15999984741211,9.4399995803833,9.15999984741211,9.25,9.25,700,9.105999946594238,9.247999954223634,8.807000017166137,8.811799945831298,8.930099964141846,9.617549967765807,57.15494237577599,0.15109706575510096,0.11291072760368502,0.038186338151415936,9.819207412818717,8.807000017166137,7.794792621513558,54.09838514616615,53.612648165500026,NICK
2019-09-03,9.579999923706055,9.579999923706055,9.579999923706055,9.579999923706055,9.579999923706055,300,9.16599998474121,9.330999946594238,8.859999990463256,8.818799953460694,8.932199964523315,9.607199969291687,62.16249592049653,0.1822326908182461,0.12677512024659723,0.05545757057164888,9.916579303538462,8.859999990463256,7.80342067738805,65.93808725234467,56.95205444154585,NICK
2019-09-04,9.510000228881836,9.539999961853027,9.489999771118164,9.539999961853027,9.539999961853027,1300,9.260000038146973,9.304999923706054,8.910999965667724,8.831199951171875,8.935199966430664,9.596549968719483,61.22836456301041,0.20135909308949174,0.14169191481517612,0.05966717827431561,9.995119844051075,8.910999965667724,7.826880087284373,75.77415254134274,65.27020831328424,NICK
2019-09-05,9.359999656677246,9.489999771118164,9.270000457763672,9.270000457763672,9.270000457763672,500,9.32800006866455,9.29099998474121,8.948499965667725,8.836599960327149,8.93459997177124,9.58424997329712,55.19865898202727,0.19251105359585274,0.15185574257131146,0.040655311024541285,10.027801155482043,8.948499965667725,7.869198775853407,75.61387063291933,72.44203680886864,NICK
2019-09-06,9.260000228881836,9.260000228881836,9.050000190734863,9.15999984741211,9.15999984741211,1900,9.360000038146973,9.25,8.988999938964843,8.839199962615966,8.931799974441528,9.571899971961976,52.9124388797302,0.17460999329676952,0.15640659271640306,0.018203400580366458,10.035726338997327,8.988999938964843,7.942273538932361,63.171037885054055,71.51968701977177,NICK
2019-09-09,9.199999809265137,9.239999771118164,9.010000228881836,9.149999618530273,9.149999618530273,18500,9.339999961853028,9.222999954223633,9.035499906539917,8.839199962615966,8.930599966049193,9.559899969100952,52.698746357698035,0.1577973495243299,0.15668474407798844,0.0011126054463414525,10.022363245033914,9.035499906539917,8.04863656804592,50.19715487947645,62.994021132483,NICK
2019-09-10,9.149999618530273,9.479999542236328,9.149999618530273,9.479999542236328,9.479999542236328,500,9.319999885559081,9.242999935150147,9.10199990272522,8.840799961090088,8.934999961853027,9.550299968719482,58.63548660364047,0.16915157011763782,0.1591781092859183,0.009973460831719516,10.017916975448877,9.10199990272522,8.186082830001563,55.40700671598617,56.258399826838605,NICK
2019-09-11,9.260000228881836,9.260000228881836,9.260000228881836,9.260000228881836,9.260000228881836,300,9.263999938964844,9.261999988555909,9.146999931335449,8.838399963378906,8.93409996032715,9.539549970626831,53.78865173224594,0.15856987099730624,0.1590564616281959,-0.00048659063088965504,9.998870826127105,9.146999931335449,8.295129036543793,62.11398855902854,55.90605005149677,NICK
2019-09-12,9.039999961853027,9.260000228881836,9.039999961853027,9.09000015258789,9.09000015258789,800,9.227999877929687,9.277999973297119,9.19399995803833,8.839399967193604,8.93319995880127,9.526949973106385,50.32679240814289,0.13491104228416972,0.15422737775939066,-0.019316335475220936,9.914205402034414,9.19399995803833,8.473794514042245,64.6313623680336,60.71745254768249,NICK
2019-09-13,9.170000076293945,9.220000267028809,9.079999923706055,9.220000267028809,9.220000267028809,1400,9.239999961853027,9.3,9.245999956130982,8.842799968719483,8.935499963760376,9.517249975204468,52.827084666453096,0.12520785464626805,0.14842347313676613,-0.02321561849049808,9.79588724127897,9.245999956130982,8.696112670982993,58.92150696375965,61.88895263027365,NICK
2019-09-16,9.029999732971191,9.029999732971191,9.0,9.0,9.0,1100,9.210000038146973,9.275,9.261499977111816,8.840799961090088,8.933499965667725,9.50964997291565,48.38821559884672,0.09862889311973078,0.13846455713335906,-0.039835664013628286,9.76318806335947,9.261499977111816,8.759811890864162,50.347246712555965,57.96670534811613,NICK
2019-09-17,9.0,9.239999771118164,9.0,9.229999542236328,9.229999542236328,2900,9.160000038146972,9.239999961853027,9.285499954223633,8.842799949645997,8.935799961090089,9.502249970436097,52.848848103099485,0.0950284862546038,0.129777342957608,-0.034748856703004205,9.72963839034426,9.285499954223633,8.841361518103007,55.20833643774213,54.82569670468564,NICK
2019-09-18,9.119999885559082,9.239999771118164,9.010000228881836,9.119999885559082,9.119999885559082,3300,9.131999969482422,9.197999954223633,9.251499938964844,8.846199951171876,8.937499961853028,9.494299969673158,50.596591480561294,0.08234980756545518,0.12029183587917744,-0.03794202831372226,9.632512933704955,9.251499938964844,8.870486944224734,41.27153674102917,48.942373297108816,NICK
2019-09-19,9.0,9.239999771118164,9.0,9.239999771118164,9.239999771118164,8400,9.161999893188476,9.194999885559081,9.242999935150147,8.852999954223632,8.937599964141846,9.487849969863891,52.95216248005995,0.08105055094402047,0.11244357889214604,-0.03139302794812557,9.617010507832255,9.242999935150147,8.868989362468039,41.87018095575042,46.11668471150696,NICK
2019-09-20,9.239999771118164,9.399999618530273,9.020000457763672,9.399999618530273,9.399999618530273,5900,9.19799976348877,9.218999862670898,9.23449993133545,8.86419994354248,8.942099962234497,9.482249965667725,55.96685101990981,0.09187248243367385,0.1083293596004516,-0.016456877166777753,9.585411486815646,9.23449993133545,8.883588375855252,43.67812501027701,42.27328090235192,NICK
2019-09-23,9.3100004196167,9.3100004196167,9.109999656677246,9.109999656677246,9.109999656677246,4300,9.219999694824219,9.214999866485595,9.218999910354615,8.87339994430542,8.94319995880127,9.476399965286255,49.7450551818574,0.07617032373861932,0.10189755242808515,-0.025727228689465836,9.56308699248636,9.218999910354615,8.87491282822287,43.57168169972045,43.03999588858235,NICK
2019-09-24,9.1899995803833,9.1899995803833,8.8100004196167,8.979999542236328,8.979999542236328,5300,9.169999694824218,9.164999866485596,9.203999900817871,8.879999942779541,8.939999952316285,9.469299964904785,47.21131843455614,0.052629645275825254,0.09204397099763317,-0.03941432572180792,9.562016602196277,9.203999900817871,8.845983199439466,38.11188786295617,41.7872315243176,NICK
2019-09-25,8.819999694824219,9.239999771118164,8.819999694824219,8.930000305175781,8.930000305175781,1700,9.13199977874756,9.13199987411499,9.19699993133545,8.885999946594238,8.934799957275391,9.4599999666214,46.23589063846038,0.029597782608968615,0.07955473331990026,-0.04995695071093165,9.57036825459814,9.19699993133545,8.823631608072759,21.093552393645673,34.25904065210715,NICK
2019-09-26,9.0,9.210000038146973,9.0,9.0,9.0,2100,9.083999824523925,9.1229998588562,9.20049991607666,8.890399951934814,8.934299955368042,9.452249965667725,47.86008054363965,0.01679960053277796,0.0670037067624758,-0.05020410622969784,9.564998118758911,9.20049991607666,8.83600171339441,23.756177470467225,27.65387257568941,NICK
2019-09-27,8.960000038146973,8.989999771118164,8.960000038146973,8.960000038146973,8.960000038146973,1100,8.995999908447265,9.096999835968017,9.198499917984009,8.89399995803833,8.933899955749512,9.444299964904785,46.98657383795291,0.003390206216627334,0.05428100665330611,-0.050890800436678776,9.567784272887662,9.198499917984009,8.829215563080355,22.88555655984111,22.57842880798439,NICK
2019-09-30,9.0,9.069999694824219,9.0,9.010000228881836,9.010000228881836,1800,8.976000022888183,9.097999858856202,9.1864999294281,8.901599960327149,8.932999954223632,9.436099967956544,48.25783329371183,-0.0031657451259139435,0.0427916562974621,-0.045957401423376044,9.563820629554709,9.1864999294281,8.809179229301492,28.214844775986,24.952192935431167,NICK
2019-10-01,8.899999618530273,9.020000457763672,8.899999618530273,9.0,9.0,1700,8.980000114440918,9.074999904632568,9.157499933242798,8.913599967956543,8.932999954223632,9.427599968910217,48.00986180930411,-0.009063836429008987,0.032420557752167886,-0.04148439418117687,9.496608923487802,9.157499933242798,8.818390942997794,29.49657110010328,26.865657478643186,NICK
2019-10-02,8.989999771118164,9.09000015258789,8.8100004196167,8.8100004196167,8.8100004196167,3800,8.956000137329102,9.04399995803833,9.120999956130982,8.917399978637695,8.9310999584198,9.417249970436096,43.44239815897898,-0.02873821823347633,0.02018880255503904,-0.04892702078851537,9.444350914015768,9.120999956130982,8.797648998246196,22.033893738985252,26.581769871691236,NICK
2019-10-03,8.90999984741211,9.0,8.90999984741211,9.0,9.0,20300,8.956000137329102,9.019999980926514,9.107499933242797,8.927399978637695,8.9310999584198,9.408499970436097,48.69845191037267,-0.028668457186643792,0.010417350606702474,-0.039085807793346264,9.427366792220978,9.107499933242797,8.787633074264617,21.46890828927332,24.33312437612034,NICK
2019-10-04,8.9399995803833,8.9399995803833,8.9399995803833,8.9399995803833,8.9399995803833,200,8.952000045776368,8.973999977111816,9.096499919891357,8.936599979400635,8.933499956130982,9.39994997024536,47.20649294656881,-0.03307345329103839,0.001719189827154301,-0.03479264311819269,9.423441553431168,9.096499919891357,8.769558286351547,18.079049470979776,20.527283833079174,NICK
2019-10-07,8.920000076293945,9.119999885559082,8.819999694824219,8.850000381469727,8.850000381469727,6600,8.920000076293945,8.948000049591064,9.08149995803833,8.941399993896484,8.934999961853027,9.39294997215271,44.98044502240363,-0.043327178889681406,-0.007290083916212841,-0.03603709497346856,9.424385940920025,9.08149995803833,8.738613975156635,20.33893738984946,19.962298383367244,NICK
2019-10-08,8.880000114440918,8.880000114440918,8.550000190734863,8.800000190734863,8.800000190734863,13400,8.880000114440918,8.930000114440919,9.047499990463256,8.944400005340576,8.935499963760376,9.386199975013733,43.74622923377242,-0.054855586766162645,-0.016803184486202803,-0.038052402279959846,9.359004157616175,9.047499990463256,8.735995823310338,19.408411413667125,19.275466091498515,NICK
2019-10-09,8.75,8.850000381469727,8.470000267028809,8.84000015258789,8.84000015258789,3100,8.886000061035157,8.921000099182129,9.02649998664856,8.94720001220703,8.936399965286254,9.378899974822998,45.045335010912254,-0.06007180011967428,-0.0254569076128971,-0.034614892506777184,9.334478576473833,9.02649998664856,8.718521396823286,25.325469978506106,21.69093959400729,NICK
2019-10-10,8.609999656677246,8.880000114440918,8.609999656677246,8.670000076293945,8.670000076293945,1000,8.820000076293946,8.888000106811523,9.005499982833863,8.953000011444091,8.935499963760376,9.371799974441528,40.7392721712807,-0.07703525769223063,-0.035772577628763805,-0.041262680063466825,9.34857256138187,9.005499982833863,8.662427404285856,31.00208098561768,25.245320792596697,NICK
2019-10-11,8.8100004196167,8.8100004196167,8.75,8.75,8.75,700,8.782000160217285,8.867000102996826,8.981999969482422,8.961000003814696,8.934999961853027,9.364799976348877,43.47754489029005,-0.08306606093415247,-0.04523127428984154,-0.03783478664431093,9.327461639575112,8.981999969482422,8.63653829938973,33.31936118522756,29.88230404978351,NICK
2019-10-14,8.529999732971191,8.529999732971191,8.529999732971191,8.529999732971191,8.529999732971191,400,8.718000030517578,8.819000053405762,8.958499956130982,8.961199989318848,8.932199954986572,9.35714997291565,38.244048835333615,-0.10439430630338009,-0.05706388069254925,-0.04733042561083084,9.355905046101716,8.958499956130982,8.561094866160248,22.655088444887692,28.992176871910704,NICK
2019-10-15,8.550000190734863,8.550000190734863,8.550000190734863,8.550000190734863,8.550000190734863,500,8.668000030517579,8.774000072479248,8.924499988555908,8.961799983978272,8.931699953079224,9.347399973869324,38.96336346571383,-0.1183193132376843,-0.06931496720157626,-0.04900434603610804,9.339155051190957,8.924499988555908,8.50984492592086,18.322190800438907,24.765546810184446,NICK
2019-10-16,8.369999885559082,8.670000076293945,8.369999885559082,8.579999923706055,8.579999923706055,58700,8.615999984741212,8.751000022888183,8.897499990463256,8.96299997329712,8.930999956130982,9.338299975395202,40.090554473084794,-0.12548770962170153,-0.08054951568560131,-0.04493819393610021,9.327749730000178,8.897499990463256,8.467250250926334,15.534317461129222,18.837198902151666,NICK
2019-10-17,8.550000190734863,9.0600004196167,8.550000190734863,9.050000190734863,9.050000190734863,10200,8.692000007629394,8.75600004196167,8.888000011444092,8.973599967956543,8.93059995651245,9.330599975585937,54.32275920809958,-0.09218101643170407,-0.08287581583482187,-0.009305200596882196,9.295362113550938,8.888000011444092,8.480637909337245,43.159172095877445,25.671893452481584,NICK
2019-10-18,9.020000457763672,9.25,9.020000457763672,9.25,9.25,2600,8.792000007629394,8.78700008392334,8.880500030517577,8.991599960327148,8.93229995727539,9.323899974822998,58.80725644553058,-0.0490811322368323,-0.07611687911522395,0.02703574687839165,9.253995629138242,8.880500030517577,8.507004431896913,72.8889041476783,43.86079790156138,NICK
2019-10-21,9.0,9.25,8.949999809265137,9.25,9.25,6700,8.936000061035156,8.827000045776368,8.887500047683716,9.012199954986572,8.934199953079224,9.318099975585938,58.807256445530584,-0.014754087557239615,-0.06384432080362709,0.04909023324638748,9.282563322407736,8.887500047683716,8.492436772959696,96.8889024522573,70.97899289860408,NICK
2019-10-22,9.109999656677246,9.109999656677246,8.880000114440918,8.880000114440918,8.880000114440918,4400,9.002000045776366,8.835000038146973,8.882500076293946,9.026799964904786,8.932399950027467,9.310449976921081,48.57506485964786,-0.017207201969027253,-0.054516897036707125,0.03730969506767987,9.275278653460854,8.882500076293946,8.489721499127038,85.98485464235266,85.25422041409581,NICK
2019-10-23,8.789999961853027,8.789999961853027,8.789999961853027,8.789999961853027,8.789999961853027,300,9.044000053405762,8.830000019073486,8.875500059127807,9.035399971008301,8.927799949645996,9.302849974632263,46.45757835072871,-0.026112563586766058,-0.04883603034671891,0.022723466759952855,9.269630760298876,8.875500059127807,8.481369357956739,68.56061303911075,83.81145671123996,NICK
2019-10-24,8.569999694824219,8.729999542236328,8.5600004196167,8.609999656677246,8.609999656677246,7100,8.955999946594238,8.823999977111816,8.85600004196167,9.044599971771241,8.921999950408935,9.294349970817565,42.47004219132198,-0.0471511183886264,-0.04849904795510041,0.0013479295664740112,9.26197547547032,8.85600004196167,8.450024608453019,44.318178944680376,66.28788220871432,NICK
2019-10-25,8.600000381469727,8.670000076293945,8.529999732971191,8.649999618530273,8.649999618530273,5000,8.835999870300293,8.813999938964844,8.840500020980835,9.05399995803833,8.916499948501587,9.285799970626831,43.62797333302332,-0.059906101764902076,-0.050780458717060745,-0.00912564304784133,9.253027698913218,8.840500020980835,8.427972343048452,35.6060400810482,49.49494402161283,NICK
2019-10-28,8.510000228881836,8.619999885559082,8.510000228881836,8.619999885559082,8.619999885559082,2100,8.70999984741211,8.822999954223633,8.821000003814698,9.052599964141846,8.912699947357178,9.276199970245361,42.93007395621311,-0.07160977283216496,-0.05494632154008159,-0.016663451292083374,9.236494986011666,8.821000003814698,8.40550502161773,29.16664408915298,36.36362103829357,NICK
2019-10-29,8.59000015258789,8.760000228881836,8.579999923706055,8.579999923706055,8.579999923706055,3600,8.649999809265136,8.825999927520751,8.8,9.049199962615967,8.909899950027466,9.265599970817567,41.9661261381336,-0.08315413005168892,-0.06058788324240306,-0.022566246809285866,9.21961897905791,8.8,8.38038102094209,28.03029071529572,30.93432496183202,NICK
2019-10-30,8.579999923706055,8.579999923706055,8.579999923706055,8.579999923706055,8.579999923706055,100,8.607999801635742,8.825999927520751,8.788499975204468,9.024799957275391,8.900699949264526,9.254699969291687,41.96612613813361,-0.09125122895528648,-0.06672055238497974,-0.024530676570306734,9.21886155613358,8.788499975204468,8.358138394275356,25.378787468287964,27.525240757578604,NICK
2019-10-31,8.460000038146973,8.460000038146973,8.460000038146973,8.460000038146973,8.460000038146973,300,8.577999877929688,8.766999912261962,8.761499977111816,9.005799961090087,8.895299949645995,9.242249970436097,38.925151351374296,-0.1061278502610481,-0.07460201196019342,-0.031525838300854675,9.203009977432838,8.761499977111816,8.319989976790794,19.318187975685984,24.24242205308961,NICK
2019-11-01,8.520000457763672,8.600000381469727,8.520000457763672,8.600000381469727,8.600000381469727,400,8.568000030517577,8.701999950408936,8.744500017166137,8.986399974822998,8.893299951553345,9.23174997329712,44.02159697049314,-0.10540577004738161,-0.08076276357763106,-0.024643006469750553,9.183383928964883,8.744500017166137,8.305616105367392,20.075780974272448,21.59091880608185,NICK
2019-11-04,8.539999961853027,8.670000076293945,8.539999961853027,8.670000076293945,8.670000076293945,1700,8.57800006866455,8.64399995803833,8.735500001907349,8.971399974822997,8.888599948883057,9.221149973869323,46.42866939656579,-0.09805481109004255,-0.08422117308011336,-0.013833638009929192,9.172740290308909,8.735500001907349,8.29825971350579,23.48487721986667,20.95961538994142,NICK
2019-11-05,8.670000076293945,8.670000076293945,8.670000076293945,8.670000076293945,8.670000076293945,200,8.59600009918213,8.622999954223634,8.728999996185303,8.959199981689453,8.883299951553346,9.210549974441529,46.42866939656578,-0.09117807901702868,-0.08561255426749642,-0.005565524749532258,9.16607672020893,8.728999996185303,8.291923272161677,28.93654250538255,24.16573356650694,NICK
2019-11-06,8.59000015258789,8.59000015258789,8.59000015258789,8.59000015258789,8.59000015258789,400,8.598000144958496,8.60299997329712,8.716499996185302,8.949599990844726,8.878799953460693,9.199499974250793,43.92518414605361,-0.09113301983646416,-0.08671664738128997,-0.004416372455174192,9.154462377038975,8.716499996185302,8.27853761533163,25.70964080285897,26.043686842702446,NICK
2019-11-07,8.970000267028809,8.970000267028809,8.5600004196167,8.5600004196167,8.5600004196167,4200,8.61800022125244,8.598000049591064,8.711000013351441,8.942199993133546,8.874599962234496,9.189099974632263,42.98906885841065,-0.09245230521877978,-0.08786377894878793,-0.004588526269991858,9.153895060491854,8.711000013351441,8.268104966211029,18.56542427443321,24.403869194224626,NICK
2019-11-08,8.510000228881836,8.829999923706055,8.510000228881836,8.829999923706055,8.829999923706055,3200,8.664000129699707,8.616000080108643,8.715000009536743,8.938799991607667,8.873099966049194,9.18004997253418,52.74919106904926,-0.07089392386481919,-0.08446980793199418,0.013575884067174998,9.160668068572605,8.715000009536743,8.26933195050088,28.679026984525578,24.3180306872723,NICK
2019-11-11,8.829999923706055,8.829999923706055,8.829999923706055,8.829999923706055,8.829999923706055,0,8.696000099182129,8.63700008392334,8.730000019073486,8.930399990081787,8.871099967956543,9.170999970436096,52.74919106904925,-0.053195546178784525,-0.07821495558135225,0.02501940940256772,9.169909092958374,8.730000019073486,8.290090945188599,47.376778026533316,31.540409761830418,NICK
2019-11-12,8.65999984741211,8.65999984741211,8.65999984741211,8.65999984741211,8.65999984741211,1400,8.694000053405762,8.645000076293945,8.735500001907349,8.911999988555909,8.865399971008301,9.161299967765808,46.88765849059432,-0.05228433845187652,-0.07302883215545711,0.020744493703580585,9.168973197396665,8.735500001907349,8.302026806418032,56.22922953632437,44.095011515794134,NICK
2019-11-13,8.65999984741211,9.109999656677246,8.65999984741211,9.0600004196167,9.0600004196167,35600,8.788000106811523,8.69300012588501,8.75950002670288,8.902399997711182,8.866799974441529,9.153999967575073,58.55692441399162,-0.01906571879251473,-0.062236209482868635,0.043170490690353905,9.20874278491006,8.75950002670288,8.310257268495702,68.02413368466335,57.21004708250672,NICK
2019-11-14,9.199999809265137,9.289999961853027,9.199999809265137,9.270000457763672,9.270000457763672,5400,8.930000114440919,8.77400016784668,8.770500040054321,8.902399997711182,8.869499979019166,9.147849969863891,63.136151731998936,0.023929678214919647,-0.04500303194331098,0.06893271015823063,9.256894040416986,8.770500040054321,8.284106039691656,76.37128580573504,66.8748830089073,NICK
2019-11-15,9.300000190734863,9.449999809265137,9.300000190734863,9.449999809265137,9.449999809265137,21500,9.054000091552734,8.859000110626221,8.780500030517578,8.908199996948243,8.873699979782105,9.140499968528747,66.54806312297362,0.0717017503124282,-0.02166207549216314,0.09336382580459135,9.312044073194851,8.780500030517578,8.248955987840304,96.63274204706313,80.34272051248689,NICK
2019-11-18,9.449999809265137,9.449999809265137,9.449999809265137,9.449999809265137,9.449999809265137,0,9.17800006866455,8.93700008392334,8.790500020980835,8.91420000076294,8.876699981689454,9.134249968528747,66.5480631229736,0.10831289796361077,0.004332919198991644,0.10397997876461912,9.36295003325127,8.790500020980835,8.2180500087104,99.19680699085501,90.73361161455078,NICK
2019-11-19,9.4399995803833,9.600000381469727,9.300000190734863,9.600000381469727,9.600000381469727,3600,9.366000175476074,9.030000114440918,8.826500034332275,8.916600017547607,8.878699989318848,9.128749971389771,69.29470298515396,0.1477283681458026,0.03301200898835384,0.11471635915744875,9.498788012868008,8.826500034332275,8.154212055796542,100.00000000000033,98.60984967930587,NICK
2019-11-20,9.199999809265137,9.600000381469727,9.199999809265137,9.260000228881836,9.260000228881836,5400,9.406000137329102,9.097000122070312,8.850000047683716,8.916600017547607,8.877499990463257,9.122049970626831,57.72515398528053,0.1498034010661975,0.05637028740392257,0.09343311366227493,9.547911328757618,8.850000047683716,8.152088766609815,89.60244327242684,96.26641675442711,NICK
2019-11-21,9.229999542236328,9.229999542236328,9.180000305175781,9.180000305175781,9.180000305175781,300,9.388000106811523,9.15900011062622,8.878500080108642,8.918400020599366,8.878899993896484,9.114099969863892,55.38210693201023,0.14334021754789106,0.07376427343271627,0.06957594411517479,9.581416252429147,8.878500080108642,8.175583907788138,76.75840604005347,88.7869497708266,NICK
2019-11-22,9.1899995803833,9.34000015258789,9.149999618530273,9.149999618530273,9.149999618530273,900,9.32800006866455,9.191000080108642,8.903500080108643,8.917000007629394,8.879899988174438,9.106599969863892,54.488903700516175,0.13424974585615246,0.08586136791740351,0.04838837793874895,9.60769540315049,8.903500080108643,8.199304757066795,62.99691674511909,76.45258868586617,NICK
2019-11-25,8.949999809265137,9.0,8.829999923706055,8.829999923706055,8.829999923706055,3600,9.204000091552734,9.191000080108642,8.914000082015992,8.913600006103515,8.877199983596801,9.097999968528747,45.97207402876159,0.10007062860905691,0.0887032200557342,0.011367408553322716,9.607149442089291,8.914000082015992,8.220850721942693,49.84706215855872,63.20079498124347,NICK
2019-11-26,8.710000038146973,9.029999732971191,8.65999984741211,9.0,9.0,10500,9.08400001525879,9.225000095367431,8.935000085830689,8.909000015258789,8.875899982452392,9.090249967575073,50.40688876506964,0.08571297156872326,0.08810517035833201,-0.0023921987896087515,9.611653624030007,8.935000085830689,8.25834654763137,44.342466440584964,52.395481781420635,NICK
2019-11-27,9.050000190734863,9.050000190734863,9.050000190734863,9.050000190734863,9.050000190734863,700,9.042000007629394,9.224000072479248,8.958500099182128,8.907600021362304,8.87689998626709,9.082749967575074,51.66360907642095,0.07747592817330862,0.08597932192132733,-0.008503393748018714,9.616596589107122,8.958500099182128,8.300403609257135,41.28438039175918,45.157969663634,NICK
2019-11-29,8.930000305175781,8.930000305175781,8.930000305175781,8.930000305175781,8.930000305175781,300,8.992000007629395,9.190000057220459,8.98200011253357,8.901400032043457,8.877199993133544,9.076599969863892,48.48787392908522,0.06056684714172356,0.08089682696540658,-0.020329979823683023,9.599530656735793,8.98200011253357,8.364469568331346,41.07293725071469,42.23326136101932,NICK
2019-12-02,9.0,9.0600004196167,9.0,9.0600004196167,9.0600004196167,3300,8.974000167846679,9.151000118255615,9.005000114440918,8.894600048065186,8.879399995803833,9.07129997253418,51.934843732277024,0.056999150651959596,0.07611729170271718,-0.019118141050757584,9.597672050123876,9.005000114440918,8.41232817875796,40.27264626297079,40.876654635147936,NICK
2019-12-03,8.850000381469727,9.100000381469727,8.850000381469727,9.050000190734863,9.050000190734863,1100,9.018000221252441,9.111000156402588,9.024000120162963,8.893400058746337,8.883400001525878,9.065749974250794,51.64853348810258,0.052756644822943954,0.07144516232676254,-0.018688517503818586,9.596517385176098,9.024000120162963,8.451482855149829,37.588679824659614,39.644754446114746,NICK
2019-12-04,9.069999694824219,9.069999694824219,9.0,9.0,9.0,1700,9.018000221252441,9.051000118255615,9.040500116348266,8.893800067901612,8.886900005340577,9.059599976539612,50.159589248478866,0.044842909715118395,0.06612471180443372,-0.02128180208931532,9.589807875426308,9.040500116348266,8.491192357270224,40.07093709608396,39.31075439457117,NICK
2019-12-05,8.829999923706055,8.829999923706055,8.829999923706055,8.829999923706055,8.829999923706055,100,8.974000167846679,9.008000087738036,9.052500104904174,8.891800060272217,8.888900003433228,9.052749977111816,45.370467954878144,0.024570399943769416,0.057813849432300855,-0.03324344948853144,9.571571427588044,9.052500104904174,8.533428782220305,31.91489577563131,36.52483756545801,NICK
2019-12-06,9.010000228881836,9.170000076293945,8.899999618530273,9.0,9.0,2000,8.988000106811523,8.99000005722046,9.07450008392334,8.891800060272217,8.891100006103516,9.04759997844696,50.46387706668233,0.021968634557257616,0.050644806457292205,-0.02867617190003459,9.543050087580092,9.07450008392334,8.605950080266588,30.141840373948654,34.04255774855435,NICK
2019-12-09,9.140000343322754,9.140000343322754,8.850000381469727,8.850000381469727,8.850000381469727,500,8.946000099182129,8.960000133514404,9.075500106811523,8.889600067138671,8.8918000125885,9.040799980163575,46.3569094658548,0.007714078037691863,0.042058660773372135,-0.03434458273568027,9.542039562114931,9.075500106811523,8.608960651508115,24.82270798711963,28.95981471223291,NICK
2019-12-10,8.899999618530273,9.079999923706055,8.670000076293945,8.670000076293945,8.670000076293945,1300,8.870000076293945,8.944000148773194,9.067500114440918,8.882800064086915,8.89220001220703,9.033999981880187,41.945348913619654,-0.01790093022428252,0.030066742573841204,-0.04796767279812372,9.55559339529205,9.067500114440918,8.579406833589786,19.14895775631029,24.704502039125902,NICK
2019-12-11,9.039999961853027,9.09000015258789,8.859999656677246,9.0,9.0,2800,8.870000076293945,8.944000148773194,9.084500122070313,8.882800064086915,8.898200016021729,9.026699981689454,51.12791244253649,-0.011440889447575486,0.021765216169557865,-0.03320610561713335,9.537025269811908,9.084500122070313,8.631974974328719,23.75888827339762,22.576851338942223,NICK
2019-12-12,9.0,9.0,9.0,9.0,9.0,1900,8.904000091552735,8.939000129699707,9.081500101089478,8.88660005569458,8.902000017166138,9.019399981498719,51.12791244253649,-0.006249223432234885,0.016162328249199314,-0.0224115516814342,9.535428527030108,9.081500101089478,8.627571675148848,33.68795117731398,25.531932402340342,NICK
2019-12-13,9.0,9.09000015258789,9.0,9.09000015258789,9.09000015258789,2200,8.922000122070312,8.955000114440917,9.072500085830688,8.888400058746338,8.907900018692017,9.012549982070922,53.456459973879554,0.005069036739868693,0.01394366994733319,-0.008874633207464497,9.518184938680971,9.072500085830688,8.626815232980405,61.4379158298649,39.62825176019188,NICK
2019-12-16,8.9399995803833,9.09000015258789,8.9399995803833,9.09000015258789,9.09000015258789,2600,8.970000076293946,8.958000087738037,9.054500102996826,8.89140007019043,8.914000024795532,9.007249984741211,53.45645997387955,0.013878852695334842,0.01393070649693352,-5.1853801598677335e-05,9.465473377992664,9.054500102996826,8.643526828000988,72.87583165972949,56.000566222302496,NICK
2019-12-17,9.0,9.09000015258789,9.0,9.09000015258789,9.09000015258789,5100,9.054000091552734,8.96200008392334,9.036500120162964,8.896200065612794,8.918800029754639,9.0019499874115,53.45645997387955,0.020622966589842306,0.015269158515515278,0.005353808074327029,9.406055369625376,9.036500120162964,8.666944870700553,84.20917007932583,72.84097252297312,NICK
2019-12-18,9.039999961853027,9.039999961853027,9.039999961853027,9.039999961853027,9.039999961853027,900,9.06200008392334,8.966000080108643,9.008500099182129,8.901000061035155,8.922700033187866,8.997149987220764,51.74573100694124,0.02168317774099293,0.01655196236061081,0.005131215380382123,9.272944835536155,9.008500099182129,8.744055362828103,80.77124662006672,79.28541611970707,NICK
2019-12-19,9.039999961853027,9.039999961853027,9.010000228881836,9.010000228881836,9.010000228881836,2000,9.064000129699707,8.984000110626221,8.99600009918213,8.904400062561034,8.925800037384032,8.993399987220764,50.697403118849095,0.019873584670932587,0.017216286822675165,0.002657297848257422,9.234025319726857,8.99600009918213,8.757974878637402,75.33334096272819,80.10458588737329,NICK
2019-12-20,8.989999771118164,9.029999732971191,8.979999542236328,9.029999732971191,9.029999732971191,21200,9.052000045776367,8.98700008392334,8.988500070571899,8.91160005569458,8.932300033569335,8.99029998779297,51.40422124785391,0.019824734760822693,0.01773797641030467,0.002086758350518022,9.211862967574115,8.988500070571899,8.765137173569682,71.33331298828158,75.81263352369189,NICK
2019-12-23,9.0,9.0,8.949999809265137,8.949999809265137,8.949999809265137,1300,9.023999977111817,8.997000026702882,8.978500080108642,8.915600051879883,8.93830002784729,8.98774998664856,48.41425576763763,0.013178778840332583,0.016826136896310254,-0.0036473580559776703,9.189618572302331,8.978500080108642,8.767381587914953,65.33330281575553,70.66665225558815,NICK
2019-12-24,8.949999809265137,8.949999809265137,8.949999809265137,8.949999809265137,8.949999809265137,0,8.995999908447265,9.025,8.984500074386597,8.924000053405761,8.942600021362304,8.984999985694886,48.41425576763763,0.007821647804730603,0.015025239077994324,-0.007203591273263721,9.18494710434228,8.984500074386597,8.784053044430914,61.33327484130891,65.99996354844839,NICK
2019-12-26,8.84000015258789,8.84000015258789,8.84000015258789,8.84000015258789,8.84000015258789,5500,8.955999946594238,9.009000015258788,8.976500082015992,8.929800052642822,8.945800018310546,8.981649985313416,44.30475684297296,-0.005239571605446969,0.010972276941306066,-0.016211848546753033,9.186383402571572,8.976500082015992,8.766616761460412,48.666636149088866,58.44440460205082,NICK
2019-12-27,8.800000190734863,8.819999694824219,8.550000190734863,8.550000190734863,8.550000190734863,27200,8.863999938964843,8.964000034332276,8.951500082015992,8.9292000579834,8.946100015640258,8.97684998512268,35.7010134334908,-0.038546910589099426,0.0010684394352249663,-0.03961535002432439,9.228720186813167,8.951500082015992,8.674279977218816,29.99998728434277,46.66663275824657,NICK
2019-12-30,8.5,8.789999961853027,8.390000343322754,8.390000343322754,8.390000343322754,24400,8.736000061035156,8.894000053405762,8.92450008392334,8.916000061035156,8.944800014495849,8.970149989128112,32.007839480066544,-0.07696664365373529,-0.014538577182567087,-0.062428066471168206,9.294498638171103,8.92450008392334,8.554501529675576,11.333338419596677,29.99998728434249,NICK
2019-12-31,8.5,8.529999732971191,8.239999771118164,8.239999771118164,8.239999771118164,11700,8.594000053405761,8.809000015258789,8.883500051498412,8.895800056457519,8.943700008392334,8.962649989128114,28.98099225663063,-0.11815631898105217,-0.0352621255422641,-0.08289419343878807,9.352766486438679,8.883500051498412,8.414233616558146,3.221127068779121e-13,13.777775234646308,NICK
2020-01-02,8.430000305175781,8.479999542236328,8.390000343322754,8.460000038146973,8.460000038146973,4400,8.49600009918213,8.746000003814697,8.854000043869018,8.880000057220458,8.946100006103515,8.956249990463256,38.210227436743864,-0.1315310425203151,-0.05451590893787431,-0.0770151335824408,9.351047303342002,8.854000043869018,8.356952784396034,8.627457580211777,6.653598666602645,NICK
2020-01-03,8.260000228881836,8.260000228881836,8.260000228881836,8.260000228881836,8.260000228881836,500,8.380000114440918,8.668000030517579,8.81700005531311,8.867600059509277,8.94720001220703,8.95034999370575,33.897519140759684,-0.15646528600361975,-0.0749057843510234,-0.08155950165259636,9.371872959805573,8.81700005531311,8.262127150820648,9.411788905220098,6.013082161810452,NICK
2020-01-06,8.399999618530273,8.40999984741211,8.399999618530273,8.40999984741211,8.40999984741211,2400,8.352000045776368,8.607999992370605,8.796000051498414,8.860000057220459,8.94770001411438,8.945199995040893,39.42012548380588,-0.16225180023452168,-0.09237498752772305,-0.06987681270679863,9.378422556240142,8.796000051498414,8.213577546756685,16.078455571886764,11.372567352439267,NICK
2020-01-07,8.539999961853027,8.539999961853027,8.539999961853027,8.539999961853027,8.539999961853027,600,8.381999969482422,8.559000015258789,8.773000049591065,8.858600063323975,8.951600017547607,8.944399995803833,43.80223882377386,-0.1545659911411157,-0.10481318825040158,-0.04975280289071411,9.357708512896215,8.773000049591065,8.188291586285915,19.21570607396802,14.90198351702468,NICK
2020-01-08,8.260000228881836,8.529999732971191,8.260000228881836,8.529999732971191,8.529999732971191,7100,8.439999961853028,8.517000007629395,8.757000017166138,8.856200065612793,8.95510001182556,8.943049993515015,43.541318623764816,-0.1475806490996341,-0.11336668042024808,-0.034213968679386,9.349860880660971,8.757000017166138,8.164139153671305,30.514703611945738,21.93628841926656,NICK
2020-01-09,8.300000190734863,8.3100004196167,8.119999885559082,8.3100004196167,8.3100004196167,28500,8.410000038146972,8.45300006866455,8.739000034332275,8.850000076293945,8.951300020217895,8.940849995613098,38.1564466048071,-0.15797577478658553,-0.12228849929351557,-0.035687275493069964,9.36240675232252,8.739000034332275,8.115593316342029,30.732113695323125,26.82084112707868,NICK
2020-01-10,8.199999809265137,8.220000267028809,8.119999885559082,8.210000038146973,8.210000038146973,2800,8.4,8.390000057220458,8.699500036239623,8.842600078582764,8.945900020599366,8.936899995803833,35.97833615484849,-0.1722970487065787,-0.1322902091761282,-0.040006839530450505,9.351220021674466,8.699500036239623,8.04778005080478,22.264115051822685,27.836977453030233,NICK
2020-01-13,8.300000190734863,8.300000190734863,8.300000190734863,8.300000190734863,8.300000190734863,700,8.378000068664551,8.36500005722046,8.664500045776368,8.83700008392334,8.930900020599365,8.933799996376038,39.33477003260856,-0.17437442152911586,-0.14070705164672573,-0.033667369882390136,9.32305826017585,8.664500045776368,8.005941831376886,16.998978680025093,23.331735809056685,NICK
2020-01-14,8.210000038146973,8.210000038146973,8.210000038146973,8.210000038146973,8.210000038146973,600,8.31200008392334,8.347000026702881,8.62050004005432,8.83200008392334,8.918900022506714,8.929849996566773,37.23263964791519,-0.18119431928564822,-0.14880450517451022,-0.032389814111138004,9.27705080195068,8.62050004005432,7.963949278157963,13.729366221577136,17.664153317808026,NICK
2020-01-15,8.4399995803833,8.4399995803833,8.239999771118164,8.239999771118164,8.239999771118164,1700,8.254000091552735,8.347000026702881,8.578000020980834,8.824800071716309,8.905600023269653,8.926249995231629,38.41411068055198,-0.18207951040447945,-0.15545950622050406,-0.026620004183975393,9.217299572255493,8.578000020980834,7.938700469706175,15.988204979745035,15.57218329378214,NICK
2020-01-16,8.420000076293945,8.5,8.399999618530273,8.399999618530273,8.399999618530273,2100,8.271999931335449,8.340999984741211,8.543499994277955,8.819400062561035,8.895400018692017,8.92324999332428,44.422712471109335,-0.16793453544300263,-0.15795451206500377,-0.009980023377998859,9.141706405637155,8.543499994277955,7.9452935829187545,22.50333673927491,17.40696931353208,NICK
2020-01-17,8.449999809265137,8.460000038146973,8.399999618530273,8.40999984741211,8.40999984741211,20900,8.311999893188476,8.355999946594238,8.511999988555909,8.814200057983399,8.886700019836425,8.917949991226196,44.785307560425885,-0.1541407671670214,-0.1571917630854073,0.003050995918385896,9.06710711644344,8.511999988555909,7.956892860668377,33.31672960341428,23.936090440811128,NICK
2020-01-21,8.420000076293945,8.510000228881836,8.420000076293945,8.4399995803833,8.4399995803833,8000,8.339999771118164,8.358999919891357,8.48349995613098,8.811200046539307,8.880400018692017,8.913249988555908,45.92506570366485,-0.13918395272897044,-0.15359020101411994,0.014406248285149498,8.989791255603155,8.48349995613098,7.977208656658807,53.15797796959416,36.326014770760835,NICK
2020-01-22,8.510000228881836,9.020000457763672,8.510000228881836,8.760000228881836,8.760000228881836,10800,8.449999809265137,8.380999946594239,8.469999980926513,8.815200042724609,8.878700017929077,8.909399991035462,56.28981580990734,-0.10035239164823295,-0.14294263914094255,0.04259024749270959,8.929521429335793,8.469999980926513,8.010478532517233,63.52835506782964,50.00102088027908,NICK
2020-01-23,8.760000228881836,8.760000228881836,8.760000228881836,8.760000228881836,8.760000228881836,400,8.553999900817871,8.403999996185302,8.460500001907349,8.813800048828124,8.876300020217895,8.905699992179871,56.28981580990733,-0.06878518690807489,-0.12811114869436901,0.059325961786294124,8.88657396833153,8.460500001907349,8.034426035483166,72.80419926104797,63.16351076615698,NICK
2020-01-24,8.760000228881836,8.760000228881836,8.760000228881836,8.760000228881836,8.760000228881836,0,8.626000022888183,8.448999977111816,8.451000022888184,8.81240005493164,8.871400022506714,8.900749993324279,56.28981580990733,-0.04326916966825678,-0.11114275288914657,0.0678735832208898,8.839839438804058,8.451000022888184,8.062160606972311,71.11110404686173,69.14788612524617,NICK
2020-01-27,8.75,8.880000114440918,8.609999656677246,8.609999656677246,8.609999656677246,1900,8.66599998474121,8.488999938964843,8.439499998092652,8.811400051116943,8.861700019836427,8.89694999217987,50.61045824308677,-0.03475074973123604,-0.09586435225756447,0.06111360252632843,8.793701982299922,8.439499998092652,8.085298013885382,65.55553083068192,69.82361137953028,NICK
2020-01-28,7.820000171661377,8.3100004196167,7.820000171661377,8.3100004196167,8.3100004196167,500,8.640000152587891,8.489999961853027,8.427500009536743,8.796400051116944,8.849400024414063,8.892299995422363,41.57562588751974,-0.05161231712750336,-0.08701394523155224,0.035401628104048885,8.782175941008441,8.427500009536743,8.072824078065045,55.46294423534443,64.04319303762908,NICK
2020-01-29,8.380000114440918,8.619999885559082,8.380000114440918,8.600000381469727,8.600000381469727,1400,8.608000183105469,8.528999996185302,8.438000011444093,8.783000049591065,8.842700023651123,8.888649997711182,50.731710323904345,-0.04110087220892211,-0.07783133062702621,0.0367304584181041,8.799972450830392,8.438000011444093,8.076027572057793,53.425910215330966,58.14812842711883,NICK
2020-01-30,8.680000305175781,8.680000305175781,8.680000305175781,8.680000305175781,8.680000305175781,500,8.592000198364257,8.573000049591064,8.460000038146973,8.767600059509277,8.83790002822876,8.884850001335144,52.92348710410467,-0.026015263362156205,-0.06746811717405221,0.04145285381189601,8.824636914470485,8.460000038146973,8.09536316182346,59.166668984624856,56.018507811766476,NICK
2020-01-31,8.5,8.5,8.449999809265137,8.5,8.5,24600,8.54000015258789,8.583000087738037,8.462000036239624,8.748600063323975,8.831400032043456,8.880999999046326,47.77373435870127,-0.02825858261746461,-0.059626210262734694,0.03136762764527008,8.827053526834,8.462000036239624,8.096946545645249,64.444433848066,59.01233768267366,NICK
2020-02-03,8.5,8.539999961853027,8.369999885559082,8.369999885559082,8.369999885559082,5000,8.492000198364257,8.579000091552734,8.467500019073487,8.724000053405762,8.820300035476684,8.877649998664856,44.41250339111539,-0.04006451329861882,-0.055713870869911516,0.015649357571292696,8.82341443696206,8.467500019073487,8.111585601184913,58.05553270711416,60.55554517993473,NICK
2020-02-04,8.4399995803833,8.550000190734863,8.4399995803833,8.5,8.5,3400,8.530000114440918,8.585000133514404,8.472000026702881,8.708800048828126,8.812700033187866,8.873399996757508,48.32768379495721,-0.03848721893901086,-0.052268540483731384,0.013781321544720525,8.827167689068343,8.472000026702881,8.11683236433742,53.055525422103756,58.518497325761025,NICK
2020-02-05,8.5,8.59000015258789,8.380000114440918,8.380000114440918,8.380000114440918,12800,8.486000061035156,8.547000122070312,8.464000034332276,8.692800045013428,8.805600032806396,8.869399995803834,45.16539005608834,-0.046385486662673614,-0.05109192971951983,0.004706443056846213,8.819887751756735,8.464000034332276,8.108112316907818,49.72219606241246,53.61108473054318,NICK
2020-02-06,8.399999618530273,8.529999732971191,8.15999984741211,8.15999984741211,8.15999984741211,158200,8.381999969482422,8.48700008392334,8.445500040054322,8.673000049591064,8.795000028610229,8.865249996185304,39.997996655662845,-0.06959485747225713,-0.05479251527006729,-0.014802342202189844,8.823520011677331,8.445500040054322,8.067480068431312,43.88886306021596,48.888861514910445,NICK
2020-02-07,8.130000114440918,8.270000457763672,8.130000114440918,8.140000343322754,8.140000343322754,1900,8.310000038146972,8.425000095367432,8.437000036239624,8.659200057983398,8.786400032043456,8.85994999885559,39.554952178501715,-0.0885811356980355,-0.06155023935566093,-0.027030896342374565,8.83399384248769,8.437000036239624,8.040006229991558,33.888874981142074,42.49997803458988,NICK
2020-02-10,8.260000228881836,8.260000228881836,8.260000228881836,8.260000228881836,8.260000228881836,400,8.288000106811523,8.390000152587891,8.439500045776366,8.644400062561035,8.776700038909912,8.85625,43.59227919368692,-0.0928743128309204,-0.06781505405071282,-0.02505925878020758,8.831340662025863,8.439500045776366,8.04765942952687,30.55554562145078,36.11109455426932,NICK
2020-02-11,8.260000228881836,8.260000228881836,8.260000228881836,8.260000228881836,8.260000228881836,0,8.240000152587891,8.385000133514405,8.437500047683717,8.628600063323974,8.76810004234314,8.852800002098084,43.59227919368692,-0.09517951642128963,-0.07328794652482819,-0.021891569896461446,8.832563414138956,8.437500047683717,8.042436681228477,34.94759296938054,33.130671190657516,NICK
2020-02-12,8.289999961853027,8.289999961853027,8.109999656677246,8.109999656677246,8.109999656677246,900,8.186000061035156,8.336000061035156,8.43250002861023,8.612200050354003,8.75680004119873,8.847200002670288,39.74384121420167,-0.10786677836828318,-0.08020371289351919,-0.027663065474763993,8.84124825564746,8.43250002861023,8.023751801572999,35.17818258455721,33.5604403917959,NICK
2020-02-13,8.100000381469727,8.199999809265137,8.100000381469727,8.199999809265137,8.199999809265137,12000,8.194000053405762,8.288000011444092,8.430500030517578,8.595000038146972,8.744800043106078,8.843450002670288,42.99559989703069,-0.10939819047509047,-0.08604260840983344,-0.023355582065257036,8.843366974833508,8.430500030517578,8.017633086201648,34.905636470427496,35.01047067478814,NICK
2020-02-14,7.949999809265137,8.25,7.949999809265137,8.25,8.25,3300,8.215999984741211,8.263000011444092,8.423000049591064,8.579000034332275,8.736200046539306,8.839700002670288,44.77854435758902,-0.10536269254601827,-0.08990662523707041,-0.015456067308947857,8.843195375636334,8.423000049591064,8.002804723545793,37.73581336234364,35.939877472442504,NICK
2020-02-18,8.0,8.069999694824219,7.929999828338623,7.929999828338623,7.929999828338623,13800,8.149999904632569,8.219000005722046,8.39900004863739,8.557600030899048,8.725700049400329,8.832850000858308,36.837421842474946,-0.12652734242020358,-0.09723076867369704,-0.029296573746506543,8.871055293737824,8.39900004863739,7.926944803536958,28.616332209183394,33.75259401398456,NICK
2020-02-19,8.149999618530273,8.149999618530273,8.020000457763672,8.029999732971191,8.029999732971191,3100,8.103999805450439,8.171999979019166,8.378500056266784,8.54160002708435,8.716700043678284,8.825750000476837,40.39480075782617,-0.13369022565669475,-0.10452266007029658,-0.029167565586398173,8.87654745355923,8.378500056266784,7.880452658974339,21.111094805832973,29.154413459119723,NICK
2020-02-20,8.1899995803833,8.1899995803833,7.940000057220459,7.940000057220459,7.940000057220459,2500,8.069999885559081,8.127999973297118,8.337500047683715,8.52040002822876,8.706100044250489,8.820199999809265,38.303873086495706,-0.14495809719067942,-0.11260974749437315,-0.032348349696306275,8.838174773055606,8.337500047683715,7.836825322311825,4.94949919680407,18.225642070606533,NICK
2020-02-21,8.0,8.149999618530273,7.949999809265137,8.149999618530273,8.149999618530273,4100,8.05999984741211,8.126999950408935,8.307000017166137,8.506400012969971,8.698000040054321,8.815949997901917,45.40501825397269,-0.13538215578443413,-0.11716422915238535,-0.018217926632048784,8.774208936969611,8.307000017166137,7.839791097362664,16.0605942527999,14.040396085145368,NICK
2020-02-24,8.149999618530273,8.149999618530273,8.010000228881836,8.010000228881836,8.010000228881836,15700,8.011999893188477,8.113999938964843,8.269500017166138,8.493200016021728,8.688000040054321,8.810499997138978,41.9393674325992,-0.13750486347760216,-0.12123235601742871,-0.016272507460173447,8.704539223708727,8.269500017166138,7.834460810623549,15.656579157458387,12.222224202353837,NICK
2020-02-25,7.929999828338623,7.929999828338623,7.900000095367432,7.900000095367432,7.900000095367432,400,8.005999946594239,8.077999925613403,8.234000039100646,8.471200017929077,8.677000041007995,8.804999997615814,39.395033133803956,-0.14637588598504792,-0.12626106201095255,-0.020114823974095364,8.667977175594075,8.234000039100646,7.8000229026072185,15.151517340849386,15.622896917035611,NICK
2020-02-26,7.900000095367432,7.949999809265137,7.769999980926514,7.900000095367432,7.900000095367432,4000,7.980000019073486,8.041999912261963,8.213500022888184,8.449200019836425,8.667900037765502,8.799499998092651,39.395033133803956,-0.1516580160295149,-0.13134045281466503,-0.02031756321484987,8.669363087037032,8.213500022888184,7.757636958739335,9.74218355039652,13.516760016234485,NICK
2020-02-27,7.900000095367432,7.900000095367432,7.900000095367432,7.900000095367432,7.900000095367432,0,7.972000026702881,8.020999956130982,8.178500008583068,8.425400018692017,8.656900038719177,8.793999998569488,39.395033133803956,-0.1540681405255544,-0.1358859903568429,-0.018182150168711497,8.617465912411781,8.178500008583068,7.739534104754355,14.035102240498029,12.976267710581032,NICK
2020-02-28,7.849999904632568,8.149999618530273,7.849999904632568,8.130000114440918,8.130000114440918,43200,7.96800012588501,8.01399998664856,8.150999999046325,8.406200017929077,8.648800044059753,8.791150000095367,47.68359032587603,-0.13585307254906276,-0.13587940679528687,2.63342462241134e-05,8.524946520725475,8.150999999046325,7.777053477367176,37.112034722493604,20.296440171129102,NICK
2020-03-02,8.199999809265137,8.869999885559082,8.100000381469727,8.5,8.5,68000,8.066000080108642,8.038999986648559,8.150999999046325,8.39440001487732,8.645300040245056,8.790150001049042,57.704801033543795,-0.09051816434568494,-0.12680715830536649,0.03628899395968155,8.524946520725475,8.150999999046325,7.777053477367176,53.53148807400486,34.892875012331885,NICK
2020-03-03,8.479999542236328,8.699999809265137,8.479999542236328,8.600000381469727,8.600000381469727,5400,8.206000137329102,8.10600004196167,8.162500023841858,8.385600023269653,8.643300042152404,8.789400002956391,59.93835178555762,-0.04599057718196953,-0.11064384208068709,0.06465326489871756,8.57485312182885,8.162500023841858,7.750146925854866,70.34967656881726,53.66439978843829,NICK
2020-03-04,8.550000190734863,8.779999732971191,8.539999961853027,8.779999732971191,8.779999732971191,5100,8.382000064849853,8.18100004196167,8.176500010490418,8.381000013351441,8.642700037956239,8.789550001621246,63.65851030325833,0.00377874082598062,-0.08775932549935354,0.09153806632533416,8.648443873983085,8.176500010490418,7.704556146997751,77.87879983255823,67.25332149179316,NICK
2020-03-05,8.850000381469727,9.100000381469727,8.789999961853027,9.039999961853027,9.039999961853027,28700,8.610000038146973,8.291000032424927,8.209500002861024,8.381200017929077,8.646400036811828,8.790950000286102,68.24547803666738,0.0634694926709205,-0.057513561865298726,0.12098305453621923,8.808848805347166,8.209500002861024,7.610151200374882,87.58714908650752,78.60520849596071,NICK
2020-03-06,8.539999961853027,8.90999984741211,8.510000228881836,8.829999923706055,8.829999923706055,1000,8.75,8.359000062942505,8.24300000667572,8.378800020217895,8.64720003604889,8.791099998950958,61.49417971373477,0.09276031238191607,-0.02745878701585577,0.12021909939777184,8.89969168721936,8.24300000667572,7.586308326132079,89.00202622199664,84.82265838035384,NICK
2020-03-09,7.550000190734863,7.550000190734863,7.550000190734863,7.550000190734863,7.550000190734863,400,8.560000038146972,8.313000059127807,8.213499999046325,8.35080002784729,8.637400040626526,8.78479999780655,37.28355745498071,0.012543621919816061,-0.019458305228721405,0.032001927148537467,8.93578174763431,8.213499999046325,7.49121825045834,58.39597047626012,78.32838192825447,NICK
2020-03-10,8.0,8.010000228881836,7.909999847412109,8.0,8.0,6600,8.439999961853028,8.323000049591064,8.200499987602234,8.334000024795532,8.631900038719177,8.7817999958992,45.41931593428884,-0.014549739064039002,-0.018476591995784924,0.0039268529317459215,8.928304163735296,8.200499987602234,7.472695811469171,36.243820667418525,61.21393912189148,NICK
2020-03-11,8.0,8.0,8.0,8.0,8.0,0,8.284000015258789,8.333000040054321,8.187499976158142,8.323000020980835,8.626100039482116,8.778549997806548,45.41931593428884,-0.035610922295672864,-0.021903458055762513,-0.013707464239910351,8.919862530409667,8.187499976158142,7.455137421906617,19.35482812432417,37.998206422667316,NICK
2020-03-12,7.730000019073486,7.800000190734863,7.53000020980835,7.599999904632568,7.599999904632568,18800,7.996000003814697,8.303000020980836,8.161999988555909,8.307200012207032,8.611600036621093,8.771099996566772,40.061791833018844,-0.08361486636919047,-0.034245739718448104,-0.04936912665074236,8.937618400085332,8.161999988555909,7.386381577026485,20.84102105788173,25.479889949874522,NICK
2020-03-13,7.539999961853027,7.949999809265137,7.050000190734863,7.269999980926514,7.269999980926514,8800,7.684000015258789,8.217000007629395,8.115499997138977,8.287800016403198,8.591800036430358,8.762049996852875,36.26157295186994,-0.1465966983307574,-0.05671593144090996,-0.08988076688984743,8.982551857723877,8.115499997138977,7.248448136554078,14.74083902372899,18.312229401978012,NICK
2020-03-16,5.239999771118164,7.349999904632568,5.239999771118164,7.110000133514404,7.110000133514404,17000,7.596000003814697,8.078000020980834,8.058500003814697,8.260800018310547,8.570400037765502,8.752299995422364,34.55029553039137,-0.20703434141807087,-0.08677961343634213,-0.12025472798172873,9.026679159231623,8.058500003814697,7.090320848397769,21.21195748926809,18.93127252362598,NICK
2020-03-17,7.0,7.0,6.409999847412109,6.5,6.5,5000,7.296000003814697,7.8679999828338625,7.9870000123977665,8.22560001373291,8.546600036621093,8.73949999332428,28.942362647509096,-0.3006873847848581,-0.12956116770604534,-0.1711262170788128,9.16996403351248,7.9870000123977665,6.804035991283053,30.60659382728136,22.18646344675919,NICK
2020-03-18,5.849999904632568,5.849999904632568,5.0,5.099999904632568,5.099999904632568,19500,6.715999984741211,7.5,7.840500020980835,8.159400014877319,8.509700036048889,8.718749992847442,20.655780102804965,-0.4823165587364686,-0.20011224591213,-0.2822043128243386,9.566807935162021,7.840500020980835,6.114192106799648,27.842369078365177,26.55364013163792,NICK
2020-03-19,5.070000171661377,6.090000152587891,4.760000228881836,6.090000152587891,6.090000152587891,6200,6.414000034332275,7.205000019073486,7.7480000257492065,8.110400018692017,8.484500041007996,8.703249995708466,34.85902716450675,-0.5401477543461493,-0.26811934759893385,-0.2720284067472154,9.63394380128962,7.7480000257492065,5.862056250208794,21.908889368984077,26.785950758209918,NICK
2020-03-20,6.659999847412109,6.659999847412109,5.409999847412109,6.0,6.0,5800,6.160000038146973,6.9220000267028805,7.6405000448226925,8.059800024032592,8.458000044822693,8.687249996662139,34.25863498383318,-0.5864810650234675,-0.3317916910838406,-0.25468937393962693,9.66271146413262,7.6405000448226925,5.618288625512765,20.551867528454984,23.43437532526779,NICK
2020-03-23,5.139999866485596,5.760000228881836,5.139999866485596,5.489999771118164,5.489999771118164,6300,5.835999965667725,6.715999984741211,7.514500021934509,8.003400011062622,8.426700043678284,8.66969999551773,31.00028819619716,-0.6567823259489938,-0.39678981805687125,-0.2599925078921225,9.733386952256296,7.514500021934509,5.295613091612722,25.345615368952156,22.60212408879678,NICK
2020-03-24,5.650000095367432,5.650000095367432,5.369999885559082,5.400000095367432,5.400000095367432,4700,5.615999984741211,6.4559999942779545,7.389500021934509,7.947200012207031,8.394900045394898,8.652399997711182,30.449900913165507,-0.7115564238741916,-0.45974313922033533,-0.2518132846538563,9.782293188114972,7.389500021934509,4.996706855754047,20.04607594528785,21.98118628089804,NICK
2020-03-25,5.309999942779541,5.590000152587891,5.260000228881836,5.590000152587891,5.590000152587891,3000,5.714000034332275,6.215000009536743,7.274000024795532,7.893000011444092,8.365000047683715,8.632849998474121,33.14833824751892,-0.7312049983236504,-0.5140355110409983,-0.21716948728265206,9.777520751636878,7.274000024795532,4.770479297954186,17.188935180912782,20.860208831717305,NICK
2020-03-26,5.679999828338623,6.239999771118164,5.679999828338623,6.170000076293945,6.170000076293945,21700,5.730000019073486,6.072000026702881,7.187500023841858,7.852200012207032,8.342100048065186,8.618699998855591,40.71058180473436,-0.6919985599092255,-0.5496281208146437,-0.1423704390945818,9.717929826988218,7.187500023841858,4.657070220695498,26.043716957857068,21.09290936135228,NICK
2020-03-27,5.989999771118164,6.690000057220459,5.900000095367432,6.400000095367432,6.400000095367432,11600,5.810000038146972,5.985000038146973,7.101000022888184,7.815400018692016,8.320100045204162,8.606699998378753,43.44277355709584,-0.6350476615113303,-0.5667120289539811,-0.0683356325573492,9.614864762945812,7.101000022888184,4.587135282830555,37.94871501433577,27.060455717701586,NICK
2020-03-30,5.960000038146973,6.210000038146973,5.619999885559082,5.710000038146973,5.710000038146973,1300,5.854000091552734,5.8450000286102295,6.961500024795532,7.76160002708435,8.290500044822693,8.589549996852874,37.81311132655893,-0.6382337409891257,-0.58101637136101,-0.05721736962811563,9.45894090252455,6.961500024795532,4.464059147066514,41.055709627252874,35.01604719981495,NICK
2020-03-31,6.070000171661377,6.070000171661377,5.340000152587891,5.840000152587891,5.840000152587891,2200,5.942000102996826,5.7790000438690186,6.82350001335144,7.710200033187866,8.262200045585633,8.572749998569488,39.4063155406884,-0.6230862586190167,-0.5894303488126114,-0.033655909806405315,9.247474153895363,6.82350001335144,4.3995258728075175,37.879439875657305,38.96128817241503,NICK
2020-04-01,5.360000133514404,5.559999942779541,5.289999961853027,5.559999942779541,5.559999942779541,700,5.936000061035156,5.825000047683716,6.662500023841858,7.652600040435791,8.23190004348755,8.55534999847412,37.195933295788976,-0.6264540739705193,-0.596835093844193,-0.029618980126326355,8.970242406047872,6.662500023841858,4.354757641635844,29.418383169880453,36.11784422426326,NICK
2020-04-02,5.309999942779541,5.949999809265137,5.309999942779541,5.900000095367432,5.900000095367432,5600,5.882000064849853,5.80600004196167,6.505500030517578,7.595400037765503,8.205300040245056,8.539950001239777,41.48786623194559,-0.5948310786808335,-0.5964342908115211,0.0016032121306875924,8.558025048185002,6.505500030517578,4.452975012850155,34.31653668058434,33.87145324204042,NICK
2020-04-03,5.849999904632568,5.900000095367432,5.800000190734863,5.900000095367432,5.900000095367432,6400,5.7820000648498535,5.796000051498413,6.359000039100647,7.5382000350952145,8.17600004196167,8.524550004005432,41.48786623194558,-0.5632765259190471,-0.5898027378330263,0.026526211913979192,8.12526050738293,6.359000039100647,4.592739570818365,39.995554996510045,34.57682494899133,NICK
2020-04-06,6.25,6.25,5.800000190734863,5.900000095367432,5.900000095367432,10200,5.820000076293946,5.83700008392334,6.276500034332275,7.481000032424927,8.146700043678283,8.508900005817413,41.48786623194559,-0.5321351922632997,-0.5782692287190809,0.04613403645578118,7.964958193748878,6.276500034332275,4.588041874915673,51.32521886741221,41.87910351483524,NICK
2020-04-07,5.900000095367432,5.980000019073486,5.880000114440918,5.980000019073486,5.980000019073486,9500,5.8480000495910645,5.895000076293945,6.17550003528595,7.428400039672852,8.119900045394898,8.492650008201599,42.63983333384294,-0.49529073246799094,-0.561673529468863,0.06638279700087202,7.6700163390944525,6.17550003528595,4.680983731477447,57.72421407199463,49.681662645305344,NICK
2020-04-08,5.980000019073486,5.980000019073486,5.980000019073486,5.980000019073486,5.980000019073486,0,5.932000064849854,5.934000062942505,6.074500036239624,7.381800031661987,8.089100041389464,8.477950007915497,42.63983333384294,-0.46077965163157586,-0.5414947539014056,0.0807151022698297,7.313313585624469,6.074500036239624,4.8356864868547795,58.82444579869767,55.95795957936789,NICK
2020-04-09,6.269999980926514,6.269999980926514,6.269999980926514,6.269999980926514,6.269999980926514,2000,6.00600004196167,5.9440000534057615,6.008000040054322,7.335200023651123,8.059100036621095,8.46430000782013,47.024596573793154,-0.4053561052827863,-0.5142670241776817,0.10891091889489535,7.0371667360516525,6.008000040054322,4.978833344056991,63.43640192198757,59.995020597559666,NICK
2020-04-13,6.269999980926514,6.269999980926514,6.269999980926514,6.269999980926514,6.269999980926514,0,6.080000019073486,5.93100004196167,5.958000040054321,7.287000017166138,8.027300038337707,8.450500009059907,47.024596573793154,-0.3573136560889161,-0.48287635055992856,0.12556269447101248,6.820777016915199,5.958000040054321,5.095223063193443,65.90871251658164,62.723186745755335,NICK
2020-04-14,6.130000114440918,6.130000114440918,5.409999847412109,6.0,6.0,11900,6.1,5.960000038146973,5.902500033378601,7.237000017166138,7.992800040245056,8.434750010967255,43.43908162128069,-0.33714007008684277,-0.4537290944653114,0.11658902437846863,6.585870405210632,5.902500033378601,5.21912966154657,65.09360931386038,64.81290791747624,NICK
2020-04-15,5.539999961853027,5.539999961853027,5.539999961853027,5.539999961853027,5.539999961853027,1500,6.011999988555909,5.9300000190734865,5.854500031471252,7.1804000186920165,7.95220003604889,8.415450012683868,38.10793428997829,-0.3541876616458106,-0.43382080790141125,0.07963314625560064,6.496885494191361,5.854500031471252,5.212114568751143,46.744915121218064,59.24907898388641,NICK
2020-04-16,5.550000190734863,5.590000152587891,5.5,5.5,5.5,1600,5.915999984741211,5.924000024795532,5.874500036239624,7.120400018692017,7.91460003376007,8.396050012111663,37.67494311192332,-0.3666985903182258,-0.4203963643847742,0.053697774066548354,6.442249142917802,5.874500036239624,5.306750929561446,28.20179509941714,46.680106511498245,NICK
2020-04-17,5.5,6.0,5.5,5.800000190734863,5.800000190734863,1200,5.822000026702881,5.914000034332275,5.860000038146973,7.068800020217895,7.880800032615662,8.379850013256073,42.91385388836941,-0.34839005950074853,-0.40599510340796907,0.05760504390722054,6.4197500124407965,5.860000038146973,5.30025006385315,28.29932733755832,34.41534585273089,NICK
2020-04-20,5.510000228881836,5.610000133514404,5.510000228881836,5.610000133514404,5.610000133514404,1200,5.690000057220459,5.8850000381469725,5.840500044822693,7.017800025939941,7.845400037765503,8.36265001296997,40.58693391654483,-0.34523221160719686,-0.39384252504781464,0.04861031344061778,6.406520386650494,5.840500044822693,5.274479702994891,33.23130615913059,29.910809532035064,NICK
2020-04-21,5.5,5.5,4.949999809265137,4.949999809265137,4.949999809265137,900,5.480000019073486,5.790000009536743,5.8135000467300415,6.954000015258789,7.806600036621094,8.341900010108947,33.7425163602825,-0.3914734425525648,-0.39336870854876466,0.0018952659961998797,6.485430901288059,5.8135000467300415,5.141569192172024,28.231305591467343,29.92064636271847,NICK
2020-04-22,5.25,5.25,5.25,5.25,5.25,500,5.4220000267028805,5.7170000076293945,5.80600004196167,6.893800010681153,7.769100036621094,8.322500009536743,38.794938786265995,-0.3993094522368654,-0.3945568572863848,-0.0047525949504806375,6.499235998616077,5.80600004196167,5.112764085307263,18.460120775573092,26.640910842056723,NICK
2020-04-23,5.170000076293945,5.5,5.150000095367432,5.5,5.5,1800,5.4220000267028805,5.6690000057220455,5.801500034332276,6.8386000061035155,7.733600034713745,8.305250010490418,42.71513471641208,-0.3809552210523508,-0.39183653003957797,0.010881308987227167,6.501422248594735,5.801500034332276,5.101577820069816,21.46465330631771,22.718693224452426,NICK
2020-04-24,5.159999847412109,5.159999847412109,5.159999847412109,5.159999847412109,5.159999847412109,300,5.29399995803833,5.557999992370606,5.751000022888183,6.779600009918213,7.695900030136109,8.286550011634827,39.05173307508328,-0.38935627464924494,-0.39134047896151136,0.0019842043122664244,6.48232494600599,5.751000022888183,5.019675099770376,26.76768388301485,22.23081932163493,NICK
2020-04-27,5.449999809265137,5.449999809265137,5.449999809265137,5.449999809265137,5.449999809265137,200,5.261999893188476,5.475999975204468,5.7035000085830685,6.724600009918213,7.6598000240325925,8.269600009918213,43.502506139572496,-0.3683672880642428,-0.38674584078205765,0.018378552717814856,6.381505277472579,5.7035000085830685,5.025494739693558,31.818183460183167,26.68350688317162,NICK
2020-04-28,5.320000171661377,5.320000171661377,5.320000171661377,5.320000171661377,5.320000171661377,200,5.335999965667725,5.4079999923706055,5.684000015258789,6.66600001335144,7.622500023841858,8.252950012683868,42.02111235219453,-0.3580953490037668,-0.38101574242639946,0.022920393422632634,6.382266526406404,5.684000015258789,4.985733504111174,27.272733840731686,28.61953372797628,NICK
2020-04-29,5.429999828338623,5.5,5.210000038146973,5.5,5.5,1200,5.385999965667724,5.403999996185303,5.667000007629395,6.617400016784668,7.587500023841858,8.237200014591217,44.82286641325505,-0.3316077141572489,-0.37113413677256935,0.03952642261532047,6.365801919551771,5.667000007629395,4.968198095707018,35.858595163258634,31.64983748805754,NICK
2020-04-30,5.5,5.5,5.5,5.5,5.5,0,5.385999965667724,5.403999996185303,5.664000010490417,6.5668000221252445,7.554200024604797,8.221550014019012,44.82286641325505,-0.30707628840391177,-0.3583225670988378,0.05124627869492604,6.365124899443248,5.664000010490417,4.962875121537587,37.12122607822112,33.41751836073686,NICK
2020-05-01,5.5,5.619999885559082,5.5,5.619999885559082,5.619999885559082,400,5.477999973297119,5.385999965667724,5.65,6.520400018692016,7.520400023460388,8.205750014781952,46.81018157809281,-0.2747844250664828,-0.3416149386923668,0.06683051362588399,6.342849264213053,5.65,4.957150735786947,46.70433473110942,39.89471865752943,NICK
2020-05-04,5.599999904632568,5.599999904632568,5.5,5.570000171661377,5.570000171661377,1100,5.502000045776367,5.381999969482422,5.633500003814698,6.468800029754639,7.487600021362304,8.189700016975403,46.06569544332809,-0.25034166686442205,-0.3233602843267779,0.07301861746235583,6.317408688065894,5.633500003814698,4.949591319563501,52.49799044368849,45.441183751006044,NICK
2020-05-05,5.5,5.519999980926514,5.5,5.5,5.5,900,5.538000011444092,5.436999988555908,5.613499999046326,6.418600025177002,7.4559000205993655,8.174050016403198,44.98694967706416,-0.23392252052110063,-0.3054727315656424,0.07155021104454179,6.288400790330092,5.613499999046326,4.938599207762559,56.0694188881504,51.75724802098247,NICK
2020-05-06,5.409999847412109,5.449999809265137,5.25,5.349999904632568,5.349999904632568,6900,5.507999992370605,5.446999979019165,5.581999993324279,6.367600021362304,7.419400019645691,8.158800017833709,42.68047933777821,-0.23035855283959172,-0.2904498958204323,0.06009134298084057,6.244226603820075,5.581999993324279,4.919773382828484,49.84128137474432,52.80289690219411,NICK
2020-05-07,5.25,5.429999828338623,5.25,5.429999828338623,5.429999828338623,9500,5.49399995803833,5.439999961853028,5.554499983787537,6.318200016021729,7.383700017929077,8.142850017547607,44.32009674375594,-0.21855934147907075,-0.27607178495216,0.05751244347308926,6.193608024327239,5.554499983787537,4.915391943247834,54.039329007475565,53.31667642345647,NICK
2020-05-08,5.429999828338623,5.429999828338623,5.429999828338623,5.429999828338623,5.429999828338623,0,5.455999946594238,5.466999959945679,5.512499976158142,6.268800010681153,7.347100014686585,8.1275000166893,44.320096743755926,-0.2068242403677898,-0.262222276035286,0.05539803566749618,6.062149949758824,5.512499976158142,4.96285000255746,60.45960390832397,54.78007143018099,NICK
2020-05-11,5.150000095367432,6.150000095367432,5.150000095367432,6.150000095367432,6.150000095367432,4200,5.57199993133545,5.536999988555908,5.506499981880188,6.2292000102996825,7.31770001411438,8.115850019454957,57.122281496231494,-0.1378371826929179,-0.23734525736681236,0.09950807467389447,6.024661272124302,5.506499981880188,4.9883386916360735,81.09452382240248,65.19781891273372,NICK
2020-05-12,5.550000190734863,5.550000190734863,5.550000190734863,5.550000190734863,5.550000190734863,200,5.581999969482422,5.559999990463257,5.4839999914169315,6.17020001411438,7.282300014495849,8.100550022125244,47.35162559776251,-0.13007993978223542,-0.21589219384989697,0.08581225406766155,5.951050443168397,5.4839999914169315,5.016949539665466,70.54726509011579,70.70046427361379,NICK
2020-05-13,5.550000190734863,5.550000190734863,5.550000190734863,5.550000190734863,5.550000190734863,700,5.622000026702881,5.565000009536743,5.484500002861023,6.109200010299682,7.247400016784668,8.085050024986266,47.35162559776251,-0.12251993533902539,-0.19721774214772264,0.07469780680869725,5.951810531695675,5.484500002861023,5.017189474026371,60.0000063578291,70.5472650901155,NICK
2020-05-14,5.550000190734863,5.550000190734863,5.550000190734863,5.550000190734863,5.550000190734863,0,5.646000099182129,5.570000028610229,5.4870000123977665,6.044600019454956,7.2128000164031985,8.069300026893616,47.35162559776251,-0.11520061635543932,-0.18081431698926598,0.06561370063382665,5.955149705454406,5.4870000123977665,5.018850319341127,40.000009536743484,56.8490936615625,NICK
2020-05-15,5.789999961853027,5.789999961853027,5.599999904632568,5.599999904632568,5.599999904632568,800,5.680000114440918,5.568000030517578,5.476999998092651,5.975800018310547,7.178500018119812,8.055400025844573,48.272520104133456,-0.10416469847782217,-0.16548439328697723,0.061319694809155056,5.926137067110366,5.476999998092651,5.027862929074937,41.66666666666699,47.2222275204129,NICK
2020-05-18,5.099999904632568,5.75,5.099999904632568,5.75,5.75,3000,5.600000095367432,5.58600001335144,5.4839999914169315,5.914200019836426,7.146500020027161,8.042400023937226,51.03933993242952,-0.08236544240789545,-0.14886060311116087,0.06649516070326542,5.945406645187206,5.4839999914169315,5.022593337646657,48.968250068497774,43.54497542396913,NICK
2020-05-19,5.739999771118164,5.75,5.739999771118164,5.739999771118164,5.739999771118164,1900,5.638000011444092,5.6099999904632565,5.523499989509583,5.878000011444092,7.114400019645691,8.028500020503998,50.844084520974754,-0.06514535471510374,-0.13211755343194945,0.0669721987168457,5.926899344095073,5.523499989509583,5.120100634924093,55.95236594444689,48.86242755987026,NICK
2020-05-20,5.75,5.789999961853027,5.630000114440918,5.71999979019165,5.71999979019165,3400,5.671999931335449,5.646999979019165,5.546999979019165,5.832400007247925,7.0832000160217286,8.014500017166137,50.42857683038237,-0.05250687588765146,-0.11619541792308985,0.06368854203543839,5.938515019258346,5.546999979019165,5.155484938779984,60.634904776394016,55.185173596445935,NICK
2020-05-21,5.800000190734863,5.800000190734863,5.5,5.550000190734863,5.550000190734863,6400,5.671999931335449,5.659000015258789,5.549499988555908,5.783400011062622,7.053200016021728,7.999650015830993,46.918732118049704,-0.055567786439474354,-0.10406989162636675,0.048502105186892394,5.940420731407009,5.549499988555908,5.158579245704807,54.285705635609,56.957658785483005,NICK
2020-05-22,6.079999923706055,6.079999923706055,5.630000114440918,5.679999828338623,5.679999828338623,3700,5.68799991607666,5.684000015258789,5.5754999876022335,5.745000009536743,7.026100010871887,7.985450012683868,49.79630166358688,-0.04696234314342984,-0.09264838192977937,0.045686038786349525,5.926468642949229,5.5754999876022335,5.224531332255238,52.3809458933735,55.767185435125214,NICK
2020-05-26,5.75,5.789999961853027,5.75,5.789999961853027,5.789999961853027,900,5.6959999084472654,5.648000001907349,5.592499995231629,5.715400009155274,7.001600012779236,7.9726500105857845,52.1595820982873,-0.030910063891608885,-0.08030071832214528,0.04939065443053639,5.950375650783467,5.592499995231629,5.23462433967979,54.60317316149065,53.75660823015742,NICK
2020-05-27,5.5,5.679999828338623,5.5,5.670000076293945,5.670000076293945,1400,5.681999969482422,5.659999990463257,5.6099999904632565,5.686600008010864,6.973700013160705,7.95990000963211,49.42614794821724,-0.027553880831314714,-0.06975135082397917,0.04219746999266445,5.94645207805973,5.6099999904632565,5.273547902866783,58.41269264596166,55.13227056694165,NICK
2020-05-28,5.610000133514404,5.610000133514404,5.510000228881836,5.510000228881836,5.510000228881836,1500,5.640000057220459,5.655999994277954,5.610500001907349,5.666800012588501,6.946200013160706,7.946700012683868,45.96718550764846,-0.03737390892998427,-0.06327586244518019,0.02590195351519592,5.946325846781005,5.610500001907349,5.274674157033693,53.01588094513681,55.34391558419608,NICK
2020-05-29,5.5,5.599999904632568,5.110000133514404,5.449999809265137,5.449999809265137,2200,5.619999980926513,5.645999956130981,5.607999992370606,5.673800010681152,6.916600012779236,7.932150013446808,44.70375180647225,-0.04942810790628549,-0.06050631153740125,0.011078203631115759,5.947799948488472,5.607999992370606,5.26820003625274,42.22222726811748,51.21693361973836,NICK
2020-06-01,5.409999847412109,5.599999904632568,5.409999847412109,5.599999904632568,5.599999904632568,3800,5.603999996185303,5.645999956130981,5.60699999332428,5.664000005722046,6.887200012207031,7.919400014877319,48.51369254418352,-0.046343178038962485,-0.0576736848377135,0.011330506798751014,5.94677052026679,5.60699999332428,5.267229466381769,41.133789400442424,45.45729920456528,NICK
2020-06-02,5.599999904632568,5.599999904632568,5.599999904632568,5.599999904632568,5.599999904632568,0,5.565999984741211,5.630999946594239,5.608499979972839,5.656000003814698,6.857900013923645,7.906500012874603,48.51369254418352,-0.043398082809135374,-0.054818564431997875,0.0114204816228625,5.947868531884705,5.608499979972839,5.269131428060973,45.12471084539538,42.826909171318135,NICK
2020-06-03,5.599999904632568,5.599999904632568,5.599999904632568,5.599999904632568,5.599999904632568,500,5.551999950408936,5.616999959945678,5.613499975204467,5.658200006484986,6.830800008773804,7.89105001449585,48.51369254418353,-0.040596106970276935,-0.051974072939653684,0.01137796596937675,5.949254372558889,5.613499975204467,5.2777455778500455,51.02040717026864,45.759635805368525,NICK
2020-06-04,6.150000095367432,6.630000114440918,6.150000095367432,6.300000190734863,6.300000190734863,13100,5.709999942779541,5.675,5.660999989509582,5.676200008392334,6.811700010299683,7.878800015449524,63.265795301816965,0.017902285606450796,-0.03799880123043279,0.055901086836883586,6.090040851961201,5.660999989509582,5.231959127057963,60.15739827792887,52.10083876453067,NICK
2020-06-05,6.5,6.75,6.150000095367432,6.409999847412109,6.409999847412109,6300,5.9019999504089355,5.760999965667724,5.709999990463257,5.692600002288819,6.792800006866455,7.86185001373291,64.96461345085258,0.07230524629914914,-0.015937991724516404,0.08824323802366554,6.235357015556479,5.709999990463257,5.184642965370035,69.6152396669018,60.26434837169948,NICK
2020-06-08,6.78000020980835,7.239999771118164,6.78000020980835,7.239999771118164,7.239999771118164,5800,6.229999923706055,5.916999959945679,5.800499987602234,5.7139999961853025,6.783100004196167,7.851000013351441,74.5343890850468,0.18031547726514585,0.02331270207341605,0.1570027751917298,6.634609604792336,5.800499987602234,4.966390370412132,85.94177061014568,71.90480285165849,NICK
2020-06-09,8.5,8.779999732971191,7.579999923706055,8.350000381469727,8.350000381469727,41400,6.780000019073486,6.173000001907349,5.910500001907349,5.753000001907349,6.784200010299682,7.844900016784668,81.72400537204429,0.3514310575968622,0.0889363731781053,0.2624946844187569,7.297186421939302,5.910500001907349,4.5238135818753955,89.22577549176448,81.59426192293704,NICK
2020-06-10,8.680000305175781,8.680000305175781,8.359999656677246,8.399999618530273,8.399999618530273,5200,7.339999961853027,6.445999956130981,6.052999973297119,5.806799993515015,6.784200010299682,7.839800014495849,81.97092179628878,0.4854796017522185,0.16824501889292792,0.31723458285929057,7.800914131824008,6.052999973297119,4.30508581477023,92.64305581884129,89.2702006402502,NICK
2020-06-11,7.519999980926514,7.78000020980835,7.010000228881836,7.010000228881836,7.010000228881836,1300,7.4819999694824215,6.5959999561309814,6.125999975204468,5.830199995040894,6.77020001411438,7.8284500169754025,58.36359128956931,0.47408771663984783,0.2294135584423119,0.24467415819753593,7.9054538369416,6.125999975204468,4.346546113467335,76.56676429053213,86.14519853371235,NICK
2020-06-12,7.309999942779541,7.309999942779541,7.309999942779541,7.309999942779541,7.309999942779541,600,7.661999988555908,6.781999969482422,6.213999962806701,5.865199995040894,6.758900017738342,7.81965001821518,60.97582317666927,0.4836913426132794,0.2802691152765054,0.203422227336774,8.04416282142912,6.213999962806701,4.383837104184282,67.12080105533067,78.77687372156775,NICK
2020-06-15,7.150000095367432,7.309999942779541,7.150000095367432,7.309999942779541,7.309999942779541,500,7.676000022888184,6.9529999732971195,6.29949996471405,5.893399991989136,6.7444000148773195,7.811550016403198,60.97582317666929,0.48570339894444814,0.3213559720100939,0.16434742693435422,8.1663419678597,6.29949996471405,4.4326579615684,57.22071209335851,66.9694258130735,NICK
2020-06-16,7.78000020980835,8.5,7.78000020980835,8.5,8.5,11700,7.705999946594238,7.2429999828338625,6.43699996471405,5.945399990081787,6.741800012588501,7.809050016403198,69.71642153557723,0.5766734943788263,0.3724194764838404,0.20425401789498593,8.514865240309035,6.43699996471405,4.359134689119065,70.753863171801,65.03179210682978,NICK
2020-06-17,8.5,8.5,7.960000038146973,8.289999961853027,8.289999961853027,6100,7.684000015258789,7.511999988555909,6.5644999742507935,5.993199987411499,6.737100009918213,7.804250016212463,66.87002140628539,0.6246224436632231,0.4228600699197169,0.20176237374350614,8.764967887604856,6.5644999742507935,4.364032060896731,79.65486340822737,69.20981289112869,NICK
2020-06-18,7.650000095367432,8.020000457763672,7.650000095367432,8.0,8.0,2300,7.881999969482422,7.681999969482422,6.678499984741211,6.033599987030029,6.731000013351441,7.796350016593933,63.04216836250176,0.631937179693626,0.46467549187449875,0.1672616878191272,8.927848997398769,6.678499984741211,4.429150972083653,85.29123044547487,78.56665234183414,NICK
2020-06-19,7.679999828338623,7.949999809265137,7.679999828338623,7.949999809265137,7.949999809265137,2600,8.00999994277954,7.835999965667725,6.798499965667725,6.0729999828338626,6.727400007247925,7.788400015830994,62.37915590063636,0.6264779157306926,0.4970359766457375,0.12944193908495505,9.050301689353105,6.798499965667725,4.546698241982345,79.13416158181165,81.36008514517103,NICK
2020-06-22,7.820000171661377,7.820000171661377,7.820000171661377,7.820000171661377,7.820000171661377,800,8.111999988555908,7.894000005722046,6.905499982833862,6.103999986648559,6.719600005149841,7.781150014400482,60.59480164467929,0.6046910236918466,0.5185669860549593,0.08612403763688725,9.137830381951844,6.905499982833862,4.673169583715881,73.5217705080097,79.31572084509848,NICK
2020-06-23,7.96999979019165,7.96999979019165,7.96999979019165,7.96999979019165,7.96999979019165,700,8.005999946594239,7.855999946594238,7.014499974250794,6.137999982833862,6.7125,7.77520001411438,61.94736921668029,0.5926962371203297,0.5333928362680334,0.05930340085229635,9.231150358709735,7.014499974250794,4.797849589791852,70.97074127473105,74.54222445485054,NICK
2020-06-24,7.789999961853027,7.789999961853027,7.789999961853027,7.789999961853027,7.789999961853027,500,7.905999946594238,7.794999980926514,7.120499968528748,6.173799982070923,6.70539999961853,7.768400015830994,59.3162196423771,0.5621852785758001,0.5391513247295867,0.02303395384621343,9.271625019009841,7.120499968528748,4.969374918047654,67.12342324309661,70.53864500861219,NICK
2020-06-25,7.360000133514404,7.590000152587891,7.340000152587891,7.570000171661377,7.570000171661377,3900,7.8199999809265135,7.850999975204468,7.223499965667725,6.21439998626709,6.6974000024795535,7.758850018978119,56.17566912873927,0.5143241707711992,0.5341858939379092,-0.019861723166709977,9.24996762872269,7.223499965667725,5.197032302612761,57.01964810636752,65.03793754139814,NICK
2020-06-26,8.0,8.0,7.329999923706055,7.5,7.5,3200,7.730000019073486,7.869999980926513,7.325999975204468,6.25439998626709,6.687400002479553,7.7500500178337095,55.17467026016166,0.4653808484467863,0.5204248848396846,-0.05504403639289834,9.183626437772359,7.325999975204468,5.4683735126365765,43.180345372998794,55.77447224082071,NICK
2020-06-29,8.0,8.0,8.0,8.0,8.0,1100,7.765999984741211,7.938999986648559,7.445999979972839,6.298399982452392,6.683600001335144,7.74460001707077,60.578198023039945,0.46161749507641403,0.5086634068870305,-0.04704591181061646,9.145475201274078,7.445999979972839,5.7465247586716,42.15501295548906,47.45166881161819,NICK
2020-06-30,8.050000190734863,8.050000190734863,7.400000095367432,7.400000095367432,7.400000095367432,1100,7.652000045776367,7.828999996185303,7.535999989509582,6.334199981689453,6.676000003814697,7.735500016212463,52.413129299987204,0.4055451603559872,0.48803975758082185,-0.08249459722483465,9.010685028152052,7.535999989509582,6.061314950867112,37.71317435353081,41.01617756067262,NICK
2020-07-01,7.409999847412109,7.75,7.400000095367432,7.449999809265137,7.449999809265137,2900,7.584000015258789,7.744999980926513,7.628499984741211,6.384199981689453,6.669099998474121,7.727750015258789,52.981864254249444,0.36098082787619923,0.46262797163989733,-0.1016471437636981,8.808470707766222,7.628499984741211,6.4485292617162,35.89270500519449,38.58696410473785,NICK
2020-07-02,7.5,7.510000228881836,7.5,7.510000228881836,7.510000228881836,1600,7.572000026702881,7.696000003814698,7.688999986648559,6.429399986267089,6.661599998474121,7.719150018692017,53.697024112700895,0.32673836920332544,0.43545005115258295,-0.10871168194925751,8.702664627526296,7.688999986648559,6.675335345770823,25.021124248010054,32.87566786891151,NICK
2020-07-06,7.800000190734863,7.800000190734863,7.400000095367432,7.400000095367432,7.400000095367432,3600,7.552000045776367,7.641000032424927,7.738499999046326,6.467399988174439,6.652999997138977,7.710550019741058,52.13149372739267,0.28741177846185195,0.4058423966144368,-0.11843061815258482,8.579482112681928,7.738499999046326,6.897517885410723,18.290600434799725,26.401476562667813,NICK
2020-07-07,7.300000190734863,7.5,7.28000020980835,7.5,7.5,1900,7.4520000457763675,7.609000015258789,7.7515000104904175,6.514199991226196,6.646900000572205,7.701850020885468,53.45989623758606,0.2613021994360958,0.37693435717876855,-0.11563215774267277,8.568966137449177,7.7515000104904175,6.934033883531659,16.89412383137198,20.068616171393643,NICK
2020-07-08,7.349999904632568,7.5,7.349999904632568,7.5,7.5,800,7.472000026702881,7.562000036239624,7.708999991416931,6.555199995040893,6.639900002479553,7.692350022792816,53.459896237586044,0.2378681737100914,0.34912112048503313,-0.11125294677494174,8.484909634663378,7.708999991416931,6.933090348170484,17.529031695005933,17.571251987058936,NICK
2020-07-09,7.75,8.75,7.75,8.390000343322754,8.390000343322754,38100,7.660000133514404,7.622000074386596,7.708500027656555,6.616599998474121,6.641300005912781,7.688750026226043,63.82267485279335,0.28779461201079126,0.3368558187901848,-0.04906120677939352,8.482638887004669,7.708500027656555,6.934361168308442,40.70479958730399,25.04265170456036,NICK
2020-07-10,8.0600004196167,8.350000381469727,7.909999847412109,8.300000190734863,8.300000190734863,33700,7.81800012588501,7.695000076293946,7.773000025749207,6.672600002288818,6.645000009536743,7.685350029468537,62.311703425832285,0.3164515573446609,0.33277496650108,-0.01632340915641911,8.518012823856466,7.773000025749207,7.0279872276419475,57.82312989363956,38.68565372531622,NICK
2020-07-13,7.900000095367432,8.5,7.75,8.449999809265137,8.449999809265137,44300,8.02800006866455,7.790000057220459,7.830000019073486,6.731599998474121,6.649200010299682,7.682950026988983,63.847898573170625,0.34726307602353046,0.3356725884055701,0.011590487617960332,8.598661191761387,7.830000019073486,7.061338846385585,74.829936165444,57.785955215462245,NICK
2020-07-14,8.390000343322754,8.75,8.140000343322754,8.300000190734863,8.300000190734863,60200,8.188000106811524,7.820000076293946,7.879500031471252,6.785200004577637,6.6528000116348265,7.679450027942657,61.163086116952904,0.35547995925357956,0.33963406257517204,0.015845896678407523,8.635237426266293,7.879500031471252,7.1237626366762115,72.78911608759087,68.48072738222453,NICK
2020-07-15,8.600000381469727,8.770000457763672,8.300000190734863,8.40999984741211,8.40999984741211,61900,8.370000076293945,7.921000051498413,7.875000023841858,6.841999998092652,6.655400013923645,7.676700026988983,62.411359814328726,0.3666415360006221,0.345035557260262,0.021605978740360077,8.616849050511533,7.875000023841858,7.133150997172184,74.93949126226109,74.18618117176504,NICK
2020-07-16,8.40999984741211,8.40999984741211,8.40999984741211,8.40999984741211,8.40999984741211,0,8.373999977111817,8.01700005531311,7.881000018119812,6.900199995040894,6.659400010108948,7.673700025081635,62.411359814328726,0.37120810996482323,0.35027006780117426,0.020938042163648973,8.637964978457903,7.881000018119812,7.12403505778172,73.68851405735677,73.80570713573597,NICK
2020-07-17,8.199999809265137,8.199999809265137,8.199999809265137,8.199999809265137,8.199999809265137,2800,8.353999900817872,8.086000013351441,7.8910000085830685,6.957199993133545,6.662400007247925,7.66970002412796,58.26497074563879,0.35380347843257454,0.3509767499274543,0.002826728505120224,8.659190041163061,7.8910000085830685,7.122809976003077,71.14090258325184,73.25630263428963,NICK
2020-07-20,8.380000114440918,8.390000343322754,8.199999809265137,8.199999809265137,8.199999809265137,10500,8.303999900817871,8.16599998474121,7.903500008583069,7.012599992752075,6.6654000043869015,7.666650021076203,58.26497074563878,0.3361354226345723,0.3480084844688779,-0.011873061834305587,8.683173598121291,7.903500008583069,7.123826419044846,66.4429159344767,70.4241108583615,NICK
2020-07-21,8.180000305175781,8.180000305175781,8.149999618530273,8.149999618530273,8.149999618530273,600,8.273999786376953,8.230999946594238,7.919999980926514,7.066999988555908,6.66789999961853,7.662400019168854,57.21533050778642,0.31447370646487194,0.3413015288680767,-0.02682782240320475,8.705849761012818,7.919999980926514,7.134150200840211,60.62635697218513,66.07005849663763,NICK
2020-07-22,8.390000343322754,8.390000343322754,8.199999809265137,8.199999809265137,8.199999809265137,3400,8.231999778747559,8.300999927520753,7.931499981880188,7.107999982833863,6.668599996566773,7.658700020313263,58.02958632771175,0.2979071496786858,0.3326226530301985,-0.03471550335151269,8.72661686722635,7.931499981880188,7.136383096534027,60.62635697218513,62.56520995961538,NICK
2020-07-23,8.199999809265137,8.479999542236328,8.199999809265137,8.210000038146973,8.210000038146973,900,8.191999816894532,8.282999897003174,7.952499985694885,7.161199979782104,6.665699996948242,7.6555000185966495,58.20092772142098,0.28233043940454294,0.3225642103050674,-0.040233770900524435,8.753720845293717,7.952499985694885,7.151279126096053,60.85007570188688,60.70092988208544,NICK
2020-07-24,8.329999923706055,8.359999656677246,8.170000076293945,8.359999656677246,8.359999656677246,800,8.223999786376954,8.288999843597413,7.991999959945678,7.217399969100952,6.663299989700318,7.653300015926361,60.78685115167144,0.278874804748817,0.3138263291938173,-0.034951524445000326,8.791789837861167,7.991999959945678,7.192210082030191,65.54806235066202,62.34149834157773,NICK
2020-07-27,8.199999809265137,8.300000190734863,8.199999809265137,8.300000190734863,8.300000190734863,1100,8.243999862670899,8.273999881744384,8.031999969482422,7.272399969100952,6.658499994277954,7.650600016117096,59.20895531480576,0.2682030560430997,0.3047016745636738,-0.03649861852057412,8.80906102376338,8.031999969482422,7.254938915201464,67.26688676833506,64.5550082736277,NICK
2020-07-28,8.199999809265137,8.199999809265137,8.199999809265137,8.199999809265137,8.199999809265137,400,8.25399990081787,8.263999843597412,8.041999959945679,7.324399967193603,6.650099992752075,7.648250014781952,56.573122916159654,0.24880831587387675,0.2935230028257144,-0.04471468695183767,8.822297257433775,8.041999959945679,7.261702662457584,61.167394463358754,64.66078119411833,NICK
2020-07-29,8.199999809265137,8.199999809265137,8.199999809265137,8.199999809265137,8.199999809265137,0,8.25399990081787,8.242999839782716,8.081999945640565,7.3733999633789065,6.643799991607666,7.645500013828277,56.57312291615965,0.23077758422136618,0.28097391910484476,-0.05019633488347858,8.806585276914994,8.081999945640565,7.357414614366136,51.7122065528255,60.048829261506164,NICK
2020-07-30,8.619999885559082,8.619999885559082,8.40999984741211,8.40999984741211,8.40999984741211,1400,8.293999862670898,8.242999839782716,8.129999947547912,7.426799964904785,6.652399988174438,7.644900014400482,60.82099013846155,0.23077313842874236,0.2709337629696243,-0.04016062454088193,8.80634294795706,8.129999947547912,7.453656947138764,50.980351824634006,54.61998428027248,NICK
2020-07-31,8.229999542236328,8.3100004196167,8.149999618530273,8.15999984741211,8.15999984741211,1000,8.25399990081787,8.238999843597412,8.162499928474427,7.475599966049194,6.65399998664856,7.642950012683868,54.04360780965746,0.20819674199943528,0.25838635877558647,-0.05018961677615119,8.776108050756623,8.162499928474427,7.548891806192231,37.33265693199761,46.675071769818764,NICK
2020-08-03,8.149999618530273,8.470000267028809,8.149999618530273,8.470000267028809,8.470000267028809,1100,8.28799991607666,8.265999889373779,8.215999937057495,7.533999967575073,6.658699989318848,7.642400014400482,59.996326153311486,0.2128654478775296,0.2492821765959751,-0.03641672871844551,8.733393420396574,8.215999937057495,7.698606453718415,39.831100065023456,42.71470294055141,NICK
2020-08-04,8.180000305175781,8.180000305175781,8.180000305175781,8.180000305175781,8.180000305175781,300,8.284000015258789,8.26899995803833,8.249999952316283,7.583999977111817,6.66449999332428,7.638050014972687,53.07090423865507,0.1909635487125172,0.23761845101928353,-0.04665490230676633,8.65099873682466,8.249999952316283,7.849001167807907,20.390194344190103,32.51798378040345,NICK
2020-08-05,7.800000190734863,8.119999885559082,7.800000190734863,8.0,8.0,2300,8.244000053405761,8.248999977111817,8.274999952316284,7.628199977874756,6.671799993515014,7.631800014972686,49.2693727122012,0.15726871962376876,0.22154850474018056,-0.0642797851164118,8.516453953554544,8.274999952316284,8.033545951078024,27.462096289965288,29.227796899726012,NICK
2020-08-06,8.0,8.199999809265137,7.889999866485596,7.889999866485596,7.889999866485596,1300,8.140000057220458,8.216999959945678,8.249999928474427,7.672599973678589,6.679599990844727,7.625000014305114,47.05128726189856,0.12030246145766199,0.20129929608367686,-0.08099683462601487,8.537749863621436,8.249999928474427,7.962249993327419,13.916308403058574,20.589533012404384,NICK
2020-08-07,7.829999923706055,8.5,7.670000076293945,8.5,8.5,45200,8.208000087738037,8.230999994277955,8.259999918937684,7.732399969100952,6.699599990844726,7.62310001373291,58.270570018825296,0.13863030446875335,0.18876549776069215,-0.0501351932919388,8.56724579417016,8.259999918937684,7.952754043705207,40.91141152682966,27.4299387399509,NICK
2020-08-10,8.289999961853027,8.479999542236328,8.0,8.319999694824219,8.319999694824219,8100,8.17799997329712,8.23299994468689,8.253499913215638,7.789799966812134,6.731799988746643,7.6207500123977665,54.5944777940125,0.13705089439825002,0.17842257708820372,-0.0413716826899537,8.549694157768489,8.253499913215638,7.957305668662787,55.58834369173252,36.80535454053997,NICK
2020-08-11,8.300000190734863,8.479999542236328,8.210000038146973,8.210000038146973,8.210000038146973,8400,8.183999919891358,8.233999967575073,8.248999905586242,7.841999969482422,6.752999987602234,7.618750014305115,52.41816306669115,0.12547672991407666,0.1678334076533783,-0.04235667773930166,8.544966158554345,8.248999905586242,7.953033652618138,70.87718981234728,55.79231501030288,NICK
2020-08-12,8.220000267028809,8.399999618530273,8.220000267028809,8.399999618530273,8.399999618530273,3800,8.263999843597412,8.253999948501587,8.248499894142151,7.897999963760376,6.776999983787537,7.617500014305115,55.7028555117434,0.13013537976572387,0.16029380207584742,-0.030158422310123556,8.543408370213006,8.248499894142151,7.953591418071296,67.36840379314863,64.6113124324092,NICK
2020-08-13,8.220000267028809,8.399999618530273,8.220000267028809,8.399999618530273,8.399999618530273,900,8.365999794006347,8.252999925613404,8.247999882698059,7.95399995803833,6.8060999822616575,7.6164000129699705,55.70285551174339,0.13230229483734846,0.15469550062814763,-0.022393205790799176,8.54184337085013,8.247999882698059,7.954156394545989,70.17541922360216,69.47367094303242,NICK
2020-08-14,8.529999732971191,8.539999961853027,8.399999618530273,8.399999618530273,8.399999618530273,6400,8.345999717712402,8.276999902725219,8.257999873161316,7.995999946594238,6.836099977493286,7.615500011444092,55.7028555117434,0.1324923018611308,0.15025486087474427,-0.017762559013613455,8.558173121171514,8.257999873161316,7.957826625151118,76.84207250536345,71.4619651740378,NICK
2020-08-17,8.399999618530273,8.399999618530273,8.399999618530273,8.399999618530273,8.399999618530273,400,8.361999702453613,8.269999837875366,8.267999863624572,8.035799942016602,6.86419997215271,7.614600009918213,55.70285551174339,0.13113128398106078,0.14643014549600758,-0.015298861514946804,8.57306373175465,8.267999863624572,7.962935995494495,76.84207250536345,74.61985474477608,NICK
2020-08-18,8.399999618530273,8.399999618530273,8.399999618530273,8.399999618530273,8.399999618530273,300,8.399999618530273,8.291999769210815,8.280499863624573,8.058999938964844,6.886499967575073,7.6143000078201295,55.70285551174339,0.1285705858245283,0.14285823356171173,-0.01428764773718344,8.585686591922194,8.280499863624573,7.975313135326953,76.84207250536345,76.84207250536316,NICK
2020-08-19,8.050000190734863,8.210000038146973,8.050000190734863,8.210000038146973,8.210000038146973,5700,8.361999702453613,8.312999773025513,8.280999875068664,8.056199932098389,6.904599967002869,7.612350006103515,50.63920415587918,0.10994248728584566,0.1362750843065385,-0.02633259702069285,8.585689770554861,8.280999875068664,7.976309979582467,71.91770476929702,75.20061659334102,NICK
2020-08-20,8.0,8.15999984741211,8.0,8.020000457763672,8.020000457763672,4700,8.285999870300293,8.32599983215332,8.2714998960495,8.048599948883057,6.9276999711990355,7.609100008010865,46.12380499960893,0.07893825566757506,0.12480771857874581,-0.04586946291117075,8.595677128137226,8.2714998960495,7.947322663961774,59.713658666330474,69.49114531366338,NICK
2020-08-21,8.100000381469727,8.109999656677246,8.010000228881836,8.09000015258789,8.09000015258789,17600,8.223999977111816,8.28499984741211,8.257999920845032,8.070199947357178,6.950199971199035,7.606200008392334,47.964726645857795,0.059331630987754735,0.1117125010605476,-0.052380870072792865,8.588732245136208,8.257999920845032,7.927267596553856,50.19159356076123,60.6076523321293,NICK
2020-08-24,8.029999732971191,8.109999656677246,8.0,8.020000457763672,8.020000457763672,30600,8.148000144958496,8.254999923706055,8.243999934196472,8.08439995765686,6.974799976348877,7.603350009918213,46.26236849235726,0.03771015017299817,0.09691203088303771,-0.05920188071003954,8.58979729708072,8.243999934196472,7.898202571312223,42.91191519386112,50.939055806983994,NICK
2020-08-25,8.149999618530273,8.199999809265137,8.100000381469727,8.100000381469727,8.100000381469727,5700,8.088000297546387,8.24399995803833,8.238999962806702,8.100199966430663,6.9967999792099,7.601050009727478,48.511512212807624,0.02672225854627186,0.08287407641568453,-0.056151817869412674,8.590049516802095,8.238999962806702,7.887950408811308,45.97704677352965,46.360185176050386,NICK
2020-08-26,8.050000190734863,8.0600004196167,8.050000190734863,8.0600004196167,8.0600004196167,1800,8.058000373840333,8.210000038146973,8.23199999332428,8.091399974822998,7.018399982452393,7.597200012207031,47.4423115586648,0.014618104234536133,0.06922288197945485,-0.05460477774491872,8.591365762376562,8.23199999332428,7.872634224271998,44.82763156596661,44.572197844452184,NICK
2020-08-27,8.0600004196167,8.0600004196167,8.0600004196167,8.0600004196167,8.0600004196167,700,8.066000366210938,8.176000118255615,8.214500021934509,8.086799983978272,7.039999985694886,7.593350014686584,47.442311558664805,0.004968204369392382,0.056371946457442354,-0.05140374208804997,8.571569680449581,8.214500021934509,7.857430363419436,35.12138336808875,41.97535390252806,NICK
2020-08-28,8.0600004196167,8.0600004196167,8.0600004196167,8.0600004196167,8.0600004196167,500,8.0600004196167,8.142000198364258,8.209500050544738,8.087999992370605,7.0607999897003175,7.590350017547608,47.442311558664805,-0.002648876201526207,0.04456778192564864,-0.04721665812717485,8.572237853641125,8.209500050544738,7.846762247448352,22.350003590542357,34.099672841532296,NICK
2020-08-31,8.020000457763672,8.050000190734863,8.020000457763672,8.050000190734863,8.050000190734863,800,8.066000366210938,8.107000255584717,8.188500046730042,8.09,7.081499991416931,7.585300016403198,47.11804209599293,-0.009384226802346518,0.03377738018004961,-0.04316160698239613,8.53682558649488,8.188500046730042,7.8401745069652025,10.493891480097048,22.655092812909107,NICK
2020-09-01,8.0600004196167,8.0600004196167,8.0600004196167,8.0600004196167,8.0600004196167,900,8.058000373840333,8.07300033569336,8.182500052452088,8.094800004959106,7.099399995803833,7.579250016212463,47.50445122142362,-0.013756529079625324,0.024270598328114623,-0.03802712740773995,8.535309723010355,8.182500052452088,7.829690381893822,10.493891480097048,14.445928850245208,NICK
2020-09-02,8.0600004196167,8.0600004196167,8.0600004196167,8.0600004196167,8.0600004196167,0,8.058000373840333,8.058000373840333,8.185500073432923,8.096600017547608,7.117300000190735,7.572300019264222,47.50445122142363,-0.0170253524697479,0.016011408168542116,-0.033036760638290016,8.533032289660191,8.185500073432923,7.837967857205654,10.493891480097048,10.49389148009677,NICK
2020-09-03,7.900000095367432,8.039999961853027,7.900000095367432,8.039999961853027,8.039999961853027,1100,8.054000282287598,8.060000324249268,8.193000078201294,8.101600017547607,7.137699999809265,7.565250020027161,46.71272610344472,-0.020987853437802073,0.008611555847273277,-0.029599409285075352,8.520602921691086,8.193000078201294,7.865397234711501,16.740793068553586,12.576192009582284,NICK
2020-09-04,7.829999923706055,7.829999923706055,7.829999923706055,7.829999923706055,7.829999923706055,200,8.00800018310547,8.034000301361084,8.159500074386596,8.1068000125885,7.160599999427795,7.556400017738342,39.30547182964975,-0.04060533896651819,-0.0012318231154850173,-0.03937351585103317,8.491672701308334,8.159500074386596,7.827327447464858,13.037063200943606,13.423915916531136,NICK
2020-09-08,7.929999828338623,7.989999771118164,7.650000095367432,7.75,7.75,11700,7.948000144958496,8.007000255584718,8.131000089645386,8.111800012588501,7.183099999427795,7.548850016593933,36.90465995315549,-0.06189418520099288,-0.013364295532586591,-0.04852988966840629,8.499070319502968,8.131000089645386,7.762929859787805,15.285709217291886,15.021188495596084,NICK
2020-09-09,7.769999980926514,8.09000015258789,7.769999980926514,7.800000190734863,7.800000190734863,4900,7.896000099182129,7.9770002365112305,8.11050009727478,8.107800016403198,7.2030999994277956,7.541950016021729,39.396221340280356,-0.07387951464002462,-0.0254673393540742,-0.048412175285950425,8.503512417185714,8.11050009727478,7.717487777363846,15.043295483681005,14.455355967305223,NICK
2020-09-10,7.599999904632568,7.650000095367432,7.599999904632568,7.650000095367432,7.650000095367432,3300,7.814000034332276,7.936000204086303,8.073000121116639,8.112800016403199,7.223499999046326,7.534450018405915,34.93877122944104,-0.09439361779518585,-0.03925259504229653,-0.05514102275288932,8.4907126377405,8.073000121116639,7.655287604492777,17.821084299357718,16.050029666776595,NICK
2020-09-11,7.599999904632568,7.599999904632568,7.550000190734863,7.599999904632568,7.599999904632568,3000,7.726000022888184,7.8900001525878904,8.033000135421753,8.115800018310546,7.25,7.528300018310547,33.57508681836068,-0.11337882929679477,-0.05407784189319618,-0.05930098740359859,8.470543113675216,8.033000135421753,7.5954571571682905,14.43279781239328,15.765725865143727,NICK
2020-09-14,6.940000057220459,7.300000190734863,6.940000057220459,7.010000228881836,7.010000228881836,14800,7.56200008392334,7.785000133514404,7.963500165939331,8.105800018310546,7.267600002288819,7.518350019454956,22.443422023296964,-0.1740267175212269,-0.07806761701880233,-0.09595910050242457,8.558891560252702,7.963500165939331,7.36810877162596,7.193734970255726,13.149205694001965,NICK
2020-09-15,7.159999847412109,7.25,7.050000190734863,7.170000076293945,7.170000076293945,10900,7.446000099182129,7.697000122070312,7.902000188827515,8.101200017929077,7.284300003051758,7.508950018882752,29.29003928312855,-0.20679613821665388,-0.10381332125837264,-0.10298281695828124,8.55559337094804,7.902000188827515,7.24840700670699,11.08261282124568,10.903048534631287,NICK
2020-09-16,7.25,7.639999866485596,7.25,7.489999771118164,7.489999771118164,4500,7.384000015258789,7.640000057220459,7.856500196456909,8.10100001335144,7.307600002288819,7.501750016212464,40.58682416102749,-0.20458649343972457,-0.12396795569464303,-0.08061853774508154,8.4915208519739,7.856500196456909,7.221479540939918,24.460542794895968,14.245630195465514,NICK
2020-09-17,7.300000190734863,7.610000133514404,7.260000228881836,7.489999771118164,7.489999771118164,6000,7.351999950408936,7.582999992370605,7.820500183105469,8.100800008773804,7.328000001907348,7.493900012969971,40.586824161027494,-0.2005238202562074,-0.1392791286069559,-0.061244691649251504,8.452907736687594,7.820500183105469,7.188092629523342,38.55070540795518,24.697953674698663,NICK
2020-09-18,7.260000228881836,7.769999980926514,7.260000228881836,7.769999980926514,7.769999980926514,17400,7.385999965667724,7.555999994277954,7.808000159263611,8.088400001525878,7.3525,7.487500011920929,48.875439900722014,-0.17271944338690304,-0.14596719156294533,-0.026752251823957712,8.433990809041875,7.808000159263611,7.182009509485346,55.94200554927864,39.651084584042984,NICK
2020-09-21,7.460000038146973,8.149999618530273,7.440000057220459,7.449999809265137,7.449999809265137,2300,7.473999881744385,7.517999982833862,7.776000142097473,8.071399993896485,7.371999998092651,7.479750010967255,41.71319408006425,-0.17449415391086998,-0.15167258403253026,-0.02282156987833972,8.40647325023779,7.776000142097473,7.145527033957157,54.04957121850037,49.514094058577776,NICK
2020-09-22,7.449999809265137,7.829999923706055,7.119999885559082,7.570000171661377,7.570000171661377,1400,7.553999900817871,7.5,7.753500127792359,8.05380000114441,7.392699999809265,7.4734500122070315,44.96988110733201,-0.16432338078082065,-0.15420274338218834,-0.01012063739863231,8.379640131520024,7.753500127792359,7.127360124064694,55.46293319358579,55.15150332045465,NICK
2020-09-23,7.980000019073486,7.980000019073486,7.139999866485596,7.139999866485596,7.139999866485596,1600,7.483999919891358,7.433999967575073,7.7055001020431515,8.030599994659424,7.407899999618531,7.464150011539459,36.99355766831937,-0.18878421386069189,-0.16111903747788905,-0.02766517638280283,8.36436224494211,7.7055001020431515,7.046637959144193,36.91460500201077,48.80903647136537,NICK
2020-09-24,7.349999904632568,7.480000019073486,7.349999904632568,7.460000038146973,7.460000038146973,4300,7.477999973297119,7.414999961853027,7.675500082969665,8.011599998474122,7.4267999982833866,7.457200009822845,44.83523424347361,-0.18027021794902076,-0.1649492735721154,-0.015320944376905371,8.32158001611292,7.675500082969665,7.029420149826411,37.190093500838834,43.189210565478184,NICK
2020-09-25,8.0,8.0,7.400000095367432,7.400000095367432,7.400000095367432,2400,7.403999996185303,7.394999980926514,7.6425000667572025,7.9914000034332275,7.44579999923706,7.450850009918213,43.736103476087486,-0.17633166709523618,-0.16722575227673955,-0.009105914818496624,8.273907401674798,7.6425000667572025,7.011092731839606,32.506894108878676,35.53719753724247,NICK
2020-09-28,7.690000057220459,7.690000057220459,7.380000114440918,7.519999980926514,7.519999980926514,4800,7.418000030517578,7.445999956130981,7.615500044822693,7.977800006866455,7.4675,7.443450009822845,46.557914948596775,-0.16166378974815387,-0.16611335977102243,0.004449570022868554,8.218740596450338,7.615500044822693,7.012259493195049,42.975220616082005,37.55740274193288,NICK
2020-09-29,7.519999980926514,7.519999980926514,7.519999980926514,7.519999980926514,7.519999980926514,500,7.4079999923706055,7.480999946594238,7.589000034332275,7.964200010299683,7.4884000015258785,7.436050009727478,46.557914948596775,-0.1483295406614289,-0.1625565959491037,0.014227055287674817,8.159224672510376,7.589000034332275,7.018775396154175,44.62811220100654,40.03674230865545,NICK
2020-09-30,7.25,7.389999866485596,7.25,7.269999980926514,7.269999980926514,1600,7.434000015258789,7.458999967575073,7.5495000123977665,7.946600017547607,7.506800003051758,7.426950008869171,41.52586006927885,-0.15613513421842296,-0.16127230360296757,0.005137169384544615,8.092546111068025,7.5495000123977665,7.006453913727509,41.046840532329405,42.88339111647236,NICK
2020-10-01,7.360000133514404,7.369999885559082,7.349999904632568,7.349999904632568,7.349999904632568,1000,7.411999988555908,7.4449999809265135,7.513999986648559,7.929600019454956,7.51880000114441,7.4182500076293945,43.62561174223902,-0.1540895496814727,-0.1598357528186686,0.005746203137195899,8.009677284306806,7.513999986648559,7.018322688990313,36.36364114036925,40.67953129123478,NICK
2020-10-02,7.25,7.25,7.25,7.25,7.25,300,7.381999969482422,7.392999982833862,7.474499988555908,7.910400018692017,7.53579999923706,7.409050006866455,41.614026110181115,-0.15870807783909235,-0.15961021782275336,0.00090213998366101,7.919538175483246,7.474499988555908,7.02946180162857,26.446279450153536,34.61892037428378,NICK
2020-10-05,7.260000228881836,7.260000228881836,6.940000057220459,7.099999904632568,7.099999904632568,4100,7.2979999542236325,7.357999992370606,7.437999987602234,7.885200023651123,7.551299996376038,7.399350006580352,38.72924627982711,-0.1724837633156655,-0.1621849269213358,-0.010298836394329713,7.880158340840536,7.437999987602234,6.9958416343639325,21.76308005819338,28.19100021623844,NICK
2020-10-06,7.099999904632568,7.110000133514404,7.099999904632568,7.110000133514404,7.110000133514404,700,7.215999984741211,7.311999988555908,7.405999994277954,7.8614000225067135,7.566899995803833,7.389850006103516,39.03268645793839,-0.18051331329886633,-0.1658506041968419,-0.01466270910202444,7.845836316512159,7.405999994277954,6.9661636720437485,15.151513718495252,21.120291075613775,NICK
2020-10-07,7.110000133514404,7.110000133514404,7.110000133514404,7.110000133514404,7.110000133514404,0,7.184000015258789,7.309000015258789,7.371499991416931,7.8396000289917,7.581999998092652,7.380250008106231,39.03268645793839,-0.18474713948742671,-0.16962991125495885,-0.01511722823246786,7.7900342697259815,7.371499991416931,6.95296571310788,13.774109677052687,16.896234484580155,NICK
2020-10-08,7.25,7.25,7.25,7.25,7.25,400,7.164000034332275,7.288000011444092,7.35149998664856,7.8206000328063965,7.5969999980926515,7.371750009059906,43.570175696258815,-0.17479077875326077,-0.17066208475461925,-0.004128693998641519,7.752761658577853,7.35149998664856,6.950238314719266,17.90634520737133,15.610656200972805,NICK
2020-10-09,7.25,7.25,7.25,7.25,7.25,200,7.164000034332275,7.273000001907349,7.333999991416931,7.797400035858154,7.61210000038147,7.36325001001358,43.570175696258815,-0.16499829351990236,-0.16952932650767588,0.00453103298777352,7.720647036714573,7.333999991416931,6.947352946119289,22.971572215216963,18.217342366546706,NICK
2020-10-12,7.25,7.25,7.25,7.25,7.25,0,7.1940000534057615,7.246000003814697,7.34599997997284,7.779200038909912,7.627400002479553,7.355300009250641,43.570175696258815,-0.15544579604624698,-0.1667126204153901,0.011266824369143114,7.705633083597998,7.34599997997284,6.986366876347682,28.03679922306259,22.97157221521668,NICK
2020-10-13,7.460000038146973,7.570000171661377,7.460000038146973,7.570000171661377,7.570000171661377,1600,7.286000061035156,7.251000022888183,7.365999984741211,7.761200037002563,7.647600002288819,7.3504000091552735,53.45874157403847,-0.12066310431986871,-0.1575027171962858,0.0368396128764171,7.728734036653117,7.365999984741211,7.003265932829304,39.308178222546196,30.1055165536083,NICK
2020-10-14,7.409999847412109,7.5,7.409999847412109,7.5,7.5,1500,7.364000034332276,7.274000024795532,7.366499996185302,7.747600030899048,7.665800004005432,7.34595000743866,51.33936240717608,-0.0976206888340716,-0.14552631152384296,0.04790562268977136,7.729943256934817,7.366499996185302,7.003056735435788,47.16981386705538,38.17159710422111,NICK
2020-10-15,7.449999809265137,7.900000095367432,7.449999809265137,7.900000095367432,7.900000095367432,4200,7.494000053405761,7.329000043869018,7.387000012397766,7.745600032806396,7.6869000053405765,7.344250009059906,60.88277395580839,-0.046546188309232406,-0.12573028688092086,0.07918409857168845,7.81628317466851,7.387000012397766,6.957716850127022,70.75472080058293,52.41090429672789,NICK
2020-10-16,7.599999904632568,7.809999942779541,7.599999904632568,7.800000190734863,7.800000190734863,5600,7.604000091552734,7.384000062942505,7.388500022888183,7.743800039291382,7.708200006484986,7.340950009822845,57.829274975354664,-0.013977313472035569,-0.10337969219914381,0.08940237872710824,7.823300054587779,7.388500022888183,6.9536999911885875,80.80450993810244,66.24301486857998,NICK
2020-10-19,7.539999961853027,7.840000152587891,7.539999961853027,7.840000152587891,7.840000152587891,5200,7.7220001220703125,7.4580000877380375,7.408000040054321,7.73060004234314,7.7315000057220455,7.3388500094413756,58.72109293173477,0.01488977702939387,-0.07972579835343627,0.09461557538283014,7.885015861140932,7.408000040054321,6.93098421896771,94.4444499633931,82.00122690069254,NICK
2020-10-20,7.869999885559082,7.920000076293945,7.800000190734863,7.820000171661377,7.820000171661377,1700,7.772000122070312,7.529000091552734,7.420500040054321,7.720600051879883,7.755200009346009,7.3359000110626225,58.05994829816077,0.035741319234047,-0.05663237483593961,0.0923736940699866,7.92608792235337,7.420500040054321,6.914912157755273,91.04309272916534,88.76401754355335,NICK
2020-10-21,7.800000190734863,7.849999904632568,7.800000190734863,7.849999904632568,7.849999904632568,1300,7.842000102996826,7.603000068664551,7.45600004196167,7.713400049209595,7.777700009346009,7.33245001077652,58.809110755829174,0.05406383020993566,-0.034493133826764555,0.08855696403670021,7.977283135343827,7.45600004196167,6.9347169485795135,92.13435332861008,92.54063200705589,NICK
2020-10-22,7.800000190734863,7.960000038146973,7.800000190734863,7.809999942779541,7.809999942779541,2300,7.824000072479248,7.659000062942505,7.473500037193299,7.7016000556945805,7.799800009727478,7.328850011825562,57.338425697015694,0.06461208167900967,-0.01467209072560971,0.07928417240461938,8.017164501799504,7.473500037193299,6.929835572587094,89.31572059977707,90.83105555251723,NICK
2020-10-23,7.829999923706055,7.829999923706055,7.829999923706055,7.829999923706055,7.829999923706055,300,7.830000019073486,7.71700005531311,7.49500002861023,7.6902000617980955,7.822100009918213,7.326450009346008,57.905261883358605,0.07373550131781759,0.0030094276830757508,0.07072607363474184,8.058968145686789,7.49500002861023,6.931031911533671,87.67831449065237,89.70946280634625,NICK
2020-10-26,7.829999923706055,7.829999923706055,7.829999923706055,7.829999923706055,7.829999923706055,0,7.8279999732971195,7.775000047683716,7.510500025749207,7.678800067901611,7.837400007247925,7.324550008773803,57.905261883358605,0.08004318905400254,0.01841617995726111,0.06162700909674143,8.093096819298003,7.510500025749207,6.927903232200411,84.96122838853654,87.31842115965507,NICK
2020-10-27,7.800000190734863,7.800000190734863,7.800000190734863,7.800000190734863,7.800000190734863,600,7.823999977111816,7.798000049591065,7.524500036239624,7.666800079345703,7.851300010681152,7.322050008773804,56.597068933288455,0.08167979545867965,0.031068903057544818,0.05061089240113483,8.120636800710708,7.524500036239624,6.928363271768541,82.35146285923729,84.99700191280847,NICK
2020-10-28,7.800000190734863,7.980000019073486,7.800000190734863,7.980000019073486,7.980000019073486,3700,7.85,7.846000051498413,7.560000038146972,7.658400087356568,7.858700013160705,7.320900008678437,62.125924003445334,0.0963901737291426,0.04413315719186438,0.052257016537278225,8.175532354645345,7.560000038146972,6.944467721648599,87.39022620258974,84.90097248345427,NICK
2020-10-29,7.800000190734863,7.900000095367432,7.75,7.75,7.75,4300,7.838000011444092,7.83100004196167,7.580000042915344,7.649200086593628,7.852700009346008,7.318450009822845,52.86009011237817,0.08846935548242829,0.05300039684997716,0.03546895863245113,8.192927459316762,7.580000042915344,6.967072626513926,81.98598677658636,83.90922527947087,NICK
2020-10-30,8.010000228881836,8.010000228881836,8.010000228881836,8.010000228881836,8.010000228881836,1500,7.874000072479248,7.852000045776367,7.618000054359436,7.649000082015991,7.848800015449524,7.316500012874603,60.103978922745085,0.10199614741665997,0.06279954696331372,0.03919660045334625,8.238567569315624,7.618000054359436,6.997432539403248,89.49771629844633,86.29130975920721,NICK
2020-11-02,8.109999656677246,8.1899995803833,8.109999656677246,8.149999618530273,8.149999618530273,2300,7.938000011444092,7.882999992370605,7.670500040054321,7.650200071334839,7.860200009346008,7.3152000117301945,63.368191839900426,0.12259975454601424,0.07475958847985383,0.047840166066160414,8.284518706594081,7.670500040054321,7.056481373514562,87.78831563405299,86.42400623636162,NICK
2020-11-03,8.100000381469727,8.100000381469727,7.550000190734863,7.949999809265137,7.949999809265137,2300,7.9679999351501465,7.895999956130981,7.712500023841858,7.648800058364868,7.866600008010864,7.312750012874603,56.28354131483554,0.12139063284505802,0.08408579735289466,0.03730483549216336,8.280615261674999,7.712500023841858,7.144384786008717,87.47979549100951,88.25527580783601,NICK
2020-11-04,8.0600004196167,8.109999656677246,8.0600004196167,8.109999656677246,8.109999656677246,600,7.993999862670899,7.921999931335449,7.7625,7.649000043869019,7.8746000051498415,7.30950001001358,60.12440556224596,0.13182346682909252,0.09363333124813424,0.03819013558095828,8.283801161562918,7.7625,7.241198838437082,83.37723289325784,86.21511467277317,NICK
2020-11-05,8.25,8.319999694824219,7.909999847412109,7.909999847412109,7.909999847412109,16400,8.025999832153321,7.931999921798706,7.795499992370606,7.646000032424927,7.868700003623962,7.305250008106231,53.76550008289899,0.12254067713926187,0.09941480042635976,0.023125876712902102,8.263708166218889,7.795499992370606,7.3272918185223235,67.56526655878785,79.47409831435147,NICK
2020-11-06,7.960000038146973,8.050000190734863,7.800000190734863,7.800000190734863,7.800000190734863,3900,7.983999824523925,7.928999948501587,7.8230000019073485,7.64080002784729,7.863800005912781,7.300450007915497,50.595976498786975,0.10509645987366767,0.10055113231582134,0.0045453275578463265,8.218833166235532,7.8230000019073485,7.427166837579165,55.86525486269495,68.93591810491328,NICK
2020-11-09,8.140000343322754,8.140000343322754,7.860000133514404,7.860000133514404,7.860000133514404,3200,7.925999927520752,7.931999969482422,7.853500008583069,7.636800022125244,7.862400007247925,7.296700010299682,52.24950750564336,0.09501797785171373,0.09944450142299982,-0.0044265235712860895,8.149423805976609,7.853500008583069,7.557576211189529,40.054403712912865,54.49497504479829,NICK
2020-11-10,7.860000133514404,8.0,7.860000133514404,7.869999885559082,7.869999885559082,2200,7.909999942779541,7.938999938964844,7.868499994277954,7.633200016021728,7.861600008010864,7.294500007629394,52.53464206737767,0.08683660631270129,0.09692292240094011,-0.010086316088238817,8.134302389416796,7.868499994277954,7.602697599139112,38.095246941944616,44.671635172517206,NICK
2020-11-11,7.800000190734863,8.010000228881836,7.800000190734863,8.0,8.0,18000,7.888000011444092,7.940999937057495,7.8934999942779545,7.632000007629395,7.863400006294251,7.291500005722046,56.196644076455335,0.08980748838069719,0.09549983559689153,-0.005692347216194341,8.10433384925843,7.8934999942779545,7.682666139297479,46.75325291913321,41.63430119132997,NICK
2020-11-12,8.050000190734863,8.170000076293945,7.889999866485596,8.0,8.0,52800,7.90600004196167,7.965999937057495,7.898499989509583,7.630799999237061,7.863700008392334,7.288100004196167,56.196644076455335,0.09111165537550114,0.09462219955261345,-0.0035105441771123014,8.114395599880822,7.898499989509583,7.6826043791383425,52.81385710316522,45.88745232141409,NICK
2020-11-13,8.149999618530273,8.350000381469727,8.050000190734863,8.260000228881836,8.260000228881836,24400,7.998000049591065,7.990999937057495,7.9214999914169315,7.635200004577637,7.868400011062622,7.286900005340576,62.845573752925674,0.11183588816968992,0.09806493727602875,0.013770950893661177,8.183589588250031,7.9214999914169315,7.659410394583832,68.54437540923901,56.037161810512224,NICK
2020-11-16,8.3100004196167,8.399999618530273,7.75,7.789999961853027,7.789999961853027,35300,7.984000015258789,7.95499997138977,7.918999981880188,7.634400005340576,7.870600008964539,7.284000005722046,48.51077435140639,0.08930544084466607,0.09631303798975621,-0.007007597145090139,8.185075090424027,7.918999981880188,7.6529248733363495,58.4756137053591,59.94461540592085,NICK
2020-11-17,8.130000114440918,8.130000114440918,7.659999847412109,7.840000152587891,7.840000152587891,9600,7.978000068664551,7.944000005722046,7.919999980926514,7.636200008392334,7.874000010490417,7.280700006484985,49.822032588057965,0.07462427435696295,0.09197528526319756,-0.017351010906234615,8.184726189517994,7.919999980926514,7.655273772335034,50.36764511497361,59.129211409856985,NICK
2020-11-18,7.800000190734863,8.0600004196167,7.800000190734863,7.800000190734863,7.800000190734863,4500,7.938000106811524,7.913000059127808,7.917499995231628,7.636200008392334,7.872000012397766,7.277800006866455,48.75238591931163,0.059080636711859036,0.08539635555292986,-0.026315718841070826,8.185744200377504,7.917499995231628,7.649255790085752,30.588245413852235,46.47716807806139,NICK
2020-11-19,7.929999828338623,8.039999961853027,7.75,7.800000190734863,7.800000190734863,5100,7.8980001449584964,7.902000093460083,7.917000007629395,7.639200010299683,7.87600001335144,7.276000008583069,48.75238591931164,0.04622928942054649,0.0775629423264532,-0.0313336529059067,8.18607981400629,7.917000007629395,7.6479202012525,30.980411516354717,37.31210068172659,NICK
2020-11-20,7.730000019073486,8.020000457763672,7.730000019073486,7.909999847412109,7.909999847412109,5500,7.828000068664551,7.913000059127808,7.921000003814697,7.645400009155273,7.88060001373291,7.274850006103516,52.03658955022171,0.04440864191105831,0.07093208224337422,-0.026523440332315906,8.187150224272965,7.921000003814697,7.654849783356428,33.72549943583613,31.764718788680764,NICK
2020-11-23,7.900000095367432,7.900000095367432,7.710000038146973,7.760000228881836,7.760000228881836,5700,7.822000122070312,7.903000068664551,7.917500019073486,7.660400009155273,7.883100013732911,7.272350006103515,47.56061700111074,0.030510345752650103,0.0628477349452294,-0.032337389192579294,8.190107654452543,7.917500019073486,7.64489238369443,28.426094348455482,31.044001766881845,NICK
2020-11-24,7.710000038146973,7.96999979019165,7.610000133514404,7.739999771118164,7.739999771118164,12000,7.802000045776367,7.890000057220459,7.914499998092651,7.671800003051758,7.886500010490417,7.269750003814697,46.98034811554916,0.017678192920867808,0.05381382654035708,-0.03613563361948927,8.193460475645185,7.914499998092651,7.635539520540117,24.1073865322293,28.752993438840036,NICK
2020-11-25,7.820000171661377,7.840000152587891,7.699999809265137,7.699999809265137,7.699999809265137,2000,7.781999969482422,7.860000038146973,7.900499987602234,7.676000003814697,7.888500008583069,7.2677000045776365,45.77742603086068,0.004232170891499187,0.043897495410585505,-0.03966532451908632,8.192696774910285,7.900499987602234,7.6083032002941815,13.7872005818097,22.10689382083123,NICK
2020-11-27,7.820000171661377,7.869999885559082,7.710000038146973,7.869999885559082,7.869999885559082,6200,7.795999908447266,7.847000026702881,7.906499981880188,7.683600006103515,7.892200007438659,7.266050004959107,51.465275088575424,0.007210568027077535,0.03656010993388391,-0.029349541906806373,8.19091335143067,7.906499981880188,7.622086612329706,20.253138324916552,19.38257514631825,NICK
2020-11-30,7.789999961853027,7.789999961853027,7.599999904632568,7.599999904632568,7.599999904632568,8700,7.733999919891358,7.780999994277954,7.885999965667724,7.680200004577637,7.884300003051758,7.262800004482269,43.63614346751418,-0.012076561675960384,0.02683277561191505,-0.038909337287875434,8.195606104762042,7.885999965667724,7.5763938265734065,14.767917972688586,16.26941895980468,NICK
2020-12-01,7.610000133514404,7.78000020980835,7.480000019073486,7.480000019073486,7.480000019073486,18100,7.677999877929688,7.75,7.852499985694886,7.6808000087738035,7.876100001335144,7.2605500054359435,40.674560227451465,-0.03662257654002321,0.014141705181527396,-0.050764281721550605,8.184757408060028,7.852499985694886,7.520242563329744,10.970460824180677,15.330505707261672,NICK
2020-12-02,7.440000057220459,7.5,7.150000095367432,7.340000152587891,7.340000152587891,21200,7.597999954223633,7.7,7.822000002861023,7.676200008392334,7.865000004768372,7.257100007534027,37.47866069196012,-0.06660451398462097,-0.002007538651702277,-0.0645969753329187,8.218615650022118,7.822000002861023,7.425384355699927,5.066670125327151,10.268349640731872,NICK
2020-12-03,7.349999904632568,7.579999923706055,7.21999979019165,7.510000228881836,7.510000228881836,14900,7.560000038146972,7.671000003814697,7.792000031471252,7.683600015640259,7.857100005149841,7.254950008392334,43.30409273238588,-0.07577435046637504,-0.016760901014636828,-0.05901344945173821,8.187706981261671,7.792000031471252,7.396293081680833,14.666677347823395,10.234602765776808,NICK
2020-12-04,7.559999942779541,7.71999979019165,7.539999961853027,7.71999979019165,7.71999979019165,1800,7.530000019073486,7.662999963760376,7.7825000286102295,7.6888000106811525,7.850200004577637,7.252800009250641,49.55665082842335,-0.06534306816991364,-0.02647733444569219,-0.03886573372422145,8.175533113135469,7.7825000286102295,7.38946694408499,29.866675008141513,16.53334082709709,NICK
2020-12-07,7.5,7.869999885559082,7.5,7.840000152587891,7.840000152587891,8000,7.578000068664551,7.655999994277954,7.784500026702881,7.697600011825561,7.844500007629395,7.251950008869171,52.76249100548625,-0.04685308226877005,-0.030552484010307763,-0.01630059825846229,8.178275352591275,7.784500026702881,7.390724700814489,48.26939412741218,30.9342488277921,NICK
2020-12-08,7.519999980926514,8.0,7.519999980926514,7.96999979019165,7.96999979019165,6300,7.676000022888184,7.676999950408936,7.790000009536743,7.706600008010864,7.8422000074386595,7.252300007343292,56.02315669202235,-0.021462346357673745,-0.02873445647978096,0.007272110122107215,8.190849092433306,7.790000009536743,7.38915092664018,68.70599506036548,48.9473547319728,NICK
2020-12-09,7.989999771118164,8.539999961853027,7.860000133514404,8.25,8.25,6900,7.857999992370606,7.727999973297119,7.809000015258789,7.721200008392334,7.842700009346008,7.254050006866455,62.09254365651733,0.02101146457000702,-0.018785272269823364,0.039796736839830385,8.256522069019034,7.809000015258789,7.361477961498543,79.88489452933874,65.62009457237188,NICK
2020-12-10,8.5,8.550000190734863,8.1899995803833,8.350000381469727,8.350000381469727,53800,8.026000022888184,7.793000030517578,7.826500034332275,7.742800016403198,7.844700016975403,7.256300008296966,64.00332564121503,0.06202645838192922,-0.0026229261394728476,0.06464938452140206,8.32679101600731,7.826500034332275,7.326209052657241,84.98693872185476,77.85927610385274,NICK
2020-12-11,8.40999984741211,8.539999961853027,8.199999809265137,8.489999771118164,8.489999771118164,5400,8.180000019073486,7.855000019073486,7.851000022888184,7.76560001373291,7.847600016593933,7.258100006580353,66.54574412776134,0.10462190104548252,0.018826039297518228,0.0857958617479643,8.42538317124302,7.851000022888184,7.276616874533347,86.85508257760769,83.90897194293348,NICK
2020-12-14,8.130000114440918,8.539999961853027,8.130000114440918,8.460000038146973,8.460000038146973,10000,8.303999996185302,7.941000032424927,7.861000013351441,7.7898000144958495,7.850100016593933,7.257900006771088,65.47851079239302,0.13440898539050128,0.04194262851611484,0.09246635687438644,8.469470203166386,7.861000013351441,7.252529823536495,91.6666581517183,87.83622648372666,NICK
2020-12-15,8.449999809265137,8.649999618530273,8.239999771118164,8.550000190734863,8.550000190734863,3400,8.420000076293945,8.048000049591064,7.899000024795532,7.818800020217895,7.85200002193451,7.257650005817413,67.17910261970951,0.16339421765767792,0.06623294634442746,0.09716127131325046,8.57604951769748,7.899000024795532,7.221950531893582,94.20634783495181,90.90936285475902,NICK
2020-12-16,8.489999771118164,8.649999618530273,8.279999732971191,8.300000190734863,8.300000190734863,13000,8.430000114440919,8.144000053405762,7.9220000267028805,7.842600021362305,7.85200002193451,7.255250008106231,58.550809067918706,0.16429838290794319,0.0858460336571306,0.07845234925081258,8.620386771365459,7.9220000267028805,7.223613282040302,87.85716162247671,91.24338920304871,NICK
2020-12-17,8.300000190734863,8.460000038146973,8.180000305175781,8.180000305175781,8.180000305175781,9900,8.396000099182128,8.211000061035156,7.941000032424927,7.864000024795533,7.851800026893616,7.250950009822845,54.90551798139368,0.1535617877983615,0.09938918448537679,0.05417260331298471,8.645724149362751,7.941000032424927,7.236275915487103,79.555589746557,87.20636640132828,NICK
2020-12-18,8.25,8.25,7.539999961853027,7.539999961853027,7.539999961853027,33600,8.206000137329102,8.193000078201294,7.928000020980835,7.8698000240325925,7.8452000284194945,7.244500010013581,40.44342133829857,0.09234577520757625,0.09798050262981668,-0.005634727422240429,8.651977990294847,7.928000020980835,7.204022051666822,57.111133080948925,74.84129481666064,NICK
2020-12-21,7.75,8.180000305175781,7.75,7.78000020980835,7.78000020980835,29000,8.070000171661377,8.18700008392334,7.921500039100647,7.88040002822876,7.838900032043457,7.245650010108948,46.16953023456648,0.06247745720031883,0.09087989354391711,-0.028402436343598278,8.648336395212507,7.921500039100647,7.1946636829887884,45.555574275835404,60.74076570111354,NICK
2020-12-22,8.25,8.25,7.75,7.75,7.75,12200,7.910000133514404,8.165000104904175,7.9210000276565555,7.890400028228759,7.834800033569336,7.244400010108948,45.579604020687775,0.035971180404220426,0.07989815091597777,-0.04392697051175734,8.648293712121331,7.9210000276565555,7.19370634319178,35.02099217635151,45.89589984437837,NICK
2020-12-23,7.909999847412109,8.229999542236328,7.800000190734863,7.900000095367432,7.900000095367432,11000,7.830000114440918,8.130000114440918,7.929000043869019,7.897000026702881,7.829100031852722,7.243900010585785,49.08275656782365,0.026760046016025996,0.06927052993598741,-0.042510483919961414,8.65165908054025,7.929000043869019,7.206341007197787,37.94853523038441,39.508367227523536,NICK
2020-12-24,8.039999961853027,8.229999542236328,8.039999961853027,8.229999542236328,8.229999542236328,1500,7.839999961853027,8.118000030517578,7.9555000305175785,7.911600017547608,7.8296000242233275,7.247050008773804,55.820635139732424,0.04556312969554721,0.06452904988789937,-0.01896592019235216,8.681488325345276,7.9555000305175785,7.229511735689881,45.10794227696197,39.359156561232396,NICK
2020-12-28,8.229999542236328,8.300000190734863,8.149999618530273,8.149999618530273,8.149999618530273,9700,7.961999893188477,8.08400001525879,7.969500017166138,7.916600008010864,7.8311000204086305,7.251450006961822,53.956559255406034,0.053393892172231894,0.062302018344765876,-0.008908126172533982,8.699143059147634,7.969500017166138,7.239856975184643,51.337689615265354,44.79805570753701,NICK
2020-12-29,8.020000457763672,8.149999618530273,8.020000457763672,8.149999618530273,8.149999618530273,600,8.035999774932861,8.05299997329712,7.997000002861023,7.9235999965667725,7.833700017929077,7.256650004386902,53.95655925540602,0.058920627535194114,0.061625740182851524,-0.0027051126476574094,8.710136684322011,7.997000002861023,7.283863321400035,58.06179378066955,51.50247522429873,NICK
2020-12-30,8.0600004196167,8.609999656677246,8.050000190734863,8.319999694824219,8.319999694824219,8200,8.149999713897705,8.029999923706054,8.038999986648559,7.933199987411499,7.831900014877319,7.265750002861023,57.45776793804297,0.07614049035828252,0.06452869021793772,0.011611800140344797,8.723774325717338,8.038999986648559,7.3542256475797805,60.32580238987782,56.57509526193734,NICK
2020-12-31,8.279999732971191,8.609999656677246,8.029999732971191,8.380000114440918,8.380000114440918,3800,8.245999717712403,8.03799991607666,8.090999984741211,7.94439998626709,7.832500019073486,7.282150003910065,58.652817728075625,0.09355049623914802,0.07033305142217978,0.023217444816968233,8.710383517027934,8.090999984741211,7.471616452454489,66.96697393318063,61.784856701242425,NICK
2021-01-04,8.569999694824219,8.569999694824219,8.399999618530273,8.479999542236328,8.479999542236328,1300,8.295999717712402,8.067999839782715,8.139499950408936,7.956999979019165,7.83520001411438,7.294100000858307,60.63743614169444,0.11410187404699101,0.07908681594714204,0.03501505809984898,8.719998840393592,8.139499950408936,7.559001060424281,76.87688461711424,68.056553646724,NICK
2021-01-05,8.479999542236328,8.550000190734863,8.369999885559082,8.399999618530273,8.399999618530273,4000,8.345999717712402,8.15399980545044,8.173499941825867,7.96879997253418,7.83520001411438,7.306099998950958,58.22946840094464,0.12252131432391344,0.08777371562249632,0.03474759870141712,8.730932361175396,8.173499941825867,7.616067522476337,79.27928547146922,74.37438134058779,NICK
2021-01-06,8.5,8.510000228881836,8.369999885559082,8.369999885559082,8.369999885559082,6400,8.389999771118164,8.212999773025512,8.199999928474426,7.97959997177124,7.834900016784668,7.320499999523163,57.310383464650116,0.12532834650529345,0.09528464179905574,0.03004370470623771,8.741663965184868,8.199999928474426,7.6583358917639845,78.97897820495554,78.37838276451276,NICK
2021-01-07,8.460000038146973,8.460000038146973,8.220000267028809,8.380000114440918,8.380000114440918,6100,8.401999855041504,8.275999784469604,8.220499944686889,7.990599975585938,7.834700021743775,7.33539999961853,57.550907492179626,0.1268970840339243,0.10160713024602945,0.02528995378789485,8.756801097654336,8.220499944686889,7.684198791719442,76.9189903628973,78.39241801310713,NICK
2021-01-08,8.34000015258789,8.34000015258789,8.279999732971191,8.34000015258789,8.34000015258789,700,8.3939998626709,8.31999979019165,8.224999952316285,8.001399974822998,7.83410002708435,7.34914999961853,56.18724077904944,0.12348915113464543,0.10598353442375265,0.017505616710892777,8.763720599483658,8.224999952316285,7.686279305148911,76.01529828916723,77.30442228567313,NICK
2021-01-11,8.25,8.289999961853027,8.25,8.279999732971191,8.279999732971191,3800,8.353999900817872,8.324999809265137,8.221499919891357,8.007399969100952,7.83290002822876,7.359699997901917,54.11585963321254,0.1146254762027148,0.10771192277954508,0.0069135534231697104,8.757830889063637,8.221499919891357,7.685168950719078,71.63300145591343,74.85576336932576,NICK
2021-01-12,8.239999771118164,8.239999771118164,8.239999771118164,8.239999771118164,8.239999771118164,500,8.32199993133545,8.333999824523925,8.208999919891358,8.017199964523316,7.8332000255584715,7.36889999628067,52.72048230940105,0.10318384816004667,0.1068063078556454,-0.00362245969559874,8.73118372217798,8.208999919891358,7.686816117604736,64.45701171243091,70.70177048583696,NICK
2021-01-13,8.25,8.40999984741211,8.239999771118164,8.25,8.25,6300,8.297999954223632,8.343999862670898,8.198499917984009,8.02199995994568,7.8355000209808345,7.3815999960899354,53.046447035930655,0.09384146441166408,0.10421333916684913,-0.010371874755185057,8.708373346053449,8.198499917984009,7.688626489914568,58.053403161578395,64.71447210997401,NICK
2021-01-14,8.25,8.25,8.25,8.25,8.25,400,8.271999931335449,8.336999893188477,8.183499908447265,8.023999967575072,7.837100019454956,7.393649995326996,53.04644703593067,0.08545251458701308,0.10046117425088193,-0.015008659663868842,8.668155327118798,8.183499908447265,7.698844489775732,50.505111715247494,57.67184219641871,NICK
2021-01-15,8.390000343322754,8.569999694824219,8.319999694824219,8.399999618530273,8.399999618530273,13000,8.283999824523926,8.338999843597412,8.188499879837035,8.032999963760377,7.840900011062622,7.407849993705749,58.07476420832269,0.08987193925573322,0.09834332725185219,-0.008471387996118962,8.679876352341232,8.188499879837035,7.697123407332839,52.98177323195156,53.84676270292559,NICK
2021-01-19,8.680000305175781,9.0600004196167,8.359999656677246,8.850000381469727,8.850000381469727,43600,8.397999954223632,8.375999927520752,8.221999883651733,8.047799978256226,7.848400011062622,7.422599995136261,68.85171909179398,0.1282077665753345,0.10431621511654865,0.023891551458785854,8.791617273560506,8.221999883651733,7.65238249374296,61.06581298580094,54.85089931099977,NICK
2021-01-20,8.800000190734863,9.329999923706055,8.800000190734863,8.970000267028809,8.970000267028809,6600,8.544000053405762,8.432999992370606,8.293499898910522,8.06899998664856,7.857500009536743,7.437949995994568,70.99300911983725,0.16635454219426116,0.11672388053209115,0.049630661662170006,8.861734971920173,8.293499898910522,7.7252648259008705,72.1740451823353,62.07387713336237,NICK
2021-01-21,8.979999542236328,9.59000015258789,8.75,9.180000305175781,9.180000305175781,3200,8.730000114440918,8.514000034332275,8.363499903678894,8.096599988937378,7.868700008392334,7.45434999704361,74.32005456814488,0.21109797864594881,0.1355987001548627,0.07549927849108612,9.002038315560258,8.363499903678894,7.72496149179753,75.27779208262848,69.50588341692135,NICK
2021-01-22,8.739999771118164,9.449999809265137,8.739999771118164,8.789999961853027,8.789999961853027,800,8.838000106811524,8.555000019073486,8.415499901771545,8.11519998550415,7.876000003814697,7.468399996757507,60.4524808732488,0.21263656410632947,0.15100627294515606,0.06163029116117341,9.013847073406183,8.415499901771545,7.8171527301369075,62.543836321585104,69.99855786218274,NICK
2021-01-25,8.59000015258789,8.59000015258789,8.59000015258789,8.59000015258789,8.59000015258789,1500,8.876000213623048,8.580000019073486,8.449999904632568,8.129599990844726,7.881400003433227,7.481449997425079,54.80489211230386,0.19546439910848257,0.15989789817782135,0.035566500930661216,9.00335367433148,8.449999904632568,7.896646134933655,47.44369311912306,61.75510717444532,NICK
2021-01-26,9.130000114440918,9.5,8.930000305175781,9.239999771118164,9.239999771118164,12700,8.954000091552734,8.676000022888184,8.50049991607666,8.154399986267089,7.893199996948242,7.496299996376037,65.94130151800391,0.23163473058428252,0.17424526465911358,0.05738946592516894,9.141701378750575,8.50049991607666,7.859298453402743,47.68854618487342,52.55869187519363,NICK
2021-01-27,8.90999984741211,9.579999923706055,8.90999984741211,9.579999923706055,9.579999923706055,2300,9.076000022888184,8.810000038146972,8.57199993133545,8.18599998474121,7.9083999919891355,7.512849996089935,70.09259289198303,0.28445611664117365,0.1962874350555256,0.08816868158564806,9.346069869122351,8.57199993133545,7.797929993548548,66.90995805456947,54.01406578618842,NICK
2021-01-28,9.350000381469727,9.350000381469727,9.069999694824219,9.09000015258789,9.09000015258789,2000,9.057999992370606,8.894000053405762,8.61899995803833,8.202599983215332,7.918899993896485,7.5282999968528745,58.9423556829403,0.28351042748952615,0.2137320335423257,0.06977839394720045,9.398997555205861,8.61899995803833,7.839002360870798,78.89518480649822,64.4978963486468,NICK
2021-01-29,9.15999984741211,9.3100004196167,8.819999694824219,9.180000305175781,9.180000305175781,8800,9.136000061035157,8.98700008392334,8.661999988555909,8.230399990081787,7.932399997711181,7.546499998569488,60.19487106387527,0.2867181142296964,0.22832924967979984,0.05838886454989656,9.465781232120506,8.661999988555909,7.858218744991312,77.28755972257885,74.36423419454862,NICK
2021-02-01,9.050000190734863,9.100000381469727,8.90999984741211,8.989999771118164,8.989999771118164,7300,9.215999984741211,9.046000099182129,8.69249997138977,8.253399982452393,7.944799995422363,7.5639499974250795,56.29075792166315,0.2708070784548102,0.2368248154348019,0.03398226302000831,9.497456664241541,8.69249997138977,7.887543278537999,62.716054266643745,72.96626626524004,NICK
2021-02-02,8.960000038146973,9.069999694824219,8.869999885559082,9.039999961853027,9.039999961853027,3200,9.176000022888184,9.065000057220459,8.720499992370605,8.278199977874756,7.957199993133545,7.58014999628067,57.07966799608446,0.25924366588689907,0.24130858552522133,0.017935080361677735,9.532866433617095,8.720499992370605,7.9081335511241155,61.48148200475968,67.16169866466052,NICK
2021-02-03,9.1899995803833,10.489999771118164,9.1899995803833,10.270000457763672,10.270000457763672,37500,9.314000129699707,9.195000076293946,8.814000034332276,8.327599983215332,7.983399996757507,7.603449997901916,70.96366115307161,0.34534936607429145,0.26211674163503534,0.08323262443925611,9.855449238086546,8.814000034332276,7.772550830578005,68.33113252631061,64.17622293257111,NICK
2021-02-04,10.25,10.300000190734863,10.25,10.25,10.25,7400,9.546000099182129,9.302000045776367,8.908000040054322,8.37439998626709,8.009899997711182,7.629949998855591,70.56394334846746,0.4072800135667496,0.2911493960213782,0.1161306175453714,10.100587308791846,8.908000040054322,7.715412771316799,79.45932027467086,69.75731160191349,NICK
2021-02-05,10.25,11.0,10.039999961853027,10.800000190734863,10.800000190734863,24300,9.870000076293945,9.503000068664551,9.029000043869019,8.43519998550415,8.047799997329712,7.657699999809265,74.77221850655073,0.49503446754605207,0.331926410326313,0.1631080572197391,10.45163018540538,9.029000043869019,7.606369902332657,90.51431827179685,79.43492369092587,NICK
2021-02-08,11.140000343322754,11.489999771118164,10.789999961853027,10.84000015258789,10.84000015258789,40400,10.240000152587891,9.728000068664551,9.154000043869019,8.497199993133545,8.084499998092651,7.684400000572205,75.05156881812078,0.5613374188452234,0.3778086120300951,0.1835288068151283,10.742199221657069,9.154000043869019,7.565800866080968,86.31685694629626,85.4301651642544,NICK
2021-02-09,10.930000305175781,10.949999809265137,10.279999732971191,10.65999984741211,10.65999984741211,9200,10.564000129699707,9.870000076293945,9.273000049591065,8.556399993896484,8.11619999885559,7.7119000005722045,71.2292507525549,0.5925281692354485,0.42075252347116576,0.17177564576428273,10.936299299829475,9.273000049591065,7.609700799352654,80.46325898248053,85.76481140019096,NICK
2021-02-10,10.729999542236328,10.75,10.579999923706055,10.739999771118164,10.739999771118164,26300,10.657999992370605,9.986000061035156,9.398000049591065,8.613799991607666,8.14869999885559,7.73835000038147,71.9138867123789,0.6165946693612021,0.45992095264917304,0.15667371671202907,11.107112134087224,9.398000049591065,7.6888879650949065,74.36781798191551,80.38264463689717,NICK
2021-02-11,10.699999809265137,10.850000381469727,10.609999656677246,10.6899995803833,10.6899995803833,16600,10.745999908447265,10.146000003814697,9.52000002861023,8.67559998512268,8.177899994850158,7.765199997425079,70.7802153255439,0.6244348503200658,0.4928237321833516,0.13161111813671422,11.232249973153753,9.52000002861023,7.807750084066708,72.64367324702057,75.82491673713861,NICK
2021-02-12,10.800000190734863,10.800000190734863,10.609999656677246,10.649999618530273,10.649999618530273,1500,10.715999794006347,10.292999935150146,9.640000009536744,8.738999977111817,8.20989999294281,7.790949995517731,69.83179634410384,0.6202704954212699,0.5183130848309353,0.10195741059033459,11.31541031480819,9.640000009536744,7.964589704265296,71.69701051899294,72.90283391597609,NICK
2021-02-16,10.75,10.859999656677246,10.6899995803833,10.739999771118164,10.739999771118164,18800,10.695999717712402,10.467999935150146,9.757000017166138,8.806999969482423,8.241599988937377,7.817149994373321,70.78049770573736,0.6171187139215757,0.5380742106490634,0.07904450327251233,11.396122765780524,9.757000017166138,8.117877268551753,70.95440569554387,71.76502982051888,NICK
2021-02-17,10.739999771118164,10.779999732971191,10.699999809265137,10.729999542236328,10.729999542236328,3100,10.709999656677246,10.636999893188477,9.850999975204468,8.871399955749512,8.277499985694885,7.842699992656708,70.51515088409826,0.6068189384891145,0.5518231562170736,0.05499578227204094,11.486908091177716,9.850999975204468,8.21509185923122,70.6616689847741,71.1043617331034,NICK
2021-02-18,10.75,10.84000015258789,10.619999885559082,10.619999885559082,10.619999885559082,5700,10.68599967956543,10.671999835968018,9.933499956130982,8.92939995765686,8.309099984169006,7.8679499912261965,67.51682811968143,0.5830590969368465,0.5580703443610282,0.02498875257581834,11.549671497694439,9.933499956130982,8.317328414567525,70.28714049396307,70.63440505809344,NICK
2021-02-19,10.619999885559082,10.829999923706055,10.619999885559082,10.829999923706055,10.829999923706055,3400,10.71399974822998,10.729999828338624,10.015999937057495,8.989199953079224,8.343399982452393,7.894599990844727,70.12820740706155,0.5745514281433834,0.5613665611174993,0.013184867025884173,11.63833638734227,10.015999937057495,8.393663486772722,71.25349111622118,70.73410019831921,NICK
2021-02-22,10.850000381469727,10.850000381469727,10.680000305175781,10.760000228881836,10.760000228881836,3300,10.735999870300294,10.72599983215332,10.114499950408936,9.044999961853028,8.375799984931946,7.921649992465973,68.16118145031032,0.5557542598076157,0.5602441008555226,-0.00448984104790684,11.664744655740417,10.114499950408936,8.564255245077455,71.45410713944455,70.99824624987603,NICK
2021-02-23,10.600000381469727,10.789999961853027,10.140000343322754,10.670000076293945,10.670000076293945,10700,10.72199993133545,10.708999824523925,10.218499946594239,9.093399963378907,8.40729998588562,7.947849993705749,65.61295096873691,0.527514252388734,0.5536981311621648,-0.02618387877343087,11.61738907759872,10.218499946594239,8.819610815589758,70.43147605867897,71.04635810478133,NICK
2021-02-24,10.699999809265137,10.699999809265137,10.5,10.5,10.5,1000,10.676000022888184,10.692999839782715,10.28149995803833,9.136399955749512,8.439599986076354,7.973199994564056,60.975815652947496,0.4858160723717031,0.5401217194040725,-0.0543056470323694,11.610172503252873,10.28149995803833,8.952827412823787,56.06980262731739,65.98512860848005,NICK
2021-02-25,10.449999809265137,10.449999809265137,10.09000015258789,10.34000015258789,10.34000015258789,2300,10.620000076293945,10.652999877929688,10.319499969482422,9.173399963378905,8.469499988555908,7.994149994850159,56.89988555844807,0.4348466720249533,0.5190667099282487,-0.08422003790329535,11.608630965094058,10.319499969482422,9.030368973870786,38.92055269834068,55.14061046144544,NICK
2021-02-26,10.100000381469727,10.569999694824219,10.100000381469727,10.260000228881836,10.260000228881836,2600,10.506000137329101,10.609999942779542,10.377999973297118,9.209399967193603,8.499599990844727,8.017699995040893,54.92301529664226,0.3835761032294389,0.4919685885884867,-0.10839248535904777,11.538406714892067,10.377999973297118,9.21759323170217,21.518893894692336,38.83641640678323,NICK
2021-03-01,10.510000228881836,10.720000267028809,10.239999771118164,10.640000343322754,10.640000343322754,5200,10.482000160217286,10.60900001525879,10.450999975204468,9.251199970245361,8.534999995231628,8.043149995803834,61.7253346282953,0.36934901597206427,0.4674446740652022,-0.09809565809313792,11.47662953924796,10.450999975204468,9.425370411160976,32.26202434359962,30.90049031221064,NICK
2021-03-02,10.470000267028809,10.960000038146973,10.329999923706055,10.539999961853027,10.539999961853027,1700,10.456000137329102,10.589000034332276,10.528499984741211,9.295999965667725,8.569299993515015,8.068099994659423,59.19381610224639,0.34601609363354946,0.4431589579788716,-0.09714286434532216,11.304754374090386,10.528499984741211,9.752245595392036,42.6068415980184,32.12925327876988,NICK
2021-03-03,10.510000228881836,10.710000038146973,10.5,10.579999923706055,10.579999923706055,2200,10.472000122070312,10.574000072479247,10.605499982833862,9.34399995803833,8.60399999141693,8.092999994754791,59.90221943484046,0.32698299082517046,0.4199237645481314,-0.09294077372296095,10.974632565077476,10.605499982833862,10.236367400590249,57.333159691269834,44.06734187762905,NICK
2021-03-04,10.609999656677246,10.75,10.489999771118164,10.489999771118164,10.489999771118164,2700,10.502000045776366,10.561000061035156,10.616499948501588,9.402999954223633,8.636399989128114,8.116699993610382,57.48413764871133,0.301165214448913,0.39617205452828774,-0.09500684007937477,10.956986276878876,10.616499948501588,10.2760136201243,51.34097222907358,50.426991172787034,NICK
2021-03-05,10.449999809265137,10.670000076293945,10.449999809265137,10.609999656677246,10.609999656677246,5800,10.57199993133545,10.539000034332275,10.63449993133545,9.459599943161011,8.669999985694885,8.141049993038177,59.81346691117375,0.28707817010243986,0.37435327764311815,-0.0872751075406783,10.930775057851706,10.63449993133545,10.338224804819193,54.02295322647089,54.232361715604526,NICK
2021-03-08,10.550000190734863,10.600000381469727,10.489999771118164,10.600000381469727,10.600000381469727,2100,10.563999938964844,10.523000049591065,10.624499940872193,9.516599950790406,8.703499989509583,8.165449995994567,59.520835271705984,0.2719721029186797,0.35387704269823045,-0.08190493977955077,10.91109883823761,10.624499940872193,10.337901043506776,54.789254391013344,53.3843932821857,NICK
2021-03-09,10.5,10.5,10.5,10.5,10.5,800,10.555999946594238,10.50600004196167,10.607499933242797,9.568599948883056,8.73279998779297,8.190199995040894,56.541577738532176,0.2490602295045452,0.3329136800594934,-0.0838534505549482,10.880986506476496,10.607499933242797,10.334013360009099,55.17240497328458,54.661537530256034,NICK
2021-03-10,10.739999771118164,10.890000343322754,10.529999732971191,10.760000228881836,10.760000228881836,5000,10.592000007629395,10.532000064849854,10.612499952316284,9.619199962615967,8.765399990081788,8.21559999704361,61.88362123518766,0.24901179731590162,0.31613330351077507,-0.06712150619487345,10.893204289319725,10.612499952316284,10.331795615312844,60.91955408960107,56.96040448463276,NICK
2021-03-11,10.930000305175781,10.960000038146973,10.5,10.859999656677246,10.859999656677246,6900,10.66599998474121,10.58400001525879,10.618499946594238,9.673399963378905,8.794999985694885,8.240949995517731,63.730277910958065,0.25411327292026265,0.30372929739267257,-0.049616024472409925,10.914558901973257,10.618499946594238,10.322440991215219,70.8812134538985,62.32439083892782,NICK
2021-03-12,10.859999656677246,10.859999656677246,10.680000305175781,10.75,10.75,9400,10.694000053405762,10.632999992370605,10.621499967575073,9.7253999710083,8.824499983787536,8.266349995136261,60.271181026180955,0.2464393763748376,0.2922713131891056,-0.045831936814268004,10.921584818641126,10.621499967575073,10.32141511650902,80.45975877517535,70.75350877289141,NICK
2021-03-15,10.460000038146973,10.979999542236328,10.430000305175781,10.8100004196167,10.8100004196167,3800,10.736000061035156,10.65,10.629500007629394,9.77519998550415,8.854199986457825,8.292849996089934,61.498732144797074,0.2424049965850248,0.28229804986828944,-0.039893053283264646,10.940528870178996,10.629500007629394,10.318471145079792,81.75557502011024,77.69884908306113,NICK
2021-03-16,10.710000038146973,10.710000038146973,10.630000114440918,10.65999984741211,10.65999984741211,10400,10.768000030517578,10.661999988555909,10.625500011444093,9.820799980163574,8.882599983215332,8.31889999628067,56.77571165618672,0.22451585000306729,0.270741609895245,-0.0462257598921777,10.932776697771024,10.625500011444093,10.318223325117161,73.60199224835092,78.6057753478786,NICK
2021-03-17,10.819999694824219,10.859999656677246,10.649999618530273,10.649999618530273,10.649999618530273,17700,10.745999908447265,10.66899995803833,10.621500015258789,9.864199981689453,8.91059998035431,8.34414999485016,56.4643752542112,0.2071438126277343,0.25802205044174287,-0.050878237814008576,10.92529431712186,10.621500015258789,10.317705713395718,69.14796274877811,74.83517667241286,NICK
2021-03-18,10.699999809265137,10.8100004196167,10.529999732971191,10.649999618530273,10.649999618530273,6200,10.703999900817871,10.684999942779541,10.623000001907348,9.909199981689452,8.938999977111816,8.369399993419647,56.464375254211205,0.19117262878520513,0.24465216611043533,-0.0534795373252302,10.927046007314779,10.623000001907348,10.318953996499918,60.65010942711414,67.80002147474748,NICK
2021-03-19,10.8100004196167,10.8100004196167,10.649999618530273,10.649999618530273,10.649999618530273,7000,10.683999824523926,10.688999938964844,10.61399998664856,9.954799976348877,8.967199974060058,8.394649991989136,56.464375254211205,0.17648098755490338,0.23101793039932894,-0.05453694284442556,10.903302552555148,10.61399998664856,10.324697420741971,55.71204200075781,61.83670472554979,NICK
2021-03-22,10.640000343322754,10.649999618530273,10.529999732971191,10.529999732971191,10.529999732971191,4800,10.627999687194825,10.68199987411499,10.602499961853027,9.997799968719482,8.99419997215271,8.415799989700318,52.17627137425096,0.15338662264263192,0.21549166884798954,-0.06210504620535762,10.885898915161125,10.602499961853027,10.31910100854493,40.93929748698976,52.433816304953666,NICK
2021-03-23,10.520000457763672,10.9399995803833,10.5,10.5,10.5,15700,10.595999717712402,10.68199987411499,10.59399995803833,10.040999965667725,9.02119997024536,8.436249990463256,51.130841394106675,0.13115161020776434,0.1986236571199445,-0.06747204691218017,10.878984101145988,10.59399995803833,10.309015814930671,26.71324181139413,41.12152709971367,NICK
2021-03-24,10.510000228881836,10.59000015258789,10.5,10.5,10.5,13800,10.565999794006348,10.655999851226806,10.59399995803833,10.0853999710083,9.046399970054626,8.452549991607667,51.130841394106675,0.11223641117523009,0.18134620793100162,-0.06910979675577153,10.878984101145988,10.59399995803833,10.309015814930671,14.545403052224708,27.399314116869295,NICK
2021-03-25,10.420000076293945,10.609999656677246,10.420000076293945,10.609999656677246,10.609999656677246,2400,10.557999801635741,10.630999851226807,10.607499933242797,10.132799968719482,9.074999966621398,8.463849987983703,54.96781032272955,0.1049126647601728,0.16605949929683586,-0.06114683453666306,10.867567198269048,10.607499933242797,10.347432668216547,19.79433288160301,20.350992581740382,NICK
2021-03-26,10.550000190734863,10.550000190734863,10.470000267028809,10.489999771118164,10.489999771118164,1500,10.525999832153321,10.604999828338624,10.618999910354614,10.177599964141846,9.099799962043763,8.474299988746644,50.325680691507266,0.08840646043300637,0.15052889152406995,-0.06212243109106358,10.832812990304475,10.618999910354614,10.405186830404752,19.718573724836777,18.019436552887928,NICK
2021-03-29,10.619999885559082,10.619999885559082,10.470000267028809,10.489999771118164,10.489999771118164,1800,10.517999839782714,10.57299976348877,10.611499881744384,10.222399959564209,9.123199963569641,8.491699986457824,50.325680691507266,0.07446676803499308,0.1353164668262546,-0.06084969879126151,10.832250951931352,10.611499881744384,10.390748811557417,19.642814568070545,19.718573724836542,NICK
2021-03-30,10.5,10.5,10.449999809265137,10.449999809265137,10.449999809265137,1500,10.507999801635743,10.551999759674072,10.60699987411499,10.263399963378907,9.148199963569642,8.507399985790252,48.7345924095804,0.05950585232707617,0.12015434392641891,-0.06064849159934274,10.836878193421644,10.60699987411499,10.377121554808337,10.119005044261021,16.493464445722545,NICK
2021-03-31,10.460000038146973,10.569999694824219,10.4399995803833,10.569999694824219,10.569999694824219,5300,10.521999740600586,10.543999767303466,10.606499862670898,10.297799949645997,9.17279996395111,8.523699984550476,53.485721657547224,0.05667884824351255,0.10745924478983764,-0.05078039654632509,10.836654256134501,10.606499862670898,10.376345469207294,14.880909806165782,14.880909806165548,NICK
2021-04-01,10.449999809265137,10.539999961853027,10.34000015258789,10.449999809265137,10.449999809265137,12600,10.489999771118164,10.523999786376953,10.604499864578248,10.327399940490723,9.19819996356964,8.533449983596801,48.63195552610212,0.04424540576029834,0.09481647698392978,-0.05057107122363144,10.839316908120356,10.604499864578248,10.36968282103614,16.443411580115235,13.814442143513778,NICK
2021-04-05,10.369999885559082,10.670000076293945,10.369999885559082,10.670000076293945,10.670000076293945,1100,10.525999832153321,10.525999832153321,10.607499885559083,10.357199935913085,9.226899962425232,8.545349984169006,56.437159187715466,0.05154976237249542,0.08616313406164292,-0.03461337168914749,10.844048082421027,10.607499885559083,10.370951688697138,32.99105806481916,21.438459817033152,NICK
2021-04-06,10.579999923706055,10.579999923706055,10.430000305175781,10.510000228881836,10.510000228881836,6900,10.529999923706054,10.523999881744384,10.602999877929687,10.391599941253663,9.253399963378905,8.557899985313416,50.43503993852252,0.04392156662128599,0.07771482057357153,-0.03379325395228554,10.843341379261116,10.602999877929687,10.362658376598258,33.50695851777704,27.647142720903574,NICK
2021-04-07,10.510000228881836,10.510000228881836,10.510000228881836,10.510000228881836,10.510000228881836,300,10.542000007629394,10.524999904632569,10.60349988937378,10.42999994277954,9.279799966812133,8.5706999874115,50.43503993852251,0.03744452930485309,0.06966076231982785,-0.032216233014974754,10.843022391845423,10.60349988937378,10.363977386902135,37.22226195869025,34.57342618042858,NICK
2021-04-08,10.479999542236328,10.489999771118164,10.4399995803833,10.449999809265137,10.449999809265137,4000,10.518000030517578,10.519999885559082,10.587999868392945,10.45419994354248,9.304299964904786,8.583849985599517,48.20537783823089,0.0271568508760609,0.06115998003107446,-0.03400312915501356,10.825115895379913,10.587999868392945,10.350883841405977,25.000013245489527,31.909744573985364,NICK
2021-04-09,10.420000076293945,10.529999732971191,10.420000076293945,10.5,10.5,2700,10.52800006866455,10.508999919891357,10.569999885559081,10.47259994506836,9.329299964904784,8.59649998664856,50.181874660479494,0.02277584338077432,0.05348315270101443,-0.030707309320240114,10.774156764277826,10.569999885559081,10.365843006840336,24.444444444444724,28.888906549541257,NICK
2021-04-12,10.460000038146973,10.529999732971191,10.460000038146973,10.520000457763672,10.520000457763672,2100,10.498000144958496,10.511999988555909,10.558499908447265,10.501199951171875,9.351899967193603,8.610149989128113,50.98756962182301,0.020679354442471265,0.0469223930493058,-0.026243038606834537,10.746039273781848,10.558499908447265,10.370960543112682,25.000013245489527,24.81482364514102,NICK
2021-04-13,10.420000076293945,10.510000228881836,10.420000076293945,10.420000076293945,10.420000076293945,2600,10.480000114440918,10.505000019073487,10.538999891281128,10.525999946594238,9.378199968338013,8.624399988651275,46.90313851217008,0.010823905562256542,0.03970269555189595,-0.028878789989639407,10.69659414926597,10.538999891281128,10.381405633296286,26.969717622447785,25.471391770793772,NICK
2021-04-14,10.600000381469727,10.600000381469727,10.550000190734863,10.550000190734863,10.550000190734863,2600,10.488000106811523,10.515000057220458,10.533499908447265,10.557199954986572,9.405299968719483,8.63964998960495,52.257405704903505,0.013349430177749255,0.03443204247706661,-0.021082612299317356,10.681185230486856,10.533499908447265,10.385814586407674,39.29295870302204,30.420896523652875,NICK
2021-04-15,10.529999732971191,10.59000015258789,10.520000457763672,10.569999694824219,10.569999694824219,4400,10.51200008392334,10.515000057220458,10.529499912261963,10.587799949645996,9.432999963760375,8.652499988079072,53.041921482500356,0.01677138933174227,0.030899911848001744,-0.014128522516259474,10.668420626553308,10.529499912261963,10.390579197970618,52.52521457677107,39.59596363408006,NICK
2021-04-16,10.59000015258789,10.800000190734863,10.550000190734863,10.569999694824219,10.569999694824219,4000,10.526000022888184,10.527000045776367,10.52549991607666,10.593799934387206,9.46069995880127,8.668349986076356,53.041921482500356,0.019261284516986166,0.028572186381798627,-0.009310901864812461,10.654569570204714,10.52549991607666,10.396430261948606,61.11104444744322,50.97640590907853,NICK
2021-04-19,10.600000381469727,10.600000381469727,10.449999809265137,10.449999809265137,10.449999809265137,3700,10.511999893188477,10.505000019073487,10.515499925613403,10.59779993057251,9.4860999584198,8.683349986076355,47.599085488892165,0.011419914836700684,0.02514173207277904,-0.013721817236078356,10.635078328442438,10.515499925613403,10.395921522784368,47.86990343125348,53.83538748515568,NICK
2021-04-20,10.460000038146973,10.460000038146973,10.449999809265137,10.449999809265137,10.449999809265137,1700,10.517999839782714,10.498999977111817,10.511499929428101,10.590799922943114,9.512999954223632,8.698049983978272,47.599085488892165,0.005146250103296168,0.021142635678882464,-0.015996385575586296,10.634182441265619,10.511499929428101,10.388817417590584,32.60861001979938,47.19651929949845,NICK
2021-04-21,10.489999771118164,10.5,10.479999542236328,10.479999542236328,10.479999542236328,2800,10.503999710083008,10.495999908447265,10.510499906539916,10.583599910736083,9.540399951934814,8.713449981212616,49.11305897181968,0.0025654800779228992,0.01742720455869055,-0.014861724480767651,10.633865232831518,10.510499906539916,10.387134580248315,26.08686037310804,35.52179127472005,NICK
2021-04-22,10.449999809265137,10.479999542236328,10.449999809265137,10.479999542236328,10.479999542236328,1600,10.48599967956543,10.498999881744385,10.509499883651733,10.579999904632569,9.568199949264526,8.728349978923797,49.11305897181969,0.0005142730201175283,0.014044618250975947,-0.013530345230858418,10.63351201364299,10.509499883651733,10.385487753660476,26.642970536836327,28.446146976581,NICK
2021-04-23,10.420000076293945,10.460000038146973,10.420000076293945,10.420000076293945,10.420000076293945,3000,10.455999755859375,10.490999889373779,10.499999904632569,10.573599910736084,9.593699951171875,8.742949979305267,46.02841673406697,-0.005884940881204059,0.010058706424539945,-0.015943647305744005,10.620830414882303,10.499999904632569,10.379169394382835,18.671981583562907,23.800604164502175,NICK
2021-04-26,10.420000076293945,10.449999809265137,10.420000076293945,10.449999809265137,10.449999809265137,6100,10.455999755859375,10.483999824523925,10.497999906539917,10.56879991531372,9.622199950218201,8.75324997663498,47.793979233589766,-0.008438364061104764,0.006359292327411004,-0.014797656388515767,10.620735449929333,10.497999906539917,10.375264363150501,11.158653848270852,18.82453532288978,NICK
2021-04-27,10.300000190734863,10.300000190734863,10.289999961853027,10.300000190734863,10.300000190734863,6000,10.42599983215332,10.471999835968017,10.488499927520753,10.561799926757812,9.650399951934814,8.76324997663498,40.63605739955817,-0.022308527129696998,0.0006257284359894033,-0.0229342555656864,10.638603199517148,10.488499927520753,10.338396655524358,3.2851641687760775,11.038599866869697,NICK
2021-04-28,10.289999961853027,10.399999618530273,10.289999961853027,10.399999618530273,10.399999618530273,3100,10.40999984741211,10.456999778747559,10.485999917984008,10.554999923706054,9.680999946594238,8.772999975681305,46.399412209631166,-0.024944073446143022,-0.004488231940437082,-0.02045584150570594,10.640194603983462,10.485999917984008,10.331805231984555,10.474680986472276,8.306166334506154,NICK
2021-04-29,10.369999885559082,10.430000305175781,10.350000381469727,10.350000381469727,10.350000381469727,2800,10.384000015258788,10.43499984741211,10.474999952316285,10.547399940490722,9.709399948120117,8.783249976634979,44.09433254488571,-0.03071324034339007,-0.00973323362102768,-0.020980006722362388,10.634937397888466,10.474999952316285,10.315062506744104,11.764720548618309,8.508188567955306,NICK
2021-04-30,10.399999618530273,10.5,10.239999771118164,10.40999984741211,10.40999984741211,2100,10.381999969482422,10.418999862670898,10.472999954223633,10.543199939727783,9.736299948692322,8.793249976634979,47.4670060713741,-0.03009695227781428,-0.013805977352385,-0.01629097492542928,10.635123326455146,10.472999954223633,10.31087658199212,21.23015568910797,14.489852408065937,NICK
2021-05-03,10.489999771118164,10.5,10.359999656677246,10.470000267028809,10.470000267028809,2800,10.386000061035157,10.420999908447266,10.462999963760376,10.535999946594238,9.762599949836732,8.803549978733063,50.671836115894095,-0.02448476203162464,-0.01594173428823293,-0.008543027743391711,10.597625290471747,10.462999963760376,10.328374637049006,27.7311343218778,20.24200351986778,NICK
2021-05-04,10.350000381469727,10.40999984741211,10.350000381469727,10.359999656677246,10.359999656677246,2100,10.397999954223632,10.411999893188476,10.455499935150147,10.527999935150147,9.786499948501588,8.814349977970123,45.22463498069529,-0.028583695718277013,-0.018470126574241748,-0.010113569144035266,10.595424859817278,10.455499935150147,10.315575010483016,30.952385007115925,26.63789167270032,NICK
2021-05-05,10.34000015258789,10.399999618530273,10.199999809265137,10.300000190734863,10.300000190734863,16400,10.378000068664551,10.39399995803833,10.444999933242798,10.520599937438964,9.806999950408935,8.824849979877472,42.53851115508876,-0.03625565306113465,-0.02202723187162033,-0.014228421189514322,10.597905008640023,10.444999933242798,10.292094857845573,26.38891364529915,28.35747765809738,NICK
2021-05-06,10.350000381469727,10.489999771118164,10.220000267028809,10.319999694824219,10.319999694824219,1600,10.371999931335449,10.377999973297118,10.438499927520752,10.51699993133545,9.826699943542481,8.835699980258942,43.73807149577074,-0.04025787398004965,-0.025673360293306195,-0.014584513686743458,10.600768143612434,10.438499927520752,10.27623171142907,22.69839435300932,26.679897668474553,NICK
2021-05-07,10.270000457763672,10.300000190734863,10.270000457763672,10.300000190734863,10.300000190734863,2700,10.35,10.365999984741212,10.428499937057495,10.516199932098388,9.844799947738647,8.84619998216629,42.77638398211324,-0.04453013999510347,-0.02944471623366565,-0.01508542376143782,10.598825972505626,10.428499937057495,10.258173901609364,26.66669580671591,25.251334601674547,NICK
2021-05-10,10.5,10.5,10.359999656677246,10.380000114440918,10.380000114440918,5000,10.331999969482421,10.35900001525879,10.421499919891357,10.51859992980957,9.863999948501586,8.85704998254776,47.727495256599525,-0.04098813067997398,-0.031753399122927316,-0.009234731557046662,10.587665304045435,10.421499919891357,10.255334535737278,41.11114378328521,30.158744647669902,NICK
2021-05-11,10.289999961853027,10.289999961853027,10.289999961853027,10.289999961853027,10.289999961853027,500,10.318000030517577,10.357999992370605,10.41499991416931,10.511599922180176,9.881399946212769,8.86669998407364,43.19913664048651,-0.04492545030413453,-0.034387809359168756,-0.010537640944965773,10.590783680428222,10.41499991416931,10.2392161479104,41.11117822148357,36.29633927049465,NICK
2021-05-12,10.25,10.300000190734863,10.25,10.270000457763672,10.270000457763672,3600,10.31200008392334,10.345000076293946,10.400999927520752,10.506199932098388,9.901099948883056,8.876549985408783,42.24005126046282,-0.0490936759734506,-0.03732898268202513,-0.011764693291425474,10.57614526006625,10.400999927520752,10.225854594975255,37.7778766772739,40.00006622734731,NICK
2021-05-13,10.329999923706055,10.329999923706055,10.260000228881836,10.260000228881836,10.260000228881836,1800,10.300000190734863,10.336000061035156,10.385499954223633,10.499799938201905,9.921899948120117,8.886849987506867,41.74102805530727,-0.05259764681065526,-0.04038271550775115,-0.01221493130290411,10.552768868123303,10.385499954223633,10.218231040323962,24.444564536689683,34.444539811815474,NICK
2021-05-14,10.25,10.329999923706055,10.25,10.329999923706055,10.329999923706055,1500,10.306000137329102,10.32800006866455,10.373499965667724,10.496599941253661,9.949799947738647,8.89749998807907,46.50511272461218,-0.04915949848561496,-0.04213807210332392,-0.007021426382291043,10.51913962536593,10.373499965667724,10.227860305969518,28.88900191688442,30.370481043615758,NICK
2021-05-17,10.25,10.369999885559082,10.25,10.369999885559082,10.369999885559082,500,10.304000091552734,10.318000030517577,10.369499969482423,10.491799945831298,9.975699944496155,8.907299988269806,49.068146053069476,-0.04271469018016383,-0.0422533957186919,-0.0004612944614719311,10.51084676108755,10.369499969482423,10.228153177877296,40.00004238549849,31.11120294635729,NICK
2021-05-18,10.270000457763672,10.399999618530273,10.270000457763672,10.300000190734863,10.300000190734863,3400,10.306000137329102,10.31200008392334,10.361999988555908,10.485799942016602,10.001199946403503,8.91799998998642,45.004471702850076,-0.04276258308716763,-0.04235523319238704,-0.00040734989478058425,10.501369697064337,10.361999988555908,10.222630280047479,44.444479765693224,37.777841356025135,NICK
2021-05-19,10.470000267028809,10.489999771118164,10.25,10.25,10.25,1700,10.302000045776367,10.307000064849854,10.350500011444092,10.480799942016601,10.024699945449829,8.926899988651275,42.30913168973121,-0.04630140233974167,-0.043144467021857966,-0.003156935317883705,10.48695124195879,10.350500011444092,10.214048780929394,35.55560500530374,40.00004238549824,NICK
2021-05-20,10.489999771118164,10.489999771118164,10.489999771118164,10.489999771118164,10.489999771118164,1300,10.347999954223633,10.324000072479247,10.351000022888183,10.475399932861329,10.047299947738647,8.938449985980988,55.94725746590673,-0.029401049330598283,-0.04039578348360603,0.010994734153007744,10.4894050414314,10.351000022888183,10.212595004344966,48.888917145887966,42.963000638961404,NICK
2021-05-21,10.479999542236328,10.479999542236328,10.260000228881836,10.260000228881836,10.260000228881836,2200,10.33400001525879,10.320000076293946,10.343000030517578,10.46339994430542,10.068399953842164,8.949749987125397,44.974520166529246,-0.0341725191533353,-0.039151130617551884,0.004978611464216583,10.483014103646427,10.343000030517578,10.202985957388728,44.444479765693224,42.963000638961404,NICK
2021-05-24,10.260000228881836,10.260000228881836,10.260000228881836,10.260000228881836,10.260000228881836,400,10.31200008392334,10.308000087738037,10.333500051498413,10.453599948883056,10.089499959945678,8.961599988937378,44.974520166529246,-0.037521419793332456,-0.038825188452708,0.001303768659375544,10.468891872346116,10.333500051498413,10.19810823065071,45.555615601678305,46.2963375044196,NICK
2021-05-25,10.270000457763672,10.489999771118164,10.25,10.25,10.25,1600,10.302000045776367,10.304000091552734,10.33100004196167,10.442399940490724,10.108799962997436,8.970349988937379,44.534085943456006,-0.04051534687457803,-0.039163220137082004,-0.0013521267374960247,10.470556297814516,10.33100004196167,10.191443786108822,16.90481829256737,35.6349712199794,NICK
2021-05-26,10.270000457763672,10.489999771118164,10.25,10.369999885559082,10.369999885559082,6500,10.326000022888184,10.314000034332276,10.32950005531311,10.436599941253663,10.128699960708618,8.980599989891052,50.76490162442367,-0.032826662442071,-0.0378959085980798,0.005069246156008803,10.466682262448861,10.32950005531311,10.192317848177359,26.238093981613417,29.566175958619464,NICK
2021-05-27,10.25,10.399999618530273,10.25,10.3100004196167,10.3100004196167,5200,10.29000015258789,10.319000053405762,10.327500057220458,10.42979995727539,10.146999969482422,8.9910999917984,47.86937399012564,-0.031214953546568225,-0.036559717587777485,0.00534476404120926,10.464594741541683,10.327500057220458,10.190405372899233,27.571440878341757,23.57145105084061,NICK
2021-05-28,10.300000190734863,10.5600004196167,10.260000228881836,10.5,10.5,23200,10.338000106811524,10.336000061035156,10.332000064849854,10.426799964904784,10.16799997329712,9.00159999370575,56.35834936807803,-0.014439831007589277,-0.03213574027173984,0.017695909264150565,10.484656395114303,10.332000064849854,10.179343734585405,50.8817247331038,34.897086531019426,NICK
2021-06-01,10.420000076293945,10.9399995803833,10.420000076293945,10.920000076293945,10.920000076293945,6200,10.470000076293946,10.391000080108643,10.35450005531311,10.432199974060058,10.193499975204467,9.014199995994568,68.55003814377014,0.032371907335658534,-0.019234210750260165,0.051606118085918695,10.648811027615915,10.35450005531311,10.060189083010306,67.24891311982213,48.567359577089,NICK
2021-06-02,10.899999618530273,10.899999618530273,10.460000038146973,10.609999656677246,10.609999656677246,22700,10.542000007629394,10.42200002670288,10.36700005531311,10.43379997253418,10.215799970626831,9.025249996185302,56.094075669860246,0.0439494818820485,-0.006597472223798431,0.050546954105846933,10.681712477302353,10.36700005531311,10.052287633323866,76.64015550946138,64.9235977874622,NICK
2021-06-03,10.579999923706055,10.850000381469727,10.489999771118164,10.5,10.5,9000,10.568000030517577,10.44700002670288,10.377000045776366,10.43379997253418,10.237399969100952,9.035749998092651,52.452028155016365,0.04374448098679551,0.0034709184183203574,0.040273562568475155,10.695251377280146,10.377000045776366,10.058748714272587,61.835773497144544,68.57494737547579,NICK
2021-06-04,10.670000076293945,11.460000038146973,10.670000076293945,11.079999923706055,11.079999923706055,95700,10.72199993133545,10.50600004196167,10.415000057220459,10.445399971008301,10.2653999710083,9.04914999961853,65.25998602398883,0.08935315532761656,0.0206473658001796,0.06870578952743696,10.85511352463194,10.415000057220459,9.974886589808976,52.33361132070636,63.60318010910385,NICK
2021-06-07,10.989999771118164,11.350000381469727,10.710000038146973,11.34000015258789,11.34000015258789,102100,10.889999961853027,10.614000034332275,10.467000055313111,10.459999980926513,10.296399974822998,9.064800000190735,69.25772450697819,0.14480893661282046,0.04547967996270777,0.09932925665011269,11.059759624124894,10.467000055313111,9.874240486501328,64.96986444840212,59.71308308875077,NICK
2021-06-08,11.84000015258789,11.84000015258789,11.0,11.050000190734863,11.050000190734863,41200,10.91599998474121,10.693000030517577,10.500500059127807,10.471199989318848,10.324399976730346,9.079949998855591,60.84701618823466,0.16347305392078226,0.06907835475432267,0.0943946991664596,11.143414469476244,10.500500059127807,9.85758564877937,69.66405327644225,62.32250968185,NICK
2021-06-09,11.329999923706055,11.380000114440918,11.0,11.210000038146973,11.210000038146973,49000,11.036000061035157,10.789000034332275,10.546500062942505,10.485599994659424,10.353999977111817,9.095549998283387,63.481998287791505,0.18899651765738135,0.0930619873349344,0.09593453032244695,11.251263089416614,10.546500062942505,9.841737036468395,66.92482735678429,67.18624836054265,NICK
2021-06-10,11.430000305175781,11.430000305175781,11.100000381469727,11.279999732971191,11.279999732971191,15900,11.192000007629394,10.880000019073487,10.597000026702881,10.502199993133544,10.382799978256225,9.111849994659424,64.60433743693218,0.21242374817593657,0.11693433950313484,0.09548940867280173,11.357791644019594,10.597000026702881,9.836208409386169,58.49055962483243,65.02648008601942,NICK
2021-06-11,11.399999618530273,11.850000381469727,11.399999618530273,11.489999771118164,11.489999771118164,13200,11.273999977111817,10.997999954223634,10.658500003814698,10.520599994659424,10.40919997215271,9.128799991607666,67.80147280425408,0.24510977230133335,0.14256942606277453,0.10254034623855882,11.495429410753648,10.658500003814698,9.821570596875748,67.5523911719275,64.32259271784783,NICK
2021-06-14,11.59000015258789,11.59000015258789,11.399999618530273,11.420000076293945,11.420000076293945,26900,11.289999961853027,11.089999961853028,10.713000011444091,10.54,10.433699970245362,9.145599989891052,65.6720922312389,0.262341185663729,0.16652377798296542,0.09581740768076358,11.597852451359214,10.713000011444091,9.828147571528968,71.8016019180997,65.9481842382863,NICK
2021-06-15,11.399999618530273,11.430000305175781,11.220000267028809,11.350000381469727,11.350000381469727,13400,11.35,11.132999992370605,10.762000036239623,10.553600006103515,10.455399971008301,9.162049989700318,63.52359924483719,0.2672679163672207,0.18667260565981647,0.08059531070740422,11.673583223729965,10.762000036239623,9.850416848749282,73.12498733401628,70.82632680801426,NICK
2021-06-16,11.449999809265137,11.529999732971191,11.25,11.5,11.5,51600,11.407999992370605,11.222000026702881,10.82200002670288,10.57340000152588,10.482499971389771,9.179249987602233,66.08415600850977,0.28004788387958257,0.2053476613037697,0.07470022257581288,11.761587132907215,10.82200002670288,9.882412920498547,73.33332538604954,72.75330487938827,NICK
2021-06-17,11.170000076293945,11.479999542236328,11.170000076293945,11.470000267028809,11.470000267028809,9800,11.446000099182129,11.319000053405762,10.883000040054322,10.592600002288819,10.51129997253418,9.196349987983703,65.09988527820315,0.28447610897128506,0.22117335083727277,0.06330275813401229,11.824532822177567,10.883000040054322,9.941467257931077,74.32520428365501,73.59450566790669,NICK
2021-06-18,11.210000038146973,11.5,11.199999809265137,11.5,11.5,7800,11.448000144958495,11.361000061035156,10.933500051498413,10.613600006103516,10.533899974822997,9.21354998588562,65.65084264405415,0.28709676420640307,0.23435803351109882,0.05273873069530424,11.893464073234231,10.933500051498413,9.973536029762595,76.58335315732482,74.74729427567621,NICK
2021-06-21,11.489999771118164,11.489999771118164,11.130000114440918,11.4399995803833,11.4399995803833,7200,11.452000045776368,11.371000003814697,10.992500019073486,10.632399997711182,10.552499971389771,9.230449981689453,63.491948365328334,0.28109186786328166,0.24370480038153539,0.03738706748174628,11.924269781767586,10.992500019073486,10.060730256379385,74.04287495802562,74.98381079966823,NICK
2021-06-22,11.359999656677246,11.359999656677246,11.020000457763672,11.329999923706055,11.329999923706055,7400,11.447999954223633,11.398999977111817,11.046000003814697,10.64859998703003,10.574899969100953,9.246899981498718,59.62104457902488,0.26440894947930893,0.2478456302010901,0.01656331927821883,11.92475818773161,11.046000003814697,10.167241819897784,69.26423007668305,73.29681939734425,NICK
2021-06-23,11.350000381469727,11.390000343322754,11.0600004196167,11.34000015258789,11.34000015258789,3400,11.41599998474121,11.411999988555909,11.100500011444092,10.666999988555908,10.596499967575074,9.264449982643127,59.86063393791511,0.24912281858238927,0.24810106787734992,0.0010217507050393482,11.907283104199292,11.100500011444092,10.293716918688892,63.0159629854812,68.77435600672972,NICK
2021-06-24,11.470000267028809,11.470000267028809,11.100000381469727,11.180000305175781,11.180000305175781,19300,11.357999992370605,11.402000045776367,11.141000032424927,10.679599990844727,10.618399972915649,9.281599984169006,54.30833030288925,0.22154397813076265,0.24278964992803248,-0.021245671797269827,11.875081720328234,11.141000032424927,10.40691834452162,53.25747445451494,61.84588917222615,NICK
2021-06-25,11.25,11.489999771118164,11.15999984741211,11.470000267028809,11.470000267028809,36800,11.352000045776368,11.400000095367432,11.199000024795533,10.697600002288818,10.642699975967407,9.299949984550477,61.312622335257004,0.2205458068919146,0.2383408813208089,-0.017795074428894303,11.838496770394284,11.199000024795533,10.55950327919678,51.100619409206075,55.79135228306716,NICK
2021-06-28,11.479999542236328,11.529999732971191,11.210000038146973,11.489999771118164,11.489999771118164,24100,11.36200008392334,11.407000064849854,11.24850001335144,10.716000003814697,10.654899969100953,9.319149982929229,61.748120138849906,0.21884582340545045,0.23444186973773723,-0.015596046332286784,11.812743804369484,11.24850001335144,10.684256222333397,51.38973715153685,51.91594367175238,NICK
2021-06-29,11.25,11.489999771118164,11.170000076293945,11.279999732971191,11.279999732971191,6800,11.352000045776368,11.4,11.266499996185303,10.732600002288818,10.665199966430665,9.337549982070923,54.77561606370448,0.1982678182187989,0.22720705943394956,-0.02893924121515065,11.810274823583711,11.266499996185303,10.722725168786894,48.08878234390166,50.19304630154795,NICK
2021-06-30,11.130000114440918,11.300000190734863,11.109999656677246,11.199999809265137,11.199999809265137,5500,11.323999977111816,11.369999980926513,11.296000003814697,10.747600002288818,10.669199962615966,9.358499979972839,52.350456107010224,0.17350422687129452,0.21646649292141856,-0.04296226605012404,11.750858198122414,11.296000003814697,10.841141809506981,36.88629787795762,45.454939124465135,NICK
2021-07-01,11.210000038146973,11.210000038146973,11.1899995803833,11.210000038146973,11.210000038146973,1200,11.329999923706055,11.34399995803833,11.331500005722045,10.762200012207032,10.672899961471558,9.378699979782105,52.63277252409424,0.15292303564805465,0.20375780146674577,-0.05083476581869112,11.608286880395669,11.331500005722045,11.054713131048421,28.781721723924477,37.91893398192767,NICK
2021-07-02,11.300000190734863,11.300000190734863,11.15999984741211,11.180000305175781,11.180000305175781,1100,11.271999931335449,11.311999988555907,11.336500024795532,10.776200027465821,10.678099966049194,9.397149982452392,51.644239003705785,0.13266231698088404,0.18953870456957342,-0.056876387588689375,11.59813134331653,11.336500024795532,11.074868706274534,28.797504032607605,31.488507878162988,NICK
2021-07-06,11.199999809265137,11.399999618530273,11.199999809265137,11.369999885559082,11.369999885559082,1300,11.247999954223634,11.305000019073486,11.338000011444091,10.795200023651123,10.684399967193604,9.416549983024597,57.13528441313137,0.130433374956203,0.17771763864689932,-0.047284263690696327,11.600038071554819,11.338000011444091,11.075961951333364,44.444425854292156,34.0078838702745,NICK
2021-07-07,11.399999618530273,11.399999618530273,11.229999542236328,11.229999542236328,11.229999542236328,2100,11.23799991607666,11.294999980926514,11.346999979019165,10.810800018310546,10.689799966812133,9.433849980831146,52.41245302129103,0.1160325140740106,0.16538061373232157,-0.04934809965831097,11.579559623422933,11.346999979019165,11.114440334615397,47.058783197107594,40.10023769466887,NICK
2021-07-08,11.220000267028809,11.319999694824219,11.109999656677246,11.109999656677246,11.109999656677246,1000,11.219999885559082,11.271999931335449,11.341999959945678,10.827000007629394,10.694399967193604,9.452149980068207,48.69680211306155,0.09385484001545485,0.15107545898894822,-0.05722061897349337,11.589919344505594,11.341999959945678,11.094080575385762,42.48357091077302,44.66225998739068,NICK
2021-07-09,11.109999656677246,11.140000343322754,11.109999656677246,11.119999885559082,11.119999885559082,3700,11.201999855041503,11.265999889373779,11.333999967575073,10.84140001296997,10.698199968338013,9.469899978637695,49.02114493235662,0.07620733768647092,0.13610183472845278,-0.05989449704198185,11.599133938814695,11.333999967575073,11.06886599633545,26.14367840809742,38.5620108386591,NICK
2021-07-12,11.3100004196167,11.319999694824219,11.3100004196167,11.319999694824219,11.319999694824219,1700,11.22999973297119,11.25099983215332,11.325499963760375,10.860799999237061,10.704099969863892,9.490799977779389,55.130748114815106,0.07746688802324542,0.12437484538741131,-0.04690795736416589,11.580801816930853,11.325499963760375,11.070198110589898,32.02604968213955,33.551099667003086,NICK
2021-07-13,11.319999694824219,11.319999694824219,11.319999694824219,11.319999694824219,11.319999694824219,400,11.219999694824219,11.233999824523925,11.32049994468689,10.878999996185303,10.711099967956542,9.510099976062774,55.130748114815106,0.07757090167145009,0.11501405664421907,-0.03744315497276898,11.572092933077078,11.32049994468689,11.068906956296702,44.58343258760427,34.25105355928017,NICK
2021-07-14,11.1899995803833,11.430000305175781,11.1899995803833,11.229999542236328,11.229999542236328,11400,11.219999694824219,11.228999805450439,11.31449990272522,10.894199981689454,10.715099964141846,9.52924997329712,51.88547146658832,0.06958889561478188,0.10592902443833163,-0.036340128823549755,11.568702654888977,11.31449990272522,11.060297150561464,48.12498250676822,41.578154925503775,NICK
2021-07-15,11.430000305175781,11.460000038146973,11.15999984741211,11.270000457763672,11.270000457763672,2000,11.251999855041504,11.235999870300294,11.302999925613403,10.912399997711182,10.720199966430664,9.547999975681305,53.203965770632045,0.0657331075427674,0.09788984105921879,-0.03215673351645139,11.543008309250437,11.302999925613403,11.062991541976368,41.215635338946186,44.641350144439315,NICK
2021-07-16,11.449999809265137,11.449999809265137,11.130000114440918,11.130000114440918,11.130000114440918,6100,11.25399990081787,11.227999877929687,11.28599991798401,10.928999996185302,10.724799966812133,9.566049976348877,48.22313988287943,0.05079497716381631,0.0884708682801383,-0.03767589111632198,11.524444853566568,11.28599991798401,11.04755498240145,24.363281120590873,37.90129965543485,NICK
2021-07-19,11.130000114440918,11.199999809265137,10.899999618530273,10.960000038146973,10.960000038146973,8200,11.181999969482423,11.205999851226807,11.258999919891357,10.941800003051759,10.729399967193604,9.58449997663498,42.96343851922363,0.024951193975503827,0.0757669334192114,-0.05081573944370757,11.515974558770644,11.258999919891357,11.00202528101207,17.67566493833948,27.751527132625267,NICK
2021-07-20,11.109999656677246,11.199999809265137,11.0,11.0,11.0,11600,11.118000030517578,11.168999862670898,11.236999940872192,10.95579999923706,10.735999965667725,9.602749977111817,44.49739869343045,0.007609751750992544,0.06213549708556763,-0.05452574533457508,11.503390603247773,11.236999940872192,10.97060927849661,10.92959016703251,17.65617874198737,NICK
2021-07-21,11.069999694824219,11.069999694824219,10.960000038146973,10.960000038146973,10.960000038146973,1700,11.064000129699707,11.141999912261962,11.218499946594239,10.967399997711182,10.742999963760376,9.62129997730255,43.24489145789664,-0.009254449247951158,0.04785750781886387,-0.05711195706681503,11.506963073714843,11.218499946594239,10.930036819473635,12.913703410093659,13.8396528384883,NICK
2021-07-22,10.8100004196167,10.899999618530273,10.8100004196167,10.899999618530273,10.899999618530273,4000,10.989999961853027,11.120999908447265,11.196499919891357,10.979599990844726,10.745599956512452,9.64029997587204,41.36406706806862,-0.027148036789219177,0.032856398897247265,-0.06000443568646644,11.51052380877987,11.196499919891357,10.882476031002843,14.139196313824522,12.66082996364998,NICK
2021-07-23,10.800000190734863,11.020000457763672,10.800000190734863,11.020000457763672,11.020000457763672,3900,10.968000030517578,11.110999965667725,11.188499927520752,10.994599990844726,10.750399961471558,9.659849977493286,46.386374480781164,-0.031285133450634106,0.020028092427670993,-0.0513132258783051,11.51181242008801,11.188499927520752,10.865187434953494,19.297924281375405,15.450274668430945,NICK
2021-07-26,11.020000457763672,11.109999656677246,11.020000457763672,11.09000015258789,11.09000015258789,2600,10.994000053405761,11.088000011444091,11.169499921798707,11.011199989318847,10.755499963760377,9.679749977588653,49.12384996672737,-0.028585901521884338,0.010305293637759927,-0.038891195159644266,11.468128319450333,11.169499921798707,10.87087152414708,30.372939514927612,21.270020036708928,NICK
2021-07-27,11.09000015258789,11.09000015258789,10.75,10.75,10.75,16200,10.944000053405762,11.03100004196167,11.132499933242798,11.019599990844727,10.758099966049194,9.697249977588653,38.76931049245545,-0.053267872706975083,-0.0024093396311870748,-0.05085853307578801,11.44611582803538,11.132499933242798,10.818884038450216,25.757593272259907,25.142819022854056,NICK
2021-07-28,10.760000228881836,10.979999542236328,10.529999732971191,10.979999542236328,10.979999542236328,21000,10.947999954223633,11.00600004196167,11.117499923706054,11.03179998397827,10.761799964904785,9.715899975299836,46.92012201558293,-0.05365101630371427,-0.012657674965692516,-0.04099334133802175,11.430157826196279,11.117499923706054,10.80484202121583,30.775486235037942,28.96867300740824,NICK
2021-07-29,10.699999809265137,11.010000228881836,10.65999984741211,10.75,10.75,11900,10.918000030517579,10.953999996185303,11.094999933242798,11.040799980163575,10.763299961090087,9.733399975299836,41.03718799092398,-0.07168733427096541,-0.024463606826747093,-0.047223727444218315,11.443396199393115,11.094999933242798,10.746603667092481,24.01433177190607,26.849137093067725,NICK
2021-07-30,10.979999542236328,10.989999771118164,10.850000381469727,10.899999618530273,10.899999618530273,7300,10.8939998626709,10.930999946594238,11.079499912261962,11.05379997253418,10.767299957275391,9.75004997253418,45.809268124949185,-0.07303562140789666,-0.03417800974297701,-0.03885761166491965,11.433588849378053,11.079499912261962,10.725410975145872,37.27597206384653,30.688596690263267,NICK
2021-08-02,10.850000381469727,10.850000381469727,10.850000381469727,10.850000381469727,10.850000381469727,1300,10.845999908447265,10.919999980926514,11.06299991607666,11.06099998474121,10.768199958801269,9.766799974441529,44.51595657283601,-0.0772482000823107,-0.042792047810843746,-0.03445615227146696,11.42742263356711,11.06299991607666,10.698577198586209,32.616505464996685,31.30226976691618,NICK
2021-08-03,10.970000267028809,11.59000015258789,10.899999618530273,11.359999656677246,11.359999656677246,18300,10.967999839782715,10.955999946594238,11.062499904632569,11.082999973297119,10.77319995880127,9.784099972248077,57.64989924187635,-0.03898462922568591,-0.04203056409381218,0.0030459348681262724,11.425260004296403,11.062499904632569,10.699739804968734,50.831810021428375,40.24142918342361,NICK
2021-08-04,11.119999885559082,11.550000190734863,11.119999885559082,11.359999656677246,11.359999656677246,43700,11.043999862670898,10.995999908447265,11.068999910354615,11.104999961853027,10.779299955368042,9.80189996957779,57.64989924187635,-0.00856177879128417,-0.03533680703330658,0.02677502824202241,11.447834814217025,11.068999910354615,10.690165006492204,63.67078592880936,49.03970047174456,NICK
2021-08-05,11.34000015258789,11.5,11.020000457763672,11.149999618530273,11.149999618530273,65600,11.123999786376952,11.020999908447266,11.070999908447266,11.122999954223634,10.782699947357179,9.818449966907501,51.79482308019849,-0.001380781878149051,-0.028545602002275072,0.02716482012412602,11.451099736282188,11.070999908447266,10.690900080612344,71.69807642766966,62.06689079263555,NICK
2021-08-06,11.430000305175781,11.430000305175781,11.170000076293945,11.40999984741211,11.40999984741211,27500,11.22599983215332,11.05999984741211,11.085499906539917,11.143799953460693,10.790199947357177,9.836399965286255,57.54407505388407,0.02500184970964625,-0.017836111659890807,0.04283796136953706,11.493101270023507,11.085499906539917,10.677898543056328,73.27040884721542,69.54642373456456,NICK
2021-08-09,11.40999984741211,11.729999542236328,11.350000381469727,11.4399995803833,11.4399995803833,35100,11.343999671936036,11.09499979019165,11.09149990081787,11.166399936676026,10.798099946975707,9.854349963665008,58.16408024442038,0.04778022239055346,-0.004712844849801952,0.052493067240355414,11.515918144297538,11.09149990081787,10.667081657338203,72.44757020491376,72.47201849326603,NICK
2021-08-10,11.420000076293945,11.600000381469727,11.239999771118164,11.350000381469727,11.350000381469727,14100,11.341999816894532,11.154999828338623,11.092999935150146,11.18339994430542,10.805099954605103,9.872049965858459,55.54350728002812,0.057902598539007144,0.007810243827959867,0.050092354711047275,11.520836251413254,11.092999935150146,10.66516361888704,75.72852558794698,73.8155015466918,NICK
2021-08-11,11.359999656677246,11.550000190734863,11.359999656677246,11.430000305175781,11.430000305175781,37000,11.355999946594238,11.199999904632568,11.10299997329712,11.193599948883056,10.812899961471558,9.890049967765808,57.381627306033856,0.07155513674538305,0.020559222411444505,0.05099591433393855,11.552003293855991,11.10299997329712,10.653996652738249,73.05559683729786,73.74389754338596,NICK
2021-08-12,11.369999885559082,11.9399995803833,11.25,11.579999923706055,11.579999923706055,40500,11.442000007629394,11.282999897003174,11.118499946594238,11.212999954223633,10.823399963378906,9.908799967765809,60.665578554989985,0.09340190819444238,0.03512775956804408,0.058274148626398306,11.608980265628272,11.118499946594238,10.628019627560203,72.60052151110965,73.79488131211792,NICK
2021-08-13,11.600000381469727,11.600000381469727,11.180000305175781,11.180000305175781,11.180000305175781,5300,11.396000099182128,11.310999965667724,11.120999956130982,11.226599960327148,10.830199966430664,9.925699968338012,49.67352316179189,0.07754511388351837,0.04361123043113894,0.03393388345237943,11.612198440674625,11.120999956130982,10.629801471587339,65.18916754932407,70.28176196591028,NICK
2021-08-16,10.760000228881836,11.600000381469727,10.3100004196167,11.449999809265137,11.449999809265137,74800,11.398000144958496,11.370999908447265,11.14549994468689,11.23399995803833,10.839699964523316,9.943049967288971,55.53065941242144,0.0857764165144701,0.05204426764780517,0.03373214886666493,11.65081068019061,11.14549994468689,10.64018920918317,63.502030638098574,67.09723989951051,NICK
2021-08-17,11.3100004196167,11.550000190734863,11.3100004196167,11.359999656677246,11.359999656677246,29300,11.4,11.370999908447265,11.163499927520752,11.234399948120117,10.847199964523316,9.961099965572357,53.303705830488276,0.08406843442043233,0.0584491010023306,0.025619333418101728,11.672431082388801,11.163499927520752,10.654568772652702,60.15171649869651,62.94763822870613,NICK
2021-08-18,11.449999809265137,11.8100004196167,11.449999809265137,11.649999618530273,11.649999618530273,100600,11.443999862670898,11.399999904632569,11.197999906539916,11.246399936676026,10.858799962997436,9.9792999625206,59.00817187848898,0.10490612706528246,0.06774050621492098,0.037165620850361486,11.739575270696648,11.197999906539916,10.656424542383185,72.18813176080381,65.28062629919938,NICK
2021-08-19,11.8100004196167,12.5,11.8100004196167,12.069999694824219,12.069999694824219,23800,11.541999816894531,11.491999912261964,11.256499910354615,11.26359992980957,10.874599962234496,9.998899962902069,65.5684882857747,0.1535407228068877,0.08490054953331432,0.06864017327357337,11.899874424225722,11.256499910354615,10.613125396483508,75.66367517266437,69.33450781072132,NICK
2021-08-20,12.140000343322754,12.140000343322754,11.40999984741211,11.789999961853027,11.789999961853027,38800,11.66399974822998,11.529999923706054,11.294999885559083,11.273799934387206,10.887999963760375,10.018099963665009,58.81108802316158,0.167558837947972,0.10143220721624585,0.06612663073172614,11.96860201999048,11.294999885559083,10.621397751127686,76.71792065525123,74.85657586290621,NICK
2021-08-23,11.720000267028809,12.140000343322754,11.720000267028809,11.949999809265137,11.949999809265137,15000,11.763999748229981,11.580999946594238,11.337999868392945,11.282999935150146,10.901799964904786,10.037299964427948,61.26752888887146,0.1893957098555088,0.11902490774409843,0.07037080211141036,12.061701356109406,11.337999868392945,10.614298380676484,74.27700368536433,75.55286650442639,NICK
2021-08-24,11.960000038146973,12.239999771118164,11.600000381469727,11.880000114440918,11.880000114440918,4300,11.867999839782716,11.633999919891357,11.39449987411499,11.292199935913086,10.916099967956542,10.057149965763092,59.593038028642574,0.19876199327451793,0.13497232485018235,0.06378966842433559,12.10201589869245,11.39449987411499,10.68698384953753,71.38507648919494,74.12666694326991,NICK
2021-08-25,11.779999732971191,12.109999656677246,11.729999542236328,11.829999923706055,11.829999923706055,4600,11.90399990081787,11.673999881744384,11.436999893188476,11.301799926757813,10.927699966430664,10.077299964427947,58.36595981138463,0.19984653637011185,0.14794716715416825,0.0518993692159436,12.141928167669118,11.436999893188476,10.732071618707835,71.99390403131447,72.55199473529099,NICK
2021-08-26,11.460000038146973,11.789999961853027,11.460000038146973,11.789999961853027,11.789999961853027,1800,11.847999954223633,11.694999885559081,11.488999891281129,11.307599925994873,10.940499963760375,10.09694996356964,57.34860561018307,0.19522791606789802,0.1574033169369142,0.03782459913098382,12.13447329274922,11.488999891281129,10.843526489813037,69.55859386283633,70.97919146111501,NICK
2021-08-27,11.720000267028809,12.010000228881836,11.579999923706055,11.65999984741211,11.65999984741211,2500,11.82199993133545,11.742999839782716,11.526999902725219,11.31139991760254,10.95199995994568,10.115899963378906,54.051097240648105,0.17901413985215342,0.16172548151996205,0.01728865833219137,12.116341774021599,11.526999902725219,10.937658031428839,66.2100351233821,69.25417767251072,NICK
2021-08-30,11.710000038146973,11.710000038146973,11.619999885559082,11.699999809265137,11.699999809265137,1200,11.771999931335449,11.767999839782714,11.56949987411499,11.315399913787841,10.964499959945678,10.134399962425231,54.91019371959452,0.16746187179843908,0.16287275957565744,0.004589112222781633,12.073899491647595,11.56949987411499,11.065100256582387,64.23134198259521,66.6666569896043,NICK
2021-08-31,11.779999732971191,12.270000457763672,11.550000190734863,11.579999923706055,11.579999923706055,3000,11.711999893188477,11.789999866485596,11.58049988746643,11.318199920654298,10.97529995918274,10.152299962043763,51.78228586943487,0.14692991169126302,0.15968418999877856,-0.012754278307515549,12.075655373126349,11.58049988746643,11.085344401806513,61.034993757569254,63.82545695451528,NICK
2021-09-01,11.65999984741211,11.65999984741211,11.59000015258789,11.600000381469727,11.600000381469727,2100,11.66599998474121,11.78499994277954,11.592499923706054,11.32359992980957,10.9860999584198,10.168999962806701,52.27030118884234,0.13076468132415187,0.1539002882638532,-0.023135606939701348,12.077221426218433,11.592499923706054,11.107778421193675,60.12175970218675,61.79603181411684,NICK
2021-09-02,11.539999961853027,12.039999961853027,11.539999961853027,11.850000381469727,11.850000381469727,11600,11.67800006866455,11.763000011444092,11.627499961853028,11.333799934387207,11.000399961471558,10.189299964904786,57.9933754222679,0.13655243894166702,0.15043071839941596,-0.013878279457748943,12.079335017432143,11.627499961853028,11.175664906273912,62.404873871830205,61.1872091105285,NICK
2021-09-03,11.770000457763672,11.770000457763672,11.600000381469727,11.619999885559082,11.619999885559082,2500,11.670000076293945,11.746000003814697,11.637999963760375,11.342599925994874,11.0110999584198,10.20819996356964,51.83536659966651,0.1211832358178846,0.14458122188310968,-0.023397986065225085,12.078753758483332,11.637999963760375,11.197246169037419,51.75805001455256,58.09489452952294,NICK
2021-09-07,11.539999961853027,11.539999961853027,11.25,11.399999618530273,11.399999618530273,9300,11.610000038146973,11.690999984741211,11.635999965667725,11.341199913024901,11.01939995765686,10.226199960708618,46.72459381588393,0.09021095297139325,0.13370716810076638,-0.04349621512937313,12.080675026915264,11.635999965667725,11.191324904420187,36.12333346417952,50.09541911685386,NICK
2021-09-08,11.25,11.25,11.25,11.25,11.25,900,11.544000053405762,11.627999973297118,11.630999946594239,11.33639991760254,11.026199960708619,10.243449959754944,43.570297055464806,0.052951092818918966,0.1175559530443969,-0.06460486022547793,12.090429975651158,11.630999946594239,11.171569917537319,12.683451319187029,33.521611599306134,NICK
2021-09-09,10.920000076293945,10.920000076293945,10.920000076293945,10.920000076293945,10.920000076293945,1800,11.407999992370605,11.536999988555909,11.605499935150146,11.329199924468995,11.030899963378907,10.258499960899353,37.56244491181918,-0.003169316802093647,0.09341089907509878,-0.09658021587719243,12.154589127548112,11.605499935150146,11.05641074275218,3.999989827474247,17.602258203613363,NICK
2021-09-10,11.140000343322754,11.489999771118164,11.140000343322754,11.479999542236328,11.479999542236328,3200,11.333999824523925,11.505999946594239,11.60049991607666,11.334799919128418,11.041199960708617,10.277099957466126,50.1294393385263,-0.002429859059027706,0.07424274744827349,-0.07667260650730119,12.152241667308754,11.60049991607666,11.048758164844568,13.827143400081384,10.170194848913987,NICK
2021-09-13,11.449999809265137,11.449999809265137,11.300000190734863,11.300000190734863,11.300000190734863,4300,11.269999885559082,11.469999980926513,11.606499910354614,11.336599922180175,11.049399967193603,10.294899959564209,46.86434245350867,-0.016181743749802635,0.05615784920865826,-0.0723395929584609,12.142196646166923,11.606499910354614,11.070803174542306,23.209859623890083,13.678997617148339,NICK
2021-09-14,11.359999656677246,11.359999656677246,11.109999656677246,11.359999656677246,11.359999656677246,1700,11.261999893188477,11.435999965667724,11.60199990272522,11.340199909210206,11.058199968338013,10.31319995880127,48.07832665087643,-0.021985322862557055,0.040529214794415194,-0.06251453765697225,12.144350353236307,11.60199990272522,11.059649452214133,34.0740437239538,23.70368224930819,NICK
2021-09-15,11.210000038146973,11.529999732971191,11.050000190734863,11.529999732971191,11.529999732971191,10200,11.317999839782715,11.430999946594238,11.610499906539918,11.343399906158448,11.069299964904785,10.33149995803833,51.46204978800324,-0.012720481917618542,0.02987927545200845,-0.04259975736962699,12.142645555757955,11.610499906539918,11.07835425732188,35.30861598583788,30.86417311122703,NICK
2021-09-16,11.0600004196167,11.890000343322754,11.0600004196167,11.859999656677246,11.859999656677246,18900,11.505999755859374,11.45699987411499,11.620999908447265,11.355999908447266,11.083399963378906,10.352799956798554,57.28184890702154,0.02100803959605102,0.028105028280816964,-0.007096988684765944,12.164024743455547,11.620999908447265,11.077975073438983,49.13575938591898,39.506139698569996,NICK
2021-09-17,11.75,11.859999656677246,11.199999809265137,11.609999656677246,11.609999656677246,20900,11.531999778747558,11.432999801635741,11.597999906539917,11.365999908447266,11.09649995803833,10.373449954986572,52.17771059092503,0.027251091612789935,0.027934240947211558,-0.0006831493344216233,12.100457875487946,11.597999906539917,11.095541937591888,55.30859714783202,46.58432417319607,NICK
2021-09-20,11.109999656677246,11.890000343322754,11.0,11.890000343322754,11.890000343322754,21400,11.649999809265136,11.45999984741211,11.602999925613403,11.38139991760254,11.111399965286255,10.396199955940247,56.81864513444994,0.054168055043632535,0.033181003766495756,0.02098705127713678,12.114902315297808,11.602999925613403,11.091097535928998,64.19749859539148,56.21395170971393,NICK
2021-09-21,11.829999923706055,12.180000305175781,11.399999618530273,12.180000305175781,12.180000305175781,21700,11.813999938964844,11.53799991607666,11.614499950408936,11.39859992980957,11.129699964523315,10.419549956321717,61.03619274442775,0.09777344437466517,0.04609949188812964,0.051673952486535536,12.16587927359357,11.614499950408936,11.063120627224302,74.32097230483502,64.60902268268593,NICK
2021-09-22,12.149999618530273,12.449999809265137,11.850000381469727,12.0,12.0,8100,11.907999992370605,11.61299991607666,11.62049994468689,11.412199935913087,11.145599966049195,10.440949957370758,57.29556314967424,0.11646398495475907,0.06017239050145552,0.05629159445330355,12.18574250194619,11.62049994468689,11.055257387427588,80.81336465194319,73.11061185072299,NICK
2021-09-23,12.079999923706055,12.300000190734863,12.0,12.0,12.0,4900,11.936000061035156,11.720999908447265,11.628999948501587,11.427599945068359,11.160899963378906,10.461749956607818,57.29556314967424,0.12978034597956523,0.07409398159707746,0.055686364382487766,12.211439780958383,11.628999948501587,11.046560116044791,80.39216175150347,78.50883290276032,NICK
2021-09-24,12.079999923706055,12.130000114440918,12.0,12.079999923706055,12.079999923706055,2700,12.030000114440918,11.780999946594239,11.643499946594238,11.443799934387208,11.178099966049194,10.48229995727539,58.60326593084621,0.1451161743603997,0.0882984201497419,0.056817754210657795,12.254966342498903,11.643499946594238,11.032033550689572,72.33116065924492,77.84556235423027,NICK
2021-09-27,12.149999618530273,12.149999618530273,12.050000190734863,12.050000190734863,12.050000190734863,3400,12.06200008392334,11.855999946594238,11.662999963760376,11.462199935913086,11.195599966049194,10.501299958229065,57.887398538756884,0.1530845378478478,0.10125564368936309,0.051828894158484726,12.299682138000119,11.662999963760376,11.026317789520633,73.42048962354404,75.38127067809722,NICK
2021-09-28,12.130000114440918,12.34000015258789,12.100000381469727,12.109999656677246,12.109999656677246,2100,12.047999954223632,11.930999946594238,11.683499956130982,11.485199928283691,11.213499965667724,10.520099954605103,58.96698848639586,0.1623692867197679,0.11347837229544405,0.04889091442432386,12.349361157603038,11.683499956130982,11.017638754658925,75.81699672322463,73.85621566867094,NICK
2021-09-29,12.220000267028809,12.270000457763672,12.119999885559082,12.149999618530273,12.149999618530273,3200,12.077999877929688,11.992999935150147,11.711999940872193,11.508199920654297,11.231999959945679,10.538399953842163,59.70856568066502,0.17098418052257003,0.12497953394086925,0.04600464658170078,12.405904890246441,11.711999940872193,11.018094991497945,76.98144079945378,75.40630904874057,NICK
2021-09-30,12.279999732971191,12.289999961853027,12.149999618530273,12.289999961853027,12.289999961853027,1400,12.135999870300292,12.035999965667724,11.746499919891358,11.534799919128417,11.2510999584198,10.557549953460693,62.2781903862312,0.18695332208016957,0.13737429156872932,0.04957903051144025,12.482061684222845,11.746499919891358,11.01093815555987,82.01787306380082,78.27210352882616,NICK
2021-10-01,12.300000190734863,12.479999542236328,12.0,12.15999984741211,12.15999984741211,7600,12.151999855041504,12.090999984741211,11.761999893188477,11.559999923706055,11.26979995727539,10.57559995174408,58.54446696012593,0.18696385608493848,0.14729220447197117,0.03967165161296732,12.518401956485556,11.761999893188477,11.005597829891398,82.21808252530369,80.40579879618585,NICK
2021-10-04,12.119999885559082,12.140000343322754,12.100000381469727,12.140000343322754,12.140000343322754,2100,12.169999885559083,12.115999984741212,11.78799991607666,11.582399921417236,11.288499956130982,10.59479995250702,57.96868272846493,0.18324606495237283,0.1544829765680515,0.028763088384321345,12.558703584308676,11.78799991607666,11.017296247844646,81.45699755765554,81.89765104891977,NICK
2021-10-05,12.130000114440918,12.369999885559082,12.130000114440918,12.260000228881836,12.260000228881836,1000,12.2,12.123999977111817,11.830999946594238,11.605799922943115,11.308499956130982,10.615199952125549,60.48019330241565,0.1878176318309741,0.16114990762063602,0.026667724210338084,12.606265157091073,11.830999946594238,11.055734736097403,80.18021443072958,81.28509817122934,NICK
2021-10-06,12.180000305175781,12.25,12.180000305175781,12.25,12.25,2900,12.220000076293946,12.148999977111817,11.880999946594239,11.635799922943114,11.327699956893921,10.638749952316283,60.157591904722565,0.18846123284408023,0.16661217266532485,0.021849060178755375,12.628419619849488,11.880999946594239,11.133580273338989,82.20724552138108,81.28148583658847,NICK
2021-10-07,12.149999618530273,12.149999618530273,12.0,12.020000457763672,12.020000457763672,3600,12.166000175476075,12.151000022888184,11.935999965667724,11.656599941253662,11.344199962615967,10.65994995355606,53.13731282384483,0.1684702304640524,0.16698378422507038,0.001486446238982031,12.540728200376856,11.935999965667724,11.331271730958592,79.50454456023172,80.63066817078054,NICK
2021-10-08,12.020000457763672,12.020000457763672,12.020000457763672,12.020000457763672,12.020000457763672,700,12.138000297546387,12.145000076293945,11.963000011444091,11.681999950408935,11.361399965286255,10.68129995584488,53.13731282384483,0.15088787554563865,0.16376460248918404,-0.012876726943545386,12.530982552784304,11.963000011444091,11.395017470103879,70.26198197263142,77.32459068474782,NICK
2021-10-11,12.0,12.079999923706055,12.0,12.020000457763672,12.020000457763672,2700,12.11400032043457,12.142000102996827,11.999000024795532,11.704399967193604,11.379099969863892,10.70189995765686,53.13731282384483,0.13539300630134754,0.15809028325161673,-0.022697276950269185,12.478746021283364,11.999000024795532,11.5192540283077,51.10354512515887,66.95669055267375,NICK
2021-10-12,12.029999732971191,12.25,12.010000228881836,12.25,12.25,1500,12.112000274658204,12.156000137329102,12.04350004196167,11.732399959564209,11.39669997215271,10.721999959945679,59.09879305113252,0.14005775306838864,0.1544837772149711,-0.014426024146582478,12.434870861587173,12.04350004196167,11.652129222336166,45.491682404625124,55.61906983413821,NICK
2021-10-13,12.329999923706055,12.390000343322754,12.069999694824219,12.069999694824219,12.069999694824219,5800,12.076000213623047,12.148000144958496,12.070500040054322,11.74659996032715,11.414799966812133,10.741599960327148,53.376049313698246,0.12775737074286475,0.14913849592054984,-0.02138112517768509,12.383004522774216,12.070500040054322,11.757995557334427,31.21694723566984,42.60405825515102,NICK
2021-10-14,11.460000038146973,12.260000228881836,11.460000038146973,12.260000228881836,12.260000228881836,1400,12.12400016784668,12.145000171661376,12.09050006866455,11.76459997177124,11.434799966812134,10.762149963378906,57.99930994105902,0.1318211323699945,0.14567502321043876,-0.013853890840444277,12.39771176957327,12.09050006866455,11.78328836775583,48.36603201583919,41.69155388537779,NICK
2021-10-15,12.149999618530273,12.149999618530273,12.020000457763672,12.050000190734863,12.050000190734863,2400,12.130000114440918,12.134000205993653,12.112500095367432,11.782599983215333,11.452799968719482,10.78079996585846,51.87639369692463,0.1167506162727463,0.13989014182290027,-0.023139525550153972,12.32835871417575,12.112500095367432,11.896641476559115,50.285964460231845,43.28964790391336,NICK
2021-10-18,12.100000381469727,12.100000381469727,11.90999984741211,11.970000267028809,11.970000267028809,32000,12.120000076293945,12.117000198364257,12.116500091552734,11.793799991607665,11.46879997253418,10.798749966621399,49.722884696013956,0.09723098021689403,0.13135830950169902,-0.034127329284805,12.318220084908265,12.116500091552734,11.914780098197202,62.09155215557021,53.581182877213486,NICK
2021-10-19,11.970000267028809,12.109999656677246,11.970000267028809,12.109999656677246,12.109999656677246,1500,12.092000007629395,12.1020001411438,12.113000059127808,11.807199993133544,11.486799964904785,10.816899967193603,53.370888689613885,0.0919978151853531,0.12348621063842984,-0.03148839545307673,12.312609554182531,12.113000059127808,11.913390564073085,57.18957028848069,56.52236230142733,NICK
2021-10-20,12.100000381469727,12.100000381469727,12.0,12.0,12.0,1100,12.07800006866455,12.077000141143799,12.113000059127808,11.82019998550415,11.501799964904786,10.834899969100952,50.28370752541169,0.07807444757458981,0.11440385802566183,-0.03632941045107202,12.312609554182531,12.113000059127808,11.913390564073085,55.55557633278418,58.2788995922781,NICK
2021-10-21,11.960000038146973,12.380000114440918,11.90999984741211,12.0,12.0,11100,12.026000022888184,12.075000095367432,12.113000059127808,11.831599979400634,11.512599964141845,10.853049969673156,50.28370752541169,0.06627608893282755,0.10477830420709497,-0.03850221527426742,12.312609554182531,12.113000059127808,11.913390564073085,58.24372507438829,56.996290565217464,NICK
2021-10-22,11.699999809265137,11.90999984741211,11.699999809265137,11.770000457763672,11.770000457763672,1000,11.970000076293946,12.050000095367432,12.097500085830688,11.835399990081788,11.52419997215271,10.86999997138977,44.098097409445366,0.0379295357566658,0.09140855051700914,-0.053479014760343335,12.34688913399998,12.097500085830688,11.848111037661397,48.11301965292688,53.97077368669952,NICK
2021-10-25,11.75,11.859999656677246,11.75,11.770000457763672,11.770000457763672,8500,11.930000114440919,12.025000095367432,12.083500099182128,11.847199993133545,11.536899976730346,10.88714997291565,44.098097409445366,0.015288452376404749,0.07618453088888825,-0.060896078512483506,12.37057300301019,12.083500099182128,11.796427195354067,41.57707600132381,49.311273576212734,NICK
2021-10-26,12.140000343322754,12.34000015258789,12.029999732971191,12.149999618530273,12.149999618530273,6700,11.938000106811524,12.015000057220458,12.08550009727478,11.861199989318848,11.547599973678588,10.906499972343445,54.76135443041065,0.027688807824803874,0.06648538627607138,-0.03879657845126751,12.373838169765875,12.08550009727478,11.797162024783685,46.9534046503745,45.5478334348748,NICK
2021-10-27,11.859999656677246,12.029999732971191,11.84000015258789,11.890000343322754,11.890000343322754,1300,11.916000175476075,11.997000122070313,12.072500133514405,11.871800003051758,11.553099975585937,10.924749975204469,48.01302138694663,0.01634796113306436,0.05645790124746998,-0.04010994011440562,12.37128909068547,12.072500133514405,11.773711176343339,51.25447440598785,46.59498501922846,NICK
2021-10-28,11.819999694824219,11.90999984741211,11.819999694824219,11.899999618530273,11.899999618530273,6200,11.896000099182128,11.961000061035156,12.053000116348267,11.876800003051757,11.561599969863892,10.94299997329712,48.27701110217836,0.008074043814119136,0.04678112976079981,-0.038707085946680674,12.343248094322261,12.053000116348267,11.762752138374273,55.9139410048377,51.373940020399765,NICK
2021-10-29,12.050000190734863,12.369999885559082,11.8100004196167,11.899999618530273,11.899999618530273,4200,11.92199993133545,11.946000003814698,12.040000104904175,11.873400001525878,11.568499965667725,10.96124997138977,48.27701110217836,0.001499618064926267,0.0377248274216251,-0.03622520935669883,12.333189343289087,12.040000104904175,11.746810866519263,46.95337046851058,51.37392862644512,NICK
2021-11-01,11.630000114440918,12.0,11.630000114440918,11.84000015258789,11.84000015258789,2800,11.935999870300293,11.932999992370606,12.025000095367432,11.874400005340576,11.574099969863891,10.978449974060059,46.62923225072692,-0.00845465714782101,0.028488930507735877,-0.036943587655556887,12.3267614497668,12.025000095367432,11.723238740968064,45.161249524872375,49.342853666073296,NICK
2021-11-02,11.989999771118164,11.989999771118164,11.75,11.9399995803833,11.9399995803833,1000,11.8939998626709,11.91599998474121,12.009000062942505,11.87420000076294,11.578599967956542,10.993899970054626,49.71010721737616,-0.008180079018599073,0.021155128602468886,-0.02933520762106796,12.292612326107733,12.009000062942505,11.725387799777277,46.781946740914485,46.29885557809889,NICK
2021-11-03,11.819999694824219,11.850000381469727,11.760000228881836,11.850000381469727,11.850000381469727,800,11.885999870300292,11.901000022888184,11.989000082015991,11.873600006103516,11.5828999710083,11.008299970626831,47.07621514969675,-0.015051156705121471,0.013913871540950813,-0.028965028246072284,12.25784186574539,11.989000082015991,11.720158298286593,40.78914728272371,44.24411451616994,NICK
2021-11-04,11.979999542236328,12.0,11.8100004196167,12.0,12.0,11300,11.905999946594239,11.901000022888184,11.988000059127808,11.877000007629395,11.589399967193604,11.022399969100952,51.67227639798622,-0.008297174990380185,0.009471662234684614,-0.0177688372250648,12.25652175187453,11.988000059127808,11.719478366381086,43.61351532386425,43.7282031158339,NICK
2021-11-05,11.859999656677246,11.859999656677246,11.859999656677246,11.859999656677246,11.859999656677246,500,11.897999954223632,11.90999994277954,11.980000019073486,11.878400001525879,11.592999963760375,11.037749967575074,47.52396623516307,-0.014079157729758762,0.004761498241795939,-0.018840655971554703,12.253715039514452,11.980000019073486,11.70628499863252,36.444430881076684,40.28236449588796,NICK
2021-11-08,12.0,12.149999618530273,11.960000038146973,12.0,12.0,12600,11.929999923706054,11.932999897003175,11.978999996185303,11.885200004577637,11.598299961090088,11.054799966812134,51.69983572546876,-0.007280636388939499,0.002353071315648851,-0.00963370770458835,12.252268920617036,11.978999996185303,11.70573107175357,43.11108059353328,41.05634226615782,NICK
2021-11-09,12.0,12.0,12.0,12.0,12.0,400,11.942000007629394,11.917999935150146,11.966499996185302,11.891200008392333,11.603299961090087,11.068599967956542,51.69983572546876,-0.001871189339706092,0.0015082191845778622,-0.0033794085242839543,12.210325558173341,11.966499996185302,11.722674434197263,43.11108059353328,40.88886402271416,NICK
2021-11-10,12.0,12.100000381469727,11.899999618530273,12.100000381469727,12.100000381469727,10500,11.992000007629395,11.938999938964844,11.968000030517578,11.901600017547608,11.609899969100953,11.081199970245361,54.686945451381376,0.01036554392824307,0.003279684133310904,0.007085859794932167,12.214706206600225,11.968000030517578,11.721293854434931,54.060068464103324,46.76074321705638,NICK
2021-11-11,12.0,12.5,12.0,12.149999618530273,12.149999618530273,16100,12.021999931335449,11.963999938964843,11.9625,11.91260000228882,11.618099966049193,11.096499967575074,56.14725770360882,0.023823145383140343,0.007388376383276793,0.01643476899986355,12.186809792057607,11.9625,11.738190207942393,57.53898437376739,51.57004447713442,NICK
2021-11-12,12.020000457763672,12.399999618530273,11.880000114440918,12.1899995803833,12.1899995803833,2300,12.08799991607666,11.992999935150147,11.969499969482422,11.91939998626709,11.626599960327148,11.111549963951111,57.331951337905565,0.037286241538264875,0.013367949414274409,0.023918292123990464,12.212273196303453,11.969499969482422,11.726726742661391,62.55046607326573,58.04983963704524,NICK
2021-11-15,12.25,12.260000228881836,11.920000076293945,12.010000228881836,12.010000228881836,8500,12.089999961853028,12.00999994277954,11.971499967575074,11.927199993133545,11.634899959564208,11.12664996623993,50.69497515356488,0.03305041428602706,0.01730444238862494,0.015745971897402122,12.214914929798448,11.971499967575074,11.7280850053517,55.93866959857643,58.67604001520294,NICK
2021-11-16,12.050000190734863,12.109999656677246,12.0,12.0,12.0,5100,12.089999961853028,12.01599998474121,11.965999984741211,11.93920000076294,11.640199956893921,11.141449966430663,50.34626509330469,0.0285573642569652,0.019555026762292992,0.009002337494672209,12.201490668597424,11.965999984741211,11.730509300884998,50.19155702151058,56.226897564450674,NICK
2021-11-17,12.0,12.09000015258789,11.789999961853027,11.920000076293945,11.920000076293945,8000,12.053999900817871,12.022999954223632,11.961999988555908,11.952600002288818,11.644499959945678,11.149699964523315,47.52964392313783,0.01832996802109932,0.019310015014054258,-0.0009800469929549388,12.197762284975616,11.961999988555908,11.7262376921362,39.84674707494192,48.658991231676076,NICK
2021-11-18,11.949999809265137,11.949999809265137,11.6899995803833,11.760000228881836,11.760000228881836,3300,11.976000022888183,11.998999977111817,11.95,11.969400005340576,11.649299964904785,11.157249965667724,42.41836286059502,-0.002655358373450767,0.014916940336553252,-0.01757229871000402,12.200758533093941,11.95,11.699241466906058,30.268201753665082,40.10216861670562,NICK
2021-11-19,12.050000190734863,12.199999809265137,12.050000190734863,12.100000381469727,12.100000381469727,7500,11.958000183105469,12.023000049591065,11.966499996185302,11.981800022125244,11.658299970626832,11.163749966621399,53.79047079196235,0.008055926377130262,0.013544737544668655,-0.005488811167538393,12.211062663553287,11.966499996185302,11.721937328817317,32.964411272249414,34.359786700285234,NICK
2021-11-22,12.199999809265137,12.279999732971191,12.0,12.0,12.0,1000,11.956000137329102,12.023000049591065,11.97799997329712,11.995800018310547,11.666199970245362,11.16954996585846,50.62369007858035,0.008378914752482203,0.012511572986231364,-0.0041326582337491615,12.20556081506649,11.97799997329712,11.75043913152775,34.61051246659179,32.61437516416852,NICK
2021-11-23,12.020000457763672,12.029999732971191,12.020000457763672,12.020000457763672,12.020000457763672,1000,11.960000228881835,12.025000095367432,11.971500015258789,12.009000034332276,11.67459997177124,11.176349968910218,51.24196524207196,0.010131960227111492,0.01203565043440739,-0.0019036902072958987,12.18609491602763,11.971500015258789,11.756905114489948,43.20994049938787,36.92828807940945,NICK
2021-11-24,12.050000190734863,12.180000305175781,12.029999732971191,12.180000305175781,12.180000305175781,500,12.012000274658202,12.033000087738037,11.98600001335144,12.022000045776368,11.682699975967408,11.183549971580506,55.989654288640544,0.024153485560884036,0.01445921745970272,0.009694268101181316,12.215294597960932,11.98600001335144,11.756705428741947,46.50211672418174,41.440856563386895,NICK
2021-11-26,12.0600004196167,12.220000267028809,12.0,12.020000457763672,12.020000457763672,1800,12.06400032043457,12.020000171661376,11.99200005531311,12.025200061798095,11.690599985122681,11.190199975967408,50.675670101411505,0.02210023711930198,0.015987421391622573,0.006112815727679407,12.218238860515184,11.99200005531311,11.765761250111035,47.32518040329836,45.679079208955756,NICK
2021-11-29,12.0,12.300000190734863,12.0,12.0,12.0,3600,12.044000244140625,12.001000213623048,11.997000074386596,12.03300006866455,11.699499988555909,11.196949977874755,50.036372115592265,0.018644234021595096,0.016518783917617078,0.002125450103978018,12.219270135270914,11.997000074386596,11.774730013502278,46.50211672418174,46.77647128388705,NICK
2021-11-30,12.09000015258789,12.09000015258789,11.850000381469727,11.880000114440918,11.880000114440918,5300,12.02000026702881,11.988000202178956,11.999000072479248,12.032800064086913,11.707099990844727,11.202649979591369,46.265139739275504,0.006151428940084358,0.014445312922110534,-0.008293883982026176,12.216246437310897,11.999000072479248,11.7817537076476,34.15643625828656,42.66124446192199,NICK
2021-12-01,11.880000114440918,11.880000114440918,11.609999656677246,11.800000190734863,11.800000190734863,7400,11.976000213623047,11.968000221252442,11.992000102996826,12.025200061798095,11.711899995803833,11.207999982833861,43.89016954929768,-0.010088243358906013,0.009538601665907224,-0.01962684502481324,12.22486049833036,11.992000102996826,11.759139707663293,27.69228239970214,36.11694512738991,NICK
2021-12-02,11.800000190734863,11.880000114440918,11.800000190734863,11.880000114440918,11.880000114440918,4300,11.916000175476075,11.964000225067139,11.993500089645385,12.022800064086914,11.7175,11.214299983978272,46.82957246341025,-0.016314907304822768,0.0043678998717612254,-0.020682807176583995,12.22304524681433,11.993500089645385,11.763954932476441,26.32749502257218,29.392071226853393,NICK
2021-12-03,11.880000114440918,11.880000114440918,11.640000343322754,11.869999885559082,11.869999885559082,2700,11.886000061035157,11.975000190734864,11.98700008392334,12.020200061798096,11.723900003433227,11.219499983787536,46.5016331970168,-0.021805161904822512,-0.0008667124835555224,-0.02093844942126699,12.222720234095402,11.98700008392334,11.751279933751277,31.06893486313619,28.362904095136603,NICK
2021-12-06,11.880000114440918,11.880000114440918,11.630000114440918,11.800000190734863,11.800000190734863,2700,11.84600009918213,11.945000171661377,11.984000110626221,12.014600067138671,11.729200000762939,11.224699983596802,44.16994243980816,-0.0314421727950176,-0.006981804545847938,-0.02446036824916966,12.227507728872839,11.984000110626221,11.740492492379603,33.13157539405744,30.176001759921707,NICK
2021-12-07,12.029999732971191,12.039999961853027,12.029999732971191,12.039999961853027,12.039999961853027,1000,11.878000068664551,11.94900016784668,11.986000108718873,12.014400062561036,11.73829999923706,11.231549983024598,52.89162427259404,-0.019488941206171617,-0.009483231877912675,-0.010005709328258942,12.230654880898392,11.986000108718873,11.741345336539354,42.51209599024057,35.5708687491445,NICK
2021-12-08,11.949999809265137,11.949999809265137,11.760000228881836,11.760000228881836,11.760000228881836,1200,11.870000076293945,11.923000144958497,11.974000120162964,12.007400074005126,11.746300001144409,11.237849984169006,44.21362247792798,-0.03223793856068902,-0.014034173214467944,-0.018203765346221073,12.237545084817933,11.974000120162964,11.710455155507995,37.19810702705421,37.613926137117176,NICK
2021-12-09,11.649999618530273,11.65999984741211,11.649999618530273,11.65999984741211,11.65999984741211,1600,11.826000022888184,11.87100009918213,11.952000093460082,11.997600078582764,11.75289999961853,11.244449982643127,41.58915241090814,-0.04983632374417013,-0.021194603320408383,-0.028641720423761747,12.241937957118855,11.952000093460082,11.66206222980131,30.434810652027377,36.71500455644048,NICK
2021-12-10,12.010000228881836,12.010000228881836,11.609999656677246,11.6899995803833,11.6899995803833,1800,11.789999961853027,11.838000011444091,11.929000091552734,11.98560007095337,11.760199995040894,11.251599979400634,42.68823350071178,-0.06066315595866456,-0.02908831384805962,-0.03157484211060494,12.225371574352579,11.929000091552734,11.632628608752889,13.526592750053963,27.05317014304495,NICK
2021-12-13,11.630000114440918,11.630000114440918,11.359999656677246,11.369999885559082,11.369999885559082,4700,11.703999900817871,11.775,11.888000106811523,11.969800071716309,11.764899997711181,11.255249977111816,35.10115621473122,-0.09398143997641206,-0.04206693907373011,-0.05191450090268195,12.248533267904923,11.888000106811523,11.527466945718123,6.634811748393955,16.8654050501582,NICK
2021-12-14,11.0,11.609999656677246,10.949999809265137,11.609999656677246,11.609999656677246,1300,11.617999839782716,11.747999954223634,11.868000078201295,11.959200057983399,11.770799989700317,11.260599975585938,43.24806649584029,-0.09986921420338213,-0.05362739409966051,-0.04624182010372162,12.243318875716424,11.868000078201295,11.492681280686165,20.51563339036309,13.559012629603437,NICK
2021-12-15,11.470000267028809,11.470000267028809,11.15999984741211,11.170000076293945,11.170000076293945,3000,11.499999809265137,11.684999942779541,11.826500082015992,11.93740005493164,11.771599988937378,11.263549976348877,34.658173345554744,-0.13844371365163077,-0.07059065801005457,-0.0678530556415762,12.303921495126398,11.826500082015992,11.349078668905586,22.083009591615383,16.411151576790576,NICK
2021-12-16,11.170000076293945,11.529999732971191,10.989999771118164,11.529999732971191,11.529999732971191,3900,11.473999786376954,11.649999904632569,11.807000064849854,11.923000049591064,11.779399986267089,11.268749976158142,44.39026897414593,-0.1383702723601754,-0.08414658088007873,-0.054223691480096675,12.29918320619979,11.807000064849854,11.314816923499917,36.04937347147273,26.216005484483503,NICK
2021-12-17,11.5600004196167,11.779999732971191,11.029999732971191,11.779999732971191,11.779999732971191,8300,11.49199981689453,11.640999889373779,11.80800004005432,11.918200035095214,11.787399988174439,11.274599976539612,49.96370298889145,-0.11679284374310583,-0.09067583345268415,-0.026117010290421683,12.29987832936543,11.80800004005432,11.31612175074321,44.02208185590112,34.05148830632951,NICK
2021-12-20,11.399999618530273,11.399999618530273,11.180000305175781,11.300000190734863,11.300000190734863,1600,11.477999877929687,11.59099988937378,11.768000030517578,11.903800029754638,11.792899990081787,11.278099975585938,41.38698129375783,-0.1368470401475257,-0.09991007479165245,-0.036936965355873236,12.287715508397692,11.768000030517578,11.248284552637465,49.2933521138761,43.12160248041641,NICK
2021-12-21,11.15999984741211,11.869999885559082,11.15999984741211,11.869999885559082,11.869999885559082,3500,11.529999923706054,11.573999881744385,11.761500024795533,11.900800018310546,11.802599992752075,11.284949975013733,51.93785316775197,-0.10552944583284507,-0.10103394899989097,-0.004495496832954096,12.272627381301158,11.761500024795533,11.250372668289907,63.10692535958503,52.14078644312051,NICK
2021-12-22,11.180000305175781,11.90999984741211,11.180000305175781,11.34000015258789,11.34000015258789,3200,11.563999938964844,11.531999874114991,11.727500009536744,11.882600021362304,11.807499990463256,11.287849974632262,44.00573384344134,-0.12206943530100745,-0.10524104626011427,-0.016828389040893177,12.255510524681291,11.727500009536744,11.199489494392196,50.76454338546782,54.388273619642746,NICK
2021-12-23,11.5,11.5,11.350000381469727,11.350000381469727,11.350000381469727,2300,11.52800006866455,11.500999927520752,11.68600001335144,11.868200035095215,11.807399997711181,11.290299978256225,44.17896344796172,-0.13283927277636032,-0.11076069156336348,-0.022078581212996842,12.195368245279282,11.68600001335144,11.1766317814236,52.29360099205476,55.38835657903564,NICK
2021-12-27,11.270000457763672,11.369999885559082,11.270000457763672,11.369999885559082,11.369999885559082,3000,11.446000099182129,11.46899995803833,11.653499984741211,11.85040002822876,11.8075,11.293399977684022,44.548439504119024,-0.13816793972825359,-0.11624214119634149,-0.021925798531912094,12.156382620192144,11.653499984741211,11.150617349290279,37.00308325488154,46.687075877467805,NICK
2021-12-28,11.369999885559082,11.369999885559082,11.369999885559082,11.369999885559082,11.369999885559082,0,11.460000038146973,11.46899995803833,11.621999979019165,11.836800022125244,11.809700002670288,11.296199975013733,44.548439504119024,-0.1407682578275633,-0.12114736452258586,-0.019620893304977446,12.112901142929449,11.621999979019165,11.131098815108881,38.28401326131105,42.52689916941555,NICK
2021-12-29,11.319999694824219,11.329999923706055,11.319999694824219,11.329999923706055,11.329999923706055,1900,11.352000045776368,11.440999984741211,11.594499969482422,11.82400001525879,11.808900003433228,11.299549975395202,43.874821811940336,-0.14439222756512748,-0.12579633713109417,-0.018595890434033313,12.086128836734288,11.594499969482422,11.102871102230557,38.00126597586626,37.76278749735272,NICK
2021-12-30,11.399999618530273,11.510000228881836,11.350000381469727,11.390000343322754,11.390000343322754,3100,11.36200008392334,11.463000011444091,11.573999977111816,11.8096000289917,11.808400011062622,11.303249979019165,45.21307205935128,-0.14079966636370855,-0.12879700297761704,-0.012002663386091517,12.06383249501933,11.573999977111816,11.084167459204302,38.99371804779975,38.42633242832545,NICK
2021-12-31,11.520000457763672,11.789999961853027,11.390000343322754,11.789999961853027,11.789999961853027,5600,11.45,11.489000034332275,11.569499969482422,11.80540002822876,11.812800006866455,11.308949980735779,53.22100550253527,-0.1044716255811089,-0.12393192749831541,0.01946030191720652,12.049561295978743,11.569499969482422,11.089438642986101,54.95284451308775,43.98260951225101,NICK
2022-01-03,11.470000267028809,11.510000228881836,11.449999809265137,11.5,11.5,5200,11.476000022888183,11.461000061035156,11.550999975204467,11.79540002822876,11.813500003814697,11.313199982643127,47.76949105746514,-0.09795282562197904,-0.11873610712304813,0.02078328150106909,12.011430086387035,11.550999975204467,11.0905698640219,62.10038819628997,52.01565025239225,NICK
2022-01-04,11.5,11.529999732971191,11.5,11.510000228881836,11.510000228881836,4200,11.504000091552735,11.482000064849853,11.536499977111816,11.790200023651122,11.812800006866455,11.31809998512268,47.96741856108769,-0.09093149314351656,-0.11317518432714183,0.022243691183625264,11.982695967543831,11.536499977111816,11.090303986679801,67.1044936253517,61.3859087782429,NICK
2022-01-05,11.770000457763672,11.800000190734863,11.65999984741211,11.75,11.75,7200,11.588000106811524,11.470000076293946,11.521999979019165,11.78980001449585,11.818500003814698,11.32434998512268,52.60897428539215,-0.06524891195986982,-0.10358992985368742,0.03834101789381761,11.917807845447648,11.521999979019165,11.126192112590683,65.47406071282118,64.89298084482071,NICK
2022-01-06,11.930000305175781,11.930000305175781,11.619999885559082,11.619999885559082,11.619999885559082,1600,11.634000015258788,11.498000049591065,11.514999961853027,11.779200019836425,11.820200004577636,11.329949984550476,50.00680871345481,-0.05475403370062004,-0.09382275062307395,0.03906871692245391,11.89848377991419,11.514999961853027,11.131516143791863,68.22867623694351,66.93574352503856,NICK
2022-01-07,11.770000457763672,11.770000457763672,11.649999618530273,11.6899995803833,11.6899995803833,2500,11.613999938964843,11.531999969482422,11.516499948501586,11.775200004577636,11.823500003814697,11.335349984169007,51.400741491983915,-0.040323551902403665,-0.08312291087893989,0.04279935897653622,11.902467329001214,11.516499948501586,11.130532568001959,72.33177924762045,68.67817206579481,NICK
2022-01-10,11.75,11.75,11.569999694824219,11.569999694824219,11.569999694824219,7500,11.627999877929687,11.551999950408936,11.510499954223633,11.768600006103515,11.822700004577637,11.340749983787537,48.88439421914225,-0.0381307316560644,-0.07412447503436478,0.035993743378300386,11.889153937700664,11.510499954223633,11.131845970746602,62.54444194596359,67.70163247684228,NICK
2022-01-11,11.279999732971191,11.670000076293945,11.279999732971191,11.670000076293945,11.670000076293945,2200,11.65999984741211,11.581999969482421,11.525499963760376,11.76400001525879,11.818700008392334,11.346649985313416,51.035624585488456,-0.028000933435210484,-0.06489976671453393,0.036898833279323445,11.90447073042681,11.525499963760376,11.146529197093942,62.47036594098813,65.78219571152381,NICK
2022-01-12,11.6899995803833,11.739999771118164,11.550000190734863,11.550000190734863,11.550000190734863,6400,11.619999885559082,11.603999996185303,11.522499990463256,11.758200016021728,11.816300010681152,11.352149987220765,48.40311145487245,-0.029318023324607978,-0.05778341803654874,0.02846539471194076,11.899693382813217,11.522499990463256,11.145306598113295,53.66807212145782,59.56096000280294,NICK
2022-01-13,11.430000305175781,11.75,11.430000305175781,11.600000381469727,11.600000381469727,5600,11.615999984741212,11.625,11.544000005722046,11.751400032043456,11.812800016403198,11.357299990653992,49.57034726245614,-0.02602720362577493,-0.05143217515439398,0.02540497152861905,11.885724861170544,11.544000005722046,11.202275150273547,52.58583819643392,56.24142541962638,NICK
2022-01-14,11.390000343322754,11.739999771118164,11.359999656677246,11.720000267028809,11.720000267028809,10600,11.622000122070313,11.618000030517578,11.553500032424926,11.748800029754639,11.811200017929076,11.36364999294281,52.356061710294945,-0.013579679331369832,-0.04386167598978915,0.030281996658419318,11.903601291592071,11.553500032424926,11.203398773257781,53.37218067933585,53.20869699907562,NICK
2022-01-18,11.579999923706055,11.720000267028809,11.579999923706055,11.720000267028809,11.720000267028809,2900,11.652000236511231,11.640000057220458,11.550500059127808,11.743200035095215,11.810100021362304,11.368899993896484,52.356061710294945,-0.0036725913020614342,-0.035823859052243605,0.03215126775018217,11.893747688495372,11.550500059127808,11.207252429760244,61.7948868429743,55.917635239581124,NICK
2022-01-19,11.529999732971191,11.65999984741211,11.5,11.65999984741211,11.65999984741211,2600,11.650000190734863,11.655000019073487,11.56850004196167,11.739200038909912,11.808800020217895,11.374649991989136,50.731010851242196,-0.0006551331140265404,-0.028790113864600193,0.028134980750573652,11.894645625179148,11.56850004196167,11.242354458744192,64.61538837741047,59.92748529990664,NICK
2022-01-20,11.430000305175781,11.569999694824219,11.430000305175781,11.510000228881836,11.510000228881836,1700,11.642000198364258,11.63100004196167,11.550500059127808,11.72940004348755,11.807300024032592,11.379649991989135,46.81864568297183,-0.010249343326796279,-0.02508195975703941,0.014832616430243133,11.846437482263742,11.550500059127808,11.254562635991874,53.8461651322308,60.08548011753829,NICK
2022-01-21,11.680000305175781,11.680000305175781,10.850000381469727,11.170000076293945,11.170000076293945,63200,11.556000137329102,11.586000061035156,11.54200005531311,11.712800045013427,11.802000026702881,11.383249993324279,39.40127786647122,-0.044771892351484155,-0.02901994627592836,-0.015751946075555794,11.869694979609436,11.54200005531311,11.214305131016785,41.15858953265159,53.206714347430726,NICK
2022-01-24,10.859999656677246,11.260000228881836,10.859999656677246,11.15999984741211,11.15999984741211,3300,11.444000053405762,11.533000087738037,11.53250002861023,11.694000034332275,11.797800025939942,11.38654999256134,39.204542305325624,-0.07210699155682398,-0.037637355332107485,-0.0344696362247165,11.891435981387659,11.53250002861023,11.1735640758328,31.239306758756612,42.08135380787944,NICK
2022-01-25,10.899999618530273,11.0600004196167,10.899999618530273,11.050000190734863,11.050000190734863,1700,11.310000038146972,11.4810001373291,11.51650004386902,11.672000045776366,11.792300024032592,11.389199991226196,37.015175890768575,-0.10147654911296122,-0.05040519408827823,-0.05107135502468299,11.927706779661394,11.51650004386902,11.105293308076645,25.61725397114165,32.67171675418305,NICK
2022-01-26,10.890000343322754,11.0,10.890000343322754,11.0,11.0,1400,11.17800006866455,11.414000129699707,11.498000049591065,11.6482000541687,11.783800020217896,11.392099990844727,36.030226158536024,-0.12731907752339566,-0.06578797077530171,-0.06153110674809395,11.963600715606736,11.498000049591065,11.032399383575394,20.370337665487835,25.74229946512847,NICK
2022-01-27,10.949999809265137,11.3100004196167,10.670000076293945,10.949999809265137,10.949999809265137,11100,11.065999984741211,11.354000091552734,11.479000043869018,11.627000045776366,11.777100019454956,11.394099988937377,35.02649902787725,-0.1501037622622885,-0.08265112907269907,-0.06745263318958943,11.998380466627301,11.479000043869018,10.959619621110734,19.287289688883998,21.75829377517093,NICK
2022-01-28,11.329999923706055,11.539999961853027,10.680000305175781,10.960000038146973,10.960000038146973,11100,11.023999977111817,11.290000057220459,11.45750002861023,11.606200046539307,11.772700023651122,11.396049990653992,35.41403302138138,-0.1654466877479166,-0.09921024080774257,-0.06623644694017403,12.023357813542372,11.45750002861023,10.891642243678088,22.0650723723942,20.574233242255115,NICK
2022-01-31,10.970000267028809,11.720000267028809,10.609999656677246,10.75,10.75,19700,10.942000007629394,11.193000030517577,11.405500030517578,11.582800045013428,11.767700023651123,11.39694999217987,31.20491881957325,-0.19233420576977167,-0.1178350338001484,-0.07449917196962327,12.027897853888879,11.405500030517578,10.783102207146277,21.529030246789933,20.960464102689144,NICK
2022-02-01,10.989999771118164,11.039999961853027,10.989999771118164,11.039999961853027,11.039999961853027,1100,10.939999961853028,11.125,11.38250002861023,11.568400039672852,11.768900022506713,11.39989999294281,41.53845289650517,-0.1880741821260301,-0.13188286346532474,-0.05619131866070537,12.02296475158774,11.38250002861023,10.742035305632719,25.617297348138976,23.070466655774137,NICK
2022-02-02,11.5600004196167,11.5600004196167,10.770000457763672,10.770000457763672,10.770000457763672,3500,10.894000053405762,11.036000061035157,11.345500040054322,11.54180004119873,11.761800031661988,11.401499996185303,36.10138168359012,-0.20413168321995734,-0.14633262741625125,-0.05779905580370609,12.035789073293072,11.345500040054322,10.655211006815572,21.345065197005102,22.83046426397777,NICK
2022-02-03,11.0,11.170000076293945,11.0,11.100000381469727,11.100000381469727,7300,10.92400016784668,10.995000076293945,11.313000059127807,11.523800048828125,11.759800033569336,11.40460000038147,45.49230100431662,-0.18806127924326432,-0.15467835778165387,-0.033382921461610454,11.985014885841215,11.313000059127807,10.6409852324144,31.70578634227249,26.222716295805288,NICK
2022-02-04,10.710000038146973,11.079999923706055,10.710000038146973,10.739999771118164,10.739999771118164,1700,10.880000114440918,10.952000045776368,11.269000053405762,11.498200035095214,11.753600034713745,11.405900001525879,38.79412330741131,-0.2020453558224098,-0.16415175738980506,-0.03789359843260473,11.969482753145364,11.269000053405762,10.56851735366616,23.03658698426173,25.362479507846206,NICK
2022-02-07,10.880000114440918,11.199999809265137,10.880000114440918,11.100000381469727,11.100000381469727,5600,10.950000190734864,10.946000099182129,11.239500093460084,11.476600036621093,11.74930004119873,11.409300003051758,47.17089530551445,-0.1819810325920148,-0.16771761243024702,-0.014263420161767792,11.915857306452683,11.239500093460084,10.563142880467485,33.07293078564819,29.2717680373939,NICK
2022-02-08,10.869999885559082,10.869999885559082,10.869999885559082,10.869999885559082,10.869999885559082,400,10.916000175476075,10.92800006866455,11.204500102996827,11.453600025177002,11.73940004348755,11.411400003433227,43.111281479448635,-0.18253488121529493,-0.1706810661872566,-0.01185381502803834,11.881271235407803,11.204500102996827,10.52772897058585,26.426443970949055,27.511987246952756,NICK
2022-02-09,10.979999542236328,11.510000228881836,10.979999542236328,11.5,11.5,13900,11.06200008392334,10.978000068664551,11.196000099182129,11.443600025177002,11.738300046920777,11.417400002479553,54.62940259142341,-0.13063221922724821,-0.1626712967952549,0.032039077568006696,11.853157734915968,11.196000099182129,10.53884246344829,49.24926111760289,36.24954529139981,NICK
2022-02-10,11.0600004196167,11.880000114440918,11.0600004196167,11.779999732971191,11.779999732971191,7400,11.197999954223633,11.061000061035156,11.207500076293945,11.441600017547607,11.73720004081726,11.424300003051759,58.63771602320056,-0.0661428931679442,-0.14336561606979276,0.07722272290184856,11.89632157842518,11.207500076293945,10.51867857416271,65.24318507952522,46.972963389358824,NICK
2022-02-11,11.369999885559082,11.800000190734863,11.359999656677246,11.789999961853027,11.789999961853027,2800,11.407999992370605,11.144000053405762,11.217000055313111,11.441400012969972,11.733300037384033,11.431500000953674,58.777789355577085,-0.014065563687399418,-0.11750560559331409,0.10344004190591467,11.931957388876059,11.217000055313111,10.502042721750163,88.40650014707624,67.63298211473456,NICK
2022-02-14,11.579999923706055,11.800000190734863,11.430000305175781,11.569999694824219,11.569999694824219,7100,11.501999855041504,11.226000022888183,11.20950002670288,11.435200004577636,11.729000034332275,11.437300000190735,54.412178561537594,0.009346175301470083,-0.09213524941435726,0.10148142471582734,11.906105290536537,11.20950002670288,10.512894762869223,86.87662011936726,80.17543511532268,NICK
2022-02-15,11.600000381469727,11.800000190734863,11.470000267028809,11.670000076293945,11.670000076293945,1300,11.661999893188476,11.289000034332275,11.207000017166138,11.431200008392334,11.725700035095215,11.44329999923706,56.01149393273557,0.03555943513590165,-0.06659631250430548,0.10215574764020713,11.896582393296798,11.207000017166138,10.517417641035477,83.98949106349949,86.42420377664745,NICK
2022-02-16,11.210000038146973,11.880000114440918,11.210000038146973,11.800000190734863,11.800000190734863,5200,11.72199993133545,11.392000007629395,11.214000034332276,11.431200008392334,11.722900037765504,11.450500001907349,58.070834853281674,0.06606203319365278,-0.040064643364713826,0.1061266765583666,11.924363268486895,11.214000034332276,10.503636800177658,84.25196416789099,85.03935845025235,NICK
2022-02-17,10.84000015258789,11.489999771118164,10.84000015258789,11.489999771118164,11.489999771118164,1000,11.663999938964844,11.430999946594238,11.213000011444091,11.420200004577637,11.717300033569336,11.456449999809266,51.838577962667145,0.06447785821883656,-0.019156143048003747,0.08363400126684031,11.921748113495978,11.213000011444091,10.504251909392204,82.1522293943848,83.46456154192487,NICK
2022-02-18,11.569999694824219,11.579999923706055,11.569999694824219,11.569999694824219,11.569999694824219,1700,11.619999885559082,11.513999938964844,11.232999992370605,11.416399993896484,11.711900033950805,11.462699999809265,53.23345067355596,0.06888366537786617,-0.001548181362829762,0.07043184674069593,11.958150894677146,11.232999992370605,10.507849090064063,78.83211922165749,81.7454375946442,NICK
2022-02-22,11.229999542236328,11.470000267028809,11.039999961853027,11.420000076293945,11.420000076293945,3600,11.589999961853028,11.545999908447266,11.246000003814697,11.411599998474122,11.704600038528442,11.468299999237061,50.29226951201584,0.059584728022807454,0.010678400514297682,0.048906327508509775,11.974763224600778,11.246000003814697,10.517236783028615,67.82644065752659,76.27026309118939,NICK
2022-02-23,11.390000343322754,11.579999923706055,11.390000343322754,11.4399995803833,11.4399995803833,5700,11.543999862670898,11.602999877929687,11.26549997329712,11.406599998474121,11.696100034713744,11.473599996566772,50.68350935625612,0.053215609589100765,0.0191858423292583,0.03402976725984247,11.993111695665172,11.26549997329712,10.537888250929067,65.52703951797912,70.7285331323875,NICK
2022-02-24,11.359999656677246,11.670000076293945,11.170000076293945,11.170000076293945,11.170000076293945,6000,11.417999839782714,11.569999885559081,11.273999977111817,11.402600002288818,11.686200037002564,11.477999997138976,45.4792292716183,0.02608069186224249,0.020564812235855136,0.005515879626387353,11.99292682816786,11.273999977111817,10.555073126055774,54.131039733167164,62.4948399695574,NICK
2022-02-25,11.260000228881836,11.489999771118164,11.260000228881836,11.489999771118164,11.489999771118164,2300,11.417999839782714,11.54099988937378,11.300999975204467,11.400200004577636,11.679700031280518,11.48409999370575,51.796684530347,0.03005096625752124,0.022462043040188357,0.007588923217332882,12.009714147512776,11.300999975204467,10.592285802896159,54.73644160837214,58.13150695317258,NICK
2022-02-28,11.109999656677246,11.630000114440918,11.109999656677246,11.15999984741211,11.15999984741211,3100,11.335999870300293,11.477999877929687,11.310999965667724,11.4,11.668700027465821,11.4885999917984,45.89116355714686,0.006494338707385694,0.019268502173627824,-0.01277416346624213,12.005691116170214,11.310999965667724,10.616308815165235,44.1951360598764,51.02087246713834,NICK
2022-03-01,11.430000305175781,11.65999984741211,11.210000038146973,11.460000038146973,11.460000038146973,6900,11.343999862670898,11.466999912261963,11.346499967575074,11.398600006103516,11.66080002784729,11.494249992370605,51.324415055521534,0.011895921070516735,0.017793985953005607,-0.005898064882488872,11.993841304173106,11.346499967575074,10.699158630977042,50.96151465494901,49.96436410773229,NICK
2022-03-02,11.739999771118164,11.739999771118164,11.3100004196167,11.739999771118164,11.739999771118164,5200,11.40399990081787,11.473999881744385,11.38149995803833,11.397800006866454,11.658000020980834,11.501099991798402,55.78677480370607,0.038328525027134575,0.0219008937678314,0.016427631259303174,12.03444006027983,11.38149995803833,10.72855985579683,58.97433546167804,51.37699539216759,NICK
2022-03-03,11.550000190734863,11.710000038146973,11.5,11.649999618530273,11.649999618530273,2500,11.499999809265137,11.458999824523925,11.42549991607666,11.404799995422364,11.6543000125885,11.507849988937378,54.0708934379647,0.05142153846160724,0.02780502270658657,0.023616515755020672,12.024013807022552,11.42549991607666,10.826986025130768,74.67945690691039,61.53843567451225,NICK
2022-03-04,11.489999771118164,11.489999771118164,11.0600004196167,11.229999542236328,11.229999542236328,3900,11.44799976348877,11.432999801635741,11.43199987411499,11.391999988555908,11.646400003433227,11.51274998664856,46.831749779319935,0.027589317391532475,0.02776188164357575,-0.0001725642520432752,12.018944479393687,11.43199987411499,10.845055268836292,67.30764587014716,66.9871460795783,NICK
2022-03-07,11.239999771118164,11.539999961853027,11.0,11.229999542236328,11.229999542236328,5000,11.461999702453614,11.398999786376953,11.4564998626709,11.389799976348877,11.636199998855592,11.51644998550415,46.83174977931993,0.008602941141283793,0.02393009354311736,-0.015327152401833567,11.960970843218828,11.4564998626709,10.95202888212297,50.961484088463386,64.31619562184008,NICK
2022-03-08,11.109999656677246,11.260000228881836,11.109999656677246,11.260000228881836,11.260000228881836,3300,11.421999740600587,11.382999801635743,11.464499855041504,11.38799997329712,11.628100004196167,11.52144998550415,47.41497583724559,-0.00397724691372936,0.018348625451748014,-0.022325872365477374,11.950852624026918,11.464499855041504,10.97814708605609,38.4615031925169,52.24354438370892,NICK
2022-03-09,11.140000343322754,11.4399995803833,11.140000343322754,11.369999885559082,11.369999885559082,3300,11.347999763488769,11.37599983215332,11.489499855041505,11.38799997329712,11.61920000076294,11.526999983787537,49.598089601980014,-0.005013293467889923,0.013676241667820426,-0.01868953513571035,11.895872863499553,11.489499855041505,11.083126846583456,45.59115035636511,45.00471254578158,NICK
2022-03-10,11.789999961853027,11.789999961853027,11.1899995803833,11.420000076293945,11.420000076293945,4100,11.301999855041505,11.400999832153321,11.485499858856201,11.388999977111816,11.61289999961853,11.532849984169006,50.6019857683065,-0.0017792601002160069,0.01058514131421314,-0.012364401414429146,11.89295416962712,11.485499858856201,11.078045548085282,50.812692522638834,44.95511535717339,NICK
2022-03-11,11.329999923706055,11.34000015258789,11.149999618530273,11.199999809265137,11.199999809265137,2600,11.295999908447266,11.371999835968017,11.4564998626709,11.386399974822998,11.605199995040893,11.536999983787537,46.238057449329766,-0.016775075656612515,0.005113097920048008,-0.021888173576660522,11.858508614743833,11.4564998626709,11.054491110597965,45.789962047018996,47.39793497534075,NICK
2022-03-14,11.069999694824219,11.449999809265137,11.069999694824219,11.329999923706055,11.329999923706055,3500,11.315999984741211,11.388999843597412,11.43349986076355,11.385199966430664,11.597399997711182,11.542099981307983,49.03502283790741,-0.017962385545606807,0.0004980012269170447,-0.018460386772523853,11.80826781573434,11.43349986076355,11.058731905792762,40.08438207333666,45.5623455476646,NICK
2022-03-15,11.25,11.399999618530273,11.229999542236328,11.399999618530273,11.399999618530273,3000,11.343999862670898,11.382999801635743,11.424999856948853,11.377399959564208,11.591399993896484,11.546599979400634,50.527518007413605,-0.01310389330119932,-0.0022223776787062286,-0.010881515622493093,11.794675433799467,11.424999856948853,11.055324280098239,39.240480861124006,41.704941660493,NICK
2022-03-16,11.270000457763672,11.300000190734863,10.869999885559082,10.869999885559082,10.869999885559082,19500,11.243999862670899,11.295999813079835,11.384999847412109,11.364799957275391,11.580099992752075,11.54634997844696,40.787995772462146,-0.05142723114386705,-0.012063348371738392,-0.039363882772128655,11.809098893887056,11.384999847412109,10.960900800937162,30.80166993612023,36.708844290193404,NICK
2022-03-17,10.850000381469727,10.90999984741211,10.670000076293945,10.670000076293945,10.670000076293945,3700,11.093999862670898,11.197999858856202,11.328499841690064,11.347999954223633,11.569099988937378,11.546649980545045,37.825023999169574,-0.096820973712477,-0.029014873439886114,-0.06780610027259089,11.81315526173889,11.328499841690064,10.843844421641238,16.87762185000786,28.9732575490838,NICK
2022-03-18,10.739999771118164,10.880000114440918,9.5,10.880000114440918,10.880000114440918,47600,11.029999923706054,11.16299991607666,11.297999858856201,11.33059995651245,11.56019998550415,11.54854998111725,42.54457481940672,-0.11453035902131603,-0.0461179705561721,-0.06841238846514393,11.813929927759663,11.297999858856201,10.78206978995274,20.087338244964688,22.588876677030697,NICK
2022-03-21,10.75,10.75,9.989999771118164,10.399999618530273,10.399999618530273,38700,10.843999862670898,11.079999923706055,11.239499855041505,11.306199951171875,11.54269998550415,11.54514997959137,35.846645537171796,-0.1653906821248583,-0.06997251286990934,-0.09541816925494896,11.871147651194617,11.239499855041505,10.607852058888392,33.187769591726365,23.384243228899408,NICK
2022-03-22,10.569999694824219,10.569999694824219,10.109999656677246,10.1899995803833,10.1899995803833,6000,10.601999855041504,10.972999858856202,11.177999830245971,11.276199951171876,11.525699977874757,11.539399976730346,33.37132103906973,-0.22010585931314885,-0.09999918215855724,-0.12010667715459161,11.951061293205363,11.177999830245971,10.40493836728658,43.23143177334733,32.16884653667923,NICK
2022-03-23,10.09000015258789,10.09000015258789,10.050000190734863,10.079999923706055,10.079999923706055,600,10.443999862670898,10.843999862670898,11.109999847412109,11.246399955749512,11.507499980926514,11.534549975395203,32.12014684002351,-0.26924044813505965,-0.13384743535385774,-0.13539301278120192,12.0080644441919,11.109999847412109,10.211935250632317,31.586596197491144,36.001932520854716,NICK
2022-03-24,10.100000381469727,10.260000228881836,10.100000381469727,10.220000267028809,10.220000267028809,2500,10.353999900817872,10.723999881744385,11.062499856948852,11.21739995956421,11.4906999874115,11.529599976539611,35.43790299450364,-0.29349982283718923,-0.16577791285052404,-0.1277219099866652,12.039840569667042,11.062499856948852,10.085159144230662,28.96651825717228,34.594848742670024,NICK
2022-03-25,10.15999984741211,10.5,10.0600004196167,10.1899995803833,10.1899995803833,11900,10.215999794006347,10.6229998588562,10.99749984741211,11.190199947357177,11.474199981689454,11.524149975776673,35.04263909341199,-0.3115549452810953,-0.1949333193366383,-0.11662162594445699,12.024142421522376,10.99749984741211,9.970857273301844,28.96651825717228,29.839877570611673,NICK
2022-03-28,10.100000381469727,10.289999961853027,10.100000381469727,10.289999961853027,10.289999961853027,2000,10.193999862670898,10.5189998626709,10.953999853134155,11.163999938964844,11.457699985504151,11.518149976730347,37.543291762047595,-0.3141729743688373,-0.2187812503430781,-0.09539172402575918,12.022295666371452,10.953999853134155,9.885704039896858,32.023287422313,29.985441312218956,NICK
2022-03-29,10.100000381469727,10.34000015258789,10.100000381469727,10.170000076293945,10.170000076293945,2000,10.189999961853028,10.395999908447266,10.889499855041503,11.132999935150146,11.440899982452393,11.511899976730346,35.764047696597586,-0.3222164584067535,-0.23946829195581318,-0.08274816645094032,11.983272609380828,10.889499855041503,9.795727100702178,31.29548259599903,30.76176275849454,NICK
2022-03-30,10.239999771118164,10.739999771118164,10.199999809265137,10.369999885559082,10.369999885559082,4400,10.247999954223634,10.345999908447265,10.82099986076355,11.105999927520752,11.424599981307983,11.506999974250794,40.79975110318009,-0.30889195019415006,-0.25335302360348055,-0.0555389265906695,11.863533247989016,10.82099986076355,9.778466473538083,36.12361478456904,33.14746160096013,NICK
2022-03-31,10.25,10.25,10.25,10.25,10.25,1300,10.25399990081787,10.303999900817871,10.750999879837035,11.07779993057251,11.40849998474121,11.500749974250793,38.83270062649238,-0.30450502494175957,-0.26358342387113637,-0.040921601070623204,11.748514753251962,10.750999879837035,9.753485006422109,37.444857024842705,34.95465146847003,NICK
2022-04-01,10.229999542236328,10.579999923706055,10.229999542236328,10.520000457763672,10.520000457763672,3900,10.320000076293946,10.267999935150147,10.715499925613404,11.057999935150146,11.393699989318847,11.495999975204468,45.23095511683961,-0.27605933445299335,-0.26607860598750777,-0.009980728465485589,11.69262783278229,10.715499925613404,9.738372018444519,45.58705691055275,39.71850957332127,NICK
2022-04-04,10.210000038146973,10.3100004196167,10.15999984741211,10.220000267028809,10.220000267028809,1800,10.306000137329102,10.25,10.664999961853027,11.038999938964844,11.375899991989137,11.489599976539612,40.19938708461353,-0.27455848863633747,-0.2677745825172737,-0.006783906119063765,11.63491747011834,10.664999961853027,9.695082453587714,44.048599405821825,42.360171113738865,NICK
2022-04-05,10.6899995803833,10.6899995803833,10.449999809265137,10.449999809265137,10.449999809265137,3200,10.36200008392334,10.276000022888184,10.624499940872193,11.024799938201904,11.35939998626709,11.484649977684022,45.2297830955998,-0.25190619878806686,-0.26460090577143236,0.0126947069833655,11.55864067738433,10.624499940872193,9.690359204360055,53.68671209424421,47.77412280353937,NICK
2022-04-06,10.25,10.649999618530273,10.229999542236328,10.420000076293945,10.420000076293945,4000,10.372000122070313,10.310000038146972,10.576999950408936,11.012199935913086,11.342099990844726,11.48009997844696,44.701587725583614,-0.23368109343127585,-0.25841694330340104,0.024735849872125182,11.449240699658956,10.576999950408936,9.704759201158916,58.01418585062756,51.91649911689765,NICK
2022-04-07,10.220000267028809,10.279999732971191,10.220000267028809,10.279999732971191,10.279999732971191,300,10.378000068664551,10.315999984741211,10.519999933242797,10.99779993057251,11.322999992370605,11.474799976348876,42.223478260546884,-0.22790725088482233,-0.2523150048196853,0.02440775393486294,11.309506044813716,10.519999933242797,9.730493821671878,57.40014172712255,56.367013223997894,NICK
2022-04-08,10.420000076293945,10.420000076293945,10.260000228881836,10.329999923706055,10.329999923706055,1000,10.339999961853028,10.330000019073486,10.476499938964844,10.985399932861329,11.306199989318849,11.470549974441528,43.42966223249674,-0.21679773223983645,-0.2452115503037155,0.02841381806387905,11.20484802652032,10.476499938964844,9.748151851409368,48.468080338591754,54.62746930544708,NICK
2022-04-11,10.220000267028809,10.220000267028809,10.149999618530273,10.149999618530273,10.149999618530273,1400,10.32599983215332,10.315999984741211,10.417499923706055,10.969199924468994,11.287699985504151,11.463949971199035,40.177783108595285,-0.21998206269166332,-0.24016565278130506,0.02018359008964174,11.043754645446088,10.417499923706055,9.791245201966023,31.07675128589192,45.6483244505352,NICK
2022-04-12,10.149999618530273,10.170000076293945,10.149999618530273,10.170000076293945,10.170000076293945,300,10.269999885559082,10.315999984741211,10.355999946594238,10.957599925994874,11.270199985504151,11.457349972724915,40.709019662959456,-0.21837451228170046,-0.23580742468138413,0.01743291239968367,10.799007951703114,10.355999946594238,9.912991941485362,23.749603719485574,34.43147844798954,NICK
2022-04-13,10.170000076293945,10.170000076293945,10.170000076293945,10.170000076293945,10.170000076293945,0,10.219999885559082,10.296000003814697,10.320999956130981,10.940199928283691,11.254299983978271,11.451799974441528,40.70901966295945,-0.2146264370342177,-0.23157122715195083,0.016944790117733144,10.702360806455285,10.320999956130981,9.939639105806677,15.615183520620127,23.480512841998998,NICK
2022-04-14,10.289999961853027,10.289999961853027,10.289999961853027,10.289999961853027,10.289999961853027,600,10.22199993133545,10.3,10.301999950408936,10.930599918365479,11.236199979782105,11.447249975204468,44.1595407987827,-0.1996713850773819,-0.22519125873703705,0.025519873659655135,10.648156100786936,10.301999950408936,9.955843800030935,20.680111266784895,20.014966168963323,NICK
2022-04-18,10.180000305175781,10.199999809265137,10.119999885559082,10.119999885559082,10.119999885559082,2600,10.179999923706054,10.25999994277954,10.263999938964844,10.910999908447266,11.217399978637696,11.441799974441528,40.55847813118309,-0.19924026629615987,-0.22000106024886162,0.02076079395270175,10.496068988522161,10.263999938964844,10.031930889407526,16.32960792261052,17.541634236671637,NICK
2022-04-19,10.670000076293945,10.670000076293945,10.350000381469727,10.350000381469727,10.350000381469727,15700,10.220000076293946,10.272999954223632,10.261499977111816,10.903199920654297,11.200699977874756,11.437649974822998,46.87098981562362,-0.17828433291861323,-0.21165771478281195,0.03337338186419872,10.488680691916672,10.261499977111816,10.03431926230696,23.303083089246382,20.10426742621372,NICK
2022-04-20,10.550000190734863,10.640000343322754,10.40999984741211,10.619999885559082,10.619999885559082,6400,10.310000038146972,10.289999961853027,10.282999992370605,10.893599910736084,11.18509997367859,11.433899974822998,53.159562631491994,-0.13829571432886567,-0.19698531469202268,0.05868960036315701,10.555844362075268,10.282999992370605,10.010155622665943,42.647043910295885,27.42657830738405,NICK
2022-04-21,10.619999885559082,10.619999885559082,10.619999885559082,10.619999885559082,10.619999885559082,0,10.4,10.309999942779541,10.309999990463258,10.888599910736083,11.171099967956543,11.430849976539612,53.15956263149199,-0.10538958051263769,-0.1786661678561457,0.073276587343508,10.60325760846782,10.309999990463258,10.016742372458696,70.84518381565823,45.59843693839995,NICK
2022-04-22,10.15999984741211,10.15999984741211,10.119999885559082,10.119999885559082,10.119999885559082,2700,10.365999984741212,10.29399995803833,10.30499997138977,10.860999908447265,11.152299966812134,11.42589997768402,42.38481581506721,-0.11829344056530644,-0.16659162239797784,0.0482981818326714,10.607489719453795,10.30499997138977,10.002510223325746,58.47956347347367,57.32393039980905,NICK
2022-04-25,10.050000190734863,10.390000343322754,10.050000190734863,10.369999885559082,10.369999885559082,4100,10.41599998474121,10.297999954223632,10.31399998664856,10.832799911499023,11.137199964523315,11.422149977684022,48.05414013633046,-0.1071122090901575,-0.15469573973641376,0.047583530646256256,10.612958221804247,10.31399998664856,10.015041751492872,45.906448403403665,58.41039856417831,NICK
2022-04-26,10.15999984741211,10.15999984741211,10.15999984741211,10.15999984741211,10.15999984741211,600,10.377999877929687,10.298999977111816,10.307499980926513,10.800199909210205,11.120799961090087,11.416349978446961,44.12628251392624,-0.11388347283969757,-0.14653328635707052,0.03264981351737295,10.61382502790889,10.307499980926513,10.001174933944137,22.580627794689594,42.32221322385543,NICK
2022-04-27,10.079999923706055,10.079999923706055,10.079999923706055,10.079999923706055,10.079999923706055,200,10.269999885559082,10.289999961853027,10.30299997329712,10.770399913787841,11.10279995918274,11.41014997959137,42.694580742780616,-0.12427253695233098,-0.1420811364761226,0.01780859952379163,10.619739684394938,10.30299997329712,9.9862602621993,24.193516961819,30.89353105330387,NICK
2022-04-28,10.079999923706055,10.079999923706055,10.079999923706055,10.079999923706055,10.079999923706055,200,10.161999893188476,10.280999946594239,10.288499975204468,10.738599910736085,11.08489995956421,11.404399981498718,42.694580742780616,-0.1309959058502379,-0.13986409035094566,0.008868184500707754,10.617940488169213,10.288499975204468,9.959059462239724,9.139739462281737,18.637961406263226,NICK
2022-04-29,10.09000015258789,10.260000228881836,10.09000015258789,10.130000114440918,10.130000114440918,2500,10.163999938964844,10.264999961853027,10.282499980926513,10.705199909210204,11.06819995880127,11.398699979782105,44.011341093679825,-0.13078205252529962,-0.13804768278581644,0.0072656302605168255,10.618825780429653,10.282499980926513,9.946174181423373,7.526850295152333,13.62003557308414,NICK
2022-05-02,10.40999984741211,10.40999984741211,10.140000343322754,10.140000343322754,10.140000343322754,1700,10.118000030517578,10.267000007629395,10.263499975204468,10.678199920654297,11.049199962615967,11.393749980926513,44.28707487094116,-0.12832637080692066,-0.13610342039003728,0.007777049583116619,10.586688738291233,10.263499975204468,9.940311212117702,10.752679902233316,9.139756553222247,NICK
2022-05-03,10.149999618530273,10.5,10.09000015258789,10.109999656677246,10.109999656677246,4400,10.107999992370605,10.242999935150147,10.25799994468689,10.648999919891358,11.032699956893921,11.389499979019165,43.593461905664796,-0.12733321203282522,-0.13434937871859487,0.007016166685769654,10.587642174806223,10.25799994468689,9.928357714567557,12.36556906936272,10.215033088915908,NICK
2022-05-04,10.3100004196167,10.75,10.289999961853027,10.75,10.75,2500,10.242000007629395,10.255999946594239,10.272999954223632,10.635599918365479,11.0235999584198,11.388249979019164,58.51882616908443,-0.07404984700705874,-0.12228947237628765,0.048239625369228906,10.65875119533599,10.272999954223632,9.887248713111275,41.39783044180286,21.50535980446608,NICK
2022-05-05,10.59000015258789,10.59000015258789,10.029999732971191,10.359999656677246,10.359999656677246,3600,10.297999954223632,10.229999923706055,10.269999933242797,10.613999919891357,11.010299959182738,11.385249977111817,49.86070985256163,-0.0625708864455845,-0.11034575519014703,0.04777486874456252,10.652047053352133,10.269999933242797,9.887952813133461,51.83688024712601,35.200093252763644,NICK
2022-05-06,10.359999656677246,10.380000114440918,10.229999542236328,10.25,10.25,2400,10.32199993133545,10.242999935150147,10.268499946594238,10.595599918365478,10.999099960327149,11.381999979019165,47.71631039500042,-0.06163924167856294,-0.1006044524878302,0.038965210809267264,10.650613807126748,10.268499946594238,9.886386086061728,58.79629568308034,50.677002124002854,NICK
2022-05-09,10.300000190734863,10.300000190734863,10.100000381469727,10.100000381469727,10.100000381469727,1100,10.313999938964844,10.215999984741211,10.256999969482422,10.56779993057251,10.983999967575073,11.377399978637696,44.881659094839655,-0.07217266059936733,-0.09491809411013763,0.022745433510770297,10.644819483907911,10.256999969482422,9.869180455056933,28.703731911653033,46.44563594728624,NICK
2022-05-10,10.140000343322754,10.140000343322754,10.140000343322754,10.140000343322754,10.140000343322754,1200,10.320000076293946,10.214000034332276,10.256500005722046,10.547399940490722,10.973699970245361,11.372649979591369,45.80622169959091,-0.07641197863053151,-0.09121687101421641,0.014804892383684903,10.64489534992393,10.256500005722046,9.868104661520162,18.51858229301224,35.33953662924832,NICK
2022-05-11,9.9399995803833,9.9399995803833,9.0,9.199999809265137,9.199999809265137,6500,10.010000038146973,10.126000022888183,10.207999992370606,10.502199935913087,10.9503999710083,11.364899978637695,32.15565339233929,-0.15384838745577945,-0.10374317430252902,-0.05010521315325042,10.810647504339048,10.207999992370606,9.605352480402164,12.142908699277891,19.78840763464751,NICK
2022-05-12,8.5,8.710000038146973,8.5,8.710000038146973,8.710000038146973,14000,9.680000114440919,9.989000034332275,10.134999990463257,10.441599941253662,10.919699974060059,11.353549981117249,27.547191050206198,-0.25185298138292644,-0.1333651357186085,-0.11848784566431794,11.024033171179447,10.134999990463257,9.245966809747067,12.013250813623316,14.224913935304267,NICK
2022-05-13,8.90999984741211,9.050000190734863,8.760000228881836,8.760000228881836,8.760000228881836,3900,9.382000160217284,9.852000045776368,10.058500003814697,10.383799953460693,10.894299974441529,11.343599982261658,28.67057418503693,-0.321778468744343,-0.1710478023237554,-0.1507306664205876,11.126344035136285,10.058500003814697,8.990655972493109,10.772487095424436,11.642882202774999,NICK
2022-05-16,8.5600004196167,8.869999885559082,8.5600004196167,8.850000381469727,8.850000381469727,9600,9.132000160217284,9.723000049591064,9.99500002861023,10.336199970245362,10.864099979400635,11.333349986076355,30.75188479197179,-0.3657169042912134,-0.20998162271724702,-0.15573528157396638,11.184747778419341,9.99500002861023,8.805252278801118,12.148157755534184,11.644631888193764,NICK
2022-05-17,9.0,9.319999694824219,8.850000381469727,9.180000305175781,9.180000305175781,12400,8.94000015258789,9.630000114440918,9.936500024795532,10.29519998550415,10.842499980926513,11.324999985694886,37.9062533911812,-0.3696491102583206,-0.24191512022546174,-0.12773399003285885,11.165097015726325,9.936500024795532,8.707903033864739,19.111124674479495,14.01058984181249,NICK
2022-05-18,8.8100004196167,9.369999885559082,8.8100004196167,9.300000190734863,9.300000190734863,2900,8.960000228881835,9.485000133514404,9.87050004005432,10.25599998474121,10.821999979019164,11.314699988365174,40.320812983295276,-0.3589447324927004,-0.2653210426789095,-0.09362368981379093,11.086895769247725,9.87050004005432,8.654104310860916,27.11112410933916,19.456802179784063,NICK
2022-05-19,9.199999809265137,9.5,9.199999809265137,9.5,9.5,8000,9.11800022125244,9.39900016784668,9.814500045776366,10.218599987030029,10.803299980163574,11.305399990081787,44.2143641297221,-0.3305131727350368,-0.27835946869013495,-0.05215370404490183,10.990160976834778,9.814500045776366,8.638839114717955,36.74074808756543,27.654332290461145,NICK
2022-05-20,9.199999809265137,9.65999984741211,9.199999809265137,9.260000228881836,9.260000228881836,1100,9.218000221252442,9.300000190734863,9.771500062942504,10.175399990081788,10.782199983596803,11.295949993133545,40.776425881592424,-0.32361648318235936,-0.2874108715885798,-0.03620561159377955,10.962134603718154,9.771500062942504,8.580865522166855,37.92593214246994,33.9259347797913,NICK
2022-05-23,9.260000228881836,9.529999732971191,9.260000228881836,9.529999732971191,9.529999732971191,1500,9.354000091552734,9.24300012588501,9.72950005531311,10.141999988555908,10.764199981689453,11.28654999256134,45.875221913588696,-0.29298673482276527,-0.2885260442354169,-0.0044606905873483815,10.891644057347875,9.72950005531311,8.567356053278345,41.33333276819332,38.66667099940935,NICK
2022-05-24,9.520000457763672,9.520000457763672,9.020000457763672,9.020000457763672,9.020000457763672,400,9.322000122070312,9.131000137329101,9.672500085830688,10.09579999923706,10.740499982833862,11.274449996948242,39.03837262084136,-0.30633389142570344,-0.2920876136734742,-0.014246277752229253,10.856220752612554,9.672500085830688,8.488779419048821,34.811985573780255,38.023750161480955,NICK
2022-05-25,9.220000267028809,9.5,9.220000267028809,9.390000343322754,9.390000343322754,2400,9.34000015258789,9.150000190734863,9.638000106811523,10.05560001373291,10.716499986648559,11.264649996757507,45.39631379050476,-0.28378442049821295,-0.29042697503842196,0.006642554540209011,10.812386593487398,9.638000106811523,8.463613620135648,39.332869894351305,38.49272941210807,NICK
2022-05-26,9.489999771118164,9.75,9.3100004196167,9.380000114440918,9.380000114440918,10400,9.316000175476074,9.217000198364257,9.603000116348266,10.025800018310546,10.69529998779297,11.254399995803833,45.25892313262595,-0.26368118466242585,-0.28507781696322276,0.021396632300796914,10.764259628405306,9.603000116348266,8.441740604291226,40.36991127982922,38.171588915986696,NICK
2022-05-27,9.5,10.0,9.5,9.75,9.75,10400,9.414000129699707,9.316000175476074,9.58400011062622,10.007400016784668,10.67769998550415,11.245249996185303,51.149792105970896,-0.21541021204377842,-0.27114429597933387,0.055734083935555456,10.722356665943549,9.58400011062622,8.445643555308893,57.482942405791825,45.72857452665722,NICK
2022-05-31,10.069999694824219,10.09000015258789,9.010000228881836,9.289999961853027,9.289999961853027,12000,9.366000175476074,9.360000133514404,9.541500091552734,9.97560001373291,10.653099985122681,11.235799994468689,44.70818765901945,-0.2118314164591979,-0.2592817200753067,0.0474503036161088,10.656888188267487,9.541500091552734,8.426111994837981,58.264637909730176,52.03916386511685,NICK
2022-06-01,8.850000381469727,9.699999809265137,8.850000381469727,9.479999542236328,9.479999542236328,2400,9.457999992370606,9.390000057220458,9.510000085830688,9.957200012207032,10.631699981689453,11.225949993133545,47.64123473780717,-0.1914568218656676,-0.24571674043337888,0.054259918567711285,10.594545943438806,9.510000085830688,8.42545422822257,62.513403027862125,59.42032778112782,NICK
2022-06-02,9.449999809265137,10.010000228881836,9.319999694824219,9.8100004196167,9.8100004196167,12900,9.542000007629394,9.441000080108642,9.463000106811524,9.9496000289917,10.612899990081788,11.218199996948242,52.3674072156262,-0.1469871199644306,-0.2259708163395892,0.07898369637515862,10.399954645607291,9.463000106811524,8.526045568015757,64.3400245028666,61.706021813486075,NICK
2022-06-03,10.149999618530273,10.15999984741211,9.680000305175781,9.680000305175781,9.680000305175781,1000,9.602000045776368,9.45900011062622,9.42900013923645,9.941600036621093,10.593999996185303,11.20835000038147,50.435998799067285,-0.12084149803180289,-0.20494495267803195,0.08410345464622906,10.278562376695124,9.42900013923645,8.579437901777776,71.11152132205588,65.98831628426132,NICK
2022-06-06,9.920000076293945,10.1899995803833,9.680000305175781,10.0,10.0,4200,9.652000045776367,9.533000087738037,9.416500139236451,9.937200031280518,10.577299995422363,11.19800000190735,54.85026728349366,-0.07345288413243622,-0.1786465389689128,0.10519365483647658,10.223674847239225,9.416500139236451,8.609325431233676,79.31042821251832,71.58732467914672,NICK
2022-06-07,9.5,9.960000038146973,9.5,9.960000038146973,9.960000038146973,2700,9.786000061035157,9.576000118255616,9.409500122070312,9.93260004043579,10.561399993896485,11.188850002288818,54.200451898712565,-0.038678862972975736,-0.1506530037697254,0.11197414079674967,10.194980179153049,9.409500122070312,8.624020064987576,79.85509344746909,76.75901432734754,NICK
2022-06-08,9.989999771118164,10.399999618530273,9.5600004196167,10.079999923706055,10.079999923706055,3200,9.906000137329102,9.682000064849854,9.406500101089478,9.928400039672852,10.546199989318847,11.179500002861023,55.888815193911036,-0.0014208342937784835,-0.12080656987453602,0.11938573558075753,10.181181197876988,9.406500101089478,8.631819004301967,82.97337023250299,80.71296396416325,NICK
2022-06-09,10.199999809265137,10.520000457763672,10.1899995803833,10.5,10.5,2700,10.044000053405762,9.793000030517579,9.47150011062622,9.935000038146972,10.53399998664856,11.172600002288819,61.27029939607721,0.06129040035062161,-0.08438717582950449,0.1456775761801261,10.37363686768667,9.47150011062622,8.56936335356577,87.16352415291924,83.33066261096356,NICK
2022-06-10,10.5,10.739999771118164,10.1899995803833,10.199999809265137,10.199999809265137,222600,10.147999954223632,9.875,9.546000099182129,9.931600036621093,10.518799982070924,11.164450001716613,56.01370473629497,0.08579302879857487,-0.050351134903888616,0.1361441637024635,10.430203483798193,9.546000099182129,8.661796714566064,83.19526010331509,84.44405149624556,NICK
2022-06-13,10.1899995803833,10.1899995803833,9.479999542236328,9.899999618530273,9.899999618530273,2000,10.127999877929687,9.889999961853027,9.603000068664551,9.9246000289917,10.501199979782104,11.155,51.27614661486909,0.08008090733822293,-0.024264726455466304,0.10434563379368923,10.421732999478818,9.603000068664551,8.784267137850284,75.2621550675961,81.8736464412766,NICK
2022-06-14,9.989999771118164,10.270000457763672,9.9399995803833,9.989999771118164,9.989999771118164,2200,10.133999824523926,9.959999942779541,9.660000038146972,9.91400001525879,10.485999975204468,11.14664999961853,52.572132435738695,0.08187249492087645,-0.0030372821801977513,0.0849097771010742,10.417548501331078,9.660000038146972,8.902451574962866,62.433848283991516,73.63042115163402,NICK
2022-06-15,9.829999923706055,10.079999923706055,9.529999732971191,9.869999885559082,9.869999885559082,4000,10.091999816894532,9.998999977111817,9.694500017166138,9.907000007629394,10.472999973297119,11.1375,50.638123417937905,0.07277050007726338,0.012124274271294474,0.0606462258059689,10.423786461792208,9.694500017166138,8.965213572540069,56.61374192992829,64.76991509383843,NICK
2022-06-16,10.369999885559082,10.369999885559082,9.899999618530273,9.899999618530273,9.899999618530273,1900,9.971999740600586,10.007999897003174,9.724499988555909,9.896000003814697,10.4603999710083,11.129099998474121,51.12222397127625,0.06720315517951647,0.023140050452938873,0.044063104726577595,10.435540577976129,9.724499988555909,9.013459399135689,56.61374192992829,58.553777381282494,NICK
2022-06-17,9.539999961853027,9.899999618530273,9.0600004196167,9.069999694824219,9.069999694824219,32900,9.745999717712403,9.946999835968018,9.70299997329712,9.868999996185302,10.440599966049195,11.116449995040893,39.561974163053044,-0.004135392773099156,0.017684961807731266,-0.021820354580830422,10.46413320414781,9.70299997329712,8.941866742446429,40.387985785370724,51.205156548408894,NICK
2022-06-21,9.100000381469727,9.350000381469727,8.899999618530273,9.140000343322754,9.140000343322754,2900,9.593999862670898,9.860999870300294,9.696999979019164,9.846200008392334,10.421999969482421,11.102899994850159,40.778292075850395,-0.05439619322300615,0.003268730801583781,-0.057664924024589934,10.473739161331869,9.696999979019164,8.92026079670646,27.513210159612157,41.50497929163685,NICK
2022-06-22,8.850000381469727,9.449999809265137,8.850000381469727,9.069999694824219,9.069999694824219,5100,9.40999984741211,9.771999835968018,9.673999977111816,9.821000003814698,10.403199968338013,11.090149993896484,39.91324731692229,-0.09873851091187191,-0.01713271754110736,-0.08160579337076455,10.49513078997233,9.673999977111816,8.8528691642513,12.874758806100617,26.925318250360956,NICK
2022-06-23,9.119999885559082,9.5,8.84000015258789,9.039999961853027,9.039999961853027,11800,9.243999862670899,9.667999839782714,9.674999952316284,9.798800010681152,10.383999967575074,11.078349995613099,39.52626128185314,-0.134747558900429,-0.04065568581297169,-0.09409187308745731,10.492985246582268,9.674999952316284,8.8570146580503,12.503468404564243,17.630479123425463,NICK
2022-06-24,9.170000076293945,9.470000267028809,8.930000305175781,9.470000267028809,9.470000267028809,10400,9.157999992370605,9.564999866485596,9.678999948501588,9.78480001449585,10.371199970245362,11.069449996948242,47.39872328905487,-0.1271221726221654,-0.05794898317481043,-0.06917318944735498,10.492139518640487,9.678999948501588,8.865860378362688,18.441464783430146,14.606563998031456,NICK
2022-06-27,9.229999542236328,9.289999961853027,9.020000457763672,9.289999961853027,9.289999961853027,2500,9.202000045776368,9.473999881744385,9.674499940872192,9.76720001220703,10.353699970245362,11.061299996376038,44.77128528497731,-0.13405818010909165,-0.07317082256166668,-0.06088735754742497,10.495169775836294,9.674499940872192,8.85383010590809,22.45614017476035,17.8003577875847,NICK
2022-06-28,9.300000190734863,9.300000190734863,8.880000114440918,9.09000015258789,9.09000015258789,2000,9.192000007629394,9.392999935150147,9.641499948501586,9.743200016021728,10.336899967193604,11.049349999427795,41.986350775626036,-0.15391904619995245,-0.08932046728932383,-0.06459857891062862,10.499597220813646,9.641499948501586,8.783402676189526,23.33333667956001,21.410313879249955,NICK
2022-06-29,9.039999961853027,9.3100004196167,9.039999961853027,9.09000015258789,9.09000015258789,1100,9.196000099182129,9.30299997329712,9.63149995803833,9.722600021362304,10.316799964904785,11.038299999237061,41.986350775626036,-0.16772549061643893,-0.10500147195474685,-0.06272401866169208,10.510164220637023,9.63149995803833,8.752835695439636,16.666666666667,20.818714506995573,NICK
2022-06-30,9.09000015258789,9.329999923706055,9.09000015258789,9.319999694824219,9.319999694824219,4100,9.252000045776366,9.247999954223634,9.623499965667724,9.702000007629394,10.302599964141846,11.028099999427795,46.43060527526025,-0.15828356203937588,-0.11565788997167266,-0.04262567206770322,10.510410837432884,9.623499965667724,8.736589093902564,17.19297787709411,19.064327074440158,NICK
2022-07-01,9.109999656677246,9.109999656677246,9.109999656677246,9.109999656677246,9.109999656677246,400,9.179999923706054,9.16899995803833,9.588499927520752,9.671800003051757,10.282699956893921,11.015999999046326,43.17816031492207,-0.16583437816833602,-0.12569318761100534,-0.040141190557330675,10.49816520297983,9.588499927520752,8.678834652061674,18.689355247887836,17.516333263882768,NICK
2022-07-05,8.899999618530273,9.149999618530273,8.899999618530273,9.149999618530273,9.149999618530273,1400,9.151999855041504,9.176999950408936,9.561999893188476,9.642399997711182,10.265499954223634,11.00244999885559,43.983074838632994,-0.16666952913958077,-0.13388845591672044,-0.032781073222860335,10.490150714161222,9.561999893188476,8.63384907221573,21.05719163467649,18.979841586552595,NICK
2022-07-06,9.289999961853027,9.34000015258789,8.960000038146973,9.109999656677246,9.109999656677246,2700,9.155999755859375,9.173999881744384,9.517499876022338,9.622199993133545,10.241599950790405,10.989949998855591,43.322184348370165,-0.16861536199547444,-0.14083383713247125,-0.0277815248630032,10.442721451867369,9.517499876022338,8.592278300177307,18.51848850697618,19.421678463179955,NICK
2022-07-07,9.0,9.210000038146973,8.84000015258789,9.119999885559082,9.119999885559082,5400,9.161999702453613,9.178999900817871,9.475499868392944,9.597199993133545,10.214999952316283,10.976099996566772,43.5505541342289,-0.16742059327381398,-0.1461511883607398,-0.02126940491307419,10.39278877142906,9.475499868392944,8.558210965356828,18.736358455280378,19.43734619897747,NICK
2022-07-08,8.90999984741211,9.100000381469727,8.90999984741211,9.100000381469727,9.100000381469727,4700,9.117999839782716,9.184999942779541,9.426499891281129,9.576000003814697,10.18809995651245,10.960699996948243,43.17587401615414,-0.16617199596028165,-0.15015534988064816,-0.01601664607963349,10.313591121181679,9.426499891281129,8.539408661380579,20.158668221451617,19.137838394569183,NICK
2022-07-11,9.239999771118164,9.319999694824219,9.229999542236328,9.319999694824219,9.319999694824219,2600,9.15999984741211,9.169999885559083,9.36749987602234,9.56079999923706,10.165599956512452,10.947299995422362,48.431651477732515,-0.14575024946743653,-0.14927432979800584,0.003524080330569307,10.105602040122637,9.36749987602234,8.629397711922042,38.51873178553168,25.804586154087684,NICK
2022-07-12,9.039999961853027,9.0600004196167,9.039999961853027,9.0600004196167,9.0600004196167,700,9.142000007629395,9.146999931335449,9.310499906539917,9.540400009155274,10.13949995994568,10.932599997520446,43.330865906517985,-0.14883001705264753,-0.14918546724893417,0.000355450196286633,9.952449105412954,9.310499906539917,8.66855070766688,43.52964583980517,34.06901528226261,NICK
2022-07-13,9.390000343322754,9.529999732971191,8.949999809265137,8.949999809265137,8.949999809265137,2100,9.110000038146973,9.132999897003174,9.26299991607666,9.516800003051758,10.110999956130982,10.916949996948242,41.34679460140979,-0.15832184926793502,-0.15101274365273434,-0.007309105615200678,9.862636355510851,9.26299991607666,8.66336347664247,40.66753020182864,40.90530260905495,NICK
2022-07-14,9.109999656677246,9.829999923706055,9.109999656677246,9.829999923706055,9.829999923706055,9500,9.252000045776366,9.20699987411499,9.254999923706055,9.510599994659424,10.09439995765686,10.905849995613098,57.939211065252685,-0.09375479302231149,-0.13956115352664977,0.045806360504338284,9.818826052818418,9.254999923706055,8.691173794593693,49.7584568074216,44.65187761635159,NICK
2022-07-15,9.670000076293945,10.15999984741211,9.529999732971191,9.529999732971191,9.529999732971191,4700,9.33799991607666,9.227999877929687,9.23799991607666,9.498999996185303,10.07399995803833,10.892949995994568,52.487904471316135,-0.0660312765007749,-0.1248551781214748,0.058823901620699906,9.744185545303393,9.23799991607666,8.731814286849927,56.071565497419584,48.83251750222306,NICK
2022-07-18,9.800000190734863,9.800000190734863,9.199999809265137,9.460000038146973,9.460000038146973,3500,9.365999984741212,9.26299991607666,9.215999937057495,9.473199996948242,10.05439995765686,10.879499998092651,51.27563715621075,-0.04914210073340364,-0.10971256264386056,0.060570461910456924,9.636114188849094,9.215999937057495,8.795885685265896,66.41413557591379,57.41471929358479,NICK
2022-07-19,9.5600004196167,9.729999542236328,9.489999771118164,9.609999656677246,9.609999656677246,3600,9.47599983215332,9.308999919891358,9.242999935150147,9.458199996948242,10.0360999584198,10.866099996566772,53.74117918931711,-0.023384035041642548,-0.09244685712341696,0.06906282208177442,9.690620228072605,9.242999935150147,8.795379642227688,52.52523865946146,58.336979910931404,NICK
2022-07-20,9.600000381469727,10.079999923706055,9.550000190734863,9.550000190734863,9.550000190734863,4200,9.595999908447265,9.35299997329712,9.263499927520751,9.44420000076294,10.019899959564208,10.853049998283387,52.59474143406375,-0.007723011796587187,-0.075502088058051,0.06777907626146382,9.7276238076323,9.263499927520751,8.799376047409202,53.030300840967875,57.3232250254475,NICK
2022-07-21,9.220000267028809,9.640000343322754,9.220000267028809,9.640000343322754,9.640000343322754,1300,9.557999992370606,9.405000019073487,9.291999959945679,9.435,10.001399965286256,10.840549998283386,54.173938634194876,0.01181453154255152,-0.05803876413793049,0.06985329568048201,9.7747255686572,9.291999959945679,8.809274351234158,57.57576414376436,54.37710121473102,NICK
2022-07-22,9.550000190734863,9.550000190734863,9.40999984741211,9.510000228881836,9.510000228881836,4100,9.554000091552734,9.446000003814698,9.315499973297118,9.422399997711182,9.984899969100953,10.826799998283386,51.50496598937714,0.01661670558171835,-0.043107670194000726,0.059724375775719075,9.792594339685406,9.315499973297118,8.83840560690883,55.05052548430323,55.21886348967828,NICK
2022-07-25,9.899999618530273,9.899999618530273,9.390000343322754,9.550000190734863,9.550000190734863,1400,9.572000122070312,9.469000053405761,9.319499969482422,9.429400005340575,9.965799970626831,10.81329999923706,52.283932666670964,0.023380608631086375,-0.029810014428983306,0.05319062306006968,9.803006987843574,9.319499969482422,8.83599295112127,55.05052548430323,55.892271704123395,NICK
2022-07-26,9.430000305175781,9.529999732971191,9.430000305175781,9.449999809265137,9.449999809265137,1000,9.54000015258789,9.507999992370605,9.327499961853027,9.44420000076294,9.9428999710083,10.800449995994567,50.116578963535275,0.020436278781797768,-0.01976075578682709,0.04019703456862486,9.814074754499966,9.327499961853027,8.840925169206088,50.25253109075354,53.45119401978645,NICK
2022-07-27,9.449999809265137,9.59000015258789,9.449999809265137,9.59000015258789,9.59000015258789,600,9.548000144958497,9.57200002670288,9.352499961853027,9.46079999923706,9.922299976348876,10.788299994468689,53.05085750318319,0.029064694136087255,-0.00999566580224422,0.03906035993833147,9.839074793699423,9.352499961853027,8.865925130006632,51.46667480468784,52.25657712658133,NICK
2022-07-28,9.3100004196167,9.489999771118164,9.239999771118164,9.300000190734863,9.300000190734863,2000,9.480000114440918,9.519000053405762,9.362999963760377,9.469799995422363,9.902999982833862,10.774699993133545,46.89704688587817,0.01235972693950771,-0.005524587253893834,0.017884314193401543,9.835317740312075,9.362999963760377,8.890682187208679,43.17926025001615,48.2994887151523,NICK
2022-07-29,9.40999984741211,9.40999984741211,9.40999984741211,9.40999984741211,9.40999984741211,1000,9.460000038146973,9.507000064849853,9.36749997138977,9.47439998626709,9.88479998588562,10.760499992370605,49.2994319339039,0.007905839475533583,-0.0028385019080083506,0.010744341383541934,9.839808212858214,9.36749997138977,8.895191729921327,40.447401914337526,45.03111232301362,NICK
2022-08-01,9.210000038146973,9.460000038146973,9.0600004196167,9.399999618530273,9.399999618530273,2200,9.429999923706054,9.501000022888183,9.381999969482422,9.476399974822998,9.866199979782104,10.747149991989136,49.082036802670196,0.0035284924123253347,-0.0015651030439416133,0.005093595456266948,9.839366385146926,9.381999969482422,8.924633553817918,34.71074901263219,39.44580372566174,NICK
2022-08-02,9.399999618530273,9.399999618530273,9.399999618530273,9.399999618530273,9.399999618530273,500,9.419999885559083,9.480000019073486,9.394499969482421,9.474399967193603,9.846499977111817,10.732849988937378,49.082036802670196,5.8736252691815594e-05,-0.0012403351846149275,0.001299071437306743,9.839313416988915,9.394499969482421,8.949686521975927,35.371876916727736,36.84334261456561,NICK
2022-08-03,9.289999961853027,9.40999984741211,9.229999542236328,9.229999542236328,9.229999542236328,2400,9.347999763488769,9.447999954223633,9.400499963760376,9.473799953460693,9.82459997177124,10.718749985694885,45.15618679965942,-0.016221662679331672,-0.004236600683558276,-0.011985061995773396,9.832864388606785,9.400499963760376,8.968135538913968,27.851191200780182,32.64460571004649,NICK
2022-08-04,9.1899995803833,9.300000190734863,8.960000038146973,9.25,9.25,5500,9.337999725341797,9.408999919891357,9.406999969482422,9.46819995880127,9.805099973678589,10.70514998435974,45.706405345310735,-0.027196620622939705,-0.008828604671434561,-0.018368015951505143,9.826003531065583,9.406999969482422,8.987996407899262,24.085454758662603,29.102840958723295,NICK
2022-08-05,9.0600004196167,9.270000457763672,9.0600004196167,9.270000457763672,9.270000457763672,1500,9.30999984741211,9.38499994277954,9.41549997329712,9.473199958801269,9.784499979019165,10.690949988365173,46.28673374896542,-0.03388982328566925,-0.0138408483942815,-0.020048974891387752,9.81572367098902,9.41549997329712,9.01527627560522,23.00864727900696,24.98176441281637,NICK
2022-08-08,9.3100004196167,9.460000038146973,9.270000457763672,9.460000038146973,9.460000038146973,2100,9.32199993133545,9.375999927520752,9.422499990463256,9.474599952697753,9.765099983215332,10.678249988555908,51.58135888448292,-0.023590914990442968,-0.015790861713513793,-0.007800053276929175,9.820689640943604,9.422499990463256,9.02431033998291,32.7381099365214,26.61073732473011,NICK
2022-08-09,9.229999542236328,9.229999542236328,9.229999542236328,9.229999542236328,9.229999542236328,1000,9.28799991607666,9.353999900817872,9.430999946594238,9.471599941253663,9.748699979782105,10.66439998626709,45.70775853177073,-0.03360074531622459,-0.01935283843405595,-0.014247906882168638,9.804357814428142,9.430999946594238,9.057642078760333,33.68161258265641,29.80945659939471,NICK
2022-08-10,9.319999694824219,9.550000190734863,9.229999542236328,9.229999542236328,9.229999542236328,1300,9.28799991607666,9.317999839782715,9.444999933242798,9.461199932098388,9.734299974441528,10.651699981689454,45.70775853177073,-0.0410602904966364,-0.023694328846572042,-0.017365961650064356,9.761891247508562,9.444999933242798,9.128108618977034,34.029863448812065,33.48319532266308,NICK
2022-08-11,9.210000038146973,9.479999542236328,9.210000038146973,9.479999542236328,9.479999542236328,1300,9.333999824523925,9.335999774932862,9.427499914169312,9.464999923706054,9.720299968719482,10.640249977111816,52.52292092957983,-0.026493720019788114,-0.024254207081215257,-0.0022395129385728574,9.691687533828803,9.427499914169312,9.16331229450982,37.588616505404666,35.10003084562417,NICK
2022-08-12,9.34000015258789,9.40999984741211,9.229999542236328,9.3100004196167,9.3100004196167,900,9.341999816894532,9.32599983215332,9.416499948501587,9.461599941253661,9.709399976730346,10.626049981117248,48.10125246257776,-0.028340425638413436,-0.02507145079265489,-0.003268974845758544,9.681020429893467,9.416499948501587,9.151979467109706,46.5326970699067,39.3837256747076,NICK
2022-08-15,9.029999732971191,9.3100004196167,9.029999732971191,9.3100004196167,9.3100004196167,1100,9.311999893188476,9.316999912261963,9.408999967575074,9.451599941253662,9.70059998512268,10.613149981498719,48.10125246257776,-0.02946430695627278,-0.02595002202537847,-0.003514284930894309,9.676649112148322,9.408999967575074,9.141350823001826,55.476777634408755,46.5326970699065,NICK
2022-08-16,9.579999923706055,9.579999923706055,9.220000267028809,9.220000267028809,9.220000267028809,3000,9.310000038146972,9.298999977111816,9.389499998092651,9.442399940490724,9.691999988555908,10.59974998474121,45.73711872423581,-0.03718856452620756,-0.028197730525544286,-0.008990834000663271,9.652519145131663,9.389499998092651,9.126480851053639,51.015580185650926,51.008351629988574,NICK
2022-08-17,9.199999809265137,9.199999809265137,9.199999809265137,9.199999809265137,9.199999809265137,800,9.304000091552734,9.296000003814697,9.371999979019165,9.426399936676026,9.681799983978271,10.586249985694884,45.20539347527916,-0.044412010084641906,-0.03144058643736381,-0.012971423647278095,9.636545005402828,9.371999979019165,9.107454952635502,45.400260730162195,50.630872850073736,NICK
2022-08-18,9.199999809265137,9.220000267028809,9.199999809265137,9.220000267028809,9.220000267028809,1300,9.25200023651123,9.293000030517579,9.350999975204468,9.411599941253662,9.672099990844726,10.57314998626709,45.882937283953794,-0.04796980686768393,-0.03474643052342784,-0.013223376344256091,9.592818117160478,9.350999975204468,9.109181833248458,40.86023490130785,45.7586919390401,NICK
2022-08-19,9.100000381469727,9.100000381469727,9.100000381469727,9.100000381469727,9.100000381469727,700,9.210000228881835,9.276000022888184,9.330499982833862,9.391999950408936,9.660199995040893,10.558949990272522,42.4882918501803,-0.05978323046745615,-0.0397537905122335,-0.020029439955222647,9.584151235752987,9.330499982833862,9.076848729914737,34.40862695996805,40.22304086381248,NICK
2022-08-22,9.020000457763672,9.020000457763672,9.020000457763672,9.020000457763672,9.020000457763672,1000,9.152000236511231,9.232000064849853,9.303999996185302,9.36239995956421,9.64869999885559,10.544799990653992,40.3452575428077,-0.07473923169776242,-0.04675087874933929,-0.027988352948423133,9.570788083809177,9.303999996185302,9.037211908561428,24.731240684369457,33.333367515214896,NICK
2022-08-23,8.949999809265137,8.960000038146973,8.930000305175781,8.960000038146973,8.960000038146973,1400,9.100000190734864,9.205000114440917,9.279500007629395,9.337599964141846,9.63460000038147,10.529599990844726,38.76597455675314,-0.09039152560320396,-0.05547900812011222,-0.03491251748309174,9.576449314891093,9.279500007629395,8.982550700367696,12.291179922611397,23.810349188982745,NICK
2022-08-24,9.0,9.109999656677246,8.989999771118164,9.109999656677246,9.109999656677246,6900,9.082000160217286,9.19300012588501,9.255499982833863,9.321799964904786,9.623199996948243,10.515849990844726,44.60400532686179,-0.08965883444290945,-0.062314973384671665,-0.027343861058237787,9.524458886968267,9.255499982833863,8.986541078699458,13.995019746376537,17.005813451118907,NICK
2022-08-25,8.899999618530273,9.220000267028809,8.850000381469727,8.869999885559082,8.869999885559082,4000,9.01200008392334,9.132000160217284,9.233999967575073,9.299399967193603,9.606699991226197,10.500199990272522,38.3104484501237,-0.10720831644990625,-0.07129364199771858,-0.03591467445218767,9.549936513083507,9.233999967575073,8.91806342206664,11.682410076762352,12.656203248583205,NICK
2022-08-26,8.90999984741211,9.239999771118164,8.90999984741211,9.0,9.0,1800,8.992000007629395,9.101000118255616,9.213499975204467,9.281999969482422,9.594499988555908,10.485199990272521,43.00183049525487,-0.1093657839193618,-0.07890807038204722,-0.03045771353731458,9.534266101008972,9.213499975204467,8.892733849399962,16.993263274006527,14.223564365714916,NICK
2022-08-29,9.289999961853027,9.289999961853027,8.90999984741211,8.90999984741211,8.90999984741211,1900,8.969999885559082,9.061000061035156,9.18899998664856,9.262199974060058,9.579099988937378,10.469249987602234,40.69450355216751,-0.11698927306717799,-0.08652431091907338,-0.03046496214810461,9.523598181246891,9.18899998664856,8.854401792050227,10.502225241467341,13.059299530745186,NICK
2022-08-30,8.84000015258789,8.84000015258789,8.84000015258789,8.84000015258789,8.84000015258789,800,8.945999908447266,9.023000049591065,9.16100001335144,9.257599983215332,9.563299989700317,10.452699990272523,38.944241686716765,-0.1272129023505375,-0.0946620292053662,-0.0325508731451713,9.513527977793887,9.16100001335144,8.808472048908994,9.589005304000546,12.361497939824583,NICK
2022-08-31,9.300000190734863,9.300000190734863,8.960000038146973,8.960000038146973,8.960000038146973,1400,8.91599998474121,8.999000072479248,9.147500038146973,9.253999977111816,9.550099992752076,10.436549992561341,43.4356203635467,-0.12420050818491646,-0.10056972500127626,-0.023630783183640203,9.5089899818536,9.147500038146973,8.786010094440345,8.145105281499186,9.412111942322136,NICK
2022-09-01,8.960000038146973,8.960000038146973,8.960000038146973,8.960000038146973,8.960000038146973,0,8.934000015258789,8.973000049591064,9.133000040054322,9.251799983978271,9.536399993896485,10.421299991607667,43.4356203635467,-0.12042497989920342,-0.10454077598086169,-0.015884203918341736,9.500102180045724,9.133000040054322,8.76589790006292,10.810803844597771,9.514971476698946,NICK
2022-09-02,8.960000038146973,8.960000038146973,8.619999885559082,8.75,8.75,4600,8.884000015258788,8.938000011444093,9.107000017166138,9.24599998474121,9.522399997711181,10.405049991607665,37.79309623237772,-0.13284672026942523,-0.11020196483857439,-0.022644755430850844,9.504044044537542,9.107000017166138,8.709955989794734,15.324696527763665,11.426868551286653,NICK
2022-09-06,8.75,8.75,8.550000190734863,8.600000381469727,8.600000381469727,4400,8.822000122070312,8.896000003814697,9.064000034332276,9.22859998703003,9.50670000076294,10.388449993133545,34.35964035916125,-0.15303071183518213,-0.11876771423789594,-0.034262997597286196,9.484399711702775,9.064000034332276,8.643600356961777,12.141525304792205,12.759008559050992,NICK
2022-09-07,8.649999618530273,8.649999618530273,8.25,8.3100004196167,8.3100004196167,7100,8.716000175476074,8.83100004196167,9.018000078201293,9.208999996185304,9.488100004196166,10.371199994087219,28.89423194411617,-0.1902343407956586,-0.13306103954944848,-0.05717330124621012,9.543798348786591,9.018000078201293,8.492201807615995,8.640898262413804,12.035706698323004,NICK
2022-09-08,8.399999618530273,8.5,8.100000381469727,8.170000076293945,8.170000076293945,5300,8.558000183105468,8.73700008392334,8.965000104904174,9.190599994659424,9.466900005340577,10.35154999256134,26.68727394240335,-0.22838268898365044,-0.15212536943628888,-0.07625731954736156,9.597502973489954,8.965000104904174,8.332497236318394,6.071441855647144,8.951288474284164,NICK
2022-09-09,7.949999809265137,8.34000015258789,7.949999809265137,8.329999923706055,8.329999923706055,2900,8.432000160217285,8.683000087738037,8.90750012397766,9.175399990081788,9.449000005722047,10.333199992179871,32.986939817633065,-0.24290482365095656,-0.1702812602792224,-0.07262356337173415,9.551266424335857,8.90750012397766,8.263733823619464,13.231927380128583,9.314755832729624,NICK
2022-09-12,8.329999923706055,8.329999923706055,8.039999961853027,8.039999961853027,8.039999961853027,1700,8.29000015258789,8.58700008392334,8.844000101089478,9.149799995422363,9.425900001525878,10.313299989700317,28.24886227469475,-0.27464831843953164,-0.19115467191128427,-0.08349364652824737,9.562621034898807,8.844000101089478,8.125379167280148,13.549377862098135,10.950915699291066,NICK
2022-09-13,7.949999809265137,8.0,7.75,7.769999980926514,7.769999980926514,10700,8.124000072479248,8.473000097274781,8.767000079154968,9.123000001907348,9.397400002479554,10.291249988079072,24.692717023452353,-0.31792714253936794,-0.216509166036901,-0.10141797650246692,9.591599391091288,8.767000079154968,7.942400767218649,12.035048649471404,12.93878463056582,NICK
2022-09-14,7.710000038146973,7.710000038146973,7.179999828338623,7.199999809265137,7.199999809265137,9300,7.9019999504089355,8.309000062942506,8.666000056266785,9.084000005722046,9.363200001716613,10.267149984836578,19.198146342353883,-0.393682050983287,-0.2519437430261782,-0.1417383079571088,9.709655239685315,8.666000056266785,7.622344872848256,2.966797480814988,9.517074664127955,NICK
2022-09-15,7.360000133514404,7.449999809265137,7.019999980926514,7.289999961853027,7.289999961853027,4500,7.725999927520752,8.14200005531311,8.57050006389618,9.047600011825562,9.334900002479554,10.243599984645844,22.143991807188744,-0.44136828273737194,-0.289828650968417,-0.15153963176895496,9.742839286318649,8.57050006389618,7.398160841473712,4.69193989788407,6.564595342723268,NICK
2022-09-16,7.179999828338623,7.179999828338623,6.96999979019165,6.96999979019165,6.96999979019165,23100,7.4539999008178714,7.943000030517578,8.458000040054321,9.004600009918214,9.300900001525878,10.219049983024597,19.43140037403839,-0.4992265317628499,-0.3317082271273036,-0.16751830463554634,9.7815197238612,8.458000040054321,7.134480356247443,4.261832834111568,3.9735234042699887,NICK
2022-09-19,6.559999942779541,6.929999828338623,6.519999980926514,6.929999828338623,6.929999828338623,2800,7.23199987411499,7.76100001335144,8.349500012397765,8.96119999885559,9.268600001335145,10.194699981212615,19.11617332060775,-0.5420587576512812,-0.3737783332320991,-0.16828042441918212,9.794885556515172,8.349500012397765,6.904114468280358,8.863432724632732,5.93906848554257,NICK
2022-09-20,6.929999828338623,6.929999828338623,6.380000114440918,6.519999980926514,6.519999980926514,15700,6.98199987411499,7.552999973297119,8.224499988555909,8.905200004577637,9.23300000190735,10.167899980545045,16.212894532694293,-0.6021460021420308,-0.41945186701408543,-0.1826941351279454,9.838854116647099,8.224499988555909,6.610145860464719,6.5142368957613455,6.5465008181683295,NICK
2022-09-21,6.460000038146973,6.800000190734863,6.400000095367432,6.46999979019165,6.46999979019165,30800,6.835999870300293,7.368999910354614,8.099999976158141,8.853399991989136,9.196900000572205,10.140899980068207,15.89583287999716,-0.6463494595977686,-0.46483138553082204,-0.18151807406694653,9.846883018367713,8.099999976158141,6.35311693394857,7.677023438553847,7.684897686315755,NICK
2022-09-22,6.119999885559082,6.320000171661377,6.0,6.119999885559082,6.119999885559082,15200,6.6019998550415036,7.163999891281128,7.9504999876022335,8.796799993515014,9.156799998283386,10.112499978542328,13.85351192767994,-0.7015362125654283,-0.5121723509377433,-0.18936386162768504,9.832589140025986,7.9504999876022335,6.068410835178481,4.112308538067167,6.101189624127233,NICK
2022-09-23,6.099999904632568,6.150000095367432,5.75,5.75,5.75,13900,6.3579998970031735,6.9059998989105225,7.79449999332428,8.715199995040894,9.112899994850158,10.081049978733063,12.085718460041226,-0.7662946427976198,-0.5629968093097186,-0.2032978334879012,9.854660086965362,7.79449999332428,5.734339899683198,2.5141365879796056,4.767822854866653,NICK
2022-09-26,5.789999961853027,5.949999809265137,5.579999923706055,5.869999885559082,5.869999885559082,6800,6.145999908447266,6.688999891281128,7.6379999876022335,8.64199999809265,9.070499997138977,10.05159997701645,15.836810766348988,-0.7987259617349638,-0.6101426397947677,-0.1885833219401961,9.781918056000807,7.6379999876022335,5.49408191920366,4.5001013012208295,3.7088488090889804,NICK
2022-09-27,6.0,6.309999942779541,5.940000057220459,5.980000019073486,5.980000019073486,16400,6.03799991607666,6.5099998950958256,7.491499996185302,8.572399997711182,9.022799997329711,10.023199977874755,19.2385385199296,-0.8062578851606803,-0.6493656888679502,-0.1568921962927301,9.667903392737104,7.491499996185302,5.315096599633501,7.714962271059226,4.9097333867529995,NICK
2022-09-28,6.159999847412109,6.349999904632568,5.96999979019165,6.190000057220459,6.190000057220459,5900,5.9819999694824215,6.408999919891357,7.3589999914169315,8.504000005722046,8.981100001335143,9.99569998025894,25.434729716751743,-0.786218700925108,-0.6767362912793817,-0.10948240964572631,9.513436489281103,7.3589999914169315,5.20456349355276,15.082113031061576,9.099058867780323,NICK
2022-09-29,6.25,6.260000228881836,5.699999809265137,5.699999809265137,5.699999809265137,20800,5.897999954223633,6.249999904632569,7.195999979972839,8.42699999809265,8.935599999427795,9.967349979877472,21.323746042539586,-0.8006470669486578,-0.7015184464132369,-0.09912862053542093,9.33448932980748,7.195999979972839,5.057510630138198,13.387905842410666,12.06166038151027,NICK
2022-09-30,5.550000190734863,6.070000171661377,5.539999961853027,5.690000057220459,5.690000057220459,2300,5.885999965667724,6.121999931335449,7.032499980926514,8.347999992370605,8.891499996185303,9.937749981880188,21.24826814774943,-0.8036248602419134,-0.7219397291789722,-0.08168513106294117,9.105535343148286,7.032499980926514,4.95946461870474,10.85421641331227,13.108078428927952,NICK
2022-10-03,5.71999979019165,5.71999979019165,5.71999979019165,5.71999979019165,5.71999979019165,700,5.855999946594238,6.000999927520752,6.880999970436096,8.272199983596801,8.847299990653992,9.910499980449677,22.138679894276365,-0.794406630018222,-0.7364331093468222,-0.057973520671399825,8.871034313692485,6.880999970436096,4.890965627179707,6.252039877735409,10.164720711152563,NICK
2022-10-04,5.960000038146973,6.159999847412109,5.78000020980835,5.78000020980835,5.78000020980835,11400,5.815999984741211,5.926999950408936,6.7399999618530275,8.196799983978272,8.813099994659424,9.881749982833862,23.989756837208883,-0.7733449446026786,-0.7438154763979934,-0.02952946820468516,8.6194041997997,6.7399999618530275,4.860595723906356,8.98598214767705,8.697412812908025,NICK
2022-10-05,5.809999942779541,6.050000190734863,5.670000076293945,5.670000076293945,5.670000076293945,3600,5.711999988555908,5.846999979019165,6.60799994468689,8.121199989318848,8.782699995040893,9.851199984550476,22.914205557681953,-0.7568055157443254,-0.7464134842672598,-0.010392031477065578,8.396424931939105,6.60799994468689,4.819574957434675,9.595739525660589,8.27792051702413,NICK
2022-10-06,5.710000038146973,5.989999771118164,5.230000019073486,5.489999771118164,5.489999771118164,44300,5.669999980926514,5.783999967575073,6.473999929428101,8.039199981689453,8.749999990463257,9.822149982452393,21.236366858973728,-0.74958170818278,-0.7470471290503639,-0.0025345791324161704,8.173604564060096,6.473999929428101,4.774395294796107,11.928800227036424,10.170173966791134,NICK
2022-10-07,5.340000152587891,5.53000020980835,5.340000152587891,5.400000095367432,5.400000095367432,7200,5.611999988555908,5.748999977111817,6.32749993801117,7.961199979782105,8.715499987602234,9.789799983501434,20.430832887366172,-0.7425592495185764,-0.7461495531440063,0.0035903036254298915,7.8586938699095565,6.32749993801117,4.796306006112783,11.073649092995154,10.866062948563837,NICK
2022-10-10,5.400000095367432,5.519999980926514,5.239999771118164,5.289999961853027,5.289999961853027,5900,5.526000022888184,5.690999984741211,6.189999938011169,7.878799982070923,8.676599984169007,9.75954998254776,19.459278055433415,-0.7373700489706358,-0.7443936523093322,0.007023603338696338,7.567562942325814,6.189999938011169,4.8124369336965245,9.70525412524707,10.902567815092661,NICK
2022-10-11,5.289999961853027,5.440000057220459,5.230000019073486,5.349999904632568,5.349999904632568,24700,5.439999961853028,5.627999973297119,6.068999934196472,7.797799987792969,8.637099981307983,9.729549980163574,21.647916881125674,-0.7201150383028487,-0.7395379295080355,0.01942289120518681,7.285945212857957,6.068999934196472,4.852054655534987,8.178644729820702,9.65251598268742,NICK
2022-10-12,5.480000019073486,5.480000019073486,5.349999904632568,5.349999904632568,5.349999904632568,1000,5.375999927520752,5.54399995803833,5.976499938964844,7.716799993515014,8.59559998035431,9.699449980258942,21.647916881125674,-0.6983897161180828,-0.731308286830045,0.03291857071196225,7.114168994449144,5.976499938964844,4.8388308834805445,8.416735056912474,8.766877970659861,NICK
2022-10-13,5.369999885559082,5.510000228881836,5.25,5.5,5.5,4500,5.377999973297119,5.523999977111816,5.886999940872192,7.642200002670288,8.55799997806549,9.670099980831147,27.370372870630128,-0.6614437755609002,-0.717335384576216,0.05589160901531587,6.86812371365192,5.886999940872192,4.905876168092464,15.178565599885674,10.59131512887273,NICK
2022-10-14,5.369999885559082,5.690000057220459,5.260000228881836,5.510000228881836,5.510000228881836,28900,5.4,5.505999994277954,5.813999962806702,7.567400007247925,8.517799983024597,9.640999982357025,27.749231751042615,-0.6241619659763984,-0.6987007008562525,0.07453873487985407,6.67140062303866,5.813999962806702,4.956599302574744,19.940480498635825,14.511927051811105,NICK
2022-10-17,5.630000114440918,5.900000095367432,5.630000114440918,5.800000190734863,5.800000190734863,3900,5.502000045776367,5.514000034332275,5.7574999809265135,7.498000001907348,8.485599980354309,9.613049981594086,37.87048525488744,-0.564705714034722,-0.6719017034919463,0.1071959894572243,6.445478875302291,5.7574999809265135,5.069521086550736,33.33334752491722,22.817464541146023,NICK
2022-10-18,5.889999866485596,6.179999828338623,5.889999866485596,6.019999980926514,6.019999980926514,2900,5.636000061035157,5.538000011444092,5.732499980926514,7.42920000076294,8.451899976730347,9.584199981689453,44.25076544735015,-0.49413794689664226,-0.6363489521728856,0.1422110052762433,6.339389558285113,5.732499980926514,5.125610403567915,50.863969585526156,34.71259920302618,NICK
2022-10-19,6.010000228881836,6.269999980926514,6.010000228881836,6.019999980926514,6.019999980926514,4600,5.770000076293945,5.5730000019073485,5.709999990463257,7.365000009536743,8.418299975395202,9.556799981594086,44.25076544735015,-0.43321860857596217,-0.5957228834535009,0.1625042748775387,6.233488306560094,5.709999990463257,5.18651167436642,67.85114168300537,50.682819597816035,NICK
2022-10-20,5.960000038146973,6.269999980926514,5.960000038146973,6.269999980926514,6.269999980926514,3200,5.924000072479248,5.651000022888184,5.717499995231629,7.3058000183105465,8.383499975204467,9.530599980354308,50.896477853905445,-0.3606097981130256,-0.5487002663854058,0.18809046827238018,6.267877167606957,5.717499995231629,5.1671228228563,84.22018245968235,67.64509790940441,NICK
2022-10-21,6.409999847412109,6.409999847412109,6.059999942779541,6.059999942779541,6.059999942779541,2700,6.034000015258789,5.7170000076293945,5.732999992370606,7.237400026321411,8.351199975013733,9.502149980068207,45.942219450439744,-0.31636517987472157,-0.5022332490832689,0.18586806920854737,6.303266618589157,5.732999992370606,5.162733366152055,82.10017479922975,78.05716631397227,NICK
2022-10-24,6.21999979019165,6.369999885559082,5.949999809265137,6.369999885559082,6.369999885559082,6000,6.147999954223633,5.825,5.757999992370605,7.178600015640259,8.32009997844696,9.475899980068206,53.1864089988171,-0.25336595157597674,-0.4524597895818105,0.19909383800583375,6.390537741138539,5.757999992370605,5.125462243602671,88.98305301635277,85.10113675842139,NICK
2022-10-25,6.369999885559082,6.989999771118164,6.019999980926514,6.989999771118164,6.989999771118164,8800,6.341999912261963,5.98899998664856,5.808499979972839,7.132200002670288,8.291899971961975,9.45239998102188,63.67190348486673,-0.15166154022522704,-0.3923001397104938,0.24063859948526678,6.635307634279884,5.808499979972839,4.981692325665795,88.98305301635277,86.68876027731153,NICK
2022-10-26,6.739999771118164,7.309999942779541,6.710000038146973,6.760000228881836,6.760000228881836,15200,6.4899999618530275,6.130000019073487,5.836999988555908,7.083000001907348,8.262699971199035,9.428349983692168,58.44234925761979,-0.0885978020493301,-0.3315596721782611,0.242961870128931,6.74931790365489,5.836999988555908,4.924682073456926,90.05595910796528,89.34068838022337,NICK
2022-10-27,6.659999847412109,6.940000057220459,6.440000057220459,6.619999885559082,6.619999885559082,3700,6.559999942779541,6.242000007629395,5.882999992370605,7.031400003433228,8.228899970054627,9.403099982738494,55.45657679783778,-0.04934734736690327,-0.27511720721598953,0.22576985984908626,6.8539397097181745,5.882999992370605,4.912060275023036,80.12820806729064,86.38907339720267,NICK
2022-10-28,6.519999980926514,7.230000019073486,6.519999980926514,6.800000190734863,6.800000190734863,4500,6.707999992370605,6.371000003814697,5.938499999046326,6.983000001907349,8.197299971580506,9.379349982738495,58.39935753383333,-0.0036742049963711665,-0.22082860677206587,0.2171544017756947,6.983072164827792,5.938499999046326,4.8939278332648595,71.95513481807016,80.71310066444181,NICK
2022-10-31,6.590000152587891,7.570000171661377,6.590000152587891,7.059999942779541,7.059999942779541,10600,6.846000003814697,6.496999979019165,6.00550000667572,6.942199993133545,8.16709997177124,9.356649980545043,62.276167377447756,0.05289218824902164,-0.16608444776784836,0.21897663601687,7.152312529253346,6.00550000667572,4.858687484098094,73.44164416725333,75.17499568420449,NICK
2022-11-01,6.960000038146973,7.239999771118164,6.960000038146973,7.210000038146973,7.210000038146973,5400,6.890000057220459,6.615999984741211,6.076999998092651,6.905999984741211,8.13419997215271,9.334099979400635,64.34082946614333,0.10857364710877881,-0.11115282879252292,0.21972647590130173,7.331880072177731,6.076999998092651,4.822119924007571,79.32692246883732,74.90790048472006,NICK
2022-11-02,7.150000095367432,7.300000190734863,6.760000228881836,6.980000019073486,6.980000019073486,7900,6.934000015258789,6.711999988555908,6.142499995231629,6.866399984359742,8.101999974250793,9.310399978160858,59.00791673872007,0.1326138353251336,-0.06239949596899161,0.1950133312941252,7.441543882921482,6.142499995231629,4.843456107541775,78.98628479161273,77.25161714256757,NICK
2022-11-03,6.619999885559082,7.010000228881836,6.619999885559082,6.619999885559082,6.619999885559082,6500,6.934000015258789,6.746999979019165,6.199000000953674,6.816599988937378,8.069199976921082,9.285199978351592,51.77435793779126,0.12121951247554286,-0.02567569428008471,0.14689520675562756,7.477747802561538,6.199000000953674,4.920252199345811,69.9908452554779,76.10135083864242,NICK
2022-11-04,6.619999885559082,6.949999809265137,6.119999885559082,6.690000057220459,6.690000057220459,19800,6.911999988555908,6.809999990463257,6.263499999046326,6.772999992370606,8.036199979782104,9.261099977493286,52.981319115910665,0.11649497678602394,0.0027584399331370205,0.11373653685288693,7.504101055924218,6.263499999046326,5.0228989421684345,57.70294402490973,68.89335802399988,NICK
2022-11-07,6.639999866485596,6.920000076293945,6.380000114440918,6.53000020980835,6.53000020980835,2300,6.80600004196167,6.826000022888183,6.325500011444092,6.723599996566772,8.002799983024596,9.237899978160858,49.90678028765619,0.09870231881080826,0.021947215708671274,0.07675510310213698,7.4866972316274065,6.325500011444092,5.164302791260777,44.81748356856367,57.50375761631687,NICK
2022-11-08,6.900000095367432,7.019999980926514,6.5,6.53000020980835,6.53000020980835,7500,6.670000076293945,6.780000066757202,6.384500026702881,6.676000003814697,7.969099988937378,9.21474997997284,49.90678028765619,0.08363738941357912,0.034285250449652846,0.049352138963926276,7.458045066050394,6.384500026702881,5.310954987355368,39.74134067515327,47.42058942287533,NICK
2022-11-09,6.349999904632568,6.650000095367432,6.349999904632568,6.519999980926514,6.519999980926514,2600,6.578000068664551,6.75600004196167,6.443000030517578,6.62960000038147,7.943599991798401,9.192099978923798,49.697728688413726,0.07008351035208715,0.04144490243013971,0.028638607921947445,7.406557966880823,6.443000030517578,5.479442094154334,35.59671987128183,40.0518480383327,NICK
2022-11-10,6.510000228881836,6.670000076293945,5.929999828338623,6.349999904632568,6.349999904632568,15400,6.524000072479248,6.729000043869019,6.485500025749206,6.577399997711182,7.915699987411499,9.16884997844696,46.158039299679096,0.04510444220522292,0.042176810385156346,0.00292763182006657,7.3486911352501885,6.485500025749206,5.622308916248224,32.19914305020769,35.84573453221404,NICK
2022-11-11,6.300000190734863,6.730000019073486,5.920000076293945,6.679999828338623,6.679999828338623,10600,6.522000026702881,6.7170000076293945,6.5440000057220455,6.531799993515015,7.8917999887466435,9.147499978542328,53.13584413582394,0.051344716719642136,0.044010391652053504,0.007334325067588632,7.284713151817117,6.5440000057220455,5.803286859626974,35.61851055659232,34.471457826027056,NICK
2022-11-14,6.699999809265137,6.730000019073486,6.329999923706055,6.400000095367432,6.400000095367432,4700,6.496000003814697,6.651000022888184,6.574000000953674,6.484799995422363,7.865399990081787,9.12469997882843,47.509724941606265,0.033312534672329974,0.0418708202561088,-0.008558285583778823,7.23619031788582,6.574000000953674,5.911809684021529,33.58708410821813,33.80157923833915,NICK
2022-11-15,6.519999980926514,6.699999809265137,6.420000076293945,6.699999809265137,6.699999809265137,1800,6.529999923706055,6.6,6.607999992370606,6.446799983978272,7.83769998550415,9.104449977874756,53.22436572729894,0.042736727798926566,0.04204400176467235,0.0006927260342542152,7.220914345338594,6.607999992370606,5.9950856394026175,40.80806843104147,36.67122103195042,NICK
2022-11-16,6.75,6.789999961853027,6.5,6.789999961853027,6.789999961853027,5900,6.583999919891357,6.5809999942779545,6.646499991416931,6.416399974822998,7.812699985504151,9.083199977874756,54.81373078907148,0.05681282600713011,0.0449977666131639,0.01181505939396621,7.200766172465877,6.646499991416931,6.092233810367985,43.03029322208325,39.14181525378073,NICK
2022-11-17,6.849999904632568,6.849999904632568,6.420000076293945,6.610000133514404,6.610000133514404,8200,6.635999965667724,6.580000019073486,6.6634999990463255,6.385199975967407,7.787899985313415,9.06239997625351,51.07578855409671,0.05283470780127786,0.046565154850786696,0.006269552950491163,7.190729545603148,6.6634999990463255,6.136270452489503,47.27271798994786,43.70369321435731,NICK
2022-11-18,6.650000095367432,6.75,6.039999961853027,6.039999961853027,6.039999961853027,59200,6.507999992370605,6.5150000095367435,6.6625,6.339399976730347,7.757399983406067,9.037099974155426,41.43886068212238,0.003645744427109854,0.03798127276605133,-0.034335528338941476,7.194359935004829,6.6625,6.130640064995171,34.41369625764943,41.57223582322663,NICK
2022-11-21,6.269999980926514,6.53000020980835,6.239999771118164,6.53000020980835,6.53000020980835,7600,6.534000015258789,6.5150000095367435,6.670500016212463,6.309199981689453,7.729499988555908,9.016049976348876,50.146922405947635,0.0041541747323652345,0.031215853159314112,-0.027061678426948878,7.189170397973695,6.670500016212463,6.151829634451231,31.572243529685522,37.752885925760715,NICK
2022-11-22,6.559999942779541,6.800000190734863,6.5,6.619999885559082,6.619999885559082,3600,6.5180000305175785,6.523999977111816,6.6520000219345095,6.286199979782104,7.704599990844726,8.993649973869324,51.57136049585064,0.011684637854974866,0.027309610098446263,-0.015624972243471397,7.149738909028336,6.6520000219345095,6.154261134840683,38.844966511315924,34.943635432883404,NICK
2022-11-23,6.619999885559082,6.619999885559082,6.619999885559082,6.619999885559082,6.619999885559082,100,6.484000015258789,6.533999967575073,6.645000004768372,6.274599981307984,7.679299993515015,8.972399973869324,51.57136049585064,0.017451415083743704,0.02533797109550575,-0.007886556011762046,7.140398825487142,6.645000004768372,6.149601184049602,57.158536062640884,42.52524870121388,NICK
2022-11-25,6.619999885559082,6.619999885559082,6.619999885559082,6.619999885559082,6.619999885559082,400,6.485999965667725,6.560999965667724,6.645000004768372,6.261199979782105,7.654399995803833,8.947999973297119,51.57136049585065,0.02177066886601242,0.024624510649607086,-0.002853841783594664,7.140398825487142,6.645000004768372,6.149601184049602,63.63635181395409,53.213284795970075,NICK
2022-11-28,6.949999809265137,6.949999809265137,6.550000190734863,6.550000190734863,6.550000190734863,800,6.588000011444092,6.548000001907349,6.632500004768372,6.252799987792969,7.628699998855591,8.921849975585937,50.17859077438319,0.019322579577071508,0.02356412443509997,-0.004241544858028461,7.1242265273120635,6.632500004768372,6.14077348222468,61.51514875658956,60.77001221106128,NICK
2022-11-29,6.739999771118164,6.739999771118164,6.53000020980835,6.53000020980835,6.53000020980835,1700,6.588000011444092,6.561000013351441,6.606000018119812,6.244799995422364,7.602999997138977,8.895549976825714,49.765054764825955,0.015588920492429104,0.021969083646565794,-0.006380163154136691,7.058256558146454,6.606000018119812,6.153743478093171,60.04414124765854,61.731880606067165,NICK
2022-11-30,6.53000020980835,6.849999904632568,6.429999828338623,6.849999904632568,6.849999904632568,2300,6.634000015258789,6.576000022888183,6.588000011444092,6.251399993896484,7.5782999992370605,8.871949977874756,56.01157247588277,0.03801307868283388,0.02517788265381941,0.012835196029014468,6.965072897131529,6.588000011444092,6.210927125756655,68.92911360230576,63.49613453551772,NICK
2022-12-01,6.480000019073486,6.519999980926514,6.480000019073486,6.519999980926514,6.519999980926514,700,6.614000034332276,6.549000024795532,6.565000009536743,6.252399997711182,7.552899994850159,8.84619997739792,49.21515760514046,0.028823885873318744,0.025907083297719277,0.002916802575599467,6.897054162354489,6.565000009536743,6.232945856718998,69.25567706418882,66.07631063805081,NICK
2022-12-02,6.449999809265137,6.679999828338623,6.449999809265137,6.679999828338623,6.679999828338623,800,6.626000022888183,6.555999994277954,6.56800000667572,6.263599996566772,7.530199995040894,8.820599975585937,52.24100949977137,0.034059419096764465,0.027537550457528315,0.00652186863923615,6.903058143220115,6.56800000667572,6.2329418701313255,72.95778978532397,70.38086015060595,NICK
2022-12-05,6.460000038146973,6.550000190734863,6.400000095367432,6.550000190734863,6.550000190734863,2000,6.626000022888183,6.607000017166138,6.561000013351441,6.279600000381469,7.497399997711182,8.795899977684021,49.65243104908831,0.027402849601479318,0.027510610286318515,-0.00010776068483919765,6.891387590972951,6.561000013351441,6.23061243572993,61.54203035709432,67.91849906886881,NICK
2022-12-06,6.429999828338623,6.699999809265137,6.429999828338623,6.659999847412109,6.659999847412109,1000,6.6519999504089355,6.619999980926513,6.567499995231628,6.29539999961853,7.468699998855591,8.77134997844696,51.827546955365314,0.030650206801917435,0.0281385295894383,0.0025116772124791353,6.900298655465882,6.567499995231628,6.234701334997375,64.83517500800002,66.44499838347254,NICK
2022-12-07,6.429999828338623,6.429999828338623,6.429999828338623,6.429999828338623,6.429999828338623,700,6.567999935150146,6.600999975204468,6.562499976158142,6.304399995803833,7.438399996757507,8.746399977207183,47.23273040711487,0.01449756255364143,0.025410336182278927,-0.010912773628637497,6.90036823434255,6.562499976158142,6.224631717973733,55.67766431496862,60.68495656002076,NICK
2022-12-08,6.449999809265137,6.5,6.309999942779541,6.309999942779541,6.309999942779541,700,6.525999927520752,6.5699999809265135,6.551999974250793,6.306799993515015,7.40539999961853,8.720749979019166,44.991553420815436,-0.007895497885517244,0.018749169368719693,-0.026644667254236937,6.907111172582583,6.551999974250793,6.196888775919003,46.88644496704442,55.79976143000412,NICK
2022-12-09,6.320000171661377,6.659999847412109,6.320000171661377,6.659999847412109,6.659999847412109,2400,6.521999931335449,6.573999977111816,6.56749997138977,6.325999994277954,7.376499996185303,8.698199977874756,52.126633454364956,0.002570279038941692,0.015513391302764093,-0.012943112263822401,6.912919936694054,6.56749997138977,6.222080006085486,43.8941350219045,48.81941476797228,NICK
2022-12-12,6.360000133514404,6.630000114440918,6.360000133514404,6.630000114440918,6.630000114440918,900,6.53799991607666,6.581999969482422,6.564999985694885,6.344799995422363,7.346399993896484,8.67389997959137,51.509904470581716,0.008347529793577557,0.014080219000926786,-0.005732689207349229,6.907841002392844,6.564999985694885,6.2221589689969266,46.27510231571745,45.68522743488856,NICK
2022-12-13,6.440000057220459,6.440000057220459,6.440000057220459,6.440000057220459,6.440000057220459,400,6.49399995803833,6.572999954223633,6.566999983787537,6.3592000007629395,7.31569999217987,8.650299980640412,47.663609102958986,-0.0023779624110442654,0.010788582718532575,-0.01316654512957684,6.906417081799864,6.566999983787537,6.22758288577521,43.15583217221141,44.44168983661089,NICK
2022-12-14,6.349999904632568,6.349999904632568,6.269999980926514,6.300000190734863,6.300000190734863,2300,6.468000030517578,6.517999982833862,6.547000002861023,6.36960000038147,7.2831999921798705,8.624499981403352,44.997378705365634,-0.021922107049857864,0.004246444764854487,-0.02616855181471235,6.899596027593991,6.547000002861023,6.194403978128055,24.908118681869013,38.11301772326573,NICK
2022-12-15,6.099999904632568,6.550000190734863,6.099999904632568,6.539999961853027,6.539999961853027,7500,6.514000034332275,6.519999980926514,6.534500002861023,6.3869999980926515,7.25409999370575,8.598499982357025,50.145867848868285,-0.017839365614432445,-0.00017071731100289957,-0.017668648303429547,6.869013023173061,6.534500002861023,6.199986982548985,25.496345738237636,31.18676553077246,NICK
2022-12-16,6.489999771118164,6.539999961853027,6.210000038146973,6.360000133514404,6.360000133514404,6300,6.454000091552734,6.488000011444091,6.522000002861023,6.404400005340576,7.221799993515015,8.572049984931946,46.62114256853439,-0.02879629962093322,-0.005895833772988964,-0.022900465847944255,6.862916338188268,6.522000002861023,6.181083667533778,30.28107076001398,26.895178393373314,NICK
2022-12-19,6.199999809265137,6.300000190734863,5.980000019073486,6.050000190734863,6.050000190734863,9300,6.338000106811523,6.438000011444092,6.522500014305114,6.417400007247925,7.189299993515014,8.546149988174438,41.244289659227576,-0.06178196928227564,-0.0170730608748463,-0.04470890840742934,6.860604886009529,6.522500014305114,6.1843951426007,31.492471135776782,29.089962544675902,NICK
2022-12-20,6.050000190734863,6.449999809265137,6.050000190734863,6.25,6.25,3300,6.300000095367432,6.397000026702881,6.508500003814698,6.436600008010864,7.157699995040893,8.521249990463257,45.603137840819805,-0.07096697389856033,-0.027851843479589106,-0.04311513041897122,6.866788859443853,6.508500003814698,6.150211148185543,26.73756775457967,29.503703216789916,NICK
2022-12-21,6.269999980926514,6.269999980926514,6.269999980926514,6.269999980926514,6.269999980926514,1200,6.294000053405762,6.38100004196167,6.491000008583069,6.455000009536743,7.126399998664856,8.49629998922348,46.0342837705153,-0.07575902206933449,-0.03743327919753818,-0.03832574287179631,6.8598304739643385,6.491000008583069,6.1221695432017995,28.607930098682402,28.945989663012725,NICK
2022-12-22,5.760000228881836,6.360000133514404,5.760000228881836,6.03000020980835,6.03000020980835,7400,6.192000102996826,6.353000068664551,6.461500024795532,6.468600015640259,7.092700004577637,8.469599990844726,41.757200137255204,-0.09779540597245173,-0.04950570455252089,-0.048289701419930844,6.875904278226418,6.461500024795532,6.047095771364646,35.50040251445267,30.281966789238016,NICK
2022-12-23,6.0,6.059999942779541,5.929999828338623,6.019999980926514,6.019999980926514,3800,6.124000072479248,6.289000082015991,6.431500029563904,6.479000015258789,7.060600008964538,8.442599990367889,41.583829864215986,-0.11474364061108133,-0.06255329176423298,-0.05219034884684835,6.881045247512967,6.431500029563904,5.981954811614841,32.22025323401346,32.10952861571595,NICK
2022-12-27,6.119999885559082,6.210000038146973,6.050000190734863,6.210000038146973,6.210000038146973,1300,6.15600004196167,6.247000074386596,6.41450002193451,6.493000011444092,7.030200009346008,8.417649991512299,46.157811739079875,-0.11155785246579875,-0.07235420390454614,-0.03920364856125261,6.870503194668303,6.41450002193451,5.958496849200716,35.46099182849579,34.393882525653744,NICK
2022-12-28,6.019999980926514,6.21999979019165,5.800000190734863,6.110000133514404,6.110000133514404,7500,6.128000068664551,6.214000082015991,6.393500018119812,6.499200010299683,6.998600006103516,8.391549992561341,44.196356662283925,-0.1157677504142205,-0.08103691320648101,-0.03473083720773948,6.864722758055232,6.393500018119812,5.922277278184391,38.849485070959524,35.5102433778227,NICK
2022-12-29,6.320000171661377,6.320000171661377,6.320000171661377,6.320000171661377,6.320000171661377,500,6.138000106811523,6.216000080108643,6.367000031471252,6.50520001411438,6.9672000074386595,8.366149995326996,49.089058536933756,-0.10099467310950239,-0.08502846518708529,-0.015966207922417097,6.789662887269353,6.367000031471252,5.944337175673152,50.370379004462826,41.56028530130582,NICK
2022-12-30,6.610000133514404,6.610000133514404,6.300000190734863,6.300000190734863,6.300000190734863,1200,6.192000102996826,6.192000102996826,6.35600004196167,6.5108000183105466,6.937900013923645,8.343299996852874,48.65155874587553,-0.08986482842205756,-0.08599573783407974,-0.003869090587977825,6.773583434135796,6.35600004196167,5.938416649787543,54.39336877018411,47.871077615201926,NICK
2023-01-03,6.099999904632568,6.099999904632568,6.03000020980835,6.03000020980835,6.03000020980835,400,6.194000148773194,6.159000110626221,6.323500061035157,6.506000022888184,6.905900020599365,8.320099997520447,43.07078097630403,-0.10165922404372907,-0.08912843507600961,-0.012530788967719461,6.7363086125176155,6.323500061035157,5.910691509552698,52.018639579033334,52.26079578455986,NICK
2023-01-04,6.099999904632568,6.300000190734863,6.099999904632568,6.099999904632568,6.099999904632568,3400,6.172000122070313,6.164000082015991,6.301000046730041,6.506800022125244,6.872100024223328,8.296199996471405,44.837466579163845,-0.10415731647879145,-0.09213421135656598,-0.012023105122225472,6.711019436312736,6.301000046730041,5.890980657147347,44.611214280128365,50.34107420978171,NICK
2023-01-05,6.099999904632568,6.099999904632568,6.099999904632568,6.099999904632568,6.099999904632568,0,6.170000076293945,6.149000072479248,6.273000049591064,6.501400022506714,6.840000019073487,8.274699997901916,44.83746657916384,-0.10492753344097672,-0.09469287577344812,-0.010234657667528596,6.65677594841915,6.273000049591064,5.889224150762979,37.25487996137465,44.62824460684522,NICK
2023-01-06,6.110000133514404,6.110000133514404,6.099999904632568,6.099999904632568,6.099999904632568,300,6.126000022888183,6.132000064849853,6.2565000534057615,6.483600025177002,6.807900013923645,8.254249999523163,44.83746657916384,-0.10433522441202214,-0.09662134550116293,-0.007713878910859215,6.640232987815378,6.2565000534057615,5.872767118996145,39.999966340903036,40.622020194135125,NICK
2023-01-09,6.130000114440918,6.340000152587891,6.130000114440918,6.340000152587891,6.340000152587891,1800,6.134000015258789,6.163000059127808,6.258000063896179,6.475200023651123,6.779100012779236,8.235550000667573,51.308146853714206,-0.08353684029988617,-0.09400444446090758,0.01046760416102141,6.642790877852069,6.258000063896179,5.873209249940289,49.41174182649629,42.22219604292443,NICK
2023-01-10,6.119999885559082,6.119999885559082,6.119999885559082,6.119999885559082,6.119999885559082,400,6.1519999504089355,6.173000049591065,6.231000065803528,6.465200023651123,6.748300013542175,8.215049998760223,45.983355467368845,-0.08383970207985669,-0.09197149598469741,0.008131793904840715,6.572520219779332,6.231000065803528,5.889479911827723,50.196054892004184,46.535921019800945,NICK
2023-01-11,6.119999885559082,6.340000152587891,6.119999885559082,6.340000152587891,6.340000152587891,700,6.2,6.186000061035156,6.216500067710877,6.456000022888183,6.719500012397766,8.195800001621246,51.4135582334308,-0.06557166989856356,-0.08669153076747063,0.021119860868907075,6.5103214621228,6.216500067710877,5.922678673298954,59.60783037759743,53.071875698699074,NICK
2023-01-12,5.909999847412109,5.909999847412109,5.909999847412109,5.909999847412109,5.909999847412109,700,6.161999988555908,6.166000032424927,6.190000057220459,6.433000020980835,6.68760000705719,8.173900001049041,42.43438081741167,-0.08481387222184544,-0.0863159990583456,0.0015021268365001533,6.493842183227855,6.190000057220459,5.886157931213063,42.74507141992992,50.84965222984362,NICK
2023-01-13,6.440000057220459,6.440000057220459,6.260000228881836,6.329999923706055,6.329999923706055,5400,6.207999992370605,6.167000007629395,6.191500043869018,6.415400018692017,6.660700001716614,8.154700000286102,51.36832801073319,-0.06541885231809808,-0.08213656971029609,0.016717717392198017,6.497785897844491,6.191500043869018,5.885214189893546,50.438126381187885,50.93034272623819,NICK
2023-01-17,6.039999961853027,6.440000057220459,6.039999961853027,6.230000019073486,6.230000019073486,16200,6.185999965667724,6.159999990463257,6.176000046730041,6.400400018692016,6.633400001525879,8.134000000953675,49.402419425847185,-0.0574550102864988,-0.07720025782553663,0.019745247539037836,6.43840438311074,6.176000046730041,5.913595710349343,45.388496218787814,46.19056467330165,NICK
2023-01-18,6.070000171661377,6.400000095367432,6.070000171661377,6.369999885559082,6.369999885559082,1500,6.235999965667725,6.19399995803833,6.176500034332276,6.395400018692016,6.606000003814697,8.11460000038147,52.162664178144816,-0.03939269444196292,-0.06963874514882189,0.03024605070685897,6.440339032410225,6.176500034332276,5.912661036254326,62.96293679905701,52.92985313301068,NICK
2023-01-19,6.179999828338623,6.179999828338623,6.139999866485596,6.139999866485596,6.139999866485596,1300,6.1959999084472654,6.197999954223633,6.181000018119812,6.384400014877319,6.578700003623962,8.092699997425079,47.57124162729949,-0.0431399676586075,-0.06433898965077901,0.02119902199217151,6.439062080141692,6.181000018119812,5.9229379560979325,52.104624042870114,53.48535235357142,NICK
2023-01-20,6.139999866485596,6.139999866485596,6.139999866485596,6.139999866485596,6.139999866485596,400,6.241999912261963,6.201999950408935,6.175500011444091,6.376600008010865,6.5501000022888185,8.072299995422362,47.571241627299486,-0.045584241914855106,-0.06058804010359423,0.015003798188739127,6.432130154935035,6.175500011444091,5.9188698679531475,45.3615339902559,53.476364944060784,NICK
2023-01-23,6.059999942779541,6.309999942779541,6.059999942779541,6.130000114440918,6.130000114440918,1900,6.201999950408935,6.20499997138977,6.168500018119812,6.368600006103516,6.5223000049591064,8.050699996948243,47.36103837081739,-0.047777494080267324,-0.05802593089892885,0.010248436818661527,6.422056777448013,6.168500018119812,5.914943258791611,35.74124407273358,44.40246736861965,NICK
2023-01-24,6.199999809265137,6.199999809265137,6.199999809265137,6.199999809265137,6.199999809265137,600,6.1959999084472654,6.190999937057495,6.1769999980926515,6.3622000026702885,6.495900001525879,8.029599995613099,49.057964155677624,-0.04336735993237273,-0.05509421670561763,0.0117268567732449,6.422690941252647,6.1769999980926515,5.931309054932656,43.027850779859556,41.37687628094946,NICK
2023-01-25,6.210000038146973,6.25,6.210000038146973,6.25,6.25,1000,6.171999931335449,6.203999948501587,6.188499999046326,6.360200004577637,6.468800001144409,8.009449996948241,50.29065390117755,-0.035429292493692977,-0.051161231863232695,0.01573193936953972,6.425081989993988,6.188499999046326,5.951918008098664,53.45912232607704,44.07607239288984,NICK
2023-01-26,7.03000020980835,7.03000020980835,6.349999904632568,6.400000095367432,6.400000095367432,3000,6.223999977111816,6.209999942779541,6.1980000019073485,6.3546000099182125,6.443200001716614,7.989799997806549,53.89502758464293,-0.016840436693407845,-0.044297072829267724,0.02745663613585988,6.4518977097265635,6.1980000019073485,5.944102294088133,54.20596901602429,50.23098070732008,NICK
2023-01-27,6.199999809265137,6.210000038146973,6.199999809265137,6.210000038146973,6.210000038146973,600,6.238000011444091,6.2399999618530275,6.202999997138977,6.3508000087738035,6.417800002098083,7.970099999904632,49.04409372219936,-0.017241304244180355,-0.03888591911225025,0.021644614868069893,6.453687154833774,6.202999997138977,5.95231283944418,44.89555914088785,50.85355016099618,NICK
2023-01-30,6.829999923706055,6.829999923706055,6.5,6.5,6.5,1200,6.311999988555908,6.256999969482422,6.211999988555908,6.346800012588501,6.396799998283386,7.951749999523162,55.61126464050762,0.005775007927897313,-0.029953733704220734,0.03572874163211805,6.490251751934557,6.211999988555908,5.933748225177259,41.07143287958635,46.72432034549928,NICK
2023-01-31,6.5,6.5,6.5,6.5,6.5,400,6.372000026702881,6.283999967575073,6.221999979019165,6.34100001335144,6.378699994087219,7.9333999991416935,55.61126464050762,0.023741919083480667,-0.019214603146680453,0.04295652223016112,6.525420543233135,6.221999979019165,5.918579414805194,44.04761955446143,43.33820385831166,NICK
2023-02-01,6.400000095367432,6.400000095367432,6.179999828338623,6.260000228881836,6.260000228881836,3900,6.374000072479248,6.273000001907349,6.233499979972839,6.334000015258789,6.359599995613098,7.913250000476837,49.489468885870494,0.018402714810383358,-0.01169113955526769,0.030093854365651047,6.52410462587979,6.233499979972839,5.942895334065888,45.53571998768771,43.55159080724494,NICK
2023-02-02,6.28000020980835,6.349999904632568,6.210000038146973,6.210000038146973,6.210000038146973,1000,6.336000061035156,6.280000019073486,6.23899998664856,6.337400016784668,6.3383999967575075,7.893700001239776,48.29663905726893,0.010021240807763121,-0.007348663482661527,0.017369904290424648,6.523387144162597,6.23899998664856,5.954612829134523,33.700104177674696,41.094481239941054,NICK
2023-02-03,6.360000133514404,7.25,6.360000133514404,6.920000076293945,6.920000076293945,5500,6.478000068664551,6.358000040054321,6.279999995231629,6.34520001411438,6.327199997901917,7.876549999713898,62.22128763846493,0.0599785364036709,0.0061167764946049585,0.05386175990906594,6.683782204353071,6.279999995231629,5.876217786110186,40.3830081393351,39.872944101565615,NICK
2023-02-06,6.920000076293945,7.449999809265137,6.849999904632568,7.28000020980835,7.28000020980835,15700,6.6340001106262205,6.4730000495910645,6.339000010490418,6.358400020599365,6.322300000190735,7.859850001335144,67.06474491419586,0.1271533109953049,0.03032408339474495,0.09682922760055997,6.924351310573018,6.339000010490418,5.753648710407818,59.222937427895296,44.435349914968135,NICK
2023-02-07,7.53000020980835,8.550000190734863,6.900000095367432,8.550000190734863,8.550000190734863,23900,7.044000148773193,6.7080000877380375,6.449500012397766,6.397000026702881,6.335800004005432,7.849500002861023,77.8522943779395,0.27964461935616125,0.08018819058702821,0.19945642876913305,7.577107790915491,6.449500012397766,5.321892233880041,86.83236390211248,62.146103156447396,NICK
2023-02-08,8.350000381469727,8.569999694824219,7.789999961853027,7.800000190734863,7.800000190734863,19700,7.352000141143799,6.863000106811524,6.533500027656555,6.420600032806396,6.340900006294251,7.837900004386902,64.43088565651921,0.3361019735493542,0.13137094717949344,0.2047310263698608,7.792996503054612,6.533500027656555,5.274003552258499,85.69751256806539,77.25093796602415,NICK
2023-02-09,7.840000152587891,8.0,7.690000057220459,7.75,7.75,16100,7.660000133514404,6.9980000972747805,6.6040000200271605,6.444600028991699,6.348700008392334,7.824800004959107,63.643162667419936,0.37251610223412435,0.17959997819041962,0.19291612404370473,7.9659605084610705,6.6040000200271605,5.24203953159325,78.88447070405333,83.80478239141017,NICK
2023-02-10,7.599999904632568,7.699999809265137,7.599999904632568,7.699999809265137,7.699999809265137,4600,7.816000080108642,7.147000074386597,6.693500018119812,6.468000020980835,6.356400008201599,7.8125000047683715,62.81610628924676,0.3928118732848338,0.22224235720930247,0.17056951607553134,8.095930491656656,6.693500018119812,5.291069544582967,66.75058040892702,77.11085456034834,NICK
2023-02-13,7.809999942779541,7.940000057220459,7.5,7.5,7.5,9700,7.860000038146973,7.247000074386596,6.752000021934509,6.481000022888184,6.366200008392334,7.799600005149841,59.486126075215736,0.38828222908649224,0.2554503315847404,0.13283189750175184,8.186149320908042,6.752000021934509,5.317850722960976,62.05305037580465,69.22936716292809,NICK
2023-02-14,7.179999828338623,7.539999961853027,7.179999828338623,7.400000095367432,7.400000095367432,3300,7.630000019073487,7.33700008392334,6.8105000257492065,6.4986000251770015,6.375500011444092,7.786200006008148,57.83523717011163,0.3723312934722429,0.2788265239622409,0.09350476951000203,8.250145547534846,6.8105000257492065,5.370854503963567,56.6248346781542,61.809488487628386,NICK
2023-02-15,7.369999885559082,7.369999885559082,7.010000228881836,7.289999961853027,7.289999961853027,15000,7.527999973297119,7.440000057220459,6.856500029563904,6.51080002784729,6.387200012207031,7.772000005245209,55.99436022648293,0.34681609060554486,0.2924244372909017,0.054391653314643185,8.295698136162452,6.856500029563904,5.417301922965356,50.906565915026626,56.52815032299492,NICK
2023-02-16,7.099999904632568,7.099999904632568,6.940000057220459,6.940000057220459,6.940000057220459,10200,7.365999984741211,7.513000059127807,6.896500039100647,6.518600025177002,6.399100012779236,7.756000003814697,50.487826433971236,0.2949530066155841,0.29293015115583815,0.0020228554597459536,8.297789138883614,6.896500039100647,5.495210939317679,43.09624549573445,50.20921536297152,NICK
2023-02-17,6.949999809265137,7.010000228881836,6.619999885559082,6.659999847412109,6.659999847412109,6100,7.1579999923706055,7.487000036239624,6.922500038146973,6.518600025177002,6.407000012397766,7.738750004768372,46.54437631984173,0.22862204935536923,0.28006853079574434,-0.051446481440375114,8.285450920339475,6.922500038146973,5.559549155954472,32.77546042886518,42.25942394654185,NICK
2023-02-21,6.619999885559082,6.710000038146973,6.5,6.510000228881836,6.510000228881836,3900,6.960000038146973,7.410000038146973,6.941500043869018,6.520200033187866,6.41230001449585,7.717550005912781,44.53744965725312,0.162082189632212,0.25647126256303787,-0.09438907293082588,8.269886696584843,6.941500043869018,5.613113391153194,21.896802457527418,32.58950279404211,NICK
2023-02-22,6.599999904632568,6.699999809265137,6.059999942779541,6.059999942779541,6.059999942779541,8200,6.692000007629394,7.16100001335144,6.934500050544739,6.515200033187866,6.41100001335144,7.696050007343292,39.09171661321972,0.07220527170269264,0.21961806439096881,-0.14741279268827617,8.279810076355883,6.934500050544739,5.589190024733594,11.297077613199463,21.98978016653045,NICK
2023-02-23,6.21999979019165,6.519999980926514,6.099999904632568,6.389999866485596,6.389999866485596,21400,6.511999988555909,7.019999980926514,6.941500043869018,6.509800033569336,6.417900013923645,7.676750006675721,44.455348710312116,0.027290811150956884,0.18115261374296643,-0.15386180259200954,8.27388553319664,6.941500043869018,5.609114554541397,8.984985842995082,14.059621971240418,NICK
2023-02-24,6.389999866485596,6.510000228881836,6.150000095367432,6.199999809265137,6.199999809265137,12800,6.363999938964843,6.8649999618530275,6.931500029563904,6.501200027465821,6.423000011444092,7.657250003814697,42.153680615531144,-0.023366287135378805,0.1402488335672974,-0.1636151207026762,8.28285903877073,6.931500029563904,5.580141020357077,6.2416976974972265,8.84125371789702,NICK
2023-02-27,6.989999771118164,6.989999771118164,6.300000190734863,6.5,6.5,2100,6.331999969482422,6.744999980926513,6.946000027656555,6.5024000263214115,6.430800013542175,7.639050002098084,46.83429374318773,-0.03885697528245746,0.10442767179734641,-0.14328464707980387,8.272067966928704,6.946000027656555,5.619932088384406,12.08499252733442,9.103892022608674,NICK
2023-02-28,6.320000171661377,6.360000133514404,6.320000171661377,6.329999923706055,6.329999923706055,3900,6.295999908447266,6.627999973297119,6.937500023841858,6.503000020980835,6.436300010681152,7.624700002670288,44.630499561626905,-0.06411199942931578,0.07071973755201397,-0.13483173698132975,8.277005604265302,6.937500023841858,5.597994443418414,11.28818045951563,9.871623561448857,NICK
2023-03-01,6.349999904632568,6.449999809265137,6.349999904632568,6.369999885559082,6.369999885559082,3800,6.3579998970031735,6.524999952316284,6.931000018119812,6.499600019454956,6.443300008773804,7.6130000019073485,45.28291637199172,-0.0799771980355386,0.04058035043450345,-0.12055754847004205,8.280161323118543,6.931000018119812,5.5818387131210825,14.755411642097691,12.709528209649013,NICK
2023-03-02,6.420000076293945,6.420000076293945,6.199999809265137,6.199999809265137,6.199999809265137,1700,6.319999885559082,6.415999937057495,6.927999997138977,6.49640001296997,6.450400009155273,7.6001999998092655,42.96578067836917,-0.10505703553069345,0.011452873241464066,-0.11650990877215753,8.283368708611965,6.927999997138977,5.57263128566599,11.394383797427315,12.479325299679978,NICK
2023-03-03,6.400000095367432,6.400000095367432,6.159999847412109,6.210000038146973,6.210000038146973,6100,6.32199993133545,6.3429999351501465,6.927999997138977,6.499600009918213,6.458500008583069,7.586999998092652,43.15006676352926,-0.12271151063141517,-0.015380003533111784,-0.10733150709830339,8.283368708611965,6.927999997138977,5.57263128566599,10.468302323094163,12.20603258753949,NICK
2023-03-06,6.199999809265137,6.199999809265137,5.989999771118164,5.989999771118164,5.989999771118164,4100,6.219999885559082,6.275999927520752,6.881499981880188,6.494400005340577,6.46550000667572,7.571049995422364,40.081740311669854,-0.15269482142053015,-0.04284296711059546,-0.10985185430993469,8.297244105449147,6.881499981880188,5.465755858311228,5.141842982268259,9.00150970092968,NICK
2023-03-07,5.989999771118164,6.420000076293945,5.880000114440918,6.050000190734863,6.050000190734863,29500,6.163999938964844,6.229999923706055,6.8199999809265135,6.490000009536743,6.472500009536743,7.554799995422363,41.30753629862902,-0.1696595491471884,-0.06820628351791405,-0.10145326562927434,8.26766027158659,6.8199999809265135,5.372339690266436,6.462710279159521,7.357618528173748,NICK
2023-03-08,5.949999809265137,6.170000076293945,5.690000057220459,6.170000076293945,6.170000076293945,10700,6.123999977111817,6.240999937057495,6.700999975204468,6.492800006866455,6.480700011253357,7.538149995803833,43.78453642248966,-0.1714449198953023,-0.0888540107933917,-0.08259090910191061,7.935907316555917,6.700999975204468,5.466092633853019,15.15065369147468,8.91840231763392,NICK
2023-03-09,6.139999866485596,6.139999866485596,6.139999866485596,6.139999866485596,6.139999866485596,1100,6.111999988555908,6.215999937057495,6.617999958992004,6.495200004577637,6.487100009918213,7.522549993991852,43.292626294575534,-0.17328310551007142,-0.10573982973672764,-0.06754327577334378,7.766400612339082,6.617999958992004,5.469599305644927,26.514283760773804,16.042549243802437,NICK
2023-03-10,5.929999828338623,5.949999809265137,5.599999904632568,5.690000057220459,5.690000057220459,5800,6.007999992370605,6.164999961853027,6.514999961853027,6.484800004959107,6.4889000082015995,7.503349995613098,36.642591592525456,-0.20864596386176615,-0.12632105656173534,-0.08232490730003081,7.606943187453439,6.514999961853027,5.423056736252615,24.869426726502866,22.178121392916882,NICK
2023-03-13,5.550000190734863,5.980000019073486,5.440000057220459,5.840000152587891,5.840000152587891,9300,5.978000068664551,6.098999977111816,6.421999979019165,6.479400005340576,6.4893000078201295,7.4874499940872195,39.9536040414733,-0.22200835565943322,-0.1454585163812749,-0.07654983927815831,7.405882106885357,6.421999979019165,5.438117851152973,22.124061493437427,24.5025906602378,NICK
2023-03-14,5.96999979019165,6.800000190734863,5.869999885559082,5.909999847412109,5.909999847412109,24000,5.95,6.056999969482422,6.3424999713897705,6.471199998855591,6.488200006484985,7.470049991607666,41.49027457702717,-0.2243634350515773,-0.1612395001153354,-0.06312393493624191,7.215858462840092,6.3424999713897705,5.469141479939449,20.867955659519527,22.620481293153038,NICK
2023-03-15,5.829999923706055,5.829999923706055,5.829999923706055,5.829999923706055,5.829999923706055,800,5.881999969482422,6.002999973297119,6.263999962806702,6.461799993515014,6.48630000591278,7.452299990653992,40.22335168338935,-0.23003349475642842,-0.174998299043554,-0.055035195712874435,7.016978054473922,6.263999962806702,5.511021871139482,27.096773862756336,23.362930338570862,NICK
2023-03-16,5.829999923706055,5.829999923706055,5.829999923706055,5.829999923706055,5.829999923706055,400,5.8199999809265135,5.965999984741211,6.190999960899353,6.457799987792969,6.481900005340576,7.432699990272522,40.22335168338935,-0.231854384898333,-0.18636951621450978,-0.045484868683823204,6.801570196495726,6.190999960899353,5.580429725302979,26.881715137429456,24.948814886568204,NICK
2023-03-17,5.789999961853027,5.900000095367432,5.329999923706055,5.360000133514404,5.360000133514404,12600,5.753999996185303,5.880999994277954,6.11199996471405,6.442999992370606,6.474900007247925,7.413049991130829,33.295918667656096,-0.26813165377239745,-0.20272194372608732,-0.06540971004631013,6.723345962306295,6.11199996471405,5.500653967121805,17.45446764487692,23.810985548354,NICK
2023-03-20,5.21999979019165,5.710000038146973,5.21999979019165,5.480000019073486,5.480000019073486,5300,5.681999969482422,5.830000019073486,6.052999973297119,6.430599994659424,6.466000008583069,7.393049993515015,36.31184413039337,-0.2839257436003848,-0.2189627037009468,-0.064963039899438,6.669152507004293,6.052999973297119,5.436847439589945,14.55260769954117,19.62959682728228,NICK
2023-03-21,5.659999847412109,5.659999847412109,5.599999904632568,5.599999904632568,5.599999904632568,4400,5.619999980926513,5.784999990463257,6.007499957084656,6.420599994659423,6.452100009918213,7.371999990940094,39.268929200444454,-0.2834917690495038,-0.2318685167706582,-0.051623252278845594,6.616297874799191,6.007499957084656,5.3987020393701215,14.182390267667765,15.396488537361718,NICK
2023-03-22,5.449999809265137,5.579999923706055,5.059999942779541,5.159999847412109,5.159999847412109,10700,5.485999965667725,5.683999967575073,5.962499952316284,6.396999988555908,6.436100006103516,7.3493999886512755,33.1847703345411,-0.31502080473179017,-0.2484989743628846,-0.06652183036890558,6.673580074648768,5.962499952316284,5.251419829983799,15.41782023714326,14.717606068117163,NICK
2023-03-23,5.400000095367432,5.570000171661377,5.150000095367432,5.210000038146973,5.210000038146973,29600,5.361999988555908,5.590999984741211,5.903499960899353,6.378799991607666,6.422000007629395,7.325449988842011,34.42806226782856,-0.33214444078058136,-0.2652280676464239,-0.06691637313415744,6.657430284781837,5.903499960899353,5.149569637016869,12.806149367316415,14.135453290708911,NICK
2023-03-24,5.150000095367432,5.429999828338623,5.090000152587891,5.369999885559082,5.369999885559082,6500,5.363999938964843,5.558999967575073,5.86199996471405,6.35939998626709,6.407700004577637,7.302499988079071,38.379502705939906,-0.3290117525263243,-0.277984804622404,-0.05102694790392032,6.637154122670716,5.86199996471405,5.086845806757384,10.727966723713907,12.983978776057626,NICK
2023-03-27,5.5,5.949999809265137,5.429999828338623,5.860000133514404,5.860000133514404,24400,5.439999961853028,5.560999965667724,5.82999997138977,6.358399991989136,6.395700006484986,7.281399989128113,48.5958769084599,-0.2837196065924932,-0.27913176501642184,-0.004587841576071339,6.547885729130142,5.82999997138977,5.112114213649399,24.137931979463474,15.890682690164363,NICK
2023-03-28,5.789999961853027,5.949999809265137,5.599999904632568,5.670000076293945,5.670000076293945,24400,5.453999996185303,5.536999988555908,5.796999979019165,6.345199995040893,6.380300006866455,7.2572499895095826,45.44928268216607,-0.26015773492297534,-0.27533695899773253,0.015179224074757192,6.479732698319693,5.796999979019165,5.114267259718637,32.95019199087285,22.605363564683177,NICK
2023-03-29,5.760000228881836,5.949999809265137,5.599999904632568,5.929999828338623,5.929999828338623,10000,5.607999992370606,5.546999979019165,5.774999976158142,6.339199991226196,6.369800004959107,7.23589998960495,50.20115211307521,-0.21799209758377192,-0.2638679867149404,0.04587588913116847,6.4090819731465345,5.774999976158142,5.14091797916975,43.67815871458641,33.58876089497401,NICK
2023-03-30,5.849999904632568,5.849999904632568,5.849999904632568,5.849999904632568,5.849999904632568,800,5.735999965667725,5.548999977111817,5.7574999809265135,6.328799991607666,6.362100005149841,7.215649991035462,48.792768963749,-0.18885386170101892,-0.24886516171215609,0.060011300011137164,6.362342940543638,5.7574999809265135,5.152657021309389,43.486583475950916,40.038311393803156,NICK
2023-03-31,6.150000095367432,6.150000095367432,6.150000095367432,6.150000095367432,6.150000095367432,300,5.892000007629394,5.627999973297119,5.754499983787537,6.328999996185303,6.356700005531311,7.196449992656707,54.004037884961996,-0.13994093960661047,-0.22708031729104697,0.0871393776844365,6.3508715235824695,5.754499983787537,5.158128443992604,52.681984829821126,46.61557567345258,NICK
2023-04-03,6.409999847412109,6.409999847412109,5.769999980926514,5.769999980926514,5.769999980926514,3400,5.873999977111817,5.656999969482422,5.743499994277954,6.321599998474121,6.3491000032424925,7.175949993133545,47.420954399725375,-0.13033748054665928,-0.20773174994216942,0.07739426939551014,6.330126821499698,5.743499994277954,5.15687316705621,53.54618910841592,49.90491913806242,NICK
2023-04-04,5.829999923706055,5.829999923706055,5.349999904632568,5.559999942779541,5.559999942779541,5400,5.851999950408936,5.652999973297119,5.718999981880188,6.310199995040893,6.339400000572205,7.1542499947547915,44.21337698846853,-0.13808021531714942,-0.19380144301716543,0.055721227700016,6.2931741816494275,5.718999981880188,5.144825782110948,50.75777226347356,52.3286487339033,NICK
2023-04-05,5.409999847412109,5.840000152587891,5.400000095367432,5.690000057220459,5.690000057220459,9200,5.803999996185302,5.7059999942779545,5.6949999809265135,6.3,6.331100001335144,7.137349996566773,46.620458194249295,-0.13220251730082566,-0.18148165787389747,0.04927914057307181,6.230593104100605,5.6949999809265135,5.159406857752422,45.43210574247413,49.912022371454306,NICK
2023-04-06,5.519999980926514,5.909999847412109,5.320000171661377,5.659999847412109,5.659999847412109,4200,5.765999984741211,5.750999975204468,5.670999979972839,6.288199996948242,6.324200000762939,7.119949994087219,46.1258398752601,-0.12848408097872177,-0.17088214249486233,0.04239806151614056,6.166172692920488,5.670999979972839,5.17582726702519,42.71605287123723,46.30197695906141,NICK
2023-04-10,5.659999847412109,5.659999847412109,5.659999847412109,5.659999847412109,5.659999847412109,400,5.667999935150147,5.7799999713897705,5.6694999694824215,6.273399991989136,6.3140000009536745,7.1028999948501585,46.12583987526009,-0.1241065701169175,-0.16152702801927338,0.037420457902355875,6.164615123278231,5.6694999694824215,5.174384815686612,45.185186493380854,44.44444836903051,NICK
2023-04-11,5.690000057220459,5.690000057220459,5.369999885559082,5.400000095367432,5.400000095367432,5200,5.59399995803833,5.733999967575073,5.647499966621399,6.257199993133545,6.304000000953675,7.084699995517731,41.68105846935783,-0.14000329743824835,-0.15722228190306836,0.01721898446482001,6.149411302373541,5.647499966621399,5.145588630869256,38.02469310228546,41.97531082230095,NICK
2023-04-12,5.440000057220459,5.480000019073486,5.110000133514404,5.150000095367432,5.150000095367432,9600,5.511999988555909,5.681999969482422,5.609499979019165,6.230199995040894,6.288500003814697,7.0630999946594235,37.899337380204756,-0.17080553910096263,-0.15993893334264722,-0.010866605758315412,6.140403905941866,5.609499979019165,5.078596052096464,24.725030016149734,35.97830320393845,NICK
2023-04-13,5.21999979019165,5.300000190734863,5.039999961853027,5.25,5.25,3300,5.423999977111817,5.61399998664856,5.580499982833862,6.205199995040894,6.273100004196167,7.042899994850159,40.2351647529655,-0.1850146472808225,-0.1649540761302823,-0.02006057115054022,6.123288138902617,5.580499982833862,5.037711826765107,15.019706915589014,25.923143344674504,NICK
2023-04-14,5.130000114440918,5.150000095367432,5.0,5.0,5.0,19000,5.292000007629395,5.528999996185303,5.53899998664856,6.179999990463257,6.257000002861023,7.02244999408722,36.53532750532552,-0.21398173035870904,-0.17475960697596765,-0.03922212338274139,6.124385317477715,5.53899998664856,4.953614655819404,6.6246408265429055,15.45645925276032,NICK
2023-04-17,5.0,5.199999809265137,4.949999809265137,5.050000190734863,5.050000190734863,7500,5.170000076293945,5.4190000057220455,5.523499989509583,6.156799993515015,6.247100005149841,7.002249994277954,37.76788652016395,-0.2302495810265377,-0.18585760178608166,-0.04439197924045604,6.142475721264096,5.523499989509583,4.90452425775507,7.392604078591332,9.678983940240853,NICK
2023-04-18,4.989999771118164,5.210000038146973,4.949999809265137,5.150000095367432,5.150000095367432,18900,5.1200000762939455,5.357000017166138,5.50699999332428,6.1213999938964845,6.233300004005432,6.98139999628067,40.26653960101335,-0.23239392085512733,-0.1951648655998908,-0.03722905525523654,6.14697182216038,5.50699999332428,4.86702816448818,6.849330130904126,6.955525012012558,NICK
2023-04-19,5.050000190734863,5.130000114440918,4.96999979019165,5.0,5.0,13000,5.090000057220459,5.301000022888184,5.476999998092651,6.075799989700317,6.217100005149842,6.9608499979972835,37.813975417685434,-0.24339141498541128,-0.2048101754769949,-0.03858123950841638,6.152014031127335,5.476999998092651,4.801985965057968,7.990886967170226,7.410940392221665,NICK
2023-04-20,5.0,5.159999847412109,5.0,5.0,5.0,11700,5.040000057220459,5.232000017166138,5.469000005722046,6.0047999858856205,6.20090000629425,6.940099999904633,37.81397541768543,-0.24923399397654045,-0.21369493917690402,-0.03553905479963643,6.162394500805332,5.469000005722046,4.77560551063876,6.849330130904128,7.22984907632593,NICK
2023-04-21,4.960000038146973,5.010000228881836,4.920000076293945,4.940000057220459,4.940000057220459,5000,5.028000068664551,5.160000038146973,5.45550000667572,5.947599983215332,6.184100008010864,6.919250001907349,36.77487866218689,-0.2557575599152342,-0.22210746332457004,-0.03365009659066415,6.178423874297314,5.45550000667572,4.732576139054126,2.730540607627647,5.856919235233771,NICK
2023-04-24,4.949999809265137,5.119999885559082,4.949999809265137,5.119999885559082,5.119999885559082,1200,5.042000007629395,5.10600004196167,5.44300000667572,5.894999980926514,6.169800004959106,6.899250001907348,41.930245562336836,-0.24359503911750924,-0.22640497848315788,-0.017190060634351356,6.179915151376001,5.44300000667572,4.706084861975439,8.322985640178317,5.967618792903134,NICK
2023-04-25,4.960000038146973,4.989999771118164,4.960000038146973,4.980000019073486,4.980000019073486,1600,5.007999992370605,5.064000034332276,5.3990000009536745,5.84059998512268,6.154300003051758,6.878650000095368,39.24956555538914,-0.2424580672820449,-0.2296155962429353,-0.012842471039109599,6.136153923158323,5.3990000009536745,4.661846078749026,9.201629364557247,6.751718537454174,NICK
2023-04-26,4.800000190734863,5.0,4.800000190734863,4.840000152587891,4.840000152587891,3000,4.976000022888184,5.033000040054321,5.357500004768371,5.787399988174439,6.134200005531311,6.8562500023841855,36.721313003694284,-0.24997230300203288,-0.2336869375947548,-0.01628536540727807,6.12190491331874,5.357500004768371,4.593095096218002,9.955402856639648,9.160005953791508,NICK
2023-04-27,5.0,5.46999979019165,4.920000076293945,5.090000152587891,5.090000152587891,1300,4.994000053405761,5.01700005531311,5.315500020980835,5.741199989318847,6.119900007247924,6.836400001049042,43.69595995699055,-0.23306781756325456,-0.23356311358845477,0.0004952960252002092,6.040771621313432,5.315500020980835,4.590228420648238,14.082824409460393,11.079952210218869,NICK
2023-04-28,5.079999923706055,5.079999923706055,5.079999923706055,5.079999923706055,5.079999923706055,500,5.022000026702881,5.025000047683716,5.2770000219345095,5.696999988555908,6.103900008201599,6.817050001621246,43.48946783931504,-0.2179652581409588,-0.23044354249895557,0.012478284357996777,5.965508503059664,5.2770000219345095,4.588491540809355,22.549506806706347,15.529244690935235,NICK
2023-05-01,5.380000114440918,5.380000114440918,4.71999979019165,4.75,4.75,22600,4.948000049591064,4.99500002861023,5.207000017166138,5.653199987411499,6.08590000629425,6.791650002002716,37.23608781536556,-0.22997361423803753,-0.23034955684677197,0.00037594260873444196,5.804966491888596,5.207000017166138,4.6090335424436795,22.664104659067444,19.765478625077833,NICK
2023-05-02,4.75,4.960000038146973,4.599999904632568,4.599999904632568,4.599999904632568,4400,4.872000026702881,4.940000009536743,5.14850001335144,5.611999988555908,6.065300006866455,6.767000002861023,34.78749661349359,-0.24872690808428377,-0.23402502709427433,-0.014701880990009436,5.743622638186894,5.14850001335144,4.553377388515987,11.802681237429928,19.00543090106768,NICK
2023-05-03,4.730000019073486,4.75,4.550000190734863,4.550000190734863,4.550000190734863,4100,4.814000034332276,4.895000028610229,5.098000025749206,5.572799987792969,6.046500010490417,6.742450003623962,33.9852581518645,-0.26457374615982854,-0.24013477090738516,-0.024438975252443373,5.7158543069112735,5.098000025749206,4.480145744587139,1.3157982795389422,11.927528058678542,NICK
2023-05-04,4.599999904632568,4.599999904632568,4.449999809265137,4.480000019073486,4.480000019073486,10700,4.692000007629394,4.843000030517578,5.037500023841858,5.541199989318848,6.028200011253357,6.716800005435943,32.843317356184265,-0.27955833388818707,-0.24801948350354555,-0.03153885038464152,5.648560500411051,5.037500023841858,4.426439547272665,0.9803990316780798,4.6996261828820876,NICK
2023-05-05,4.840000152587891,4.840000152587891,4.369999885559082,4.510000228881836,4.510000228881836,5300,4.578000068664551,4.8000000476837155,4.980000042915345,5.503599996566773,6.006700015068054,6.691600005626679,33.868895278454055,-0.2857193664098743,-0.2555594600848113,-0.03015990632506299,5.5616527876577235,4.980000042915345,4.398347298172966,5.222834045631347,2.506343785615894,NICK
2023-05-08,4.699999809265137,4.699999809265137,4.449999809265137,4.449999809265137,4.449999809265137,3800,4.5180000305175785,4.733000040054321,4.919500041007995,5.468599996566772,5.984900012016296,6.66565000295639,32.790345726224245,-0.29207668329617675,-0.2628629047270844,-0.029213778569092352,5.455577476882633,4.919500041007995,4.383422605133358,7.647074368112011,4.616769148473583,NICK
2023-05-09,4.5,4.71999979019165,4.5,4.5,4.5,6300,4.498000049591065,4.685000038146972,4.874500036239624,5.428599996566772,5.9655000114440915,6.640600001811981,34.65773689406318,-0.2897403587092029,-0.2682383955235081,-0.021501963185694806,5.392475915958525,4.874500036239624,4.356524156520723,10.606073085271417,7.82532716633803,NICK
2023-05-10,4.510000228881836,4.519999980926514,4.5,4.519999980926514,4.519999980926514,2500,4.492000007629395,4.653000020980835,4.843000030517578,5.392399997711181,5.947700009346009,6.615450000762939,35.43054798026342,-0.2830125804693253,-0.2711932325126715,-0.011819347956653792,5.366721341766356,4.843000030517578,4.3192787192688,10.909095900775446,9.720747784719395,NICK
2023-05-11,4.539999961853027,4.71999979019165,4.510000228881836,4.679999828338623,4.679999828338623,5000,4.531999969482422,4.611999988555908,4.814500021934509,5.358599996566772,5.929100008010864,6.591600000858307,41.40145956901084,-0.261752793958264,-0.26930514480179,0.007552350843526012,5.3076724340274035,4.814500021934509,4.321327609841615,17.878794052713406,13.13132101291986,NICK
2023-05-12,4.730000019073486,4.75,4.679999828338623,4.679999828338623,4.679999828338623,3200,4.56599988937378,4.571999979019165,4.798500013351441,5.328199996948242,5.912300004959106,6.56704999923706,41.40145956901084,-0.24211332824209642,-0.2638667814898513,0.021753453247754906,5.287305740602956,4.798500013351441,4.309694286099925,23.333334778294898,17.37374157726102,NICK
2023-05-15,4.579999923706055,4.630000114440918,4.559999942779541,4.619999885559082,4.619999885559082,4200,4.599999904632568,4.558999967575073,4.776999998092651,5.296399993896484,5.898000001907349,6.5436499977111815,39.80077519531849,-0.22875347642703225,-0.2568441204772875,0.028090644050255242,5.257420675883466,4.776999998092651,4.296579320301836,26.363635181395725,22.525254670801115,NICK
2023-05-16,4.619999885559082,4.619999885559082,4.510000228881836,4.510000228881836,4.510000228881836,800,4.601999950408936,4.55,4.745000004768372,5.266800003051758,5.880600004196167,6.519149999618531,36.97810654689066,-0.22445438022222408,-0.2503661724262748,0.02591179220405071,5.206670872591214,4.745000004768372,4.283329136945529,21.212131720930373,23.636367226873435,NICK
2023-05-17,4.440000057220459,4.539999961853027,4.440000057220459,4.5,4.5,4600,4.597999954223633,4.544999980926514,4.720000004768371,5.23579999923706,5.862900004386902,6.494650001525879,36.72312351790129,-0.21932599683612786,-0.2441581373082454,0.024832140472117542,5.1778646039131235,4.720000004768371,4.262135405623619,16.108625094064898,21.228130665463436,NICK
2023-05-18,4.550000190734863,4.659999847412109,4.550000190734863,4.659999847412109,4.659999847412109,400,4.59399995803833,4.562999963760376,4.702999997138977,5.205599994659424,5.84920000076294,6.470950002670288,43.44280628112584,-0.2000450704940766,-0.23533552394541163,0.035290453451335024,5.142913618686422,4.702999997138977,4.263086375591532,18.103820529312184,18.474859114768922,NICK
2023-05-19,4.550000190734863,4.659999847412109,4.550000190734863,4.550000190734863,4.550000190734863,1400,4.568000030517578,4.5669999599456785,4.683500003814697,5.173800001144409,5.834500002861023,6.447550005912781,40.27610129151465,-0.19143411710639047,-0.2265552425776074,0.03512112547121693,5.114140199245402,4.683500003814697,4.252859808383993,24.030891652278495,19.414445758551633,NICK
2023-05-22,4.559999942779541,4.820000171661377,4.559999942779541,4.809999942779541,4.809999942779541,4900,4.60600004196167,4.602999973297119,4.668000006675721,5.156199998855591,5.820500001907349,6.425350005626679,49.62337737181221,-0.16176533731354148,-0.21359726152479422,0.05183192421125274,5.0547609093461165,4.668000006675721,4.281239104005325,50.94611989239569,31.026944024661898,NICK
2023-05-23,4.760000228881836,4.800000190734863,4.699999809265137,4.800000190734863,4.800000190734863,1300,4.664000034332275,4.632999992370605,4.659000015258789,5.135399999618531,5.807400002479553,6.403000004291535,49.30376909207324,-0.13747478821087267,-0.1983727668620099,0.06089797865113725,5.0240698779200486,4.659000015258789,4.293930152597529,71.87162444251894,48.949545329064144,NICK
2023-05-24,4.730000019073486,4.78000020980835,4.710000038146973,4.78000020980835,4.78000020980835,1200,4.720000076293945,4.659000015258789,4.656000018119812,5.112800006866455,5.792000002861023,6.379600005149841,48.62915798719759,-0.11847250704239709,-0.18239271489808734,0.06392020785569025,5.016022245441599,4.656000018119812,4.295977790798025,90.78013896582569,71.19929443357988,NICK
2023-05-25,4.789999961853027,4.849999904632568,4.78000020980835,4.849999904632568,4.849999904632568,800,4.758000087738037,4.676000022888184,4.644000005722046,5.093200006484985,5.7775,6.357700006961823,51.14858488928606,-0.09665054463619072,-0.16524428084570802,0.06859373620951731,4.9584773035119944,4.644000005722046,4.329522707932098,92.90781221148866,85.18652520661085,NICK
2023-05-26,4.730000019073486,5.0,4.699999809265137,4.949999809265137,4.949999809265137,3100,4.838000011444092,4.703000020980835,4.6375,5.075600004196167,5.766699995994568,6.336300008296966,54.57594033173272,-0.07047493446535391,-0.1462904115696372,0.0758154771042833,4.919342084836516,4.6375,4.355657915163484,92.76848519333068,92.15214545688144,NICK
2023-05-30,4.71999979019165,4.849999904632568,4.71999979019165,4.849999904632568,4.849999904632568,700,4.846000003814697,4.726000022888184,4.642499995231629,5.06539999961853,5.7541999959945676,6.313150010108948,50.74209100408999,-0.05714104499205064,-0.1284605382541199,0.07131949326206927,4.935476023038496,4.642499995231629,4.349523967424761,88.09521984891676,91.2571724179118,NICK
2023-05-31,4.699999809265137,4.699999809265137,4.599999904632568,4.630000114440918,4.630000114440918,2100,4.811999988555908,4.738000011444091,4.644000005722046,5.048400001525879,5.7394999980926515,6.289750008583069,43.50190886081889,-0.06359292630327484,-0.1154870158639509,0.05189408956067605,4.93639691166905,4.644000005722046,4.351603099775042,66.07141488668765,82.31170664297814,NICK
2023-06-01,4.619999885559082,4.820000171661377,4.579999923706055,4.739999771118164,4.739999771118164,8500,4.803999900817871,4.761999988555909,4.653499984741211,5.031199998855591,5.725899996757508,6.266900005340577,47.53298701663546,-0.05914821196826203,-0.10421925508481313,0.04507104311655109,4.945409131822313,4.653499984741211,4.36159083766011,53.57141133879176,69.24601535813183,NICK
2023-06-02,4.800000190734863,4.940000057220459,4.710000038146973,4.940000057220459,4.940000057220459,1000,4.82199993133545,4.790000009536743,4.67649998664856,5.026800003051758,5.711899995803833,6.245500004291534,53.96438472018207,-0.03903739344727697,-0.09118288275730589,0.05214548931002892,4.982262902136105,4.67649998664856,4.370737071161015,58.92856382593774,59.52379668380549,NICK
2023-06-05,4.760000228881836,4.989999771118164,4.710000038146973,4.710000038146973,4.710000038146973,1600,4.773999977111816,4.805999994277954,4.686499977111817,5.016800003051758,5.697799997329712,6.223050005435944,46.851802942854384,-0.0411837634387231,-0.08118305889358933,0.03999929545486623,4.982761648735368,4.686499977111817,4.390238305488266,63.69046453310435,58.73014656594439,NICK
2023-06-06,4.940000057220459,5.0,4.679999828338623,4.679999828338623,4.679999828338623,1300,4.7399999618530275,4.792999982833862,4.697999978065491,5.003000001907349,5.681199994087219,6.200350003242493,46.00015434604444,-0.04478924084193281,-0.07390429528325802,0.029115054441325214,4.973796936884767,4.697999978065491,4.422203019246215,60.1190390027294,60.91268912059027,NICK
2023-06-07,4.800000190734863,5.0,4.800000190734863,5.0,5.0,1200,4.813999938964844,4.812999963760376,4.7229999780654905,4.98579999923706,5.672099995613098,6.179850001335144,55.32797823775374,-0.021576547155312653,-0.06343874565766895,0.0418621985023563,5.0127653432851575,4.7229999780654905,4.4332346128458235,63.690464533104354,62.499989356312476,NICK
2023-06-08,4.849999904632568,4.900000095367432,4.849999904632568,4.900000095367432,4.900000095367432,900,4.846000003814697,4.8249999523162845,4.741999983787537,4.970399999618531,5.657799997329712,6.159249999523163,52.28830803335315,-0.011121277574885902,-0.05297525204111234,0.04185397446622644,5.025802687348337,4.741999983787537,4.458197280226736,73.54496530534676,65.78482294705994,NICK
2023-06-09,4.96999979019165,4.989999771118164,4.849999904632568,4.949999809265137,4.949999809265137,25500,4.847999954223633,4.834999942779541,4.755499982833863,4.95079999923706,5.644999995231628,6.1391999983787535,53.6591833765614,0.0011854923227003766,-0.0421431031683498,0.04332859549105018,5.051640078525098,4.755499982833863,4.459359887142627,88.80470377229283,75.34671120358108,NICK
2023-06-12,4.789999961853027,4.889999866485596,4.71999979019165,4.849999904632568,4.849999904632568,2400,4.875999927520752,4.8249999523162845,4.763999986648559,4.930799999237061,5.629799995422363,6.117899999618531,50.531979413847,0.0028368382566990036,-0.03314711488334004,0.03598395314003904,5.0607422121488534,4.763999986648559,4.467257761148265,76.8999364612149,79.74986851295127,NICK
2023-06-13,4.710000038146973,4.900000095367432,4.710000038146973,4.800000190734863,4.800000190734863,4800,4.9,4.8199999809265135,4.773000001907349,4.903800001144409,5.616399998664856,6.097550001144409,48.994490436913026,0.00010971799939696325,-0.02649574830679264,0.026605466306189603,5.062558190208634,4.773000001907349,4.483441813606063,68.43434209207247,78.04632744185983,NICK
2023-06-14,4.739999771118164,5.0,4.690000057220459,4.829999923706055,4.829999923706055,12700,4.865999984741211,4.839999961853027,4.78899998664856,4.885,5.603299999237061,6.07670000076294,49.97791720242829,0.0003649760633228638,-0.02112360343276954,0.021488579496092404,5.052886266057251,4.78899998664856,4.525113707239869,58.73016774068575,68.0214820979908,NICK
2023-06-15,5.0,5.300000190734863,4.929999828338623,5.300000190734863,5.300000190734863,8100,4.946000003814698,4.896000003814697,4.828999996185303,4.879800004959106,5.595,6.0586500024795535,62.2561642200034,0.038053704097888996,-0.009288141926637832,0.04734184602452683,5.143254683767017,4.828999996185303,4.5147453086035885,70.63493505176366,65.9331482948404,NICK
2023-06-16,5.159999847412109,5.320000171661377,4.889999866485596,5.300000190734863,5.300000190734863,9500,5.016000080108642,4.932000017166137,4.861000013351441,4.872000007629395,5.586000003814697,6.0409500026702885,62.256164220003406,0.06714824937741692,0.00599913633417312,0.0611491130432438,5.226124691877302,4.861000013351441,4.4958753348255796,85.6070331638601,71.65737865210292,NICK
2023-06-20,5.78000020980835,5.78000020980835,5.0,5.03000020980835,5.03000020980835,3200,5.0520001411437985,4.964000034332275,4.885000014305115,4.85940001487732,5.573800005912781,6.021300003528595,53.5060714698365,0.06763943880310919,0.018327196827960336,0.04931224197514885,5.227607757989466,4.885000014305115,4.5423922706207644,78.26577189385348,78.16924670315883,NICK
2023-06-21,5.070000171661377,5.179999828338623,5.070000171661377,5.179999828338623,5.179999828338623,600,5.128000068664551,5.014000034332275,4.903500008583069,4.84980001449585,5.561600003242493,6.002400002479553,57.11246019110019,0.0792192355429977,0.03050560457096781,0.048713630972029895,5.267218364993026,4.903500008583069,4.539781652173112,61.599098604450084,75.15730122072098,NICK
2023-06-22,5.260000228881836,5.260000228881836,5.25,5.25,5.25,900,5.21200008392334,5.039000034332275,4.925999999046326,4.846800012588501,5.552000002861023,5.984900002479553,58.72159644226797,0.09297300183307033,0.04299908402338831,0.04997391780968202,5.316046215356182,4.925999999046326,4.5359537827364695,46.439391495549785,62.10142066461756,NICK
2023-06-23,5.260000228881836,5.260000228881836,5.260000228881836,5.260000228881836,5.260000228881836,3200,5.204000091552734,5.075000047683716,4.95,4.849000015258789,5.5396000051498415,5.968200001716614,58.958504797456555,0.10348696232061805,0.05509665968283426,0.04839030263778379,5.359731733807683,4.95,4.540268266192317,51.515150146817255,53.18454674893881,NICK
2023-06-26,5.159999847412109,5.159999847412109,4.840000152587891,5.0,5.0,3100,5.144000053405762,5.0800000667572025,4.957500004768372,4.844000015258789,5.524600005149841,5.95164999961853,50.79580530452792,0.08980429814996782,0.062038187376260975,0.027766110773706845,5.365121262295785,4.957500004768372,4.5498787472409585,44.545461638897756,47.5000010937547,NICK
2023-06-27,5.070000171661377,5.070000171661377,4.929999828338623,5.0,5.0,4400,5.138000011444092,5.095000076293945,4.960000014305114,4.844000015258789,5.512000002861023,5.9357999992370605,50.79580530452792,0.07806085131370377,0.06524272016374953,0.01281813114995424,5.368019730409546,4.960000014305114,4.551980298200683,36.75285440151732,44.271155395743875,NICK
2023-06-28,5.0,5.130000114440918,5.0,5.010000228881836,5.010000228881836,16400,5.104000091552734,5.116000080108643,4.968000030517578,4.843200016021728,5.5000000047683715,5.919200000762939,51.09781520916111,0.0687683018079035,0.06594783649258032,0.0028204653153231785,5.373344436126314,4.968000030517578,4.5626556249088415,28.96302738457082,36.753781141661726,NICK
2023-06-29,5.099999904632568,5.230000019073486,5.0,5.230000019073486,5.230000019073486,600,5.100000095367432,5.156000089645386,4.9980000257492065,4.844800014495849,5.483100004196167,5.905150001049042,57.30622811611721,0.07825397076528073,0.06840906334712041,0.009844907418160326,5.3873380516981095,4.9980000257492065,4.6086619998003036,35.77981383813354,33.83189854140699,NICK
2023-06-30,5.019999980926514,5.019999980926514,4.889999866485596,5.0,5.0,6600,5.048000049591065,5.1260000705719,5.011000037193298,4.844800014495849,5.460300002098084,5.891300001144409,50.13947560995937,0.06644639967171972,0.06801653061204027,-0.0015701309403205466,5.381939480985768,5.011000037193298,4.640060593400829,35.77981383813354,33.50755168694574,NICK
2023-07-03,5.039999961853027,5.039999961853027,4.860000133514404,4.860000133514404,4.860000133514404,12500,5.020000076293945,5.082000064849853,5.007000041007996,4.8420000171661375,5.423400001525879,5.879600002765655,46.34050626037961,0.04527014921299344,0.06346725433223091,-0.018197105119237472,5.382611630065239,5.007000041007996,4.631388451950753,31.19265560054676,34.250761092271055,NICK
2023-07-05,4.880000114440918,5.159999847412109,4.880000114440918,4.96999979019165,4.96999979019165,9500,5.014000034332275,5.076000022888183,5.020000028610229,4.842600011825562,5.395099997520447,5.868000001907348,49.573418540864516,0.0369380720447916,0.05816141787474305,-0.021223345829951445,5.370770709391406,5.020000028610229,4.669229347829052,23.24157937777314,30.071349605484247,NICK
2023-07-06,4.880000114440918,5.179999828338623,4.880000114440918,5.0,5.0,9300,5.011999988555909,5.0580000400543215,5.036000037193299,4.84020001411438,5.367599997520447,5.85815000295639,50.45023083640683,0.032382323797495616,0.053005599059293564,-0.020623275261797948,5.350604618197745,5.036000037193299,4.721395456188852,19.43521323953934,24.623149405952848,NICK
2023-07-07,5.039999961853027,5.039999961853027,4.909999847412109,4.96999979019165,4.96999979019165,3000,4.959999942779541,5.030000019073486,5.034500026702881,4.840000009536743,5.340299997329712,5.848350002765655,49.52289338844999,0.0260507969090904,0.04761463862925293,-0.021563841720162527,5.350061507635477,5.034500026702881,4.7189385457702855,18.84635082221765,20.50771447984315,NICK
2023-07-10,5.010000228881836,5.099999904632568,4.880000114440918,4.949999809265137,4.949999809265137,53000,4.949999904632568,4.998999977111817,5.037000012397766,4.842200002670288,5.314799995422363,5.8405000019073485,48.87786791454435,0.01919788366723818,0.04193128763684998,-0.0227334039696118,5.349032157501505,5.037000012397766,4.724967867294027,14.184365863264077,17.488643308340126,NICK
2023-07-11,5.050000190734863,5.159999847412109,5.0,5.0,5.0,31300,4.977999877929688,4.998999977111817,5.03950002193451,4.84039999961853,5.2907999944686885,5.8331500029563905,50.609829072586486,0.017598631998856362,0.03706475650925126,-0.019466124510394894,5.349498493707769,5.03950002193451,4.72950155016125,21.209011035881378,18.07990924045414,NICK
2023-07-12,5.429999828338623,5.429999828338623,4.929999828338623,4.929999828338623,4.929999828338623,400,4.969999885559082,4.991999959945678,5.043500018119812,4.837399997711182,5.267199993133545,5.827200002670288,48.15036274734313,0.010561043556352345,0.03176401391867147,-0.021202970362319128,5.345577909088094,5.043500018119812,4.74142212715153,21.683825327401298,19.025734075515356,NICK
2023-07-13,4.96999979019165,5.059999942779541,4.849999904632568,4.929999828338623,4.929999828338623,97900,4.955999851226807,4.983999919891358,5.05,4.840999994277954,5.247099990844727,5.823100001811981,48.150362747343124,0.0049269096648592026,0.026396593067909018,-0.021469683403049816,5.33600713030073,5.05,4.76399286969927,22.867858757540308,21.920231706940765,NICK
2023-07-14,4.929999828338623,5.010000228881836,4.929999828338623,5.0,5.0,27700,4.961999893188477,4.960999917984009,5.058500003814697,4.848999996185302,5.230499992370605,5.818750002384186,50.91672415248926,0.006040614359156926,0.0223253973261586,-0.016284782967001674,5.327444369083023,5.058500003814697,4.789555638546372,19.209004845692245,21.25356297687772,NICK
2023-07-17,4.869999885559082,5.0,4.869999885559082,5.0,5.0,500,4.971999931335449,4.960999917984009,5.043499994277954,4.857999992370606,5.215399990081787,5.813850002288818,50.916724152489266,0.006844336107006299,0.01922918508232814,-0.012384848975321841,5.2893679517225,5.043499994277954,4.7976320368334076,22.744970877744024,21.607278160325297,NICK
2023-07-18,4.989999771118164,5.050000190734863,4.949999809265137,5.010000228881836,5.010000228881836,10600,4.973999977111816,4.975999927520752,5.028999996185303,4.868599996566773,5.20489999294281,5.807950003147125,51.34680957308606,0.00819377355692641,0.017022102777247795,-0.008828329220321385,5.24504635560622,5.028999996185303,4.8129536367643855,26.855662783202646,22.936546168879413,NICK
2023-07-19,5.090000152587891,5.090000152587891,5.0,5.010000228881836,5.010000228881836,5500,4.990000057220459,4.979999971389771,5.027999997138977,4.878599996566773,5.191099996566773,5.804500005245209,51.34680957308606,0.009157648783423511,0.015449211978482938,-0.006291563195059427,5.244203668645069,5.027999997138977,4.811796325632885,27.01154055692429,25.537391405956757,NICK
2023-07-20,5.019999980926514,5.039999961853027,4.920000076293945,4.980000019073486,4.980000019073486,10300,5.000000095367431,4.977999973297119,5.01800000667572,4.88920000076294,5.178899998664856,5.800950005054474,49.82774534947182,0.007415281881768543,0.01384242595914006,-0.006427144077371516,5.223387538375107,5.01800000667572,4.8126124749763335,25.862116214548593,26.57643985155828,NICK
2023-07-21,5.0,5.0,5.0,5.0,5.0,11700,5.000000095367431,4.980999994277954,5.00550000667572,4.8992000007629395,5.163899998664856,5.797350006103516,50.87123581260637,0.007561115045472633,0.012586163776406574,-0.005025048730933941,5.181167416416828,5.00550000667572,4.829832596934612,25.287390341141748,26.053682370871314,NICK
2023-07-24,4.949999809265137,4.960000038146973,4.949999809265137,4.960000038146973,4.960000038146973,400,4.992000102996826,4.982000017166138,4.990499997138977,4.908000001907348,5.150199999809265,5.793250005245209,48.69011200142157,0.004398325096618194,0.010948596040448897,-0.006550270943830703,5.122481111346101,4.990499997138977,4.858518882931854,22.413815782983505,24.521107446224388,NICK
2023-07-25,5.03000020980835,5.03000020980835,4.880000114440918,4.880000114440918,4.880000114440918,1100,4.966000080108643,4.9700000286102295,4.984500002861023,4.912000007629395,5.1353000020980835,5.789300005435944,44.5738513256928,-0.004511527895093792,0.007856571253340359,-0.01236809914843415,5.124853163090509,4.984500002861023,4.844146842631537,16.666694071104995,21.45596673174319,NICK
2023-07-26,4.920000076293945,5.099999904632568,4.920000076293945,5.099999904632568,5.099999904632568,800,4.984000015258789,4.987000036239624,4.9894999980926515,4.920400009155274,5.124300003051758,5.787350006103516,55.6721445440323,0.006109072287885375,0.007507071460249362,-0.0013979991723639864,5.138560406171826,4.9894999980926515,4.840439590013477,22.413815782983505,20.498108545690442,NICK
2023-07-27,5.099999904632568,5.099999904632568,4.860000133514404,5.0,5.0,10200,4.988000011444091,4.994000053405761,4.98899998664856,4.928000011444092,5.1122000026702885,5.785350005626679,50.70242140118837,0.006383235910266016,0.007282304350252693,-0.0008990684399866767,5.137848914513265,4.98899998664856,4.840151058783855,24.712664467734907,21.26439144060758,NICK
2023-07-28,5.0,5.079999923706055,4.840000152587891,4.840000152587891,4.840000152587891,3200,4.95600004196167,4.978000068664551,4.96949999332428,4.934600009918213,5.100700006484986,5.783100006580352,43.94328204160848,-0.0062382275513437335,0.004578197969933407,-0.01081642552127714,5.085512886367046,4.96949999332428,4.853487100281513,22.988514251952363,23.371664834223367,NICK
2023-07-31,4.929999828338623,5.050000190734863,4.860000133514404,4.900000095367432,4.900000095367432,2200,4.9440000534057615,4.968000078201294,4.964499998092651,4.9426000118255615,5.089200005531311,5.780850007534027,46.80701810156272,-0.011269427391543907,0.0014086728976379441,-0.012678100289181852,5.083407477355528,4.964499998092651,4.845592518829775,12.010525408682831,19.90390137612314,NICK
2023-08-01,4.900000095367432,5.0,4.900000095367432,5.0,5.0,1400,4.968000030517578,4.96700005531311,4.971499991416931,4.94940001487732,5.077500004768371,5.7791000080108645,51.2748039625704,-0.007105623735638389,-0.00029418642901732264,-0.006811437306621066,5.081094675075369,4.971499991416931,4.8619053077584935,23.90264965146659,19.63389643736704,NICK
2023-08-02,4.929999828338623,5.0,4.900000095367432,4.900000095367432,4.900000095367432,2600,4.92800006866455,4.95600004196167,4.96800000667572,4.95640001296997,5.06510000705719,5.776100008487702,47.02156507310079,-0.011739609004570717,-0.0025832709441280014,-0.009156338060442715,5.0819473279242375,4.96800000667572,4.854052685427203,31.594957343774283,22.502710801307675,NICK
2023-08-03,5.0,5.079999923706055,4.900000095367432,4.900000095367432,4.900000095367432,5300,4.908000087738037,4.948000049591064,4.963000011444092,4.9582000160217286,5.057200007438659,5.773050007820129,47.02156507310079,-0.01523643952576137,-0.005113904660454675,-0.010122534865306693,5.079636154570818,4.963000011444092,4.846363868317366,35.897435897436246,30.465014297558813,NICK
2023-08-04,5.110000133514404,5.210000038146973,5.010000228881836,5.010000228881836,5.010000228881836,3400,4.942000102996826,4.949000072479248,4.965000033378601,4.962400016784668,5.048900008201599,5.769100008010864,52.091383338984166,-0.00902754749391299,-0.005896633227146338,-0.0031309142667666524,5.083406089979916,4.965000033378601,4.846593976777286,30.699942310286673,32.73077851716551,NICK
2023-08-07,5.099999904632568,5.099999904632568,4.860000133514404,4.880000114440918,4.880000114440918,4000,4.938000106811524,4.941000080108642,4.96150004863739,4.964400014877319,5.038600010871887,5.7634000086784365,46.43575358013721,-0.014430532410185215,-0.007603413063754114,-0.006827119346431101,5.0854798476625165,4.96150004863739,4.837520249612264,26.611235899511456,31.069538035744568,NICK
2023-08-08,4.900000095367432,4.909999847412109,4.900000095367432,4.900000095367432,4.900000095367432,3400,4.91800012588501,4.943000078201294,4.956500053405762,4.965400018692017,5.029300012588501,5.757800009250641,47.38224766240847,-0.016903749664862744,-0.00946348038397584,-0.007440269280886903,5.081923298286853,4.956500053405762,4.831076808524671,24.32433012950248,27.211836113099977,NICK
2023-08-09,4.699999809265137,5.110000133514404,4.699999809265137,4.900000095367432,4.900000095367432,5100,4.91800012588501,4.92300009727478,4.9550000667572025,4.964400024414062,5.020000014305115,5.750950009822845,47.382247662408474,-0.01864882016736047,-0.011300548340652767,-0.007348271826707702,5.082357780236353,4.9550000667572025,4.827642353278052,22.080911461650103,24.338825830221122,NICK
2023-08-10,4.820000171661377,4.940000057220459,4.820000171661377,4.880000114440918,4.880000114440918,6100,4.914000129699707,4.911000108718872,4.9525000810623165,4.96500002861023,5.01520001411438,5.745050010681152,46.43072800757435,-0.021398958553286995,-0.013320230383179612,-0.008078728170107383,5.083629725514152,4.9525000810623165,4.821370436610481,30.24203072873567,25.54909077329586,NICK
2023-08-11,4.75,4.900000095367432,4.739999771118164,4.75,4.75,7100,4.8620000839233395,4.902000093460083,4.940000081062317,4.967400026321411,5.007900013923645,5.736950011253357,40.70825875233751,-0.0336801421038917,-0.01739221272732203,-0.016287929376569667,5.095948764161166,4.940000081062317,4.784051397963468,28.10461366234493,26.80918528424334,NICK
2023-08-14,4.710000038146973,4.760000228881836,4.610000133514404,4.739999771118164,4.739999771118164,7400,4.834000015258789,4.886000061035157,4.9270000696182255,4.967400026321411,4.999300012588501,5.725700011253357,40.296825209681934,-0.04371607178107695,-0.022656984538073015,-0.021059087243003934,5.102852329515948,4.9270000696182255,4.751147809720503,22.25490864156242,26.867184344214113,NICK
2023-08-15,4.599999904632568,4.860000133514404,4.599999904632568,4.699999809265137,4.699999809265137,4400,4.79399995803833,4.85600004196167,4.91150004863739,4.962600021362305,4.994700012207031,5.715400009155274,38.6156430947369,-0.05427167094343144,-0.0289799218191447,-0.02529174912428674,5.108708144470267,4.91150004863739,4.714291952804514,15.95466255988354,22.104728287930072,NICK
2023-08-16,4.550000190734863,4.730000019073486,4.5,4.730000019073486,4.730000019073486,31200,4.759999942779541,4.839000034332275,4.897500038146973,4.963000020980835,4.989900012016296,5.705950009822845,40.616692052108526,-0.05953006755665147,-0.03508995096664605,-0.024440116590005417,5.1042729254697905,4.897500038146973,4.690727150824155,23.484800085009173,20.564790428818153,NICK
2023-08-17,4.730000019073486,5.010000228881836,4.730000019073486,4.760000228881836,4.760000228881836,6200,4.735999965667725,4.825000047683716,4.88650004863739,4.9646000289917,4.983800015449524,5.6957500100135805,42.63071370007568,-0.06057830950472809,-0.04018762267426246,-0.020390686830465632,5.097902550973534,4.88650004863739,4.675097546301246,28.469179707715394,22.63621411753581,NICK
2023-08-18,4.869999885559082,5.050000190734863,4.809999942779541,4.829999923706055,4.829999923706055,1500,4.751999950408935,4.807000017166137,4.878000044822693,4.961200027465821,4.97350001335144,5.684600009918213,47.1359418116899,-0.05512520934126375,-0.04317514000766272,-0.01195006933360103,5.084068050020381,4.878000044822693,4.6719320396250055,38.49765857297231,30.15054612189873,NICK
2023-08-21,4.909999847412109,4.909999847412109,4.690000057220459,4.75,4.75,12200,4.753999996185303,4.7940000057220455,4.867500042915344,4.9582000255584715,4.964300012588501,5.672300009727478,42.98163664067725,-0.05660639020010105,-0.045861390046150384,-0.01074500015395067,5.077154580476201,4.867500042915344,4.657845505354487,39.436624763204804,35.46782101463061,NICK
2023-08-22,4.760000228881836,4.760000228881836,4.760000228881836,4.760000228881836,4.760000228881836,500,4.766000080108642,4.780000019073486,4.8615000486373905,4.954400033950805,4.952600016593933,5.66120001077652,43.65020162090341,-0.05632403341003922,-0.04795391871892815,-0.008370114691111069,5.076188234246885,4.8615000486373905,4.646811863027896,39.436624763204804,39.12363603312708,NICK
2023-08-23,4.929999828338623,4.940000057220459,4.539999961853027,4.940000057220459,4.940000057220459,18800,4.808000087738037,4.784000015258789,4.8535000562667845,4.956200037002564,4.943500018119812,5.6528000116348265,54.0859052609688,-0.041101983710927215,-0.046583531717327965,0.005481548006400751,5.042420757980917,4.8535000562667845,4.664579354552652,44.600950002843454,41.158066509750796,NICK
2023-08-24,4.920000076293945,5.070000171661377,4.809999942779541,4.989999771118164,4.989999771118164,20300,4.853999996185303,4.794999980926514,4.853000044822693,4.96000002861023,4.9319000148773195,5.644300010204315,56.496023966840994,-0.024718896556410463,-0.04221060468514447,0.017491708128734004,5.040414076363862,4.853000044822693,4.665586013281524,59.63979934791407,47.89245803798722,NICK
2023-08-25,4.900000095367432,4.989999771118164,4.809999942779541,4.989999771118164,4.989999771118164,4600,4.885999965667724,4.81899995803833,4.860500025749206,4.963200025558471,4.924100012779236,5.6366000080108645,56.496023966840994,-0.011601447685420041,-0.036088773285199584,0.024487325599779543,5.057017215644436,4.860500025749206,4.663982835853977,74.20915440450851,59.48330125175513,NICK
2023-08-28,4.980000019073486,5.0,4.929999828338623,5.0,5.0,3700,4.935999965667724,4.844999980926514,4.865500020980835,4.957200021743774,4.918500013351441,5.628950006961823,57.01935575563738,-0.00039429486788211676,-0.02894987760173609,0.028555582733853974,5.070680438122121,4.865500020980835,4.6603196038395485,80.87427422403924,71.57440932548705,NICK
2023-08-29,5.0,5.070000171661377,4.989999771118164,5.070000171661377,5.070000171661377,8400,4.997999954223633,4.8820000171661375,4.869000029563904,4.952600021362304,4.91230001449585,5.621700007915496,60.59287982454952,0.013974790633008993,-0.020364943954787072,0.034339734587796066,5.085323899703957,4.869000029563904,4.652676159423851,87.43166964103584,80.83836608986097,NICK
2023-08-30,5.070000171661377,5.210000038146973,5.039999961853027,5.099999904632568,5.099999904632568,21500,5.029999923706055,4.9190000057220455,4.879000020027161,4.954000015258789,4.906700015068054,5.615450007915497,62.049170377614715,0.027466505372058414,-0.010798654089417974,0.03826515946147639,5.117486927834915,4.879000020027161,4.6405131122194065,88.82473981839381,85.71022789448939,NICK
2023-08-31,5.230000019073486,5.269999980926514,5.0,5.03000020980835,5.03000020980835,4100,5.038000011444092,4.946000003814698,4.885500025749207,4.951000022888183,4.900400018692016,5.607200009822845,56.77678028053103,0.03213990729990002,-0.002210941811554375,0.03435084911145439,5.132843947704218,4.885500025749207,4.638156103794196,84.44607402169757,86.90082782704216,NICK
2023-09-01,5.110000133514404,5.139999866485596,5.0,5.070000171661377,5.070000171661377,5300,5.0540000915527346,4.9700000286102295,4.888500022888183,4.947400026321411,4.897100019454956,5.600550010204315,58.92461713704408,0.03862601793477616,0.005956450137711731,0.032669567797064425,5.143158650170019,4.888500022888183,4.633841395606348,75.78807340614414,83.01962908207825,NICK
2023-09-05,5.150000095367432,5.300000190734863,5.010000228881836,5.050000190734863,5.050000190734863,5700,5.064000129699707,5.000000047683716,4.897000026702881,4.943200025558472,4.89610002040863,5.5923000121116635,57.38905313311312,0.041672105931668924,0.01309958129650317,0.028572524635165755,5.161128834945822,4.897000026702881,4.63287121845994,70.53573446264238,76.92329396349443,NICK
2023-09-06,5.019999980926514,5.03000020980835,4.809999942779541,4.949999809265137,4.949999809265137,12800,5.040000057220459,5.019000005722046,4.899500012397766,4.9422000217437745,4.893100018501282,5.583100011348725,50.32702888688814,0.0356065079096366,0.017600966619129854,0.018005541290506744,5.164639641532821,4.899500012397766,4.634360383262711,65.57444590027428,70.63275125635334,NICK
2023-09-07,4.760000228881836,4.920000076293945,4.760000228881836,4.840000152587891,4.840000152587891,9500,4.988000106811524,5.009000015258789,4.896500015258789,4.939000024795532,4.891500020027161,5.574250011444092,43.924116798718984,0.021673585189806666,0.018415490333265217,0.0032580948565414485,5.1629038809465815,4.896500015258789,4.630096149570997,54.05701232226368,63.3890642283932,NICK
2023-09-08,4.809999942779541,4.849999904632568,4.71999979019165,4.75,4.75,2400,4.932000064849854,4.985000038146973,4.8900000095367435,4.9338000202178955,4.888500018119812,5.5678000116348265,39.49648687257892,0.003330985870224623,0.015398589440657098,-0.012067603570432475,5.163934346385236,4.8900000095367435,4.616065672688251,40.350868387128415,53.32744220322187,NICK
2023-09-11,4.929999828338623,4.929999828338623,4.730000019073486,4.840000152587891,4.840000152587891,2100,4.886000061035157,4.970000076293945,4.894500017166138,4.926000022888184,4.885400018692017,5.559350011348724,45.421318335922194,-0.0038984571038644944,0.01153918013175278,-0.015437637235617275,5.161967804450722,4.894500017166138,4.627032229881554,35.5263234945966,43.31140140132931,NICK
2023-09-12,4.940000057220459,4.940000057220459,4.760000228881836,4.760000228881836,4.760000228881836,1000,4.828000068664551,4.946000099182129,4.895500040054321,4.9212000274658205,4.883000020980835,5.550050013065338,41.52843012296042,-0.01589988403613951,0.006051367298174322,-0.02195125133431383,5.160790428978867,4.895500040054321,4.630209651129775,32.01755596769923,35.964915949807825,NICK
2023-09-13,4.849999904632568,4.900000095367432,4.71999979019165,4.730000019073486,4.730000019073486,13700,4.784000110626221,4.91200008392334,4.897000050544738,4.918600025177002,4.8803000211715695,5.54060001373291,40.139119236774675,-0.027514695275070444,-0.0006618452164746311,-0.026852850058595813,5.158158955564385,4.897000050544738,4.635841145525092,23.381756153547602,30.30854520528089,NICK
2023-09-14,4.829999923706055,4.889999866485596,4.800000190734863,4.820000171661377,4.820000171661377,1900,4.780000114440918,4.8840001106262205,4.9015000581741335,4.915600032806396,4.879100022315979,5.531600015163422,45.97798318184465,-0.029121561477762903,-0.006353788468732286,-0.022767773009030618,5.153949988979658,4.9015000581741335,4.649050127368609,15.97100140517694,23.79010450880767,NICK
2023-09-15,4.929999828338623,4.929999828338623,4.670000076293945,4.840000152587891,4.840000152587891,14500,4.798000144958496,4.8650001049041744,4.905500054359436,4.9124000358581545,4.876300024986267,5.523050014972687,47.21025311449748,-0.028453192514477088,-0.010773669277881245,-0.017679523236595843,5.151302770018298,4.905500054359436,4.659697338700574,15.316581189821127,18.223112916181634,NICK
2023-09-18,4.75,4.889999866485596,4.710000038146973,4.889999866485596,4.889999866485596,5400,4.808000087738037,4.847000074386597,4.908500051498413,4.910800037384033,4.875400023460388,5.514850013256073,50.264632702862635,-0.02361670754553913,-0.013342276931412822,-0.010274430614126306,5.151997427897084,4.908500051498413,4.665002675099742,26.3820542136876,19.223212269561632,NICK
2023-09-19,4.889999866485596,4.889999866485596,4.659999847412109,4.659999847412109,4.659999847412109,6000,4.788000011444092,4.8080000400543215,4.9040000438690186,4.905000038146973,4.87360002040863,5.503900012969971,39.06695371213246,-0.0379058822960161,-0.01825499800433348,-0.019650884291682623,5.161945753388571,4.9040000438690186,4.646054334349466,20.63490982228897,20.777848408598974,NICK
2023-09-20,4.739999771118164,4.869999885559082,4.739999771118164,4.75,4.75,2200,4.792000007629395,4.788000059127808,4.903500032424927,4.900000038146973,4.870200018882752,5.495050013065338,44.29632419828601,-0.04148962946050716,-0.022901924295568216,-0.018587705164938944,5.162596544120535,4.903500032424927,4.644403520729319,16.327703857484966,21.114889297820255,NICK
2023-09-21,4.800000190734863,4.800000190734863,4.699999809265137,4.769999980926514,4.769999980926514,13100,4.781999969482422,4.78100004196167,4.895000028610229,4.8968000411987305,4.867100019454956,5.485500013828277,45.41736656257846,-0.042229152213927534,-0.02676736987924008,-0.015461782334687455,5.159839611190805,4.895000028610229,4.630160446029653,10.416675979887762,15.79309655322031,NICK
2023-09-22,4.800000190734863,4.980000019073486,4.690000057220459,4.820000171661377,4.820000171661377,4300,4.777999973297119,4.788000059127808,4.88650004863739,4.894600048065185,4.86780002117157,5.476850013732911,48.222821602504965,-0.03833868727876677,-0.029081633359145417,-0.009257053919621352,5.149503872481161,4.88650004863739,4.623496224793619,18.75002173084876,15.164800522740242,NICK
2023-09-25,4.849999904632568,4.96999979019165,4.730000019073486,4.730000019073486,4.730000019073486,11700,4.746000003814697,4.777000045776367,4.873500061035156,4.889200048446655,4.869100022315979,5.467200014591217,43.853542591936076,-0.042033193450210504,-0.031671945377358436,-0.010361248072852068,5.1404289391764575,4.873500061035156,4.606571182893855,20.368831892715495,16.511843201150416,NICK
2023-09-26,4.829999923706055,4.829999923706055,4.699999809265137,4.699999809265137,4.699999809265137,4800,4.753999996185303,4.771000003814697,4.858500051498413,4.883200044631958,4.870600018501282,5.45855001449585,42.47211915239622,-0.046841917945879885,-0.03470593989106273,-0.012135978054817156,5.129001521739524,4.858500051498413,4.587998581257302,18.806321803393015,19.3083918089855,NICK
2023-09-27,4.820000171661377,4.849999904632568,4.739999771118164,4.78000020980835,4.78000020980835,2700,4.7600000381469725,4.776000022888184,4.844000053405762,4.878600044250488,4.87360002040863,5.450900015830993,47.244573971224106,-0.04369382777298991,-0.03650351746744816,-0.00719031030554175,5.098196887546414,4.844000053405762,4.58980321926511,22.97300709650118,20.716053597536305,NICK
2023-09-28,4.78000020980835,4.849999904632568,4.78000020980835,4.78000020980835,4.78000020980835,1100,4.76200008392334,4.772000026702881,4.828000068664551,4.874000043869018,4.876300020217895,5.441500017642975,47.244573971224106,-0.040729439999096506,-0.037348701973777834,-0.003380738025318672,5.054504028167999,4.828000068664551,4.601496109161102,29.166722545991508,23.648683815294977,NICK
2023-09-29,4.789999961853027,4.820000171661377,4.630000114440918,4.78000020980835,4.78000020980835,2900,4.754000091552735,4.766000032424927,4.815500068664551,4.870000047683716,4.879600024223327,5.432250018119812,47.244573971224106,-0.03794276080303671,-0.03746751373962961,-0.00047524706340710404,5.022813911801832,4.815500068664551,4.60818622552727,39.28578934901727,30.475172997169732,NICK
2023-10-02,4.710000038146973,4.849999904632568,4.699999809265137,4.829999923706055,4.829999923706055,1900,4.774000072479248,4.7600000381469725,4.803500056266785,4.866600046157837,4.8829000234603885,5.42420001745224,50.45312621206936,-0.03133848783647153,-0.03624170855899799,0.004903220722526462,4.975229544242287,4.803500056266785,4.631770568291282,45.83336437740285,38.09529209080362,NICK
2023-10-03,4.760000228881836,4.949999809265137,4.639999866485596,4.639999866485596,4.639999866485596,3400,4.76200008392334,4.758000040054322,4.783000040054321,4.8602000427246095,4.884100022315979,5.415900015830994,40.398274095416305,-0.040963765856475653,-0.03718612001849352,-0.003777645837982131,4.927927654864736,4.783000040054321,4.638072425243906,34.28569093041889,39.80161488561274,NICK
2023-10-04,4.710000038146973,4.710000038146973,4.519999980926514,4.639999866485596,4.639999866485596,2500,4.734000015258789,4.747000026702881,4.767500042915344,4.855400037765503,4.8837000226974485,5.406400015354157,40.398274095416305,-0.048038114551846256,-0.03935651892516407,-0.008681595626682186,4.903716925988785,4.767500042915344,4.631283159841903,28.695606829519154,36.271554045780036,NICK
2023-10-05,4.590000152587891,4.789999961853027,4.590000152587891,4.619999885559082,4.619999885559082,5200,4.701999950408935,4.732000017166138,4.756500029563904,4.845800037384033,4.8831000232696535,5.39770001411438,39.4387498295005,-0.05462869261156733,-0.042410953662444725,-0.012217738949122606,4.902688415432294,4.756500029563904,4.610311643695514,16.894370057046785,26.62522260566135,NICK
2023-10-06,4.690000057220459,4.75,4.599999904632568,4.75,4.75,7600,4.6959999084472654,4.725,4.756500029563904,4.840800037384033,4.884400024414062,5.391200013160706,48.072328250467756,-0.048799322217354835,-0.04368862737342675,-0.005110694843928086,4.902688415432294,4.756500029563904,4.610311643695514,32.608679126628246,26.066218671064473,NICK
2023-10-09,4.78000020980835,4.78000020980835,4.739999771118164,4.760000228881836,4.760000228881836,400,4.681999969482422,4.728000020980835,4.752500033378601,4.839200038909912,4.886900024414063,5.3837500143051145,48.6784317810151,-0.04287829499237095,-0.043526560897215585,0.0006482659048446388,4.893620692585399,4.752500033378601,4.611379374171802,41.30435684002149,30.26913534123192,NICK
2023-10-10,4.800000190734863,4.829999923706055,4.699999809265137,4.699999809265137,4.699999809265137,2000,4.69399995803833,4.728000020980835,4.749500012397766,4.835200033187866,4.888900022506714,5.375900013446808,45.26464704540395,-0.04253703026994238,-0.04332865477176094,0.0007916245018185636,4.892395233001148,4.749500012397766,4.606604791794384,47.1014522800074,40.33816274888546,NICK
2023-10-11,4.809999942779541,4.809999942779541,4.590000152587891,4.630000114440918,4.630000114440918,6300,4.692000007629394,4.713000011444092,4.744500017166137,4.827800035476685,4.888600025177002,5.368900012969971,41.59932313339389,-0.04736892638199475,-0.0441367090938077,-0.003232217288187046,4.896483698646851,4.744500017166137,4.592516335685423,38.40580912002854,42.270539413352225,NICK
2023-10-12,4.960000038146973,4.960000038146973,4.639999866485596,4.650000095367432,4.650000095367432,12800,4.698000049591064,4.7,4.736000013351441,4.822800035476685,4.889600024223328,5.362050013542175,43.01903795881834,-0.04901934307528233,-0.045113235890102625,-0.003906107185179704,4.889153634122357,4.736000013351441,4.5828463925805245,30.644130434965522,38.7171306116669,NICK
2023-10-13,4.760000228881836,4.760000228881836,4.670000076293945,4.690000057220459,4.690000057220459,4400,4.686000061035156,4.690999984741211,4.728500008583069,4.818600034713745,4.888400025367737,5.354450013637543,45.85410574110357,-0.04656289944698688,-0.04540316860147948,-0.0011597308455074049,4.87509818275222,4.728500008583069,4.581901834413918,30.47945767878767,33.176465744593656,NICK
2023-10-16,4.650000095367432,4.650000095367432,4.53000020980835,4.53000020980835,4.53000020980835,10300,4.640000057220459,4.66100001335144,4.710500025749207,4.809000034332275,4.885700025558472,5.346550014019012,37.76089846751367,-0.05687122460929395,-0.04769677980304237,-0.009174444806251576,4.861692024029025,4.710500025749207,4.559308027469389,23.266027170686325,28.12987176147958,NICK
2023-10-17,4.550000190734863,4.679999828338623,4.5,4.5,4.5,9100,4.600000095367432,4.647000026702881,4.702500033378601,4.801400032043457,4.8829000234603885,5.337450013160706,36.461430595516084,-0.06669262174841428,-0.05149594819211675,-0.01519667355629753,4.87844041929901,4.702500033378601,4.526559647458192,13.636384982377246,22.460623277283492,NICK
2023-10-18,4.420000076293945,4.619999885559082,4.420000076293945,4.5,4.5,7000,4.574000072479248,4.633000040054322,4.690000033378601,4.793400030136109,4.879400024414062,5.328450012207031,36.46143059551609,-0.07362741868933842,-0.055922242291561085,-0.017705176397777335,4.885141066315511,4.690000033378601,4.49485900044169,5.695860242874041,14.199424131978951,NICK
2023-10-19,4.599999904632568,4.679999828338623,4.590000152587891,4.590000152587891,4.590000152587891,1300,4.56200008392334,4.630000066757202,4.68100004196167,4.787200031280517,4.87580002784729,5.321250011920929,43.255574639095244,-0.07104210590169124,-0.058946215013587114,-0.01209589088810413,4.877153095121079,4.68100004196167,4.484846988802261,15.432099855595206,11.588115026948579,NICK
2023-10-20,4.559999942779541,4.820000171661377,4.559999942779541,4.570000171661377,4.570000171661377,1500,4.538000106811523,4.6120000839233395,4.66850004196167,4.781000032424926,4.873000030517578,5.313600013256073,42.17628826569905,-0.06980241936531684,-0.06111745588393306,-0.008684963481383777,4.85942151087963,4.66850004196167,4.477578573043709,24.691365655831035,15.27310858476651,NICK
2023-10-23,4.5,4.510000228881836,4.440000057220459,4.510000228881836,4.510000228881836,8600,4.534000110626221,4.58700008392334,4.657500052452088,4.776200037002564,4.871800031661987,5.305650014877319,39.02999606587031,-0.07282200604014033,-0.06345836591517451,-0.009363640124965822,4.858086684432494,4.657500052452088,4.456913420471682,25.30866377856422,21.8107097633299,NICK
2023-10-24,4.539999961853027,4.539999961853027,4.409999847412109,4.449999809265137,4.449999809265137,4200,4.524000072479248,4.56200008392334,4.645000052452088,4.770400037765503,4.868900032043457,5.297400014400482,36.12759216450346,-0.07914425692527782,-0.06659554411719518,-0.012548712808082646,4.863769385878741,4.645000052452088,4.426230719025434,17.239070438857734,22.413033291084076,NICK
2023-10-25,4.429999828338623,4.639999866485596,4.420000076293945,4.480000019073486,4.480000019073486,4600,4.520000076293945,4.547000074386597,4.630000042915344,4.76600004196167,4.864300031661987,5.28810001373291,38.586693958246876,-0.08080247940698193,-0.06943693117515252,-0.011365548231829406,4.85081674022173,4.630000042915344,4.409183345608958,12.22223781352976,18.256657343650318,NICK
2023-10-26,4.5,4.699999809265137,4.449999809265137,4.699999809265137,4.699999809265137,1600,4.542000007629395,4.552000045776367,4.626000022888183,4.765400037765503,4.864200029373169,5.2810000133514405,52.905734132078166,-0.06363098977585491,-0.068275742895293,0.0046447531194381,4.838546480427803,4.626000022888183,4.413453565348563,24.24242161522353,17.90124328920342,NICK
2023-10-27,4.510000228881836,4.650000095367432,4.510000228881836,4.510000228881836,4.510000228881836,1900,4.530000019073486,4.534000062942505,4.612500023841858,4.760400037765503,4.862500033378601,5.2718500137329105,43.47748762302561,-0.06460906568203484,-0.06754240745264137,0.002933341770606529,4.818400426083412,4.612500023841858,4.4065996216003045,27.878809421836944,21.447822950196493,NICK
2023-10-30,4.639999866485596,4.760000228881836,4.449999809265137,4.760000228881836,4.760000228881836,1100,4.580000019073486,4.557000064849854,4.609000039100647,4.759000043869019,4.860100035667419,5.266100015640259,54.87305949366213,-0.04469605887710948,-0.06297313773753499,0.01827707886042551,4.801966349319967,4.609000039100647,4.416033728881327,44.84851322225668,32.3232480864388,NICK
2023-10-31,4.639999866485596,4.699999809265137,4.510000228881836,4.699999809265137,4.699999809265137,600,4.630000019073487,4.5770000457763675,4.612000036239624,4.758000040054322,4.858100032806396,5.2579500150680545,52.15529372139716,-0.03337170173296311,-0.05705285053662061,0.0236811488036575,4.8086316479473235,4.612000036239624,4.415368424531924,44.84851322225668,39.19194528878318,NICK
2023-11-01,4.760000228881836,4.760000228881836,4.570000171661377,4.739999771118164,4.739999771118164,4600,4.681999969482422,4.601000022888184,4.617000031471252,4.757600030899048,4.856000032424927,5.250500013828278,53.79815955702348,-0.0209281577060203,-0.04982791197050055,0.02889975426448025,4.821166579271158,4.617000031471252,4.4128334836713465,65.61712701600989,51.77138448684082,NICK
2023-11-02,4.630000114440918,4.739999771118164,4.619999885559082,4.739999771118164,4.739999771118164,3000,4.689999961853028,4.615999984741211,4.6230000257492065,4.753600025177002,4.854900031089783,5.242350013256073,53.79815955702348,-0.010940444776580627,-0.042050418531716566,0.03110997375513594,4.834101818448641,4.6230000257492065,4.411898233049772,71.23423091265008,60.566623716971954,NICK
2023-11-03,4.730000019073486,4.769999980926514,4.559999942779541,4.610000133514404,4.610000133514404,6300,4.709999942779541,4.619999980926513,4.616000032424926,4.746000032424927,4.8530000305175784,5.234700014591217,47.63320423242035,-0.013360977591974077,-0.036312530343768065,0.022951552751793988,4.818918656514606,4.616000032424926,4.4130814083352465,69.91865474652283,68.92333755839401,NICK
2023-11-06,4.710000038146973,4.710000038146973,4.519999980926514,4.539999961853027,4.539999961853027,1600,4.665999889373779,4.622999954223633,4.605000019073486,4.737000036239624,4.850100030899048,5.2267000150680545,44.6651427804583,-0.020689203860873917,-0.033187865047189236,0.012498661186315319,4.799164788424079,4.605000019073486,4.4108352497228935,53.658520511153874,64.93713539010866,NICK
2023-11-07,4.699999809265137,4.699999809265137,4.369999885559082,4.460000038146973,4.460000038146973,1200,4.617999935150147,4.623999977111817,4.593000030517578,4.726200037002563,4.841700029373169,5.218350014686584,41.483757077068795,-0.03257667757105498,-0.033065627551962386,0.0004889499809074063,4.791806382584273,4.593000030517578,4.394193678450883,33.49595337010247,52.357709542592794,NICK
2023-11-08,4.480000019073486,4.590000152587891,4.400000095367432,4.46999979019165,4.46999979019165,5500,4.563999938964844,4.622999954223633,4.585000014305114,4.714200029373169,4.8334000253677365,5.209700014591217,42.03948748073191,-0.040721280143034555,-0.03459675807017682,-0.006124522072857734,4.789987758247171,4.585000014305114,4.380012270363058,24.643176001173433,37.26588329414299,NICK
2023-11-09,4.550000190734863,4.550000190734863,4.480000019073486,4.480000019073486,4.480000019073486,1700,4.511999988555909,4.600999975204468,4.576500010490418,4.701800031661987,4.827900023460388,5.200850014686584,42.62630883157105,-0.045840579795543235,-0.036845522415250104,-0.008995057380293131,4.784083662542142,4.576500010490418,4.368916358438693,23.24074497193587,27.126624781070323,NICK
2023-11-10,4.46999979019165,4.5,4.420000076293945,4.449999809265137,4.449999809265137,3500,4.479999923706055,4.594999933242798,4.564499998092652,4.690200023651123,4.8206000232696535,5.191100013256073,41.27618899764018,-0.05172220646190073,-0.03982085922458023,-0.011901347237320503,4.772199250545302,4.564499998092652,4.356800745640001,23.240729960402092,23.708216977836866,NICK
2023-11-13,4.449999809265137,4.53000020980835,4.449999809265137,4.53000020980835,4.53000020980835,1800,4.477999973297119,4.57199993133545,4.564499998092652,4.679400024414062,4.813400025367737,5.1827000141143795,46.172317679809524,-0.049359093334238935,-0.04172850604651197,-0.0076305872877269615,4.772199250545302,4.564499998092652,4.356800745640001,29.16669150192975,25.216055478088972,NICK
2023-11-14,4.699999809265137,5.440000057220459,4.599999904632568,5.440000057220459,5.440000057220459,39000,4.673999977111817,4.645999956130981,4.611500000953674,4.687200021743775,4.815200023651123,5.177400014400482,73.37036257014695,0.025647425785370714,-0.028253319680135433,0.05390074546550615,5.043670105367949,4.611500000953674,4.179329896539399,53.333349227901834,35.24692356341096,NICK
2023-11-15,6.650000095367432,7.179999828338623,6.139999866485596,6.690000057220459,6.690000057220459,100100,5.118000030517578,4.840999984741211,4.721000003814697,4.722000026702881,4.832100024223328,5.178350014686584,84.76090729334057,0.1838360384769695,0.014164551951285562,0.16967148652568392,5.721178009662087,4.721000003814697,3.720821997967307,74.18745229860104,52.22916434281061,NICK
2023-11-16,6.690000057220459,6.820000171661377,6.300000190734863,6.75,6.75,26400,5.572000026702881,5.042000007629395,4.828999996185303,4.760200023651123,4.849600024223328,5.180800013542175,85.09056700489197,0.3104643083747156,0.07342450323597158,0.23703980513874404,6.160779277700206,4.828999996185303,3.4972207146703997,89.08660002146085,72.20246718265432,NICK
2023-11-17,6.820000171661377,6.980000019073486,6.409999847412109,6.599999904632568,6.599999904632568,6000,6.002000045776367,5.240999984741211,4.9304999828338625,4.797200021743774,4.865500020980835,5.182750012874603,80.40751698340854,0.3941706169732715,0.13757372598343154,0.25659689098983995,6.462263351907909,4.9304999828338625,3.3987366137598163,82.20641098804826,81.82682110270314,NICK
2023-11-20,6.610000133514404,6.739999771118164,6.550000190734863,6.550000190734863,6.550000190734863,4900,6.40600004196167,5.442000007629394,5.032499980926514,4.831400022506714,4.878700022697449,5.1809000134468075,78.84972934416247,0.45127192867576227,0.20031336652189768,0.2509585621538646,6.703988896970234,5.032499980926514,3.361011064882794,80.54567706946659,83.94622935965832,NICK
2023-11-21,6.46999979019165,6.739999771118164,6.449999809265137,6.46999979019165,6.46999979019165,8000,6.611999988555908,5.642999982833862,5.133499979972839,4.8656000137329105,4.8934000205993655,5.176850011348725,76.30254741342299,0.484484925223545,0.2571476782622272,0.22733724696131785,6.893753100281941,5.133499979972839,3.3732468596637375,77.22420357587185,79.99209721112864,NICK
2023-11-22,6.71999979019165,6.75,6.420000076293945,6.449999809265137,6.449999809265137,11400,6.563999938964844,5.840999984741211,5.2319999694824215,4.900000009536743,4.909300017356872,5.166350009441376,75.64464714562162,0.5033898679124444,0.30639611619227064,0.1969937517201738,7.054334729111023,5.2319999694824215,3.40966520985382,75.44484297774721,77.73824120769495,NICK
2023-11-24,6.53000020980835,6.909999847412109,6.53000020980835,6.840000152587891,6.840000152587891,2500,6.581999969482422,6.076999998092651,5.33899998664856,4.940400009155273,4.928000020980835,5.161550009250641,79.37853035868426,0.543575934524509,0.35383207985871834,0.1897438546657907,7.271779344241041,5.33899998664856,3.4062206290560777,78.88493749445352,77.18466134935727,NICK
2023-11-27,6.739999771118164,6.75,6.550000190734863,6.550000190734863,6.550000190734863,11500,6.572000026702881,6.287000036239624,5.440999984741211,4.974600009918213,4.943500022888184,5.1555500102043155,70.69898249430022,0.5457322469129284,0.39221211326956035,0.15352013364336808,7.40311013095522,5.440999984741211,3.478889838527202,79.83393396150302,78.05457147790099,NICK
2023-11-28,6.630000114440918,6.820000171661377,6.480000019073486,6.820000171661377,6.820000171661377,5700,6.626000022888183,6.516000032424927,5.543999981880188,5.013200016021728,4.9620000267028805,5.151150012016297,73.59397566617204,0.5627409545628028,0.4263178815282088,0.136423073034594,7.567614667990787,5.543999981880188,3.520385295769589,84.17694053241091,80.9652706627889,NICK
2023-11-29,6.900000095367432,7.119999885559082,6.900000095367432,7.050000190734863,7.050000190734863,11200,6.742000102996826,6.677000045776367,5.661500000953675,5.061000022888184,4.983000030517578,5.148900012969971,75.78847664669233,0.588001442652609,0.45865459375308887,0.12934684889952014,7.7473886478983385,5.661500000953675,3.5756113540090113,86.64010740407424,83.55032729932913,NICK
2023-11-30,6.820000171661377,7.139999866485596,6.820000171661377,7.139999866485596,7.139999866485596,13900,6.880000114440918,6.722000026702881,5.781500005722046,5.108800020217895,5.004400029182434,5.147600011825562,76.60770203595474,0.6082710135218585,0.4885778777068428,0.11969313581501573,7.917077510434346,5.781500005722046,3.6459225010097462,93.63032149577968,88.14912314408802,NICK
2023-12-01,7.340000152587891,7.340000152587891,7.099999904632568,7.099999904632568,7.099999904632568,20100,6.932000064849854,6.7570000171661375,5.899500012397766,5.155400018692017,5.026100029945374,5.146650011539459,75.38680250469805,0.6140289878895828,0.5136680997433908,0.10036088814619204,8.052576676448712,5.899500012397766,3.7464233483468203,95.17869593537021,91.81637494507446,NICK
2023-12-04,7.239999771118164,7.449999809265137,7.079999923706055,7.25,7.25,2500,7.072000026702881,6.822000026702881,6.031500005722046,5.204000015258789,5.049300031661987,5.148200011253357,76.87514586767035,0.6235085595985694,0.5356361917144266,0.08787236788414288,8.175853331110607,6.031500005722046,3.887146680333485,94.40956087482698,94.4061927686587,NICK
2023-12-05,7.239999771118164,7.239999771118164,7.159999847412109,7.179999828338623,7.179999828338623,4400,7.14399995803833,6.884999990463257,6.1634999990463255,5.253000011444092,5.071100029945374,5.1508000111579895,74.60783135273175,0.6182460045417555,0.5521581542798923,0.06608785026186315,8.248554215006282,6.1634999990463255,4.078445783086369,88.02242342256181,92.5368934109194,NICK
2023-12-06,7.0,7.130000114440918,7.0,7.019999980926514,7.019999980926514,3200,7.1379999160766605,6.940000009536743,6.291499996185303,5.299400014877319,5.091300029754638,5.153350009918213,69.55798727159774,0.5943138609909582,0.5605892956221055,0.03372456536885271,8.253195973358471,6.291499996185303,4.329804019012135,78.32682476895945,86.91960302211582,NICK
2023-12-07,7.099999904632568,7.170000076293945,7.099999904632568,7.099999904632568,7.099999904632568,1500,7.1299999237060545,7.005000019073487,6.423000001907349,5.345800008773804,5.112200026512146,5.158550009727478,70.62845845581924,0.5751725588352219,0.5635059482647288,0.011666610570493119,8.224733589634084,6.423000001907349,4.621266414180615,69.44805783019417,78.59910200723822,NICK
2023-12-08,7.019999980926514,7.090000152587891,6.659999847412109,6.840000152587891,6.840000152587891,6100,7.0779999732971195,7.005000019073487,6.541000008583069,5.3870000076293945,5.130500025749207,5.160800011157989,62.88846399648953,0.5328804181360214,0.5573808422389873,-0.024500424102965934,8.112711163126365,6.541000008583069,4.969288854039773,56.57719232182748,68.11735830699344,NICK
2023-12-11,6.760000228881836,6.869999885559082,6.760000228881836,6.869999885559082,6.869999885559082,2100,7.001999950408935,7.036999988555908,6.662000012397766,5.428800001144409,5.149400024414063,5.164150011539459,63.38703267232797,0.49606597984077716,0.5451178697593453,-0.049051889918568126,7.91056069042816,6.662000012397766,5.413439334367372,50.27073066210583,58.76532693804222,NICK
2023-12-12,6.869999885559082,7.03000020980835,6.809999942779541,6.829999923706055,6.829999923706055,8000,6.931999969482422,7.037999963760376,6.776999998092651,5.468800001144409,5.167700023651123,5.165800011157989,62.18740800732915,0.4583787052469308,0.5277700368568624,-0.0693913316099316,7.553249920653728,6.776999998092651,6.000750075531575,41.42395031756782,49.42395776716677,NICK
2023-12-13,6.840000152587891,7.0,6.800000190734863,6.900000095367432,6.900000095367432,8900,6.9079999923706055,7.022999954223633,6.85,5.514000005722046,5.187100024223327,5.168650012016297,63.48963111342556,0.4292120085865969,0.5080584312028094,-0.07884642261621244,7.326193214535533,6.85,6.373806785464466,42.26470674931832,44.653129242997046,NICK
2023-12-14,6.960000038146973,7.0,6.960000038146973,7.0,7.0,6900,6.888000011444092,7.008999967575074,6.865499997138977,5.561200008392334,5.208300023078919,5.171800012588501,65.32671545807126,0.4094465034976338,0.48833604566177424,-0.07888954216414046,7.340030271817537,6.865499997138977,6.390969722460418,45.571021367568186,43.08655947815117,NICK
2023-12-15,6.920000076293945,7.119999885559082,6.690000057220459,6.690000057220459,6.690000057220459,53700,6.857999992370606,6.967999982833862,6.8625,5.602600011825562,5.224200024604797,5.174250013828278,55.93132757728022,0.3645653117275973,0.46358189887493884,-0.09901658714734152,7.340657900248097,6.8625,6.384342099751903,39.51891216870703,42.45154676186424,NICK
2023-12-18,6.599999904632568,6.909999847412109,6.599999904632568,6.78000020980835,6.78000020980835,2700,6.840000057220459,6.921000003814697,6.871500015258789,5.643200016021728,5.242000026702881,5.177100014686585,57.827674355428414,0.3324268937469439,0.43735089784933984,-0.10492400410239594,7.336140693131235,6.871500015258789,6.406859337386343,32.14475302345241,39.07822885324227,NICK
2023-12-19,6.710000038146973,6.880000114440918,6.650000095367432,6.800000190734863,6.800000190734863,14700,6.834000110626221,6.883000040054322,6.884000015258789,5.684000015258789,5.26160002708435,5.181150016784668,58.257544028897925,0.3050543209443086,0.41089158246833357,-0.10583726152402495,7.32628496535472,6.884000015258789,6.4417150651628585,22.11848336080949,31.260716184322703,NICK
2023-12-20,6.559999942779541,6.800000190734863,6.480000019073486,6.5,6.5,6500,6.754000091552735,6.83100004196167,6.885500025749207,5.7200000190734865,5.277600026130676,5.183400015830994,50.02111017271068,0.2562005313571918,0.3799533722461052,-0.12375284088891342,7.322328300965111,6.885500025749207,6.448671750533302,15.58927036022663,23.284168914829237,NICK
2023-12-21,6.5,6.889999866485596,6.449999809265137,6.860000133514404,6.860000133514404,16100,6.726000118255615,6.807000064849854,6.90600004196167,5.7646000194549565,5.2962000274658205,5.186850016117096,57.7419164371768,0.24372306547832334,0.3527073108925488,-0.10898424541422547,7.295019193879074,6.90600004196167,6.516980890044267,22.197111546132657,19.96828842238932,NICK
2023-12-22,7.099999904632568,7.099999904632568,6.889999866485596,6.920000076293945,6.920000076293945,6100,6.772000122070312,6.815000057220459,6.910000038146973,5.810000019073486,5.316400027275085,5.190750017166137,58.88201074267874,0.23595612251315234,0.3293570732166695,-0.09340095070351717,7.297865870353675,6.910000038146973,6.5221342059402705,34.1851980448825,23.990526650413656,NICK
2023-12-26,7.0,7.0,6.769999980926514,6.880000114440918,6.880000114440918,6300,6.792000102996826,6.816000080108642,6.926500034332276,5.8538000202178955,5.336200027465821,5.19670001745224,57.76315193149725,0.22399107197936452,0.3082838729692085,-0.08429280098984399,7.278083488655794,6.926500034332276,6.5749165800087574,53.40532748108978,36.59587902403471,NICK
2023-12-27,6.820000171661377,6.949999809265137,6.820000171661377,6.949999809265137,6.949999809265137,6100,6.822000026702881,6.828000068664551,6.933000016212463,5.9022000122070315,5.355600023269654,5.202250015735626,59.22339440880043,0.21764816106873486,0.2901567305891138,-0.07250856952037893,7.281258440419113,6.933000016212463,6.584741592005813,62.886789569234374,50.15910503173527,NICK
2023-12-28,6.809999942779541,7.21999979019165,6.809999942779541,7.199999809265137,7.199999809265137,24800,6.961999988555908,6.858000040054321,6.940499997138977,5.956200008392334,5.378800020217896,5.208700015544891,64.00918510905427,0.2301413429926722,0.2781536530698255,-0.048012310077153286,7.304613854202512,6.940499997138977,6.576386140075441,75.52308698768508,63.9384013460028,NICK
2023-12-29,7.190000057220459,7.199999809265137,6.849999904632568,6.900000095367432,6.900000095367432,6600,6.969999980926514,6.8480000495910645,6.928500008583069,6.004200010299683,5.398800020217895,5.214050016403198,55.57930736193231,0.21337515401254858,0.2651979532583701,-0.051822799245821505,7.281162610568497,6.928500008583069,6.575837406597641,75.0962051833464,71.16869391342168,NICK
2024-01-02,7.130000114440918,7.170000076293945,6.849999904632568,7.0,7.0,12600,6.985999965667725,6.879000043869018,6.923500013351441,6.0524000072479245,5.419800019264221,5.219900016784668,57.58454803858061,0.20578482564823997,0.2533153277363441,-0.04753050208810411,7.269058862052192,6.923500013351441,6.57794116465069,75.75759827645076,75.4589634824938,NICK
2024-01-03,7.0,7.099999904632568,6.840000152587891,6.989999771118164,6.989999771118164,6700,7.007999897003174,6.9,6.910500001907349,6.1007999992370605,5.4409000158309935,5.228050014972687,57.305951353818976,0.19669512191185934,0.24199128657144714,-0.0452961646595878,7.224026574984516,6.910500001907349,6.596973428830181,66.66668730896878,72.50683025625504,NICK
2024-01-04,7.0,7.079999923706055,7.0,7.079999923706055,7.079999923706055,15400,7.033999919891357,6.927999973297119,6.90550000667572,6.152199993133545,5.464200015068054,5.2360500144958495,59.21824205490609,0.19451151865632887,0.23249533298842348,-0.037983814332094606,7.204529981134633,6.90550000667572,6.606470032216808,74.45888786296688,72.29439114946187,NICK
2024-01-05,7.010000228881836,7.019999980926514,7.0,7.0,7.0,8900,6.99399995803833,6.977999973297119,6.9045000076293945,6.203199996948242,5.486800017356873,5.243050014972686,56.78357104634419,0.1842023026059998,0.22283672691193873,-0.03863442430593894,7.202122128043027,6.9045000076293945,6.606877887215762,74.45888786296688,71.86148767830058,NICK
2024-01-08,7.010000228881836,7.070000171661377,7.0,7.0,7.0,1700,7.013999938964844,6.991999959945678,6.899500012397766,6.253599996566773,5.509800019264222,5.252250015735626,56.783571046344186,0.17402610994427725,0.21307460351840643,-0.03904849357412918,7.187004681078378,6.899500012397766,6.611995343717155,74.8917982148954,74.60319131360944,NICK
2024-01-09,7.0,7.0,6.829999923706055,6.96999979019165,6.96999979019165,9700,7.007999897003174,6.996999931335449,6.905999994277954,6.2989999961853025,5.532200016975403,5.26105001449585,55.78606714120592,0.16167692676369505,0.20279506816746415,-0.0411181414037691,7.193708062509835,6.905999994277954,6.618291926046073,70.12988755519014,73.16019121101719,NICK
2024-01-10,6.929999828338623,7.25,6.929999828338623,7.0,7.0,8300,7.009999942779541,7.008999919891357,6.9125,6.348799991607666,5.554600014686584,5.269200015068054,56.60697889564522,0.15255234782614213,0.19274652409919973,-0.0401941762730576,7.202525741750235,6.9125,6.622474258249764,69.23702404915853,71.41956993974775,NICK
2024-01-11,6.980000019073486,7.03000020980835,6.980000019073486,7.0,7.0,10600,6.99399995803833,7.013999938964844,6.921000003814697,6.393599987030029,5.576300015449524,5.274900014400482,56.60697889564521,0.14366497289984004,0.18293021385932778,-0.039265240959487746,7.210820513959595,6.921000003814697,6.6311794936698,68.34416054312692,69.23702404915825,NICK
2024-01-12,7.010000228881836,7.010000228881836,6.900000095367432,7.0,7.0,4800,6.99399995803833,6.99399995803833,6.925999999046326,6.439599990844727,5.598800015449524,5.281550014019013,56.60697889564521,0.135064722198039,0.17335711552707003,-0.03829239332903103,7.217643495356256,6.925999999046326,6.634356502736395,61.805561212477016,66.4622486015872,NICK
2024-01-16,6.909999847412109,7.0,6.829999923706055,6.989999771118164,6.989999771118164,8300,6.991999912261963,7.002999925613404,6.925499987602234,6.4845999908447265,5.621100010871888,5.28685001373291,56.17276588374804,0.12598969587188869,0.16388363159603375,-0.03789393572414507,7.216668191619964,6.925499987602234,6.634331783584504,54.16665466295384,61.438792139518974,NICK
2024-01-17,7.0,7.010000228881836,6.880000114440918,7.010000228881836,7.010000228881836,6800,7.0,7.003999948501587,6.941499996185303,6.53,5.641800012588501,5.292650015354156,56.88508575856991,0.11903933061321048,0.1549147713994691,-0.03587544078625862,7.2136964999203865,6.941499996185303,6.669303492450219,46.40152036828829,54.1245787479061,NICK
2024-01-18,7.0,7.010000228881836,6.869999885559082,6.920000076293945,6.920000076293945,3200,6.984000015258789,6.996999979019165,6.948499989509583,6.576199998855591,5.661100015640259,5.296500015258789,52.7318019949932,0.10505781482674248,0.14494338008492377,-0.039885565258181294,7.210742148840472,6.948499989509583,6.686257830178693,38.762639820536464,46.44360495059258,NICK
2024-01-19,6.980000019073486,7.0,6.960000038146973,6.960000038146973,6.960000038146973,3500,6.976000022888184,6.9849999904632565,6.956499981880188,6.62460000038147,5.6808000183105465,5.302450015544891,54.327848965221825,0.09609727588457506,0.13517415924485404,-0.03907688336027898,7.209740900365594,6.956499981880188,6.703259063394782,33.802344745748364,39.655501644857424,NICK
2024-01-22,6.980000019073486,7.010000228881836,6.909999847412109,6.909999847412109,6.909999847412109,5200,6.957999992370605,6.975999975204468,6.976999974250793,6.6735999965667725,5.699900016784668,5.309200015068054,51.96578902048815,0.0839931657614672,0.12493796054817667,-0.04094479478670947,7.1226158039409215,6.976999974250793,6.831384144560665,25.000009031005977,32.52166453242999,NICK
2024-01-23,7.0,7.0,6.980000019073486,6.980000019073486,6.980000019073486,8400,6.95600004196167,6.973999977111816,6.982999968528747,6.723800001144409,5.719000015258789,5.31565001487732,54.920784889452435,0.07913676080311394,0.11577772059916412,-0.036640959796050185,7.118366056003851,6.982999968528747,6.8476338810536435,28.57143397774494,29.124595918166147,NICK
2024-01-24,6.929999828338623,7.0,6.829999923706055,7.0,7.0,1900,6.953999996185303,6.976999998092651,6.98699996471405,6.7742000007629395,5.738000016212464,5.322350015640259,55.75822530482324,0.07602548176944701,0.1078272728332207,-0.03180179106377369,7.119378137726448,6.98699996471405,6.854621791701652,31.746033548137444,28.439158852295837,NICK
2024-01-25,7.010000228881836,7.150000095367432,7.0,7.130000114440918,7.130000114440918,4100,6.996000003814697,6.990000009536743,6.99949996471405,6.827800006866455,5.759000015258789,5.329700016975403,60.849367113942854,0.08309186223386167,0.10288019071334889,-0.01978832847948722,7.136244235755874,6.99949996471405,6.862755693672226,49.206369029508245,36.50794551846326,NICK
2024-01-26,7.21999979019165,7.21999979019165,6.989999771118164,7.019999980926514,7.019999980926514,5000,7.007999992370605,6.992000007629395,7.002999973297119,6.877600002288818,5.77850001335144,5.3378000164031985,55.07419449995279,0.0789063449699734,0.09808542156467379,-0.01917907659470039,7.138070297489614,7.002999973297119,6.8679296491046244,52.38096859990076,44.444457059181865,NICK
2024-01-29,7.050000190734863,7.159999847412109,7.050000190734863,7.090000152587891,7.090000152587891,2200,7.044000053405762,7.001000022888183,6.997499990463257,6.910600004196167,5.798900012969971,5.347500016689301,57.81784176829001,0.08031193522373226,0.09453072429648549,-0.01421878907275323,7.106472520936937,6.997499990463257,6.888527459989576,59.52383655538991,53.70372472826602,NICK
2024-01-30,7.0,7.269999980926514,7.0,7.019999980926514,7.019999980926514,4800,7.052000045776367,7.004000043869018,7.003499984741211,6.917200002670288,5.819600014686585,5.356350016593933,54.24991332441198,0.07491388614216543,0.09060735666562147,-0.015693470523456043,7.103154471232841,7.003499984741211,6.903845498249581,50.10824379017502,54.00434964848827,NICK
2024-01-31,7.380000114440918,7.380000114440918,7.03000020980835,7.059999942779541,7.059999942779541,3700,7.064000034332276,7.009000015258789,7.006499981880188,6.923400001525879,5.841800012588501,5.366650016307831,55.923716483006324,0.07302180605636899,0.08709024654377098,-0.014068440487401995,7.109120719646115,7.006499981880188,6.90387924411426,48.96826717001705,52.8667825051937,NICK
2024-02-01,7.059999942779541,7.269999980926514,7.059999942779541,7.059999942779541,7.059999942779541,2300,7.05,7.023000001907349,7.009999990463257,6.932600002288819,5.864900012016296,5.376700015068054,55.923716483006324,0.07070724979477472,0.08381364719397173,-0.013106397399197015,7.114880938930991,7.009999990463257,6.905119041995523,42.2727223795662,47.11641111325246,NICK
2024-02-02,7.010000228881836,7.119999885559082,7.010000228881836,7.050000190734863,7.050000190734863,2300,7.05600004196167,7.032000017166138,7.008500003814698,6.942600002288819,5.887000012397766,5.386200015544891,55.33673418049809,0.06729036937207233,0.08050899162959185,-0.013218622257519519,7.110141622186543,7.008500003814698,6.9068583854428525,41.21212541564328,44.15103832174188,NICK
2024-02-05,7.019999980926514,7.150000095367432,6.920000076293945,7.150000095367432,7.150000095367432,8300,7.068000030517578,7.05600004196167,7.0160000085830685,6.956200008392334,5.910900011062622,5.396950016021728,59.87264543977785,0.07182368485919621,0.07877193027551273,-0.006948245416316515,7.134726684052757,7.0160000085830685,6.89727333311338,46.666678226351706,43.383842007186765,NICK
2024-02-06,6.869999885559082,7.099999904632568,6.869999885559082,7.099999904632568,7.099999904632568,2400,7.084000015258789,7.068000030517578,7.021000003814697,6.969200010299683,5.934600009918213,5.4074500155448915,56.76825473288433,0.07056830502713396,0.07713120522583697,-0.006562900198703009,7.144919413558053,7.021000003814697,6.89708059407134,49.09091749795286,45.65657371331565,NICK
2024-02-07,7.010000228881836,7.300000190734863,7.0,7.25,7.25,4900,7.122000026702881,7.093000030517578,7.035000014305115,6.977400007247925,5.958900008201599,5.419000015258789,62.971128721557434,0.08074636769483323,0.07785423771963622,0.0028921299751970136,7.191652541347853,7.035000014305115,6.878347487262376,61.21211385595861,52.3232365267541,NICK
2024-02-08,7.099999904632568,7.119999885559082,7.099999904632568,7.119999885559082,7.119999885559082,1400,7.134000015258789,7.0920000076293945,7.041000008583069,6.988800001144409,5.981700005531311,5.429000015258789,55.53429100348303,0.07743006729167767,0.07776940363404451,-0.00033933634236683885,7.20098753911558,7.041000008583069,6.8810124780505575,59.393919952651906,56.56565043552084,NICK
2024-02-09,7.0,7.170000076293945,7.0,7.170000076293945,7.170000076293945,1600,7.1579999923706055,7.107000017166138,7.0495000123977665,6.995799999237061,6.004500007629394,5.439950015544891,57.60797965775759,0.07793805150974453,0.07780313320918451,0.00013491830056001908,7.217723117290023,7.0495000123977665,6.88127690750551,63.636353127559765,61.41412897872314,NICK
2024-02-12,7.150000095367432,7.150000095367432,7.150000095367432,7.150000095367432,7.150000095367432,1900,7.1579999923706055,7.113000011444091,7.057000017166137,6.997799997329712,6.029400010108947,5.451500015258789,56.47347714390837,0.07585242184589003,0.07741299093652562,-0.001560569090635594,7.22905819286094,7.057000017166137,6.884941841471335,57.57575494855689,60.202009342922565,NICK
2024-02-13,7.010000228881836,7.010000228881836,6.840000152587891,7.0,7.0,20700,7.138000011444092,7.111000013351441,7.05750002861023,6.995,6.051900010108948,5.46105001449585,48.723384356831566,0.061388146873720295,0.07420802212396456,-0.012819875250244264,7.228833065631365,7.05750002861023,6.886166991589095,49.876540268417166,57.02954944817765,NICK
2024-02-14,7.010000228881836,7.130000114440918,6.96999979019165,6.96999979019165,6.96999979019165,6000,7.081999969482422,7.101999998092651,7.05550000667572,6.992399997711182,6.0739000082015995,5.4705000138282776,47.32454994936019,0.04696297855612652,0.06875901341039695,-0.021796034854270424,7.229910503417752,7.05550000667572,6.8810895099336875,37.295147115365175,48.249147444112786,NICK
2024-02-15,6.840000152587891,7.0,6.829999923706055,6.849999904632568,6.849999904632568,2500,7.027999973297119,7.0809999942779545,7.0519999980926515,6.984399995803833,6.094200005531311,5.481000013351441,42.11599609266697,0.02555337742445385,0.06011788621320833,-0.03456450878875448,7.239467417381252,7.0519999980926515,6.864532578804051,19.113323679144866,35.42833702097544,NICK
2024-02-16,7.0,7.0,6.820000171661377,6.940000057220459,6.940000057220459,19400,6.9819999694824215,7.0699999809265135,7.050999999046326,6.9796000003814695,6.11630000591278,5.49270001411438,46.84152353223482,0.01566776617531751,0.051227862205630165,-0.035560096030312655,7.240620757739608,7.050999999046326,6.861379240353044,16.379640251320325,24.26270368194316,NICK
2024-02-20,6.920000076293945,6.949999809265137,6.820000171661377,6.820000171661377,6.820000171661377,6000,6.915999984741211,7.036999988555908,7.046500015258789,6.975600004196167,6.137500009536743,5.504050014019012,41.92673295507265,-0.0018285613285797808,0.04061657749878818,-0.04244513882736796,7.252827444868328,7.046500015258789,6.84017258564925,8.354970696550865,14.615978209005057,NICK
2024-02-21,6.889999866485596,7.0,6.829999923706055,6.829999923706055,6.829999923706055,6900,6.881999969482422,7.009999990463257,7.039000010490417,6.970200004577637,6.15800000667572,5.515800013542175,42.46845081767968,-0.014717970904096767,0.029549667818211188,-0.044267638722307955,7.264468447201876,7.039000010490417,6.813531573778958,7.837278258481075,10.857296402117127,NICK
2024-02-22,6.929999828338623,6.989999771118164,6.820000171661377,6.980000019073486,6.980000019073486,14500,6.884000015258789,6.982999992370606,7.038000011444092,6.973000001907349,6.180000004768371,5.528150012493134,50.00255612293347,-0.01268296543219627,0.021103141168129697,-0.033786106600325966,7.264327242670252,7.038000011444092,6.811672780217933,11.805527270945532,9.332592075325529,NICK
2024-02-23,6.980000019073486,7.349999904632568,6.920000076293945,7.090000152587891,7.090000152587891,26300,6.932000064849854,6.980000019073486,7.03600001335144,6.977400007247925,6.203100004196167,5.541350014209748,54.68872818210257,-0.002169113281470736,0.01644869027820961,-0.018617803559680346,7.259732028875699,7.03600001335144,6.812267997827182,28.786666702399412,16.143157410608378,NICK
2024-02-26,6.880000114440918,7.099999904632568,6.880000114440918,7.03000020980835,7.03000020980835,6300,6.9500000953674315,6.966000032424927,7.036500024795532,6.981400012969971,6.22510000705719,5.554000015258789,51.83485528914397,0.0013066342876131287,0.013420279080090313,-0.012113644792477184,7.26013144934442,7.036500024795532,6.812868600246644,41.299795727996475,27.29732990044684,NICK
2024-02-27,6.980000019073486,7.010000228881836,6.900000095367432,6.900000095367432,6.900000095367432,1100,6.966000080108643,6.941000032424927,7.0270000219345095,6.981400012969971,6.247700009346008,5.5659000158309935,46.20839487906197,-0.006355471581327876,0.009465128947806675,-0.015820600529134553,7.25679124726819,7.0270000219345095,6.797208796600829,35.22013993228348,35.10220078755949,NICK
2024-02-28,6.989999771118164,6.989999771118164,6.989999771118164,6.989999771118164,6.989999771118164,500,6.998000049591065,6.940000009536743,7.025500011444092,6.981200008392334,6.271200008392334,5.577450015544891,50.23568829535534,-0.005106657640054024,0.006550771630234535,-0.01165742927028856,7.25584542752988,7.025500011444092,6.795154595358304,28.930804595633276,35.150246751970776,NICK
2024-02-29,6.929999828338623,7.099999904632568,6.929999828338623,6.949999809265137,6.949999809265137,3300,6.992000007629395,6.938000011444092,7.020000004768372,6.986400003433228,6.294500007629394,5.588800015449524,48.497791253079704,-0.007260926778157817,0.0037884319485560645,-0.011049358726713882,7.252034522612965,7.020000004768372,6.787965486923778,23.899330328358417,29.350091618758086,NICK
2024-03-01,6.909999847412109,6.909999847412109,6.820000171661377,6.820000171661377,6.820000171661377,6300,6.938000011444092,6.935000038146972,7.008000016212463,6.9872000026702885,6.315200009346008,5.599800016880035,43.2598142728948,-0.01923634033590993,-0.0008165225083371346,-0.018419817827572793,7.254868414778189,7.008000016212463,6.761131617646738,18.867886050857045,23.899340324949275,NICK
2024-03-04,6.849999904632568,6.869999885559082,6.849999904632568,6.869999885559082,6.869999885559082,1000,6.905999946594238,6.928000020980835,6.999000000953674,6.988599996566773,6.336300005912781,5.611600015163422,45.689421738962224,-0.024410988136201794,-0.005535415633910067,-0.01887557250229173,7.252132395940702,6.999000000953674,6.745867605966646,11.320719634604986,18.02931200460651,NICK
2024-03-05,7.03000020980835,7.03000020980835,6.849999904632568,6.849999904632568,6.849999904632568,19300,6.895999908447266,6.930999994277954,6.9839999914169315,6.995599994659424,6.357800006866455,5.623350014686585,44.86191804024295,-0.02978245155066883,-0.010384822817261821,-0.01939762873340701,7.235109545766365,6.9839999914169315,6.732890437067498,5.031414287728271,11.740006657729793,NICK
2024-03-06,7.0,7.010000228881836,6.929999828338623,6.949999809265137,6.949999809265137,22000,6.8879999160766605,6.942999982833863,6.97649998664856,6.997399988174439,6.381000003814697,5.634800014495849,49.76136233092288,-0.02567426153090757,-0.01344271055999097,-0.012231550970916601,7.222205123964703,6.97649998664856,6.730794849332416,13.207496243781257,9.853210055371198,NICK
2024-03-07,7.0,7.0,6.920000076293945,6.980000019073486,6.980000019073486,2200,6.89399995803833,6.942999982833863,6.962999987602234,6.99859998703003,6.404300003051758,5.646950013637543,51.16336955158754,-0.019769830829505786,-0.014708134613893933,-0.005061696215611852,7.174385921834625,6.962999987602234,6.751614053369843,20.12574712023239,12.788219217246999,NICK
2024-03-08,6.96999979019165,7.0,6.840000152587891,6.880000114440918,6.880000114440918,3600,6.905999946594238,6.921999979019165,6.950999999046326,6.99859998703003,6.426200003623962,5.657300014495849,46.50462868215188,-0.02289575551186651,-0.016345658793488448,-0.006550096718378064,7.152385243012182,6.950999999046326,6.74961475508047,22.012553719182147,18.44859902773163,NICK
2024-03-11,6.880000114440918,6.880000114440918,6.880000114440918,6.880000114440918,6.880000114440918,1500,6.9079999923706055,6.906999969482422,6.936500000953674,6.997199993133545,6.449700002670288,5.66770001411438,46.50462868215189,-0.025083921510732132,-0.018093311336937184,-0.0069906101737949485,7.112939811269734,6.936500000953674,6.760060190637614,17.610054971255188,19.91611860355627,NICK
2024-03-12,6.989999771118164,6.989999771118164,6.829999923706055,6.869999885559082,6.869999885559082,2700,6.911999988555908,6.903999948501587,6.9224999904632565,6.990599994659424,6.473400001525879,5.678150012493133,46.01864358651639,-0.027310178981776012,-0.019936684865904948,-0.007373494115871064,7.0712111215059625,6.9224999904632565,6.77378885942055,10.691804094804057,16.771470928413493,NICK
2024-03-13,6.980000019073486,6.980000019073486,6.869999885559082,6.869999885559082,6.869999885559082,4100,6.896000003814697,6.891999959945679,6.915999984741211,6.989999990463257,6.49710000038147,5.688250012397766,46.01864358651638,-0.028743170687217656,-0.02169798203016749,-0.007045188657050165,7.061931482731875,6.915999984741211,6.770068486750546,10.062858565229641,12.788239210429325,NICK
2024-03-14,6.929999828338623,6.929999828338623,6.929999828338623,6.929999828338623,6.929999828338623,300,6.885999965667724,6.889999961853027,6.91399998664856,6.988599987030029,6.520499997138977,5.698150012493134,49.67792313879177,-0.024752007263914244,-0.02230878707691684,-0.002443220186997403,7.0580000056162975,6.91399998664856,6.769999967680822,19.38448506915046,13.37971590972775,NICK
2024-03-15,6.840000152587891,6.940000057220459,6.840000152587891,6.940000057220459,6.940000057220459,3100,6.897999954223633,6.9019999504089355,6.918499994277954,6.9875999927520756,6.544199995994568,5.708600013256073,50.28284853956937,-0.020545214160907044,-0.02195607249371488,0.0014108583328078378,7.059818796361873,6.918499994277954,6.777181192194035,30.52556167631313,19.990968436897443,NICK
2024-03-18,6.909999847412109,6.920000076293945,6.860000133514404,6.860000133514404,6.860000133514404,2900,6.89399995803833,6.900999975204468,6.914499998092651,6.983199996948242,6.567699995040893,5.71975001335144,45.56406512633443,-0.023396920439536117,-0.022244242082879128,-0.0011526783566569894,7.057674717037851,6.914499998092651,6.771325279147452,32.14282875966628,27.350958501709655,NICK
2024-03-19,6.980000019073486,6.989999771118164,6.840000152587891,6.900000095367432,6.900000095367432,2500,6.9,6.905999994277954,6.918499994277954,6.98119999885559,6.592199997901917,5.730550014972687,48.18249735329454,-0.022173651530647653,-0.022230123972432833,5.647244178517974e-05,7.055215049278572,6.918499994277954,6.781784939277336,28.571428571428953,30.413273002469154,NICK
2024-03-20,6.840000152587891,6.949999809265137,6.840000152587891,6.949999809265137,6.949999809265137,2500,6.915999984741211,6.905999994277954,6.924499988555908,6.980199995040894,6.616899995803833,5.7406000137329105,51.33370186442568,-0.016973977612690483,-0.02117889470048436,0.004204917087793879,7.055568679359826,6.924499988555908,6.79343129775199,34.92057364905392,31.87827699338275,NICK
2024-03-21,6.980000019073486,7.0,6.840000152587891,6.860000133514404,6.860000133514404,3600,6.902000045776367,6.894000005722046,6.918499994277954,6.978000001907349,6.638499999046326,5.751350014209748,45.920381746848776,-0.019886184687139874,-0.020920352697815465,0.0010341680106755909,7.049843047258771,6.918499994277954,6.787156941297137,35.158696702610264,32.883566307697414,NICK
2024-03-22,6.909999847412109,6.980000019073486,6.840000152587891,6.920000076293945,6.920000076293945,2200,6.898000049591064,6.898000001907349,6.909999990463257,6.976400003433228,6.662599997520447,5.7625500154495235,49.726602205944346,-0.017154884997389708,-0.020167259157730315,0.003012374160340607,7.01526150525387,6.909999990463257,6.804738475672645,40.63489115243804,36.90472050136711,NICK
2024-03-25,6.820000171661377,6.929999828338623,6.690000057220459,6.690000057220459,6.690000057220459,4300,6.864000034332276,6.878999996185303,6.892999982833862,6.970200004577637,6.681899995803833,5.771000015735626,38.53130236331864,-0.03316706043723894,-0.02276721941363204,-0.010399841023606898,7.022321168473638,6.892999982833862,6.7636787971940855,20.000031789098788,31.93120654804873,NICK
2024-03-26,6.590000152587891,6.710000038146973,6.539999961853027,6.539999961853027,6.539999961853027,3100,6.792000007629395,6.846000003814697,6.874999976158142,6.961000003814697,6.7002999973297115,5.779200015068054,33.27047246887349,-0.05730005950988204,-0.029673787432882043,-0.027626272076999997,7.075848104706483,6.874999976158142,6.6741518476098,15.000003973637684,25.211642305057868,NICK
2024-03-27,6.670000076293945,6.800000190734863,6.670000076293945,6.760000228881836,6.760000228881836,3800,6.754000091552735,6.835000038146973,6.863499999046326,6.95640001296997,6.720500001907348,5.7882500171661375,45.10811165276217,-0.05800480888347348,-0.03533999172300033,-0.022664817160473152,7.063026866043241,6.863499999046326,6.66397313204941,15.942047013376014,16.98069425870386,NICK
2024-03-28,6.650000095367432,6.789999961853027,6.650000095367432,6.760000228881836,6.760000228881836,4300,6.734000110626221,6.818000078201294,6.8540000200271605,6.9514000129699705,6.740700006484985,5.797800018787384,45.108111652762176,-0.05789593948804228,-0.039851181276008715,-0.018044758212033565,7.054239799540161,6.8540000200271605,6.65376024051416,31.884094026751644,20.94204833792148,NICK
2024-04-01,6.539999961853027,6.809999942779541,6.539999961853027,6.739999771118164,6.739999771118164,4500,6.698000049591064,6.798000049591065,6.85,6.947800006866455,6.762000002861023,5.807500016689301,44.2799029244818,-0.05874633827917375,-0.04363021267664172,-0.015116125602532025,7.055912559284352,6.85,6.644087440715647,46.3768326267164,31.40099122228105,NICK
2024-04-02,6.820000171661377,6.840000152587891,6.670000076293945,6.75,6.75,3700,6.710000038146973,6.787000036239624,6.844000005722046,6.943600006103516,6.784100003242493,5.8171000170707705,44.8253833473331,-0.057945392141718344,-0.046493248569657045,-0.011452143572061299,7.054180840388696,6.844000005722046,6.633819171055396,45.65217842001096,41.304368357826036,NICK
2024-04-03,6.670000076293945,6.829999923706055,6.670000076293945,6.829999923706055,6.829999923706055,600,6.7680000305175785,6.780000019073486,6.84300000667572,6.942000007629394,6.807800002098084,5.824750015735626,49.11684878983757,-0.05027576359432029,-0.047249751574589695,-0.0030260120197305937,7.0532474417866,6.84300000667572,6.632752571564841,50.72461965329143,47.58454356667263,NICK
2024-04-04,6.75,6.840000152587891,6.75,6.840000152587891,6.840000152587891,800,6.784000015258789,6.769000053405762,6.837500023841858,6.9392000102996825,6.831500005722046,5.832450015544891,49.64410495378702,-0.042896113128214175,-0.04637902388531459,0.003482910757100416,7.041938261459261,6.837500023841858,6.633061786224454,57.9710235066882,51.44927385999656,NICK
2024-04-05,6.690000057220459,6.829999923706055,6.690000057220459,6.829999923706055,6.829999923706055,1000,6.7979999542236325,6.766000032424927,6.830000019073486,6.935800008773803,6.855000004768372,5.84145001411438,49.09623118860437,-0.03742323015955229,-0.04458786514016213,0.0071646349806098394,7.023700801948064,6.830000019073486,6.636299236198908,63.76811894667409,57.4879207022176,NICK
2024-04-08,6.679999828338623,6.75,6.679999828338623,6.679999828338623,6.679999828338623,2200,6.785999965667725,6.742000007629395,6.820000004768372,6.926800003051758,6.877300004959107,5.84895001411438,41.66805310242875,-0.04467470290390452,-0.044605232692910605,-6.947021099391187e-05,7.022780678597353,6.820000004768372,6.61721933093939,52.89854771999333,58.21256339111824,NICK
2024-04-09,6.670000076293945,6.940000057220459,6.670000076293945,6.820000171661377,6.820000171661377,10400,6.8,6.755000019073487,6.817000007629394,6.9228000068664555,6.900200004577637,5.856800014972687,49.367903867486156,-0.03867882421457125,-0.04341995099724273,0.0047411267826714815,7.0179079445434756,6.817000007629394,6.616092070715313,51.44927385999686,56.03864684222112,NICK
2024-04-10,6.809999942779541,6.920000076293945,6.809999942779541,6.920000076293945,6.920000076293945,1200,6.818000030517578,6.793000030517578,6.8195000171661375,6.919400005340576,6.9150000047683715,5.865100014209747,54.035112413644825,-0.025563213769737025,-0.03984860355174159,0.014285389782004568,7.0241924800005515,6.8195000171661375,6.6148075543317235,57.9710235066882,54.106281695559154,NICK
2024-04-11,6.920000076293945,6.920000076293945,6.699999809265137,6.820000171661377,6.820000171661377,1100,6.814000034332276,6.799000024795532,6.817000031471252,6.915400009155274,6.916300005912781,5.8742000150680544,49.15547164975981,-0.022973332294818682,-0.03647354930035701,0.013500217005538329,7.020381464538957,6.817000031471252,6.613618598403548,69.03824083484224,59.486179400508796,NICK
2024-04-12,6.809999942779541,6.940000057220459,6.809999942779541,6.940000057220459,6.940000057220459,700,6.836000061035156,6.817000007629394,6.817500042915344,6.913000011444092,6.918200006484986,5.883900015354157,54.469020899752564,-0.011109778077051935,-0.031400795055696,0.020291016978644064,7.022036146621599,6.817500042915344,6.612963939209089,82.08170557481053,69.69698997211334,NICK
2024-04-15,6.809999942779541,6.940000057220459,6.809999942779541,6.940000057220459,6.940000057220459,1500,6.888000106811523,6.837000036239624,6.817500042915344,6.91060001373291,6.921600008010865,5.893550014495849,54.46902089975255,-0.001688363483906663,-0.025458308741338132,0.02376994525743147,7.022036146621599,6.817500042915344,6.612963939209089,87.87880101479642,79.66624914148275,NICK
2024-04-16,6.809999942779541,6.920000076293945,6.730000019073486,6.920000076293945,6.920000076293945,2000,6.908000087738037,6.854000043869019,6.820500040054322,6.908000011444091,6.925300006866455,5.902000014781952,53.390514541154964,0.004116887231501387,-0.01954326954677023,0.023660156778271615,7.029160092810706,6.820500040054322,6.611839987297937,98.33333532015475,89.43128063658692,NICK
2024-04-17,6.809999942779541,6.889999866485596,6.809999942779541,6.889999866485596,6.889999866485596,800,6.902000045776367,6.860000038146973,6.820000028610229,6.902800006866455,6.929500007629395,5.91145001411438,51.735723865779136,0.006225065360212945,-0.014389602565373593,0.020614667925586538,7.027942354716314,6.820000028610229,6.612057702504145,94.16665375233045,93.45959669576023,NICK
2024-04-18,6.730000019073486,6.900000095367432,6.639999866485596,6.739999771118164,6.739999771118164,9700,6.885999965667724,6.85,6.809500026702881,6.895600004196167,6.932400007247924,5.920850012302399,44.33641058225891,-0.004159988617945309,-0.012343679775887937,0.008183691157942628,7.011240033820632,6.809500026702881,6.607760019585129,77.4999672174536,89.99998542997929,NICK
2024-04-19,6.71999979019165,6.880000114440918,6.630000114440918,6.630000114440918,6.630000114440918,1000,6.823999977111816,6.830000019073486,6.798000025749206,6.883200006484985,6.930300006866455,5.929150013923645,39.836847670185385,-0.02102392102958195,-0.014079728026626739,-0.00694419300295521,7.012718497071458,6.798000025749206,6.5832815544269545,45.83329856396591,72.49997317791635,NICK
2024-04-22,6.960000038146973,6.960000038146973,6.389999866485596,6.389999866485596,6.389999866485596,6500,6.713999938964844,6.801000022888184,6.771500015258789,6.868600006103516,6.9287000036239625,5.936100013256073,32.166448643682735,-0.05314213376984167,-0.021892209175269725,-0.031249924594571946,7.042813566759995,6.771500015258789,6.500186463757584,16.666646798456885,46.66663752662516,NICK
2024-04-23,6.389999866485596,6.389999866485596,6.389999866485596,6.389999866485596,6.389999866485596,0,6.6079998970031735,6.757999992370605,6.756500005722046,6.853000001907349,6.924400000572205,5.943200013637543,32.166448643682735,-0.07770036729830831,-0.03305384079987744,-0.04464652649843087,7.073503264624183,6.756500005722046,6.439496746819909,4.073778351691241e-13,20.83331512080743,NICK
2024-04-24,6.800000190734863,6.800000190734863,6.550000190734863,6.590000152587891,6.590000152587891,2000,6.5479999542236325,6.725,6.759000015258789,6.841800003051758,6.919800000190735,5.951400015354157,42.809066555424415,-0.08010123550420811,-0.04246331974074358,-0.037637915763464536,7.069863413528033,6.759000015258789,6.4481366169895455,11.695919641530514,9.454188813328964,NICK
2024-04-25,6.309999942779541,6.679999828338623,6.309999942779541,6.679999828338623,6.679999828338623,800,6.535999965667725,6.710999965667725,6.754999995231628,6.83539999961853,6.915199999809265,5.959800014495849,46.85017725608829,-0.0738899616967581,-0.04874864813194648,-0.02514131356481162,7.067761977518263,6.754999995231628,6.442238012944994,30.670269963224374,14.122063201584794,NICK
2024-04-26,6.630000114440918,6.75,6.630000114440918,6.75,6.75,500,6.559999942779541,6.6919999599456785,6.754499983787537,6.831000003814697,6.91170000076294,5.968900015354157,49.82010674978343,-0.06259746896070606,-0.05151841229769839,-0.011079056663007666,7.067260366574777,6.754499983787537,6.441739601000297,53.23437215112411,31.86685391862603,NICK
2024-04-29,6.820000171661377,6.820000171661377,6.360000133514404,6.699999809265137,6.699999809265137,2000,6.621999931335449,6.667999935150147,6.752499985694885,6.828000001907348,6.906199998855591,5.977750015258789,47.766918439584096,-0.057025332101216186,-0.05261979625840195,-0.004405535842814237,7.066116088028407,6.752499985694885,6.438883883361363,61.5384427283204,48.481028280889326,NICK
2024-04-30,6.289999961853027,6.559999942779541,6.050000190734863,6.440000057220459,6.440000057220459,9500,6.631999969482422,6.619999933242798,6.736999988555908,6.818000001907349,6.8988000011444095,5.984950015544891,38.81008196650205,-0.07275055743593484,-0.05664594849390853,-0.01610460894202631,7.078941578701414,6.736999988555908,6.395058398410402,56.84980419711718,57.207539692186934,NICK
2024-05-01,6.710000038146973,6.710000038146973,6.710000038146973,6.710000038146973,6.710000038146973,400,6.655999946594238,6.601999950408936,6.730999994277954,6.81579999923706,6.895700001716614,5.993500015735626,49.417368948653966,-0.06270336447685132,-0.057857431690497084,-0.004845932786354236,7.070405435045697,6.730999994277954,6.3915945535102106,58.46152464951937,58.94992385831868,NICK
2024-05-02,7.0,7.309999942779541,6.869999885559082,6.869999885559082,6.869999885559082,2200,6.69399995803833,6.6149999618530275,6.732499980926514,6.816599998474121,6.893400001525879,6.002800014019012,54.45582845437594,-0.04135354325407459,-0.054556654003212586,0.013203110749137999,7.07407726418147,6.732499980926514,6.390922697671558,60.15465231946863,58.48866038870142,NICK
2024-05-03,7.550000190734863,7.550000190734863,6.800000190734863,7.059999942779541,7.059999942779541,5500,6.755999946594239,6.65799994468689,6.743999981880188,6.818199996948242,6.8955999994277954,6.013050012588501,59.6019034023795,-0.00899851017301323,-0.04544502523717271,0.03644651506415948,7.112369412727061,6.743999981880188,6.375630551033316,68.31337946330416,62.30985214409708,NICK
2024-05-06,6.889999866485596,7.03000020980835,6.630000114440918,6.630000114440918,6.630000114440918,3000,6.742000007629395,6.681999969482422,6.741499996185302,6.808999996185303,6.893200001716614,6.021300013065338,46.732427171867506,-0.01784855876417346,-0.03992573194257286,0.022077173178399398,7.112243880683954,6.741499996185302,6.370756111686651,57.026444016470116,61.83149193308066,NICK
2024-05-07,7.0,7.0,6.849999904632568,6.849999904632568,6.849999904632568,3200,6.823999977111816,6.727999973297119,6.7429999828338625,6.805399990081787,6.893400001525879,6.030550012588501,52.39591105098145,-0.007029114325843189,-0.033346408419226925,0.026317294093383736,7.1152418646392395,6.7429999828338625,6.3707581010284855,53.11109754774346,59.483640342505616,NICK
2024-05-08,6.489999771118164,6.5,6.400000095367432,6.400000095367432,6.400000095367432,10800,6.761999988555909,6.708999967575073,6.716999983787536,6.795399990081787,6.888400001525879,6.0377500128746036,42.4531792239096,-0.03436965843290807,-0.033551058421963154,-0.0008186000109449143,7.108310597893296,6.716999983787536,6.325689369681776,38.44443427191881,49.5273252787105,NICK
2024-05-09,6.920000076293945,7.010000228881836,6.730000019073486,6.730000019073486,6.730000019073486,12300,6.734000015258789,6.71399998664856,6.712499976158142,6.7901999950408936,6.8857000017166134,6.047000012397766,49.953325711206226,-0.029073855390007175,-0.032655617815571955,0.00358176242556478,7.10102924002409,6.712499976158142,6.323970712292194,40.66665437486478,44.07406206484205,NICK
2024-05-10,6.800000190734863,6.800000190734863,6.800000190734863,6.800000190734863,6.800000190734863,300,6.682000064849854,6.719000005722046,6.705499982833862,6.787200002670288,6.886800003051758,6.0555000138282775,51.40027131238447,-0.019009336686655942,-0.02992636158978875,0.010917024903132809,7.082247895087624,6.705499982833862,6.3287520705801,39.555549621582436,39.55554608945504,NICK
2024-05-13,6.800000190734863,6.800000190734863,6.800000190734863,6.800000190734863,6.800000190734863,400,6.716000080108643,6.729000043869019,6.698499989509583,6.7868000030517575,6.887000002861023,6.064500014781952,51.40027131238447,-0.010907399392729111,-0.026122569150376824,0.015215169757647713,7.062548050406227,6.698499989509583,6.334451928612938,48.44444062974759,42.88888154206463,NICK
2024-05-14,6.519999980926514,6.519999980926514,6.519999980926514,6.519999980926514,6.519999980926514,800,6.650000095367432,6.737000036239624,6.678499984741211,6.779800004959107,6.88420000076294,6.072900013923645,45.32157319299554,-0.026771625948948774,-0.026252380510091215,-0.0005192454388575594,7.035558779344296,6.678499984741211,6.321441190138126,43.777773115370415,43.92592112223318,NICK
2024-05-15,6.610000133514404,6.610000133514404,6.550000190734863,6.550000190734863,6.550000190734863,1000,6.680000114440918,6.721000051498413,6.661500000953675,6.7738000106811525,6.8847000026702885,6.081150014400482,46.057654200176316,-0.03650259439490533,-0.028302423287054037,-0.008200171107851293,7.008906080958964,6.661500000953675,6.314093920948386,38.22221755981486,43.48147710164398,NICK
2024-05-16,6.619999885559082,6.800000190734863,6.53000020980835,6.539999961853027,6.539999961853027,4000,6.6420001029968265,6.688000059127807,6.651500010490418,6.76560001373291,6.881500000953674,6.088850014209747,45.83614690426049,-0.044508327596471275,-0.03154360414893748,-0.012964723447533792,7.000800732368678,6.651500010490418,6.302199288612158,32.44443469577406,38.14814179031948,NICK
2024-05-17,6.53000020980835,6.699999809265137,6.53000020980835,6.590000152587891,6.590000152587891,6300,6.600000095367432,6.641000080108642,6.649500012397766,6.757800016403198,6.878200001716614,6.09730001449585,47.20336828563309,-0.046284789076439736,-0.034491841134437935,-0.011792947942001801,6.9997270697956795,6.649500012397766,6.299272954999853,33.999994066026886,34.88888210720497,NICK
2024-05-20,6.590000152587891,6.590000152587891,6.590000152587891,6.590000152587891,6.590000152587891,0,6.558000087738037,6.63700008392334,6.659500026702881,6.752000017166138,6.875300002098084,6.105750014781952,47.20336828563309,-0.047149141642495174,-0.03702330123604938,-0.01012584040644579,6.990406315713777,6.659500026702881,6.328593737691985,28.39613053358526,31.61351976512844,NICK
2024-05-21,6.590000152587891,6.590000152587891,6.590000152587891,6.590000152587891,6.590000152587891,400,6.572000122070312,6.611000108718872,6.669500041007995,6.746200017929077,6.871700005531311,6.113650014400482,47.20336828563309,-0.04728902879091468,-0.039076446747022445,-0.008212582043892233,6.97859379732079,6.669500041007995,6.360406284695201,23.014494309628876,28.470206303080044,NICK
2024-05-22,6.550000190734863,6.550000190734863,6.550000190734863,6.550000190734863,6.550000190734863,200,6.572000122070312,6.626000118255615,6.667500042915345,6.739800024032593,6.865200009346008,6.1220000147819515,46.04211613273449,-0.05005060082093227,-0.04127127756180441,-0.008779323259127857,6.979132753992577,6.667500042915345,6.3558673318381125,15.362323648011687,22.257649497074976,NICK
2024-05-23,6.559999942779541,6.769999980926514,6.550000190734863,6.550000190734863,6.550000190734863,1400,6.5740001678466795,6.608000135421753,6.661000061035156,6.733400030136108,6.861700010299683,6.130250015258789,46.04211613273449,-0.05164384841344383,-0.043345791732132294,-0.008298056681311533,6.976715030083143,6.661000061035156,6.3452850919871695,17.791587610060805,18.722801855900155,NICK
2024-05-24,6.550000190734863,6.550000190734863,6.550000190734863,6.550000190734863,6.550000190734863,0,6.566000175476074,6.583000135421753,6.651000070571899,6.725800037384033,6.857200012207032,6.138500015735627,46.04211613273449,-0.05230358543420355,-0.04513735047254654,-0.0071662349616570045,6.967474301526188,6.651000070571899,6.33452583961761,20.481064760134874,17.878325339402153,NICK
2024-05-28,6.639999866485596,6.730000019073486,6.559999942779541,6.699999809265137,6.699999809265137,1700,6.588000106811523,6.573000097274781,6.651000070571899,6.721000032424927,6.854300012588501,6.147600014209747,51.616944043939284,-0.040258639622592796,-0.04416160830255579,0.0039029686799629953,6.967474301526188,6.651000070571899,6.33452583961761,32.526659670280075,23.599770680158283,NICK
2024-05-29,6.619999885559082,6.679999828338623,6.619999885559082,6.619999885559082,6.619999885559082,700,6.594000053405762,6.5830000877380375,6.66000006198883,6.7162000274658205,6.849700012207031,6.156950013637543,48.725486358781254,-0.036744688645629964,-0.04267822437117062,0.005933535725540659,6.9618608587866415,6.66000006198883,6.358139265191019,31.39285928803189,28.133527906148643,NICK
2024-05-30,6.679999828338623,6.679999828338623,6.550000190734863,6.559999942779541,6.559999942779541,1800,6.596000003814697,6.584000062942505,6.652500057220459,6.709400024414062,6.845300011634826,6.166050014495849,46.616330920505796,-0.03835917048203985,-0.041814413593344466,0.003455243111304615,6.956465426304588,6.652500057220459,6.348534688136331,27.958031211723693,30.62585005667825,NICK
2024-05-31,6.789999961853027,6.800000190734863,6.570000171661377,6.570000171661377,6.570000171661377,2600,6.6,6.58700008392334,6.637500071525574,6.701800031661987,6.84100001335144,6.17540001630783,47.027900604022996,-0.03838919730367252,-0.04112937033541007,0.0027401730317375556,6.926281924274399,6.637500071525574,6.3487182187767495,17.5170070095933,25.622632503115994,NICK
2024-06-03,6.679999828338623,6.739999771118164,6.550000190734863,6.739999771118164,6.739999771118164,3900,6.6379999160766605,6.602000045776367,6.621500062942505,6.699400024414063,6.838700013160706,6.185450015068054,53.5797654366472,-0.0244140172522318,-0.03778629971877442,0.013372282466542616,6.84234155999374,6.621500062942505,6.40065856589127,36.90472743951735,27.459921886944482,NICK
2024-06-04,6.579999923706055,6.679999828338623,6.550000190734863,6.599999904632568,6.599999904632568,4700,6.617999935150147,6.603000020980835,6.620000052452087,6.693000020980835,6.834700012207032,6.194650013446807,48.283377444727655,-0.024354660210755164,-0.03509997181717057,0.010745311606415404,6.840997717327366,6.620000052452087,6.399002387576808,40.78476903019007,31.735501159766603,NICK
2024-06-05,6.570000171661377,6.579999923706055,6.360000133514404,6.5,6.5,27800,6.59399995803833,6.594000005722046,6.602500057220459,6.689200019836425,6.829700012207031,6.2030000138282775,44.87140656933377,-0.032007809790421504,-0.03448153941182076,0.0024737296213992524,6.8022874058314695,6.602500057220459,6.402712708609448,45.43841894355643,41.04263847108765,NICK
2024-06-06,6.25,6.5,6.25,6.5,6.5,1200,6.581999969482422,6.58899998664856,6.607500052452087,6.6884000205993654,6.824700012207031,6.2117500138282775,44.87140656933377,-0.03763910578827456,-0.03511305268711152,-0.0025260531011630435,6.791116474080669,6.607500052452087,6.423883630823505,34.399497252274976,40.20756174200685,NICK
2024-06-07,6.260000228881836,6.400000095367432,6.260000228881836,6.329999923706055,6.329999923706055,2100,6.533999919891357,6.5669999599456785,6.587500047683716,6.67980001449585,6.81810001373291,6.219600012302399,39.384230059775156,-0.055183413801057846,-0.039127124909900786,-0.01605628889115706,6.798485842122778,6.587500047683716,6.376514253244654,30.606037552369198,36.8146512493999,NICK
2024-06-10,6.25,6.699999809265137,6.25,6.340000152587891,6.340000152587891,2400,6.453999996185303,6.545999956130982,6.564500045776367,6.671400012969971,6.811400012969971,6.226600012779236,39.850201108163326,-0.06750234439826563,-0.044802168807573754,-0.02270017559069188,6.778086053181491,6.564500045776367,6.3509140383712435,25.454541251024157,30.153358685222475,NICK
2024-06-11,6.260000228881836,6.329999923706055,6.25,6.329999923706055,6.329999923706055,20500,6.4,6.508999967575074,6.541000032424927,6.663200016021729,6.805500011444092,6.233300013542175,39.52300513489349,-0.07718240976957702,-0.05127821699997441,-0.02590419276960261,6.7491249416604315,6.541000032424927,6.332875123189423,15.151509897113433,23.73736290016863,NICK
2024-06-12,6.449999809265137,6.579999923706055,6.269999980926514,6.579999923706055,6.579999923706055,1300,6.415999984741211,6.50499997138977,6.544000029563904,6.65980001449585,6.801700010299682,6.241250014305114,50.471354262058995,-0.06394391500613583,-0.05381135660120669,-0.010132558404929139,6.75255691816835,6.544000029563904,6.335443140959458,30.303019794226458,23.636356980787713,NICK
2024-06-13,6.380000114440918,6.380000114440918,6.380000114440918,6.380000114440918,6.380000114440918,300,6.392000007629394,6.486999988555908,6.535500025749206,6.650800018310547,6.796400012969971,6.24815001487732,43.6615878205375,-0.06879757010429266,-0.05680859930182389,-0.011988970802468774,6.755906399455272,6.535500025749206,6.31509365204314,32.7272590658276,26.060596252388866,NICK
2024-06-14,6.449999809265137,6.449999809265137,6.25,6.360000133514404,6.360000133514404,6200,6.398000049591064,6.465999984741211,6.526500034332275,6.641200017929077,6.7902000141143795,6.254600014686584,43.0362618248324,-0.07341171351602593,-0.0601292221446643,-0.013282491371361636,6.759761610118198,6.526500034332275,6.2932384585463526,34.54545296913431,32.52524394306249,NICK
2024-06-17,6.659999847412109,6.659999847412109,6.329999923706055,6.449999809265137,6.449999809265137,7000,6.419999980926514,6.436999988555908,6.519500017166138,6.633600015640258,6.784700012207031,6.261350014209747,46.73333869881059,-0.06901072110332507,-0.06190552193639645,-0.007105199166928616,6.753121432409197,6.519500017166138,6.285878601923079,26.66666088682473,31.313124307261916,NICK
2024-06-18,6.639999866485596,6.690000057220459,6.340000152587891,6.599999904632568,6.599999904632568,12600,6.473999977111816,6.436999988555908,6.520000004768372,6.6320000171661375,6.779400010108947,6.269200012683869,52.2910402388875,-0.05281038358710255,-0.06008649426653767,0.007276110679435122,6.754264723126183,6.520000004768372,6.285735286410561,39.999976880631046,33.73736357886306,NICK
2024-06-20,6.349999904632568,6.650000095367432,6.349999904632568,6.590000152587891,6.590000152587891,11500,6.476000022888184,6.446000003814698,6.520000004768372,6.627400016784668,6.775100011825561,6.276800012588501,51.90225625904752,-0.04031368474363095,-0.05613193236195633,0.015818247618325378,6.754264723126183,6.520000004768372,6.285735286410561,53.9393671419435,40.20200163646613,NICK
2024-06-21,6.599999904632568,6.610000133514404,6.400000095367432,6.590000152587891,6.590000152587891,7500,6.5180000305175785,6.455000019073486,6.522000002861023,6.620800018310547,6.770100011825561,6.284500012397766,51.90225625904752,-0.03006340861562684,-0.05091822761269043,0.02085481899706359,6.757932112174596,6.522000002861023,6.286067893547449,64.94744366856386,52.96226256371251,NICK
2024-06-24,6.409999847412109,6.599999904632568,6.409999847412109,6.429999828338623,6.429999828338623,3400,6.531999969482422,6.465000009536743,6.515999984741211,6.613000011444091,6.764200010299683,6.291900012493134,45.60954483350236,-0.034453521177781,-0.047625286325708546,0.013171765147927547,6.754863886688794,6.515999984741211,6.2771360827936284,57.068661861524106,58.6518242240102,NICK
2024-06-25,6.5,6.659999847412109,6.429999828338623,6.599999904632568,6.599999904632568,5600,6.561999988555908,6.490999984741211,6.518499970436096,6.606200008392334,6.759600009918213,6.300700011253357,52.23578482840454,-0.02393917568960635,-0.042888064198488104,0.018948888508881753,6.759769443114634,6.518499970436096,6.277230497757558,62.388529004215904,61.46821151143433,NICK
2024-06-26,6.5,6.650000095367432,6.460000038146973,6.570000171661377,6.570000171661377,6500,6.55600004196167,6.5150000095367435,6.511999988555909,6.598800010681153,6.7547000122070315,6.309800012111664,51.05376383619993,-0.01782177059327239,-0.03787480547744496,0.020053034884172573,6.739999934246762,6.511999988555909,6.284000042865055,62.962982585899994,60.80672448387971,NICK
2024-06-27,6.440000057220459,6.599999904632568,6.440000057220459,6.570000171661377,6.570000171661377,5300,6.552000045776367,6.514000034332275,6.509500002861023,6.591800012588501,6.749900012016297,6.318450012207031,51.05376383619992,-0.012825834741805764,-0.03286501133031712,0.020039176588511357,6.733774353197166,6.509500002861023,6.285225652524879,73.33338278313407,66.22829812441637,NICK
2024-06-28,6.570000171661377,6.570000171661377,6.449999809265137,6.570000171661377,6.570000171661377,4100,6.548000049591065,6.533000040054321,6.510000014305115,6.585400018692017,6.744100012779236,6.327500011920929,51.05376383619993,-0.008765476627502267,-0.02804510438975415,0.019279627762251884,6.734766536437519,6.510000014305115,6.285233492172711,71.11117939893103,69.13584825598808,NICK
2024-07-01,6.449999809265137,6.550000190734863,6.449999809265137,6.449999809265137,6.449999809265137,1700,6.552000045776367,6.542000007629395,6.503999996185303,6.579600019454956,6.7376000118255615,6.3361000108718875,45.86828585681679,-0.015057071382918785,-0.025447497788387077,0.010390426405468292,6.728445957935916,6.503999996185303,6.279554034434689,62.55895166412577,69.00117128206334,NICK
2024-07-02,6.670000076293945,6.670000076293945,6.409999847412109,6.409999847412109,6.409999847412109,18500,6.514000034332275,6.538000011444092,6.4875,6.57520001411438,6.7292000102996825,6.34405000925064,44.25473565106219,-0.02300567310398094,-0.02495913285150585,0.001953459747524911,6.687287429759544,6.4875,6.287712570240456,50.97642418301953,61.54885174869182,NICK
2024-07-03,6.409999847412109,6.409999847412109,6.409999847412109,6.409999847412109,6.409999847412109,0,6.4819999694824215,6.519000005722046,6.477999997138977,6.5756000137329105,6.722100009918213,6.351900007724762,44.2547356510622,-0.028971037152061285,-0.02576151371161694,-0.0032095234404443465,6.6735096539189875,6.477999997138977,6.282490340358967,39.39389670191329,50.97642418301924,NICK
2024-07-05,6.429999828338623,6.5,6.380000114440918,6.46999979019165,6.46999979019165,2400,6.461999893188477,6.506999969482422,6.47649998664856,6.577200012207031,6.71510000705719,6.359800007343292,47.46945109973361,-0.02852828093207993,-0.026314867155709538,-0.0022134137763703925,6.671771659979356,6.47649998664856,6.281228313317763,40.90904657506379,43.759789153331916,NICK
2024-07-08,6.269999980926514,6.46999979019165,6.269999980926514,6.46999979019165,6.46999979019165,600,6.441999816894532,6.494999933242798,6.474999976158142,6.574800004959107,6.708300004005432,6.36885000705719,47.469451099733604,-0.02785628354113001,-0.026623150432793632,-0.001233133108336379,6.669987223599709,6.474999976158142,6.280012728716575,44.660845441822346,41.65459623959952,NICK
2024-07-09,6.260000228881836,6.429999828338623,6.25,6.260000228881836,6.260000228881836,37200,6.403999900817871,6.477999973297119,6.471499991416931,6.566400012969971,6.70090000629425,6.376400008201599,38.465336529245896,-0.04376444109098543,-0.030051408564431992,-0.013713032526553436,6.678890932192167,6.471499991416931,6.264109050641696,33.29723945520485,39.62237715736337,NICK
2024-07-10,6.260000228881836,6.400000095367432,6.260000228881836,6.269999980926514,6.269999980926514,27000,6.375999927520752,6.4449999809265135,6.467999982833862,6.556800012588501,6.693900008201599,6.383900008201599,39.058122828165246,-0.05493165620379248,-0.03502745809230409,-0.019904198111488386,6.686229246220782,6.467999982833862,6.249770719446942,18.217890635745654,32.05865851092398,NICK
2024-07-11,6.369999885559082,6.369999885559082,6.349999904632568,6.349999904632568,6.349999904632568,900,6.363999938964843,6.4229999542236325,6.468999981880188,6.549800014495849,6.688900008201599,6.3915500068664555,43.72849890272805,-0.0566731367378015,-0.03935659382140357,-0.017316542916397927,6.684861075718998,6.468999981880188,6.253138888041378,10.281391709764392,20.598840600238002,NICK
2024-07-12,6.349999904632568,6.369999885559082,6.269999980926514,6.369999885559082,6.369999885559082,1100,6.34399995803833,6.402999925613403,6.4584999799728395,6.548400011062622,6.683200006484985,6.399750006198883,44.8660728709158,-0.05579625677757072,-0.042644526412637,-0.013151730364933716,6.672160968621418,6.4584999799728395,6.2448389913242615,19.047597422355437,15.84895992262153,NICK
2024-07-15,6.289999961853027,6.289999961853027,6.260000228881836,6.260000228881836,6.260000228881836,3500,6.302000045776367,6.371999931335449,6.452499985694885,6.5394000148773195,6.67760000705719,6.407550008296966,40.06831175359943,-0.06324828917298131,-0.046765278964705864,-0.016483010208275445,6.6808746839517505,6.452499985694885,6.22412528743802,18.253966451863324,15.860985194660751,NICK
2024-07-16,6.269999980926514,6.349999904632568,6.25,6.309999942779541,6.309999942779541,19200,6.311999988555908,6.35799994468689,6.449999976158142,6.528200016021729,6.672400007247925,6.415200006961823,43.0494320121599,-0.06437741670263986,-0.05028770651229266,-0.014089710190347195,6.6834095100865225,6.449999976158142,6.216590442229761,15.07936688147082,17.460310251896228,NICK
2024-07-17,6.349999904632568,6.599999904632568,6.349999904632568,6.599999904632568,6.599999904632568,6200,6.377999973297119,6.376999950408935,6.457499980926514,6.519000015258789,6.6686000061035156,6.424300005435944,56.549426757314095,-0.04139451491335411,-0.04850906819250495,0.007114553279150844,6.699894300065831,6.457499980926514,6.215105661787196,33.33333333333374,22.222222222222328,NICK
2024-07-18,6.360000133514404,6.690000057220459,6.320000171661377,6.420000076293945,6.420000076293945,24000,6.392000007629394,6.377999973297119,6.448499989509583,6.51480001449585,6.661900005340576,6.432500004768372,48.814699666602905,-0.03727519622895148,-0.046262293799794255,0.008987097570842775,6.682275543165774,6.448499989509583,6.214724435853391,45.41845650242002,31.27705223907456,NICK
2024-07-19,6.309999942779541,6.400000095367432,6.309999942779541,6.360000133514404,6.360000133514404,3100,6.390000057220459,6.367000007629395,6.436999988555908,6.505000019073487,6.655200004577637,6.440150005817413,46.53007947416354,-0.03840934145601871,-0.04469170333103915,0.006282361875020438,6.664341131052157,6.436999988555908,6.20965884605966,48.989899511170215,42.58056311564102,NICK
2024-07-22,6.349999904632568,6.579999923706055,6.329999923706055,6.46999979019165,6.46999979019165,6800,6.431999969482422,6.367000007629395,6.430999970436096,6.506400012969971,6.650900001525879,6.449300005435943,51.05295889379388,-0.03008530209606608,-0.041770423084044536,0.011685120987978456,6.647969971921607,6.430999970436096,6.214029968950585,37.87878295278523,44.09571298879152,NICK
2024-07-23,6.400000095367432,6.699999809265137,6.349999904632568,6.349999904632568,6.349999904632568,8500,6.439999961853028,6.375999975204468,6.426999974250793,6.498800010681152,6.644500002861023,6.457850005626678,46.43814182668052,-0.03279340683476395,-0.03997501983418842,0.007181612999424471,6.646827142139233,6.426999974250793,6.207172806362354,32.40739445181487,39.75869230525647,NICK
2024-07-24,6.369999885559082,6.690000057220459,6.309999942779541,6.5,6.5,38000,6.419999980926514,6.398999977111816,6.421999979019165,6.492800006866455,6.640000004768371,6.467250006198883,52.24865592690868,-0.022575607705176637,-0.036495137408386065,0.013919529703209428,6.630096085426877,6.421999979019165,6.213903872611453,42.59257845516911,37.626251953256094,NICK
2024-07-25,6.329999923706055,6.360000133514404,6.329999923706055,6.360000133514404,6.360000133514404,1300,6.4079999923706055,6.4,6.411499977111816,6.484000005722046,6.635400004386902,6.475300006866455,47.111671949348676,-0.025481018161413793,-0.03429231355899161,0.008811295397577815,6.609618563079731,6.411499977111816,6.213381391143902,34.07409134225872,36.358021416413926,NICK
2024-07-26,6.320000171661377,6.329999923706055,6.320000171661377,6.329999923706055,6.329999923706055,4100,6.4019999504089355,6.396000003814697,6.3994999647140505,6.480200004577637,6.630000004768371,6.483150005340576,46.066471964241515,-0.029860134051594933,-0.033405877657512274,0.003545743605917341,6.586526600042625,6.3994999647140505,6.212473329385476,32.5926106456947,36.4197601477072,NICK
2024-07-29,6.320000171661377,6.480000019073486,6.300000190734863,6.369999885559082,6.369999885559082,36000,6.381999969482422,6.406999969482422,6.389499950408935,6.476599998474121,6.6252000045776365,6.491500005722046,47.731534675433345,-0.029759898728826784,-0.03267668187177518,0.0029167831429483954,6.559614464775413,6.389499950408935,6.219385436042458,22.962968457385625,29.87655681511271,NICK
2024-07-30,6.510000228881836,6.510000228881836,6.300000190734863,6.300000190734863,6.300000190734863,29000,6.372000026702881,6.405999994277954,6.381999969482422,6.471800003051758,6.618700008392334,6.499850006103515,45.107087683272134,-0.03492624387527066,-0.033126594272474275,-0.0017996496027963826,6.5539998065595215,6.381999969482422,6.210000132405322,18.51852636769358,24.691368490257663,NICK
2024-07-31,6.329999923706055,6.480000019073486,6.300000190734863,6.320000171661377,6.320000171661377,23000,6.336000061035156,6.378000020980835,6.377499985694885,6.466400003433227,6.612100009918213,6.508200006484985,46.02031908941966,-0.036980490239454156,-0.033897373465870254,-0.003083116773583902,6.551036555014916,6.377499985694885,6.2039634163748545,17.777803680054543,19.753099501710945,NICK
2024-08-01,6.349999904632568,6.360000133514404,5.900000095367432,5.900000095367432,5.900000095367432,13100,6.244000053405761,6.326000022888183,6.351999998092651,6.452600002288818,6.602300009727478,6.51425000667572,33.439081226838354,-0.07167279202128718,-0.04145245717695364,-0.030220334844333542,6.6220072651628525,6.351999998092651,6.08199273102245,8.888919500670449,15.06174984947255,NICK
2024-08-02,6.179999828338623,6.179999828338623,6.110000133514404,6.110000133514404,6.110000133514404,500,6.2000000953674315,6.301000022888184,6.334000015258789,6.443000001907349,6.594600009918213,6.52215000629425,41.98002688368987,-0.08128444659052825,-0.04941885505966856,-0.03186559153085969,6.617788534136347,6.334000015258789,6.050211496381232,13.935204817320168,13.53397599934808,NICK
2024-08-05,5.96999979019165,5.989999771118164,5.96999979019165,5.989999771118164,5.989999771118164,900,6.124000072479248,6.253000020980835,6.310000014305115,6.431799993515015,6.585800008773804,6.529600005149842,38.90768259003179,-0.09746130518674967,-0.05902734508508478,-0.03843396010166489,6.623368757323696,6.310000014305115,5.9966312712865335,12.499992549417144,11.774705622468948,NICK
2024-08-06,6.050000190734863,6.070000171661377,6.010000228881836,6.070000171661377,6.070000171661377,14000,6.078000068664551,6.225000047683716,6.300500011444091,6.422199993133545,6.577800011634826,6.537450006008148,41.95745815195789,-0.10264301367109141,-0.0677504788022861,-0.03489253486880531,6.63043782083999,6.300500011444091,5.9705622020481925,19.58333159486431,15.339509653866903,NICK
2024-08-07,6.090000152587891,6.309999942779541,6.090000152587891,6.28000020980835,6.28000020980835,7700,6.070000076293946,6.203000068664551,6.301000022888184,6.416799993515014,6.571300015449524,6.54590000629425,49.135528532630225,-0.08878089603688721,-0.07195656224920632,-0.01682433378768089,6.630781702221991,6.301000022888184,5.971218343554377,26.66667064031148,19.583331594864006,NICK
2024-08-08,6.110000133514404,6.300000190734863,6.099999904632568,6.179999828338623,6.179999828338623,7700,6.126000022888183,6.185000038146972,6.292500019073486,6.406399993896485,6.563700013160705,6.553950004577636,46.205182258708795,-0.08488575286765343,-0.07454240037289575,-0.01034335249475768,6.6255390070296585,6.292500019073486,5.959461031117314,34.58334252238643,26.944448252520434,NICK
2024-08-09,6.199999809265137,6.380000114440918,6.119999885559082,6.179999828338623,6.179999828338623,1300,6.139999961853027,6.17000002861023,6.283000016212464,6.397599992752075,6.556900010108948,6.56230000257492,46.2051822587088,-0.0808666435143488,-0.07580724900118636,-0.005059394513162438,6.617490643888975,6.283000016212464,5.948509388535952,39.16666318972822,33.4722254508084,NICK
2024-08-12,6.300000190734863,6.300000190734863,6.090000152587891,6.130000114440918,6.130000114440918,10100,6.168000030517578,6.146000051498413,6.276500010490418,6.388999996185302,6.549200010299683,6.570700004100799,44.66069607306906,-0.08078479263947536,-0.07680275772884416,-0.003982034910631191,6.6175146372307605,6.276500010490418,5.935485383750075,33.0379620491888,35.595989253767506,NICK
2024-08-13,6.150000095367432,6.380000114440918,6.119999885559082,6.130000114440918,6.130000114440918,10100,6.1800000190734865,6.129000043869018,6.267500019073486,6.380199995040893,6.54100001335144,6.578950004577637,44.66069607306906,-0.07980004004361163,-0.07740221419179766,-0.002397825851813973,6.6139606533231685,6.267500019073486,5.921039384823803,33.939606638694734,35.381410625870274,NICK
2024-08-14,6.300000190734863,6.300000190734863,6.150000095367432,6.190000057220459,6.190000057220459,10500,6.161999988555908,6.116000032424926,6.247000026702881,6.369200000762939,6.534300012588501,6.5864000058174135,47.120677923688454,-0.07333278784456887,-0.0765883289223519,0.0032555410777830307,6.559160220151698,6.247000026702881,5.934839833254063,38.11993590836417,35.03250153208226,NICK
2024-08-15,6.150000095367432,6.320000171661377,6.150000095367432,6.260000228881836,6.260000228881836,1100,6.17800006866455,6.152000045776367,6.239000034332276,6.362400007247925,6.52770001411438,6.5951500058174135,49.917819155490776,-0.0618460917971797,-0.07363988149731746,0.011793789700137752,6.541052984130648,6.239000034332276,5.936947084533903,48.087427422404296,40.04898998982076,NICK
2024-08-16,6.230000019073486,6.349999904632568,6.159999847412109,6.159999847412109,6.159999847412109,8700,6.174000072479248,6.157000017166138,6.2290000200271605,6.355600004196167,6.522400012016297,6.602150003910065,46.16123461289726,-0.06011898325282505,-0.07093570184841898,0.010816718595593924,6.527590013904681,6.2290000200271605,5.93041002614964,49.726756734151245,45.311373354972936,NICK
2024-08-19,6.300000190734863,6.300000190734863,6.300000190734863,6.300000190734863,6.300000190734863,500,6.2080000877380375,6.188000059127807,6.220500040054321,6.351600008010864,6.520000014305115,6.610150005817413,51.647407115550216,-0.0469126003589615,-0.06613108155052748,0.01921848119156598,6.500248163926203,6.220500040054321,5.940751916182439,56.86828200364487,51.56082205339984,NICK
2024-08-20,6.230000019073486,6.300000190734863,6.159999847412109,6.170000076293945,6.170000076293945,5800,6.216000080108643,6.198000049591064,6.21150004863739,6.348400011062622,6.5141000127792354,6.617300007343292,46.87123388043038,-0.04640148214556472,-0.06218516166953493,0.01578367952397021,6.485527455497748,6.21150004863739,5.937472641777032,55.94614579638861,54.18039484472794,NICK
2024-08-21,6.21999979019165,6.21999979019165,6.21999979019165,6.21999979019165,6.21999979019165,1200,6.222000026702881,6.192000007629394,6.1975000381469725,6.346000003814697,6.508700008392334,6.624700007438659,48.83118558413799,-0.041483660417923396,-0.058044861419212626,0.01656120100128923,6.437656285764543,6.1975000381469725,5.957343790529402,62.063699360166964,58.29270905339985,NICK
2024-08-22,5.710000038146973,6.110000133514404,5.309999942779541,6.0,6.0,8200,6.169999980926514,6.174000024795532,6.179500031471252,6.339400005340576,6.5013000106811525,6.631650006771087,41.56533652283145,-0.05470775873300315,-0.057377440881970734,0.002669682148967581,6.422191232636796,6.179500031471252,5.936808830305709,60.57051054506678,59.52678523387382,NICK
2024-08-23,6.010000228881836,6.150000095367432,5.570000171661377,5.570000171661377,5.570000171661377,1600,6.052000045776367,6.113000059127808,6.141500043869018,6.319200010299682,6.489500012397766,6.6368000078201295,31.651980710135557,-0.09874704988740834,-0.06565136268305825,-0.03309568720435009,6.492058163445791,6.141500043869018,5.7909419242922455,49.92020691902431,57.518138941419046,NICK
2024-08-26,5.769999980926514,6.159999847412109,5.679999828338623,5.860000133514404,5.860000133514404,22700,5.964000034332275,6.086000061035156,6.116000056266785,6.308800010681153,6.47980001449585,6.643800008296966,41.74333302993304,-0.10899154543164524,-0.07431939923277565,-0.03467214619886959,6.470536376135142,6.116000056266785,5.761463736398428,46.728979320571426,52.406565594887205,NICK
2024-08-27,5.369999885559082,5.739999771118164,5.369999885559082,5.550000190734863,5.550000190734863,2800,5.840000057220459,6.028000068664551,6.078500056266785,6.292600011825561,6.46690001487732,6.649200010299682,35.678983022898954,-0.1405051308754226,-0.08755654556130504,-0.05294858531411756,6.499654376873078,6.078500056266785,5.657345735660492,32.71029592271654,43.11982738743712,NICK
2024-08-28,5.900000095367432,5.929999828338623,5.5,5.889999866485596,5.889999866485596,4500,5.774000072479248,5.998000049591065,6.057000041007996,6.2814000129699705,6.457500014305115,6.656250009536743,45.09950503456177,-0.13647158259199355,-0.09733955296744275,-0.0391320296245508,6.4704779271195285,6.057000041007996,5.643522154896463,42.67913216839548,40.70613580389418,NICK
2024-08-29,5.289999961853027,5.900000095367432,5.289999961853027,5.800000190734863,5.800000190734863,1500,5.734000110626221,5.9520000457763675,6.052000045776367,6.2654000186920165,6.448700017929077,6.663000011444092,43.29201068426172,-0.13893562479344546,-0.10565876733264329,-0.03327685746080217,6.475254048138838,6.052000045776367,5.628746043413896,41.14150768038842,38.843645257166514,NICK
2024-08-30,5.590000152587891,5.800000190734863,5.590000152587891,5.760000228881836,5.760000228881836,2100,5.772000122070312,5.91200008392334,6.034500050544739,6.248800020217896,6.438100018501282,6.669150011539459,42.47718590821934,-0.14247371037210765,-0.11302175594053616,-0.02945195443157149,6.475293571097384,6.034500050544739,5.593706529992093,48.037960480351764,43.95286677637825,NICK
2024-09-03,6.0,6.25,5.800000190734863,5.949999809265137,5.949999809265137,7300,5.790000057220459,5.877000045776367,6.032500052452088,6.236000013351441,6.428400015830993,6.671700010299682,47.529065766554,-0.1284654210328231,-0.11611048895899355,-0.012354932073829553,6.474444541017253,6.032500052452088,5.590555563886922,50.724143233463586,46.634537131400954,NICK
2024-09-04,5.710000038146973,6.190000057220459,5.619999885559082,5.789999961853027,5.789999961853027,12400,5.838000011444092,5.839000034332275,6.01850004196167,6.223200016021728,6.41810001373291,6.667200009822846,44.02281996661098,-0.12878979275676805,-0.11864634971854846,-0.010143443038219596,6.472384318840898,6.01850004196167,5.564615765082443,50.85107943112171,49.87106104831205,NICK
2024-09-05,6.039999961853027,6.170000076293945,5.96999979019165,6.039999961853027,6.039999961853027,17500,5.868000030517578,5.821000051498413,6.006500029563904,6.212000017166138,6.409100012779236,6.663650009632111,50.20414268251685,-0.10763322025835631,-0.11644372382651003,0.008810503568153716,6.4445079260249996,6.006500029563904,5.568492133102809,60.06289152568895,53.87937139675778,NICK
2024-09-06,6.079999923706055,6.079999923706055,6.010000228881836,6.019999980926514,6.019999980926514,2400,5.911999988555908,5.823000049591064,5.998500037193298,6.2010000133514405,6.399900012016296,6.66075001001358,49.73102188286241,-0.09142640871375729,-0.11144026080395948,0.02001385209020219,6.42932590869243,5.998500037193298,5.567674165694166,63.40058263324181,58.10485119668385,NICK
2024-09-09,6.059999942779541,6.070000171661377,6.059999942779541,6.070000171661377,6.070000171661377,700,5.973999977111816,5.873000049591065,5.993000054359436,6.191000013351441,6.391400012969971,6.6583500099182125,50.97489974737622,-0.07369824874168973,-0.10389185839150553,0.030193609649815795,6.417174489370445,5.993000054359436,5.568825619348428,73.41988669234597,65.62778695042527,NICK
2024-09-10,6.03000020980835,6.139999866485596,6.03000020980835,6.03000020980835,6.03000020980835,6200,5.990000057220459,5.890000057220459,5.988000059127808,6.18020001411438,6.382800016403198,6.656150012016297,49.910890024811266,-0.06215967878328321,-0.09554542246986106,0.033385743686577846,6.407933328250194,5.988000059127808,5.568066790005422,75.52943179181688,70.78330037246792,NICK
2024-09-11,6.010000228881836,6.079999923706055,6.0,6.059999942779541,6.059999942779541,1500,6.044000053405762,5.941000032424927,5.984500050544739,6.1724000167846675,6.376000018119812,6.6542000126838685,50.741341557645704,-0.050017975145425275,-0.0864399330049739,0.03642195785954863,6.400791947875081,5.984500050544739,5.568208153214396,78.17313676756112,75.70748508390768,NICK
2024-09-12,6.0,6.119999885559082,6.0,6.099999904632568,6.099999904632568,4600,6.05600004196167,5.962000036239624,5.980000042915345,6.166200017929077,6.370700016021728,6.650500011444092,51.88675556918564,-0.036744358812441646,-0.07650081816646745,0.0397564593540258,6.389194295341204,5.980000042915345,5.570805790489485,80.55555831503014,78.08604229146907,NICK
2024-09-13,6.119999885559082,6.199999809265137,6.099999904632568,6.130000114440918,6.130000114440918,15300,6.078000068664551,5.99500002861023,5.973500037193299,6.160600023269653,6.3681000185012815,6.6484000110626225,52.77373371920775,-0.023532883594623577,-0.06590723125209867,0.042374347657475095,6.368583470640045,5.973500037193299,5.578416603746552,84.02777708790963,80.91882405683333,NICK
2024-09-16,6.130000114440918,6.150000095367432,6.099999904632568,6.099999904632568,6.099999904632568,17000,6.084000015258789,6.028999996185303,5.970500040054321,6.153200025558472,6.365200018882751,6.644800009727478,51.746396382577956,-0.01530701081785768,-0.055787187165250475,0.040480176347392795,6.360754991211714,5.970500040054321,5.580245088896929,85.41666459706141,83.33333333333343,NICK
2024-09-17,5.949999809265137,6.099999904632568,5.909999847412109,5.940000057220459,5.940000057220459,12000,6.065999984741211,6.028000020980835,5.952500033378601,6.142600030899048,6.358700017929078,6.639250009059906,46.54254012026707,-0.02145132042086839,-0.04892001381637406,0.027468693395505665,6.312326249589187,5.952500033378601,5.592673817168015,79.86111456045423,83.10185208180813,NICK
2024-09-18,5.909999847412109,6.070000171661377,5.900000095367432,5.900000095367432,5.900000095367432,20700,6.034000015258789,6.039000034332275,5.939000034332276,6.1354000282287595,6.350900020599365,6.6330500102043155,45.31561584340463,-0.029211658856850065,-0.04497834282446926,0.015766683967619197,6.285173258224577,5.939000034332276,5.592826810439974,71.87500310440883,79.0509274206412,NICK
2024-09-19,5.900000095367432,6.079999923706055,5.900000095367432,6.079999923706055,6.079999923706055,5111,6.030000019073486,6.043000030517578,5.932000041007996,6.1316000270843505,6.344200019836426,6.627950010299682,51.51023934222191,-0.020599839030599476,-0.040102642065695304,0.019502803035095828,6.260365572871396,5.932000041007996,5.603634509144595,68.49747511806409,73.41119759430876,NICK
